freq_hz,diff_nette_dB
20.508,-0.0774
21.973,-0.0825
23.438,-0.0880
24.902,-0.0882
26.367,-0.0828
27.832,-0.0820
29.297,-0.0829
30.762,-0.0794
32.227,-0.0740
33.691,-0.0768
35.156,-0.0767
36.621,-0.0706
38.086,-0.0690
39.551,-0.0741
41.016,-0.0651
42.480,-0.0684
43.945,-0.0767
45.410,-0.0767
46.875,-0.0709
48.340,-0.0708
49.805,-0.0771
51.270,-0.0752
52.734,-0.0824
54.199,-0.0773
55.664,-0.0819
57.129,-0.0821
58.594,-0.0812
60.059,-0.0810
61.523,-0.0777
62.988,-0.0832
64.453,-0.0807
65.918,-0.0725
67.383,-0.0777
68.848,-0.0771
70.312,-0.0758
71.777,-0.0748
73.242,-0.0777
74.707,-0.0749
76.172,-0.0778
77.637,-0.0834
79.102,-0.0788
80.566,-0.0727
82.031,-0.0749
83.496,-0.0719
84.961,-0.0779
86.426,-0.0846
87.891,-0.0791
89.355,-0.0795
90.820,-0.0799
92.285,-0.0698
93.750,-0.0659
95.215,-0.0623
96.680,-0.0675
98.145,-0.0768
99.609,-0.0808
101.074,-0.0708
102.539,-0.0730
104.004,-0.0724
105.469,-0.0788
106.934,-0.0752
108.398,-0.0748
109.863,-0.0965
111.328,-0.0797
112.793,-0.0751
114.258,-0.0739
115.723,-0.0730
117.188,-0.0771
118.652,-0.0729
120.117,-0.0602
121.582,-0.0760
123.047,-0.0797
124.512,-0.0806
125.977,-0.0744
127.441,-0.0759
128.906,-0.0866
130.371,-0.0838
131.836,-0.0750
133.301,-0.0786
134.766,-0.0800
136.230,-0.0765
137.695,-0.0712
139.160,-0.0919
140.625,-0.0960
142.090,-0.0842
143.555,-0.0815
145.020,-0.0755
146.484,-0.0707
147.949,-0.0734
149.414,-0.0685
150.879,-0.0796
152.344,-0.0761
153.809,-0.0708
155.273,-0.0775
156.738,-0.0874
158.203,-0.0807
159.668,-0.0726
161.133,-0.0723
162.598,-0.0683
164.062,-0.0739
165.527,-0.0750
166.992,-0.0677
168.457,-0.0766
169.922,-0.0811
171.387,-0.0828
172.852,-0.0836
174.316,-0.0828
175.781,-0.0805
177.246,-0.0803
178.711,-0.0720
180.176,-0.0856
181.641,-0.0770
183.105,-0.0807
184.570,-0.0878
186.035,-0.0843
187.500,-0.0801
188.965,-0.0834
190.430,-0.0821
191.895,-0.0719
193.359,-0.0681
194.824,-0.0729
196.289,-0.0912
197.754,-0.0822
199.219,-0.0766
200.684,-0.0804
202.148,-0.0835
203.613,-0.0836
205.078,-0.0829
206.543,-0.0772
208.008,-0.0723
209.473,-0.0847
210.938,-0.0799
212.402,-0.0698
213.867,-0.0749
215.332,-0.0751
216.797,-0.0712
218.262,-0.0854
219.727,-0.0874
221.191,-0.0854
222.656,-0.0837
224.121,-0.0934
225.586,-0.0778
227.051,-0.0730
228.516,-0.0837
229.980,-0.0861
231.445,-0.0819
232.910,-0.0727
234.375,-0.0762
235.840,-0.0705
237.305,-0.0726
238.770,-0.0676
240.234,-0.0675
241.699,-0.0806
243.164,-0.0768
244.629,-0.0736
246.094,-0.0718
247.559,-0.0706
249.023,-0.0858
250.488,-0.0703
251.953,-0.0742
253.418,-0.0885
254.883,-0.0807
256.348,-0.0798
257.812,-0.0714
259.277,-0.0600
260.742,-0.0663
262.207,-0.0712
263.672,-0.0763
265.137,-0.0841
266.602,-0.0702
268.066,-0.0616
269.531,-0.0933
270.996,-0.0815
272.461,-0.0775
273.926,-0.0852
275.391,-0.0840
276.855,-0.0787
278.320,-0.0719
279.785,-0.0643
281.250,-0.0660
282.715,-0.0692
284.180,-0.0808
285.645,-0.0905
287.109,-0.0795
288.574,-0.0745
290.039,-0.0756
291.504,-0.0884
292.969,-0.0786
294.434,-0.0762
295.898,-0.0684
297.363,-0.0829
298.828,-0.0865
300.293,-0.0865
301.758,-0.0916
303.223,-0.0909
304.688,-0.0765
306.152,-0.0685
307.617,-0.0688
309.082,-0.0753
310.547,-0.0819
312.012,-0.0735
313.477,-0.0750
314.941,-0.0694
316.406,-0.0744
317.871,-0.0698
319.336,-0.0762
320.801,-0.0628
322.266,-0.0734
323.730,-0.0770
325.195,-0.0739
326.660,-0.0770
328.125,-0.0835
329.590,-0.0880
331.055,-0.0844
332.520,-0.0797
333.984,-0.0750
335.449,-0.0679
336.914,-0.0670
338.379,-0.0720
339.844,-0.0823
341.309,-0.0679
342.773,-0.0558
344.238,-0.0756
345.703,-0.0667
347.168,-0.0816
348.633,-0.0788
350.098,-0.0689
351.562,-0.0820
353.027,-0.0778
354.492,-0.0744
355.957,-0.0779
357.422,-0.0768
358.887,-0.0748
360.352,-0.0751
361.816,-0.0786
363.281,-0.0749
364.746,-0.0766
366.211,-0.0858
367.676,-0.0817
369.141,-0.0599
370.605,-0.0616
372.070,-0.0758
373.535,-0.0710
375.000,-0.0575
376.465,-0.0688
377.930,-0.0720
379.395,-0.0738
380.859,-0.0811
382.324,-0.0907
383.789,-0.0879
385.254,-0.0836
386.719,-0.0858
388.184,-0.0787
389.648,-0.0716
391.113,-0.0781
392.578,-0.0882
394.043,-0.0870
395.508,-0.0811
396.973,-0.0831
398.438,-0.0941
399.902,-0.0776
401.367,-0.0821
402.832,-0.0617
404.297,-0.0739
405.762,-0.0697
407.227,-0.0740
408.691,-0.0776
410.156,-0.0792
411.621,-0.0942
413.086,-0.0837
414.551,-0.0893
416.016,-0.0801
417.480,-0.0753
418.945,-0.0830
420.410,-0.1001
421.875,-0.0978
423.340,-0.0873
424.805,-0.0879
426.270,-0.0879
427.734,-0.0830
429.199,-0.0799
430.664,-0.0731
432.129,-0.0735
433.594,-0.0729
435.059,-0.0834
436.523,-0.0939
437.988,-0.0803
439.453,-0.0842
440.918,-0.0561
442.383,-0.0720
443.848,-0.0760
445.312,-0.0904
446.777,-0.0999
448.242,-0.0898
449.707,-0.0775
451.172,-0.0868
452.637,-0.0899
454.102,-0.0742
455.566,-0.0635
457.031,-0.0773
458.496,-0.0936
459.961,-0.0898
461.426,-0.0838
462.891,-0.0824
464.355,-0.0821
465.820,-0.0764
467.285,-0.0822
468.750,-0.0819
470.215,-0.0762
471.680,-0.0746
473.145,-0.0731
474.609,-0.0663
476.074,-0.0916
477.539,-0.0731
479.004,-0.0918
480.469,-0.1083
481.934,-0.0830
483.398,-0.0838
484.863,-0.0617
486.328,-0.0770
487.793,-0.0799
489.258,-0.0776
490.723,-0.0832
492.188,-0.0860
493.652,-0.0753
495.117,-0.0695
496.582,-0.0711
498.047,-0.0672
499.512,-0.0655
500.977,-0.0727
502.441,-0.0787
503.906,-0.0824
505.371,-0.0859
506.836,-0.0841
508.301,-0.0763
509.766,-0.0788
511.230,-0.0727
512.695,-0.0687
514.160,-0.0682
515.625,-0.0881
517.090,-0.0794
518.555,-0.0634
520.020,-0.0917
521.484,-0.0815
522.949,-0.0719
524.414,-0.0684
525.879,-0.0614
527.344,-0.0817
528.809,-0.0797
530.273,-0.0737
531.738,-0.0796
533.203,-0.0884
534.668,-0.0837
536.133,-0.0736
537.598,-0.0721
539.062,-0.0640
540.527,-0.0589
541.992,-0.0711
543.457,-0.0802
544.922,-0.0754
546.387,-0.0732
547.852,-0.0829
549.316,-0.0911
550.781,-0.0848
552.246,-0.0712
553.711,-0.0741
555.176,-0.0695
556.641,-0.0524
558.105,-0.0632
559.570,-0.0537
561.035,-0.0522
562.500,-0.0910
563.965,-0.0854
565.430,-0.0824
566.895,-0.0729
568.359,-0.0870
569.824,-0.0911
571.289,-0.0783
572.754,-0.0826
574.219,-0.0870
575.684,-0.0803
577.148,-0.0733
578.613,-0.0653
580.078,-0.0766
581.543,-0.0838
583.008,-0.0674
584.473,-0.0622
585.938,-0.0693
587.402,-0.0728
588.867,-0.0717
590.332,-0.0746
591.797,-0.0813
593.262,-0.0856
594.727,-0.0761
596.191,-0.0754
597.656,-0.0657
599.121,0.0030
600.586,-0.0377
602.051,-0.0798
603.516,-0.0874
604.980,-0.0843
606.445,-0.0675
607.910,-0.1013
609.375,-0.0883
610.840,-0.0894
612.305,-0.0824
613.770,-0.0764
615.234,-0.0802
616.699,-0.0877
618.164,-0.0938
619.629,-0.1031
621.094,-0.0790
622.559,-0.0756
624.023,-0.0852
625.488,-0.0859
626.953,-0.0650
628.418,-0.0686
629.883,-0.0784
631.348,-0.0763
632.812,-0.0709
634.277,-0.0685
635.742,-0.0712
637.207,-0.0778
638.672,-0.0844
640.137,-0.0910
641.602,-0.0848
643.066,-0.0863
644.531,-0.0957
645.996,-0.0942
647.461,-0.0966
648.926,-0.0910
650.391,-0.0692
651.855,-0.0711
653.320,-0.0702
654.785,-0.0853
656.250,-0.0752
657.715,-0.0581
659.180,-0.0645
660.645,-0.0562
662.109,-0.0680
663.574,-0.0770
665.039,-0.0898
666.504,-0.0757
667.969,-0.0722
669.434,-0.0783
670.898,-0.0861
672.363,-0.0818
673.828,-0.0778
675.293,-0.0691
676.758,-0.0579
678.223,-0.0597
679.688,-0.0658
681.152,-0.0652
682.617,-0.0747
684.082,-0.0786
685.547,-0.0701
687.012,-0.0768
688.477,-0.0872
689.941,-0.0886
691.406,-0.0849
692.871,-0.0800
694.336,-0.0803
695.801,-0.0749
697.266,-0.0695
698.730,-0.0712
700.195,-0.0773
701.660,-0.0963
703.125,-0.0845
704.590,-0.0799
706.055,-0.0802
707.520,-0.0757
708.984,-0.0601
710.449,-0.0746
711.914,-0.0873
713.379,-0.0754
714.844,-0.0909
716.309,-0.0724
717.773,-0.0824
719.238,-0.0790
720.703,-0.0930
722.168,-0.0759
723.633,-0.0945
725.098,-0.0967
726.562,-0.0820
728.027,-0.0691
729.492,-0.0678
730.957,-0.0657
732.422,-0.0592
733.887,-0.0670
735.352,-0.0674
736.816,-0.0637
738.281,-0.0634
739.746,-0.0580
741.211,-0.0725
742.676,-0.0817
744.141,-0.0797
745.605,-0.0790
747.070,-0.0790
748.535,-0.0798
750.000,-0.0829
751.465,-0.0837
752.930,-0.0781
754.395,-0.0737
755.859,-0.0841
757.324,-0.0867
758.789,-0.0927
760.254,-0.0901
761.719,-0.0976
763.184,-0.0838
764.648,-0.0694
766.113,-0.0886
767.578,-0.0929
769.043,-0.0830
770.508,-0.0946
771.973,-0.0936
773.438,-0.0832
774.902,-0.0803
776.367,-0.0609
777.832,-0.0805
779.297,-0.0858
780.762,-0.0733
782.227,-0.0684
783.691,-0.0838
785.156,-0.0660
786.621,-0.0978
788.086,-0.0922
789.551,-0.0783
791.016,-0.0915
792.480,-0.0878
793.945,-0.0753
795.410,-0.0879
796.875,-0.0846
798.340,-0.0789
799.805,-0.0763
801.270,-0.0727
802.734,-0.0698
804.199,-0.0755
805.664,-0.0868
807.129,-0.0925
808.594,-0.0844
810.059,-0.0774
811.523,-0.0709
812.988,-0.0660
814.453,-0.0649
815.918,-0.0660
817.383,-0.0754
818.848,-0.0777
820.312,-0.0675
821.777,-0.0635
823.242,-0.0651
824.707,-0.0665
826.172,-0.0653
827.637,-0.0732
829.102,-0.0813
830.566,-0.0814
832.031,-0.0655
833.496,-0.0752
834.961,-0.0766
836.426,-0.0696
837.891,-0.0960
839.355,-0.0991
840.820,-0.0675
842.285,-0.0876
843.750,-0.0788
845.215,-0.0628
846.680,-0.0902
848.145,-0.0706
849.609,-0.0609
851.074,-0.0749
852.539,-0.0767
854.004,-0.0862
855.469,-0.0977
856.934,-0.0745
858.398,-0.0685
859.863,-0.0656
861.328,-0.0764
862.793,-0.0706
864.258,-0.0705
865.723,-0.0863
867.188,-0.0701
868.652,-0.0494
870.117,-0.0596
871.582,-0.0823
873.047,-0.0914
874.512,-0.0865
875.977,-0.0879
877.441,-0.0809
878.906,-0.0723
880.371,-0.0837
881.836,-0.0907
883.301,-0.0807
884.766,-0.0710
886.230,-0.0689
887.695,-0.0639
889.160,-0.0697
890.625,-0.0804
892.090,-0.0845
893.555,-0.0873
895.020,-0.0781
896.484,-0.0659
897.949,-0.0599
899.414,-0.0532
900.879,-0.0784
902.344,-0.0739
903.809,-0.0741
905.273,-0.0822
906.738,-0.0700
908.203,-0.0785
909.668,-0.0691
911.133,-0.0758
912.598,-0.0565
914.062,-0.0577
915.527,-0.0605
916.992,-0.0912
918.457,-0.0648
919.922,-0.0889
921.387,-0.0853
922.852,-0.0745
924.316,-0.0717
925.781,-0.0945
927.246,-0.0622
928.711,-0.0772
930.176,-0.0856
931.641,-0.0724
933.105,-0.0571
934.570,-0.0581
936.035,-0.0667
937.500,-0.0598
938.965,-0.0626
940.430,-0.0722
941.895,-0.0704
943.359,-0.0668
944.824,-0.0762
946.289,-0.0728
947.754,-0.0672
949.219,-0.0787
950.684,-0.0791
952.148,-0.0707
953.613,-0.0723
955.078,-0.0807
956.543,-0.0849
958.008,-0.0820
959.473,-0.0685
960.938,-0.0630
962.402,-0.0764
963.867,-0.0869
965.332,-0.0820
966.797,-0.0757
968.262,-0.0843
969.727,-0.0826
971.191,-0.0677
972.656,-0.0566
974.121,-0.0738
975.586,-0.0635
977.051,-0.0709
978.516,-0.0781
979.980,-0.0671
981.445,-0.0929
982.910,-0.0978
984.375,-0.0746
985.840,-0.0612
987.305,-0.0574
988.770,-0.0913
990.234,-0.0843
991.699,-0.0828
993.164,-0.0751
994.629,-0.0735
996.094,-0.0670
997.559,-0.0924
999.023,-0.0773
1000.488,-0.0740
1001.953,-0.0900
1003.418,-0.0739
1004.883,-0.0790
1006.348,-0.0715
1007.812,-0.0587
1009.277,-0.0655
1010.742,-0.0674
1012.207,-0.0772
1013.672,-0.0829
1015.137,-0.0884
1016.602,-0.0732
1018.066,-0.0668
1019.531,-0.0733
1020.996,-0.0781
1022.461,-0.0743
1023.926,-0.0650
1025.391,-0.0763
1026.855,-0.0857
1028.320,-0.0934
1029.785,-0.0996
1031.250,-0.0892
1032.715,-0.0761
1034.180,-0.0754
1035.645,-0.0768
1037.109,-0.0733
1038.574,-0.0755
1040.039,-0.0780
1041.504,-0.0755
1042.969,-0.0825
1044.434,-0.0870
1045.898,-0.0738
1047.363,-0.0702
1048.828,-0.0876
1050.293,-0.0964
1051.758,-0.0919
1053.223,-0.0761
1054.688,-0.0678
1056.152,-0.0815
1057.617,-0.0762
1059.082,-0.0717
1060.547,-0.0907
1062.012,-0.0770
1063.477,-0.0697
1064.941,-0.0565
1066.406,-0.0610
1067.871,-0.0731
1069.336,-0.0744
1070.801,-0.0841
1072.266,-0.0653
1073.730,-0.0574
1075.195,-0.0759
1076.660,-0.0915
1078.125,-0.0748
1079.590,-0.0931
1081.055,-0.0841
1082.520,-0.0638
1083.984,-0.0816
1085.449,-0.0951
1086.914,-0.0959
1088.379,-0.0584
1089.844,-0.0514
1091.309,-0.0898
1092.773,-0.0868
1094.238,-0.0684
1095.703,-0.0948
1097.168,-0.0834
1098.633,-0.0800
1100.098,-0.0833
1101.562,-0.0728
1103.027,-0.0819
1104.492,-0.0586
1105.957,-0.0590
1107.422,-0.0807
1108.887,-0.0868
1110.352,-0.0737
1111.816,-0.0664
1113.281,-0.0788
1114.746,-0.0878
1116.211,-0.0863
1117.676,-0.0776
1119.141,-0.0829
1120.605,-0.0894
1122.070,-0.0879
1123.535,-0.0840
1125.000,-0.0849
1126.465,-0.0950
1127.930,-0.1013
1129.395,-0.0830
1130.859,-0.0711
1132.324,-0.0838
1133.789,-0.0837
1135.254,-0.0767
1136.719,-0.0683
1138.184,-0.0779
1139.648,-0.0841
1141.113,-0.0690
1142.578,-0.0614
1144.043,-0.0673
1145.508,-0.0680
1146.973,-0.0527
1148.438,-0.0473
1149.902,-0.0663
1151.367,-0.0929
1152.832,-0.0828
1154.297,-0.0770
1155.762,-0.0780
1157.227,-0.0931
1158.691,-0.0804
1160.156,-0.0646
1161.621,-0.0649
1163.086,-0.0907
1164.551,-0.0826
1166.016,-0.0643
1167.480,-0.0535
1168.945,-0.0460
1170.410,-0.0859
1171.875,-0.0639
1173.340,-0.0628
1174.805,-0.0655
1176.270,-0.0793
1177.734,-0.0923
1179.199,-0.0903
1180.664,-0.0808
1182.129,-0.0617
1183.594,-0.0859
1185.059,-0.0751
1186.523,-0.0734
1187.988,-0.0749
1189.453,-0.0803
1190.918,-0.0672
1192.383,-0.0652
1193.848,-0.0800
1195.312,-0.0841
1196.777,-0.0750
1198.242,-0.0759
1199.707,-0.0990
1201.172,-0.0926
1202.637,-0.0734
1204.102,-0.0718
1205.566,-0.0668
1207.031,-0.0669
1208.496,-0.0768
1209.961,-0.0850
1211.426,-0.0883
1212.891,-0.0795
1214.355,-0.0783
1215.820,-0.0919
1217.285,-0.0866
1218.750,-0.0714
1220.215,-0.0670
1221.680,-0.0767
1223.145,-0.0848
1224.609,-0.0713
1226.074,-0.0645
1227.539,-0.0732
1229.004,-0.0640
1230.469,-0.0610
1231.934,-0.0753
1233.398,-0.0706
1234.863,-0.0686
1236.328,-0.0754
1237.793,-0.0743
1239.258,-0.0799
1240.723,-0.0851
1242.188,-0.0885
1243.652,-0.0543
1245.117,-0.0605
1246.582,-0.0746
1248.047,-0.0835
1249.512,-0.0809
1250.977,-0.0616
1252.441,-0.0823
1253.906,-0.0758
1255.371,-0.0535
1256.836,-0.0638
1258.301,-0.1156
1259.766,-0.1252
1261.230,-0.0984
1262.695,-0.0826
1264.160,-0.0992
1265.625,-0.1126
1267.090,-0.0803
1268.555,-0.0911
1270.020,-0.0803
1271.484,-0.0706
1272.949,-0.0795
1274.414,-0.0635
1275.879,-0.0829
1277.344,-0.0513
1278.809,-0.0678
1280.273,-0.0716
1281.738,-0.0558
1283.203,-0.0587
1284.668,-0.0881
1286.133,-0.1007
1287.598,-0.0880
1289.062,-0.0745
1290.527,-0.0937
1291.992,-0.1034
1293.457,-0.0759
1294.922,-0.0673
1296.387,-0.0784
1297.852,-0.0858
1299.316,-0.0739
1300.781,-0.0909
1302.246,-0.0740
1303.711,-0.0711
1305.176,-0.0780
1306.641,-0.0793
1308.105,-0.0681
1309.570,-0.0755
1311.035,-0.0786
1312.500,-0.0848
1313.965,-0.0806
1315.430,-0.0757
1316.895,-0.0814
1318.359,-0.0959
1319.824,-0.0926
1321.289,-0.0814
1322.754,-0.0822
1324.219,-0.0915
1325.684,-0.0909
1327.148,-0.0696
1328.613,-0.0508
1330.078,-0.0513
1331.543,-0.0662
1333.008,-0.0770
1334.473,-0.0823
1335.938,-0.0882
1337.402,-0.0910
1338.867,-0.0868
1340.332,-0.0837
1341.797,-0.0820
1343.262,-0.0889
1344.727,-0.0823
1346.191,-0.0694
1347.656,-0.0922
1349.121,-0.0928
1350.586,-0.0809
1352.051,-0.0874
1353.516,-0.0714
1354.980,-0.0848
1356.445,-0.0756
1357.910,-0.0695
1359.375,-0.0676
1360.840,-0.0838
1362.305,-0.0645
1363.770,-0.0618
1365.234,-0.0681
1366.699,-0.0683
1368.164,-0.0991
1369.629,-0.0927
1371.094,-0.0922
1372.559,-0.0831
1374.023,-0.0768
1375.488,-0.0708
1376.953,-0.0864
1378.418,-0.0856
1379.883,-0.0948
1381.348,-0.0716
1382.812,-0.0621
1384.277,-0.0747
1385.742,-0.0859
1387.207,-0.0999
1388.672,-0.0841
1390.137,-0.1115
1391.602,-0.0691
1393.066,-0.0742
1394.531,-0.0668
1395.996,-0.0550
1397.461,-0.0756
1398.926,-0.0848
1400.391,-0.0972
1401.855,-0.0958
1403.320,-0.0793
1404.785,-0.0727
1406.250,-0.0513
1407.715,-0.0616
1409.180,-0.0900
1410.645,-0.1038
1412.109,-0.0698
1413.574,-0.0571
1415.039,-0.0769
1416.504,-0.0697
1417.969,-0.0607
1419.434,-0.0705
1420.898,-0.0783
1422.363,-0.0767
1423.828,-0.0768
1425.293,-0.0720
1426.758,-0.0625
1428.223,-0.0567
1429.688,-0.0637
1431.152,-0.0797
1432.617,-0.0874
1434.082,-0.0721
1435.547,-0.0681
1437.012,-0.0727
1438.477,-0.0606
1439.941,-0.0543
1441.406,-0.0747
1442.871,-0.0869
1444.336,-0.0857
1445.801,-0.0902
1447.266,-0.0795
1448.730,-0.0763
1450.195,-0.0856
1451.660,-0.0846
1453.125,-0.0814
1454.590,-0.0812
1456.055,-0.0875
1457.520,-0.0871
1458.984,-0.0770
1460.449,-0.0769
1461.914,-0.0770
1463.379,-0.0898
1464.844,-0.0882
1466.309,-0.0866
1467.773,-0.0852
1469.238,-0.0825
1470.703,-0.0803
1472.168,-0.0715
1473.633,-0.0852
1475.098,-0.1013
1476.562,-0.0744
1478.027,-0.0671
1479.492,-0.0765
1480.957,-0.0857
1482.422,-0.0723
1483.887,-0.0724
1485.352,-0.0807
1486.816,-0.0665
1488.281,-0.0801
1489.746,-0.0695
1491.211,-0.0846
1492.676,-0.0718
1494.141,-0.0745
1495.605,-0.0814
1497.070,-0.0875
1498.535,-0.0894
1500.000,-0.0252
1501.465,-0.0600
1502.930,-0.0801
1504.395,-0.0962
1505.859,-0.0918
1507.324,-0.0823
1508.789,-0.0850
1510.254,-0.0753
1511.719,-0.0690
1513.184,-0.0722
1514.648,-0.0750
1516.113,-0.0736
1517.578,-0.0732
1519.043,-0.0693
1520.508,-0.0896
1521.973,-0.0823
1523.438,-0.0783
1524.902,-0.0801
1526.367,-0.0658
1527.832,-0.0659
1529.297,-0.0834
1530.762,-0.0791
1532.227,-0.0927
1533.691,-0.1038
1535.156,-0.0798
1536.621,-0.0684
1538.086,-0.0615
1539.551,-0.0847
1541.016,-0.0975
1542.480,-0.0996
1543.945,-0.0872
1545.410,-0.0630
1546.875,-0.0627
1548.340,-0.0708
1549.805,-0.0776
1551.270,-0.0763
1552.734,-0.0667
1554.199,-0.0696
1555.664,-0.0829
1557.129,-0.0652
1558.594,-0.0524
1560.059,-0.0917
1561.523,-0.1030
1562.988,-0.0868
1564.453,-0.0775
1565.918,-0.0749
1567.383,-0.0861
1568.848,-0.0857
1570.312,-0.0870
1571.777,-0.0904
1573.242,-0.0800
1574.707,-0.0788
1576.172,-0.0763
1577.637,-0.0802
1579.102,-0.0823
1580.566,-0.0825
1582.031,-0.0842
1583.496,-0.0756
1584.961,-0.0594
1586.426,-0.0671
1587.891,-0.0631
1589.355,-0.0877
1590.820,-0.1009
1592.285,-0.0699
1593.750,-0.0709
1595.215,-0.0761
1596.680,-0.0565
1598.145,-0.0704
1599.609,-0.0692
1601.074,-0.0809
1602.539,-0.0938
1604.004,-0.0795
1605.469,-0.0883
1606.934,-0.0912
1608.398,-0.0871
1609.863,-0.0886
1611.328,-0.0818
1612.793,-0.0790
1614.258,-0.0772
1615.723,-0.0777
1617.188,-0.0800
1618.652,-0.0973
1620.117,-0.0880
1621.582,-0.0980
1623.047,-0.0888
1624.512,-0.0904
1625.977,-0.0650
1627.441,-0.0757
1628.906,-0.0844
1630.371,-0.0569
1631.836,-0.0624
1633.301,-0.1038
1634.766,-0.0587
1636.230,-0.0713
1637.695,-0.0856
1639.160,-0.0821
1640.625,-0.0810
1642.090,-0.0938
1643.555,-0.0645
1645.020,-0.0802
1646.484,-0.0885
1647.949,-0.0534
1649.414,-0.0567
1650.879,-0.0913
1652.344,-0.0600
1653.809,-0.0581
1655.273,-0.0610
1656.738,-0.0761
1658.203,-0.0957
1659.668,-0.0728
1661.133,-0.0533
1662.598,-0.0463
1664.062,-0.0637
1665.527,-0.0859
1666.992,-0.0957
1668.457,-0.0818
1669.922,-0.0855
1671.387,-0.0890
1672.852,-0.0898
1674.316,-0.0843
1675.781,-0.0705
1677.246,-0.0549
1678.711,-0.0363
1680.176,-0.0533
1681.641,-0.0680
1683.105,-0.0823
1684.570,-0.0908
1686.035,-0.0789
1687.500,-0.0833
1688.965,-0.1016
1690.430,-0.1036
1691.895,-0.0917
1693.359,-0.0810
1694.824,-0.0795
1696.289,-0.0774
1697.754,-0.0734
1699.219,-0.0764
1700.684,-0.0754
1702.148,-0.0745
1703.613,-0.0796
1705.078,-0.0828
1706.543,-0.0857
1708.008,-0.0816
1709.473,-0.0861
1710.938,-0.0824
1712.402,-0.0639
1713.867,-0.0637
1715.332,-0.0750
1716.797,-0.0706
1718.262,-0.0601
1719.727,-0.0623
1721.191,-0.0818
1722.656,-0.0926
1724.121,-0.0897
1725.586,-0.0835
1727.051,-0.0766
1728.516,-0.0424
1729.980,-0.0404
1731.445,-0.0713
1732.910,-0.0864
1734.375,-0.0742
1735.840,-0.0575
1737.305,-0.0712
1738.770,-0.0674
1740.234,-0.1136
1741.699,-0.0953
1743.164,-0.0646
1744.629,-0.0842
1746.094,-0.0707
1747.559,-0.1077
1749.023,-0.0806
1750.488,-0.0968
1751.953,-0.0700
1753.418,-0.0818
1754.883,-0.0674
1756.348,-0.0869
1757.812,-0.1044
1759.277,-0.0820
1760.742,-0.0536
1762.207,-0.0819
1763.672,-0.0822
1765.137,-0.0696
1766.602,-0.0806
1768.066,-0.0701
1769.531,-0.0978
1770.996,-0.0957
1772.461,-0.0971
1773.926,-0.0583
1775.391,-0.0772
1776.855,-0.0804
1778.320,-0.0974
1779.785,-0.0805
1781.250,-0.0722
1782.715,-0.0746
1784.180,-0.0671
1785.645,-0.0671
1787.109,-0.0860
1788.574,-0.0973
1790.039,-0.0626
1791.504,-0.0566
1792.969,-0.0560
1794.434,-0.0976
1795.898,-0.0982
1797.363,-0.1060
1798.828,-0.0905
1800.293,-0.0848
1801.758,-0.0867
1803.223,-0.0881
1804.688,-0.0860
1806.152,-0.0662
1807.617,-0.0677
1809.082,-0.0935
1810.547,-0.0796
1812.012,-0.0625
1813.477,-0.0656
1814.941,-0.0721
1816.406,-0.0768
1817.871,-0.0798
1819.336,-0.0879
1820.801,-0.0878
1822.266,-0.0801
1823.730,-0.0749
1825.195,-0.0742
1826.660,-0.0684
1828.125,-0.0734
1829.590,-0.0989
1831.055,-0.1147
1832.520,-0.1047
1833.984,-0.0790
1835.449,-0.0652
1836.914,-0.0802
1838.379,-0.0835
1839.844,-0.0704
1841.309,-0.0760
1842.773,-0.0744
1844.238,-0.0634
1845.703,-0.0681
1847.168,-0.0710
1848.633,-0.0766
1850.098,-0.0885
1851.562,-0.0956
1853.027,-0.0927
1854.492,-0.0714
1855.957,-0.0551
1857.422,-0.0584
1858.887,-0.0662
1860.352,-0.0778
1861.816,-0.0891
1863.281,-0.0754
1864.746,-0.0679
1866.211,-0.0660
1867.676,-0.0840
1869.141,-0.0930
1870.605,-0.0960
1872.070,-0.0782
1873.535,-0.0670
1875.000,-0.0697
1876.465,-0.0638
1877.930,-0.0785
1879.395,-0.0749
1880.859,-0.0705
1882.324,-0.0571
1883.789,-0.0576
1885.254,-0.0786
1886.719,-0.0774
1888.184,-0.0781
1889.648,-0.0653
1891.113,-0.0942
1892.578,-0.0812
1894.043,-0.0714
1895.508,-0.0809
1896.973,-0.1082
1898.438,-0.0854
1899.902,-0.0544
1901.367,-0.0759
1902.832,-0.0578
1904.297,-0.0705
1905.762,-0.0871
1907.227,-0.0567
1908.691,-0.0598
1910.156,-0.0497
1911.621,-0.0791
1913.086,-0.0606
1914.551,-0.0753
1916.016,-0.0720
1917.480,-0.0164
1918.945,-0.0602
1920.410,-0.0653
1921.875,-0.0469
1923.340,-0.0925
1924.805,-0.0654
1926.270,-0.0851
1927.734,-0.0703
1929.199,-0.0856
1930.664,-0.0622
1932.129,-0.0484
1933.594,-0.0785
1935.059,-0.0693
1936.523,-0.0729
1937.988,-0.0930
1939.453,-0.0955
1940.918,-0.1020
1942.383,-0.0861
1943.848,-0.0671
1945.312,-0.0880
1946.777,-0.0814
1948.242,-0.0895
1949.707,-0.0894
1951.172,-0.0772
1952.637,-0.0816
1954.102,-0.0658
1955.566,-0.0678
1957.031,-0.0719
1958.496,-0.0757
1959.961,-0.0530
1961.426,-0.0615
1962.891,-0.0596
1964.355,-0.0670
1965.820,-0.0848
1967.285,-0.0926
1968.750,-0.0926
1970.215,-0.0853
1971.680,-0.0825
1973.145,-0.0802
1974.609,-0.0765
1976.074,-0.0774
1977.539,-0.0817
1979.004,-0.0809
1980.469,-0.0741
1981.934,-0.0837
1983.398,-0.0807
1984.863,-0.0677
1986.328,-0.0707
1987.793,-0.0854
1989.258,-0.0967
1990.723,-0.0961
1992.188,-0.0948
1993.652,-0.0932
1995.117,-0.0897
1996.582,-0.0847
1998.047,-0.0764
1999.512,-0.0759
2000.977,-0.0901
2002.441,-0.0950
2003.906,-0.0862
2005.371,-0.0770
2006.836,-0.0653
2008.301,-0.0587
2009.766,-0.0577
2011.230,-0.0673
2012.695,-0.0845
2014.160,-0.0818
2015.625,-0.0681
2017.090,-0.0737
2018.555,-0.0747
2020.020,-0.0682
2021.484,-0.0832
2022.949,-0.0897
2024.414,-0.0918
2025.879,-0.0826
2027.344,-0.0580
2028.809,-0.0708
2030.273,-0.0915
2031.738,-0.0642
2033.203,-0.0619
2034.668,-0.0728
2036.133,-0.0788
2037.598,-0.0817
2039.062,-0.0894
2040.527,-0.0733
2041.992,-0.0574
2043.457,-0.0689
2044.922,-0.0944
2046.387,-0.0718
2047.852,-0.0540
2049.316,-0.0718
2050.781,-0.0814
2052.246,-0.0713
2053.711,-0.0955
2055.176,-0.0884
2056.641,-0.0534
2058.105,-0.0722
2059.570,-0.1025
2061.035,-0.0439
2062.500,-0.0574
2063.965,-0.1160
2065.430,-0.0768
2066.895,-0.0666
2068.359,-0.0609
2069.824,-0.0669
2071.289,-0.0728
2072.754,-0.0907
2074.219,-0.0670
2075.684,-0.0615
2077.148,-0.0727
2078.613,-0.0815
2080.078,-0.0646
2081.543,-0.0798
2083.008,-0.0540
2084.473,-0.0228
2085.938,-0.0809
2087.402,-0.0731
2088.867,-0.0949
2090.332,-0.1022
2091.797,-0.1067
2093.262,-0.0939
2094.727,-0.0751
2096.191,-0.0922
2097.656,-0.0997
2099.121,-0.0861
2100.586,-0.0765
2102.051,-0.0755
2103.516,-0.0915
2104.980,-0.0693
2106.445,-0.0823
2107.910,-0.1025
2109.375,-0.0670
2110.840,-0.0826
2112.305,-0.0877
2113.770,-0.0656
2115.234,-0.0567
2116.699,-0.0770
2118.164,-0.0926
2119.629,-0.0726
2121.094,-0.0893
2122.559,-0.0883
2124.023,-0.0599
2125.488,-0.0543
2126.953,-0.0784
2128.418,-0.0649
2129.883,-0.0785
2131.348,-0.0750
2132.812,-0.0741
2134.277,-0.0854
2135.742,-0.0840
2137.207,-0.0674
2138.672,-0.0719
2140.137,-0.0884
2141.602,-0.0969
2143.066,-0.0925
2144.531,-0.0912
2145.996,-0.0915
2147.461,-0.0889
2148.926,-0.0886
2150.391,-0.0742
2151.855,-0.0682
2153.320,-0.0833
2154.785,-0.1036
2156.250,-0.0967
2157.715,-0.0670
2159.180,-0.0653
2160.645,-0.0814
2162.109,-0.0995
2163.574,-0.1065
2165.039,-0.0907
2166.504,-0.0780
2167.969,-0.0863
2169.434,-0.0925
2170.898,-0.0760
2172.363,-0.0560
2173.828,-0.0527
2175.293,-0.0724
2176.758,-0.0867
2178.223,-0.0925
2179.688,-0.1007
2181.152,-0.0932
2182.617,-0.0824
2184.082,-0.0702
2185.547,-0.0673
2187.012,-0.0729
2188.477,-0.0755
2189.941,-0.0745
2191.406,-0.0767
2192.871,-0.0973
2194.336,-0.1182
2195.801,-0.0825
2197.266,-0.0573
2198.730,-0.0799
2200.195,-0.0669
2201.660,-0.0358
2203.125,-0.0541
2204.590,-0.0743
2206.055,-0.0714
2207.520,-0.0758
2208.984,-0.0768
2210.449,-0.0616
2211.914,-0.0604
2213.379,-0.0974
2214.844,-0.0849
2216.309,-0.0595
2217.773,-0.0942
2219.238,-0.0789
2220.703,-0.0593
2222.168,-0.0587
2223.633,-0.0570
2225.098,-0.0796
2226.562,-0.0849
2228.027,-0.0806
2229.492,-0.0726
2230.957,-0.0500
2232.422,-0.0550
2233.887,-0.0961
2235.352,-0.0697
2236.816,-0.0456
2238.281,-0.0638
2239.746,-0.0483
2241.211,-0.0514
2242.676,-0.0412
2244.141,-0.0783
2245.605,-0.0746
2247.070,-0.0572
2248.535,-0.0640
2250.000,-0.0724
2251.465,-0.0562
2252.930,-0.0597
2254.395,-0.0727
2255.859,-0.0923
2257.324,-0.0891
2258.789,-0.0737
2260.254,-0.0640
2261.719,-0.0626
2263.184,-0.0607
2264.648,-0.0838
2266.113,-0.1060
2267.578,-0.0757
2269.043,-0.0582
2270.508,-0.0750
2271.973,-0.0692
2273.438,-0.0793
2274.902,-0.0570
2276.367,-0.1012
2277.832,-0.1485
2279.297,-0.1088
2280.762,-0.0792
2282.227,-0.0919
2283.691,-0.0700
2285.156,-0.0320
2286.621,-0.0754
2288.086,-0.0836
2289.551,-0.0589
2291.016,-0.0496
2292.480,-0.0902
2293.945,-0.0913
2295.410,-0.0685
2296.875,-0.0668
2298.340,-0.0791
2299.805,-0.0945
2301.270,-0.0945
2302.734,-0.0948
2304.199,-0.0689
2305.664,-0.0397
2307.129,-0.0536
2308.594,-0.0681
2310.059,-0.0545
2311.523,-0.0503
2312.988,-0.0696
2314.453,-0.0868
2315.918,-0.1032
2317.383,-0.0985
2318.848,-0.0764
2320.312,-0.0615
2321.777,-0.0643
2323.242,-0.0626
2324.707,-0.0679
2326.172,-0.0667
2327.637,-0.0750
2329.102,-0.0848
2330.566,-0.0942
2332.031,-0.1060
2333.496,-0.0915
2334.961,-0.0786
2336.426,-0.0829
2337.891,-0.0884
2339.355,-0.0924
2340.820,-0.0798
2342.285,-0.0717
2343.750,-0.0865
2345.215,-0.0917
2346.680,-0.0772
2348.145,-0.0594
2349.609,-0.0621
2351.074,-0.0830
2352.539,-0.0903
2354.004,-0.0813
2355.469,-0.0823
2356.934,-0.0945
2358.398,-0.0983
2359.863,-0.0954
2361.328,-0.0906
2362.793,-0.0893
2364.258,-0.0916
2365.723,-0.0861
2367.188,-0.0885
2368.652,-0.0996
2370.117,-0.0868
2371.582,-0.0573
2373.047,-0.0482
2374.512,-0.0696
2375.977,-0.0937
2377.441,-0.0923
2378.906,-0.0725
2380.371,-0.0616
2381.836,-0.0610
2383.301,-0.0545
2384.766,-0.0617
2386.230,-0.0709
2387.695,-0.0671
2389.160,-0.0568
2390.625,-0.0398
2392.090,-0.0543
2393.555,-0.0725
2395.020,-0.0825
2396.484,-0.0988
2397.949,-0.1288
2399.414,-0.0947
2400.879,-0.0649
2402.344,-0.0807
2403.809,-0.0572
2405.273,-0.0565
2406.738,-0.0556
2408.203,-0.1000
2409.668,-0.1003
2411.133,-0.0650
2412.598,-0.0708
2414.062,-0.0670
2415.527,-0.0710
2416.992,-0.0687
2418.457,-0.0699
2419.922,-0.0747
2421.387,-0.0936
2422.852,-0.0848
2424.316,-0.0645
2425.781,-0.0882
2427.246,-0.0840
2428.711,-0.0495
2430.176,-0.0758
2431.641,-0.0421
2433.105,-0.0843
2434.570,-0.0761
2436.035,-0.0636
2437.500,-0.0993
2438.965,-0.1016
2440.430,-0.0487
2441.895,-0.0546
2443.359,-0.0480
2444.824,-0.0771
2446.289,-0.0903
2447.754,-0.0771
2449.219,-0.0675
2450.684,-0.0838
2452.148,-0.0740
2453.613,-0.0515
2455.078,-0.0569
2456.543,-0.1051
2458.008,-0.0464
2459.473,-0.0828
2460.938,-0.0893
2462.402,-0.0680
2463.867,-0.0672
2465.332,-0.0450
2466.797,-0.0745
2468.262,-0.0888
2469.727,-0.0769
2471.191,-0.0781
2472.656,-0.0661
2474.121,-0.0503
2475.586,-0.0639
2477.051,-0.0724
2478.516,-0.0992
2479.980,-0.0938
2481.445,-0.0897
2482.910,-0.0771
2484.375,-0.0543
2485.840,-0.0640
2487.305,-0.0703
2488.770,-0.0710
2490.234,-0.0836
2491.699,-0.0841
2493.164,-0.0704
2494.629,-0.0446
2496.094,-0.0698
2497.559,-0.0671
2499.023,-0.0557
2500.488,-0.0865
2501.953,-0.0756
2503.418,-0.0645
2504.883,-0.0548
2506.348,-0.0594
2507.812,-0.0721
2509.277,-0.0910
2510.742,-0.0872
2512.207,-0.0780
2513.672,-0.0963
2515.137,-0.0806
2516.602,-0.0728
2518.066,-0.0925
2519.531,-0.0816
2520.996,-0.0959
2522.461,-0.0939
2523.926,-0.0858
2525.391,-0.0915
2526.855,-0.0895
2528.320,-0.0789
2529.785,-0.0881
2531.250,-0.0813
2532.715,-0.0638
2534.180,-0.0886
2535.645,-0.1048
2537.109,-0.0965
2538.574,-0.0921
2540.039,-0.0885
2541.504,-0.0892
2542.969,-0.0937
2544.434,-0.0967
2545.898,-0.1004
2547.363,-0.1036
2548.828,-0.0924
2550.293,-0.0828
2551.758,-0.0820
2553.223,-0.0818
2554.688,-0.0785
2556.152,-0.0786
2557.617,-0.0788
2559.082,-0.0749
2560.547,-0.0779
2562.012,-0.0827
2563.477,-0.0790
2564.941,-0.0676
2566.406,-0.0604
2567.871,-0.0626
2569.336,-0.0821
2570.801,-0.0774
2572.266,-0.0567
2573.730,-0.0577
2575.195,-0.0611
2576.660,-0.0698
2578.125,-0.0654
2579.590,-0.0639
2581.055,-0.0598
2582.520,-0.0729
2583.984,-0.0717
2585.449,-0.0686
2586.914,-0.0703
2588.379,-0.0813
2589.844,-0.0801
2591.309,-0.0744
2592.773,-0.0546
2594.238,-0.0719
2595.703,-0.0786
2597.168,-0.0661
2598.633,-0.0807
2600.098,-0.0964
2601.562,-0.0883
2603.027,-0.0646
2604.492,-0.0727
2605.957,-0.0726
2607.422,-0.0914
2608.887,-0.0710
2610.352,-0.0645
2611.816,-0.0582
2613.281,-0.0710
2614.746,-0.0945
2616.211,-0.0909
2617.676,-0.0700
2619.141,-0.0578
2620.605,-0.0591
2622.070,-0.0239
2623.535,-0.0682
2625.000,-0.0641
2626.465,-0.0836
2627.930,-0.0877
2629.395,-0.0601
2630.859,-0.0609
2632.324,-0.0397
2633.789,-0.0570
2635.254,-0.0604
2636.719,-0.0539
2638.184,-0.0814
2639.648,-0.0737
2641.113,-0.0903
2642.578,-0.1106
2644.043,-0.0851
2645.508,-0.0391
2646.973,-0.0744
2648.438,-0.0940
2649.902,-0.0777
2651.367,-0.0651
2652.832,-0.0871
2654.297,-0.0982
2655.762,-0.0596
2657.227,-0.0881
2658.691,-0.0715
2660.156,-0.0604
2661.621,-0.0446
2663.086,-0.0818
2664.551,-0.0733
2666.016,-0.0773
2667.480,-0.0956
2668.945,-0.1310
2670.410,-0.0855
2671.875,-0.0307
2673.340,-0.0664
2674.805,-0.0645
2676.270,-0.1082
2677.734,-0.1100
2679.199,-0.1022
2680.664,-0.0682
2682.129,-0.0991
2683.594,-0.0920
2685.059,-0.0674
2686.523,-0.0917
2687.988,-0.0940
2689.453,-0.0762
2690.918,-0.0728
2692.383,-0.0881
2693.848,-0.0818
2695.312,-0.0640
2696.777,-0.0625
2698.242,-0.0582
2699.707,-0.0679
2701.172,-0.0718
2702.637,-0.0712
2704.102,-0.0558
2705.566,-0.0736
2707.031,-0.0914
2708.496,-0.0612
2709.961,-0.0678
2711.426,-0.0734
2712.891,-0.0800
2714.355,-0.0764
2715.820,-0.0986
2717.285,-0.0848
2718.750,-0.0979
2720.215,-0.0837
2721.680,-0.0780
2723.145,-0.0807
2724.609,-0.0926
2726.074,-0.0921
2727.539,-0.0818
2729.004,-0.0658
2730.469,-0.0890
2731.934,-0.0936
2733.398,-0.0803
2734.863,-0.1025
2736.328,-0.0869
2737.793,-0.0669
2739.258,-0.0667
2740.723,-0.0799
2742.188,-0.0833
2743.652,-0.0790
2745.117,-0.0664
2746.582,-0.0711
2748.047,-0.0961
2749.512,-0.0892
2750.977,-0.0797
2752.441,-0.0880
2753.906,-0.0987
2755.371,-0.1109
2756.836,-0.1188
2758.301,-0.0970
2759.766,-0.0758
2761.230,-0.0858
2762.695,-0.0930
2764.160,-0.0786
2765.625,-0.0683
2767.090,-0.0632
2768.555,-0.0574
2770.020,-0.0640
2771.484,-0.0701
2772.949,-0.0677
2774.414,-0.0673
2775.879,-0.0779
2777.344,-0.0871
2778.809,-0.1002
2780.273,-0.1131
2781.738,-0.0972
2783.203,-0.0820
2784.668,-0.0721
2786.133,-0.0720
2787.598,-0.0948
2789.062,-0.0933
2790.527,-0.0752
2791.992,-0.0732
2793.457,-0.0737
2794.922,-0.0903
2796.387,-0.0791
2797.852,-0.0725
2799.316,-0.0691
2800.781,-0.0568
2802.246,-0.0589
2803.711,-0.0709
2805.176,-0.0677
2806.641,-0.0574
2808.105,-0.0570
2809.570,-0.0762
2811.035,-0.0924
2812.500,-0.0917
2813.965,-0.0962
2815.430,-0.0929
2816.895,-0.0975
2818.359,-0.1202
2819.824,-0.0943
2821.289,-0.0995
2822.754,-0.1069
2824.219,-0.0743
2825.684,-0.0674
2827.148,-0.0518
2828.613,-0.0695
2830.078,-0.0963
2831.543,-0.0819
2833.008,-0.0692
2834.473,-0.0520
2835.938,-0.0657
2837.402,-0.0928
2838.867,-0.0902
2840.332,-0.0834
2841.797,-0.0621
2843.262,-0.1012
2844.727,-0.0943
2846.191,-0.0782
2847.656,-0.0890
2849.121,-0.1025
2850.586,-0.0941
2852.051,-0.0682
2853.516,-0.0880
2854.980,-0.0886
2856.445,-0.0674
2857.910,-0.0707
2859.375,-0.0713
2860.840,-0.0958
2862.305,-0.0933
2863.770,-0.0723
2865.234,-0.0508
2866.699,-0.0537
2868.164,-0.0809
2869.629,-0.0954
2871.094,-0.0477
2872.559,-0.0376
2874.023,-0.0919
2875.488,-0.0653
2876.953,-0.0776
2878.418,-0.0496
2879.883,-0.0587
2881.348,-0.0695
2882.812,-0.0454
2884.277,-0.0600
2885.742,-0.0856
2887.207,-0.0962
2888.672,-0.0742
2890.137,-0.0596
2891.602,-0.0919
2893.066,-0.0800
2894.531,-0.0864
2895.996,-0.0537
2897.461,-0.0758
2898.926,-0.0628
2900.391,-0.0727
2901.855,-0.1027
2903.320,-0.0901
2904.785,-0.0924
2906.250,-0.0822
2907.715,-0.0855
2909.180,-0.0842
2910.645,-0.0812
2912.109,-0.0599
2913.574,-0.0763
2915.039,-0.0954
2916.504,-0.0783
2917.969,-0.0659
2919.434,-0.0667
2920.898,-0.0852
2922.363,-0.0965
2923.828,-0.0904
2925.293,-0.0813
2926.758,-0.0805
2928.223,-0.1054
2929.688,-0.0866
2931.152,-0.1015
2932.617,-0.1007
2934.082,-0.0923
2935.547,-0.1119
2937.012,-0.0764
2938.477,-0.0635
2939.941,-0.0754
2941.406,-0.0810
2942.871,-0.0819
2944.336,-0.0674
2945.801,-0.0800
2947.266,-0.0930
2948.730,-0.0725
2950.195,-0.0535
2951.660,-0.0634
2953.125,-0.0872
2954.590,-0.0788
2956.055,-0.0707
2957.520,-0.0705
2958.984,-0.0936
2960.449,-0.0925
2961.914,-0.0747
2963.379,-0.0853
2964.844,-0.0742
2966.309,-0.0615
2967.773,-0.0614
2969.238,-0.0656
2970.703,-0.0689
2972.168,-0.0801
2973.633,-0.1047
2975.098,-0.1070
2976.562,-0.0922
2978.027,-0.0876
2979.492,-0.0945
2980.957,-0.0899
2982.422,-0.0756
2983.887,-0.0610
2985.352,-0.0693
2986.816,-0.0843
2988.281,-0.0830
2989.746,-0.0794
2991.211,-0.0845
2992.676,-0.0769
2994.141,-0.0616
2995.605,-0.0671
2997.070,-0.0805
2998.535,-0.0750
3000.000,-0.0691
3001.465,-0.0763
3002.930,-0.0830
3004.395,-0.0909
3005.859,-0.0872
3007.324,-0.0816
3008.789,-0.0881
3010.254,-0.0844
3011.719,-0.0758
3013.184,-0.0754
3014.648,-0.0884
3016.113,-0.1051
3017.578,-0.0924
3019.043,-0.0704
3020.508,-0.0634
3021.973,-0.0767
3023.438,-0.0999
3024.902,-0.1014
3026.367,-0.0726
3027.832,-0.0530
3029.297,-0.0663
3030.762,-0.0648
3032.227,-0.0536
3033.691,-0.0676
3035.156,-0.0773
3036.621,-0.0816
3038.086,-0.0833
3039.551,-0.0813
3041.016,-0.0680
3042.480,-0.0661
3043.945,-0.0611
3045.410,-0.0647
3046.875,-0.0827
3048.340,-0.0954
3049.805,-0.0905
3051.270,-0.0840
3052.734,-0.0820
3054.199,-0.0654
3055.664,-0.0677
3057.129,-0.0837
3058.594,-0.0787
3060.059,-0.0626
3061.523,-0.0382
3062.988,-0.0418
3064.453,-0.0945
3065.918,-0.0850
3067.383,-0.0800
3068.848,-0.0892
3070.312,-0.0765
3071.777,-0.0608
3073.242,-0.0819
3074.707,-0.0323
3076.172,-0.0473
3077.637,-0.0922
3079.102,-0.0583
3080.566,-0.0588
3082.031,-0.0684
3083.496,-0.0474
3084.961,-0.0536
3086.426,-0.0512
3087.891,-0.0527
3089.355,-0.0765
3090.820,-0.0578
3092.285,-0.0779
3093.750,-0.0753
3095.215,-0.0775
3096.680,-0.0768
3098.145,-0.0758
3099.609,-0.0717
3101.074,-0.0767
3102.539,-0.0807
3104.004,-0.0753
3105.469,-0.0717
3106.934,-0.0817
3108.398,-0.0940
3109.863,-0.0504
3111.328,-0.0696
3112.793,-0.0846
3114.258,-0.0957
3115.723,-0.1279
3117.188,-0.1311
3118.652,-0.0725
3120.117,-0.1122
3121.582,-0.0321
3123.047,-0.0554
3124.512,-0.0654
3125.977,-0.0652
3127.441,-0.0837
3128.906,-0.0742
3130.371,-0.0608
3131.836,-0.0722
3133.301,-0.0667
3134.766,-0.0754
3136.230,-0.0632
3137.695,-0.0506
3139.160,-0.0786
3140.625,-0.0546
3142.090,-0.0853
3143.555,-0.0796
3145.020,-0.0931
3146.484,-0.0954
3147.949,-0.0701
3149.414,-0.0539
3150.879,-0.0513
3152.344,-0.0736
3153.809,-0.0778
3155.273,-0.0651
3156.738,-0.1263
3158.203,-0.0935
3159.668,-0.0815
3161.133,-0.0640
3162.598,-0.0821
3164.062,-0.1024
3165.527,-0.0524
3166.992,-0.0793
3168.457,-0.0706
3169.922,-0.0475
3171.387,-0.0727
3172.852,-0.0834
3174.316,-0.0773
3175.781,-0.0407
3177.246,-0.0434
3178.711,-0.0651
3180.176,-0.0499
3181.641,-0.0757
3183.105,-0.0966
3184.570,-0.1261
3186.035,-0.0842
3187.500,-0.0389
3188.965,-0.0745
3190.430,-0.0758
3191.895,-0.0687
3193.359,-0.0863
3194.824,-0.0704
3196.289,-0.0758
3197.754,-0.0650
3199.219,-0.0783
3200.684,-0.0869
3202.148,-0.0643
3203.613,-0.0802
3205.078,-0.0816
3206.543,-0.0563
3208.008,-0.0574
3209.473,-0.0670
3210.938,-0.0673
3212.402,-0.0592
3213.867,-0.0709
3215.332,-0.0685
3216.797,-0.0614
3218.262,-0.0816
3219.727,-0.0900
3221.191,-0.0793
3222.656,-0.0687
3224.121,-0.0739
3225.586,-0.0984
3227.051,-0.0939
3228.516,-0.0903
3229.980,-0.0906
3231.445,-0.0756
3232.910,-0.0751
3234.375,-0.0827
3235.840,-0.0511
3237.305,-0.0416
3238.770,-0.0674
3240.234,-0.0744
3241.699,-0.0811
3243.164,-0.0902
3244.629,-0.0813
3246.094,-0.0655
3247.559,-0.0581
3249.023,-0.0689
3250.488,-0.0744
3251.953,-0.0725
3253.418,-0.0842
3254.883,-0.0923
3256.348,-0.0828
3257.812,-0.0760
3259.277,-0.0773
3260.742,-0.0704
3262.207,-0.0811
3263.672,-0.0861
3265.137,-0.0747
3266.602,-0.0783
3268.066,-0.0881
3269.531,-0.0990
3270.996,-0.0993
3272.461,-0.0789
3273.926,-0.0649
3275.391,-0.0780
3276.855,-0.0805
3278.320,-0.0702
3279.785,-0.0695
3281.250,-0.0686
3282.715,-0.0668
3284.180,-0.0791
3285.645,-0.0861
3287.109,-0.0833
3288.574,-0.0696
3290.039,-0.0599
3291.504,-0.0665
3292.969,-0.0735
3294.434,-0.0657
3295.898,-0.0702
3297.363,-0.0718
3298.828,-0.0777
3300.293,-0.0825
3301.758,-0.0823
3303.223,-0.0852
3304.688,-0.0828
3306.152,-0.0771
3307.617,-0.0652
3309.082,-0.0795
3310.547,-0.0990
3312.012,-0.0759
3313.477,-0.0804
3314.941,-0.0722
3316.406,-0.0889
3317.871,-0.0916
3319.336,-0.0807
3320.801,-0.0645
3322.266,-0.0732
3323.730,-0.0579
3325.195,-0.0747
3326.660,-0.0854
3328.125,-0.0919
3329.590,-0.0741
3331.055,-0.0533
3332.520,-0.0790
3333.984,-0.0954
3335.449,-0.0598
3336.914,-0.0551
3338.379,-0.0573
3339.844,-0.0919
3341.309,-0.0729
3342.773,-0.0608
3344.238,-0.0672
3345.703,-0.0632
3347.168,-0.0856
3348.633,-0.1028
3350.098,-0.1039
3351.562,-0.0985
3353.027,-0.0758
3354.492,-0.0720
3355.957,-0.1156
3357.422,-0.1074
3358.887,-0.0854
3360.352,-0.0705
3361.816,-0.0807
3363.281,-0.0603
3364.746,-0.0587
3366.211,-0.0405
3367.676,-0.0691
3369.141,-0.0958
3370.605,-0.0506
3372.070,-0.0914
3373.535,-0.1165
3375.000,-0.1010
3376.465,-0.0767
3377.930,-0.1108
3379.395,-0.0590
3380.859,-0.0701
3382.324,-0.1008
3383.789,-0.0803
3385.254,-0.1407
3386.719,-0.0903
3388.184,-0.1379
3389.648,-0.1239
3391.113,-0.0641
3392.578,-0.0589
3394.043,-0.1063
3395.508,-0.0702
3396.973,-0.0706
3398.438,-0.0840
3399.902,-0.0934
3401.367,-0.1342
3402.832,-0.1007
3404.297,-0.1396
3405.762,-0.1431
3407.227,-0.0831
3408.691,-0.0740
3410.156,-0.0567
3411.621,-0.0962
3413.086,-0.0871
3414.551,-0.0628
3416.016,-0.0477
3417.480,-0.0611
3418.945,-0.1049
3420.410,-0.1108
3421.875,-0.0878
3423.340,-0.0922
3424.805,-0.0632
3426.270,-0.0690
3427.734,-0.0796
3429.199,-0.0884
3430.664,-0.0683
3432.129,-0.0966
3433.594,-0.1007
3435.059,-0.0962
3436.523,-0.0869
3437.988,-0.0695
3439.453,-0.0750
3440.918,-0.0393
3442.383,-0.0538
3443.848,-0.0749
3445.312,-0.1074
3446.777,-0.1046
3448.242,-0.0855
3449.707,-0.0734
3451.172,-0.0551
3452.637,-0.0680
3454.102,-0.0732
3455.566,-0.0658
3457.031,-0.0881
3458.496,-0.0877
3459.961,-0.0738
3461.426,-0.1053
3462.891,-0.0933
3464.355,-0.0784
3465.820,-0.0929
3467.285,-0.0864
3468.750,-0.0861
3470.215,-0.0897
3471.680,-0.1036
3473.145,-0.0830
3474.609,-0.0793
3476.074,-0.1051
3477.539,-0.0969
3479.004,-0.0878
3480.469,-0.1099
3481.934,-0.1012
3483.398,-0.1022
3484.863,-0.0767
3486.328,-0.0797
3487.793,-0.0847
3489.258,-0.0811
3490.723,-0.0826
3492.188,-0.0884
3493.652,-0.0838
3495.117,-0.0910
3496.582,-0.1056
3498.047,-0.0996
3499.512,-0.0773
3500.977,-0.0914
3502.441,-0.0785
3503.906,-0.0615
3505.371,-0.0671
3506.836,-0.0867
3508.301,-0.0919
3509.766,-0.0835
3511.230,-0.0810
3512.695,-0.0687
3514.160,-0.0749
3515.625,-0.0947
3517.090,-0.0940
3518.555,-0.0837
3520.020,-0.0745
3521.484,-0.0692
3522.949,-0.0691
3524.414,-0.0700
3525.879,-0.0780
3527.344,-0.0843
3528.809,-0.0721
3530.273,-0.0691
3531.738,-0.0841
3533.203,-0.0886
3534.668,-0.0825
3536.133,-0.0693
3537.598,-0.0619
3539.062,-0.0814
3540.527,-0.0969
3541.992,-0.0976
3543.457,-0.0960
3544.922,-0.0742
3546.387,-0.0688
3547.852,-0.0826
3549.316,-0.0797
3550.781,-0.0701
3552.246,-0.0609
3553.711,-0.0573
3555.176,-0.0631
3556.641,-0.0700
3558.105,-0.0765
3559.570,-0.0823
3561.035,-0.0770
3562.500,-0.0715
3563.965,-0.0828
3565.430,-0.0905
3566.895,-0.0742
3568.359,-0.0570
3569.824,-0.0638
3571.289,-0.0526
3572.754,-0.0380
3574.219,-0.0509
3575.684,-0.0678
3577.148,-0.0774
3578.613,-0.0815
3580.078,-0.0838
3581.543,-0.0814
3583.008,-0.0801
3584.473,-0.0877
3585.938,-0.0972
3587.402,-0.0815
3588.867,-0.0762
3590.332,-0.0737
3591.797,-0.0743
3593.262,-0.0804
3594.727,-0.1122
3596.191,-0.1178
3597.656,-0.0981
3599.121,-0.0764
3600.586,-0.0603
3602.051,-0.0769
3603.516,-0.0808
3604.980,-0.0834
3606.445,-0.0745
3607.910,-0.0793
3609.375,-0.0794
3610.840,-0.0807
3612.305,-0.0799
3613.770,-0.1035
3615.234,-0.0852
3616.699,-0.0644
3618.164,-0.1144
3619.629,-0.0821
3621.094,-0.0644
3622.559,-0.0786
3624.023,-0.0741
3625.488,-0.0614
3626.953,-0.0375
3628.418,-0.0457
3629.883,-0.0602
3631.348,-0.0965
3632.812,-0.0660
3634.277,-0.0548
3635.742,-0.0536
3637.207,-0.0640
3638.672,-0.0707
3640.137,-0.0745
3641.602,-0.0903
3643.066,-0.0997
3644.531,-0.0771
3645.996,-0.0547
3647.461,-0.1031
3648.926,-0.0917
3650.391,-0.0866
3651.855,-0.0533
3653.320,-0.0709
3654.785,-0.0690
3656.250,-0.0720
3657.715,-0.0869
3659.180,-0.0870
3660.645,-0.0944
3662.109,-0.0719
3663.574,-0.0565
3665.039,-0.0700
3666.504,-0.1059
3667.969,-0.1127
3669.434,-0.0728
3670.898,-0.0993
3672.363,-0.1047
3673.828,-0.0803
3675.293,-0.0858
3676.758,-0.0485
3678.223,-0.0710
3679.688,-0.1238
3681.152,-0.0787
3682.617,-0.0907
3684.082,-0.0409
3685.547,-0.0722
3687.012,-0.1127
3688.477,-0.0682
3689.941,-0.0496
3691.406,-0.1059
3692.871,-0.1074
3694.336,-0.0859
3695.801,-0.0591
3697.266,-0.0579
3698.730,-0.0613
3700.195,-0.0926
3701.660,-0.0499
3703.125,-0.0919
3704.590,-0.1032
3706.055,-0.0553
3707.520,-0.0646
3708.984,-0.0995
3710.449,-0.1054
3711.914,-0.0874
3713.379,-0.0789
3714.844,-0.0533
3716.309,-0.0461
3717.773,-0.0655
3719.238,-0.1143
3720.703,-0.0628
3722.168,-0.0862
3723.633,-0.0644
3725.098,-0.0520
3726.562,-0.0527
3728.027,-0.0578
3729.492,-0.0918
3730.957,-0.0892
3732.422,-0.1022
3733.887,-0.0589
3735.352,-0.0839
3736.816,-0.0919
3738.281,-0.0698
3739.746,-0.0483
3741.211,-0.0838
3742.676,-0.0754
3744.141,-0.0631
3745.605,-0.0422
3747.070,-0.0506
3748.535,-0.0849
3750.000,-0.0712
3751.465,-0.0823
3752.930,-0.0815
3754.395,-0.0828
3755.859,-0.1081
3757.324,-0.0598
3758.789,-0.0766
3760.254,-0.0932
3761.719,-0.1028
3763.184,-0.0721
3764.648,-0.0668
3766.113,-0.0792
3767.578,-0.0814
3769.043,-0.0643
3770.508,-0.0830
3771.973,-0.0879
3773.438,-0.0796
3774.902,-0.0783
3776.367,-0.0438
3777.832,-0.0617
3779.297,-0.0751
3780.762,-0.0547
3782.227,-0.0578
3783.691,-0.0797
3785.156,-0.1023
3786.621,-0.1071
3788.086,-0.0924
3789.551,-0.0557
3791.016,-0.0461
3792.480,-0.0694
3793.945,-0.0907
3795.410,-0.0728
3796.875,-0.0725
3798.340,-0.0898
3799.805,-0.0645
3801.270,-0.0437
3802.734,-0.0539
3804.199,-0.0673
3805.664,-0.0832
3807.129,-0.0845
3808.594,-0.0568
3810.059,-0.0551
3811.523,-0.0828
3812.988,-0.0930
3814.453,-0.0783
3815.918,-0.0760
3817.383,-0.0771
3818.848,-0.0819
3820.312,-0.0931
3821.777,-0.0877
3823.242,-0.0799
3824.707,-0.0807
3826.172,-0.0808
3827.637,-0.0831
3829.102,-0.0831
3830.566,-0.0864
3832.031,-0.0947
3833.496,-0.0875
3834.961,-0.0918
3836.426,-0.1095
3837.891,-0.0820
3839.355,-0.0487
3840.820,-0.0746
3842.285,-0.1005
3843.750,-0.0933
3845.215,-0.0919
3846.680,-0.0855
3848.145,-0.0644
3849.609,-0.0538
3851.074,-0.0605
3852.539,-0.0755
3854.004,-0.0793
3855.469,-0.0698
3856.934,-0.0587
3858.398,-0.0435
3859.863,-0.0522
3861.328,-0.0825
3862.793,-0.0904
3864.258,-0.0679
3865.723,-0.0494
3867.188,-0.0633
3868.652,-0.0883
3870.117,-0.0920
3871.582,-0.0772
3873.047,-0.0697
3874.512,-0.0811
3875.977,-0.0759
3877.441,-0.0804
3878.906,-0.0889
3880.371,-0.0932
3881.836,-0.0959
3883.301,-0.0929
3884.766,-0.0833
3886.230,-0.0826
3887.695,-0.0830
3889.160,-0.0827
3890.625,-0.1152
3892.090,-0.0977
3893.555,-0.0528
3895.020,-0.0606
3896.484,-0.0774
3897.949,-0.0681
3899.414,-0.0419
3900.879,-0.0393
3902.344,-0.0790
3903.809,-0.0936
3905.273,-0.0908
3906.738,-0.0814
3908.203,-0.0832
3909.668,-0.0644
3911.133,-0.0765
3912.598,-0.0803
3914.062,-0.0718
3915.527,-0.0688
3916.992,-0.0579
3918.457,-0.0437
3919.922,-0.0296
3921.387,-0.0659
3922.852,-0.0822
3924.316,-0.0719
3925.781,-0.0459
3927.246,-0.0516
3928.711,-0.0746
3930.176,-0.0900
3931.641,-0.1000
3933.105,-0.0749
3934.570,-0.0981
3936.035,-0.0938
3937.500,-0.0796
3938.965,-0.0860
3940.430,-0.0585
3941.895,-0.0900
3943.359,-0.0643
3944.824,-0.0392
3946.289,-0.0725
3947.754,-0.0693
3949.219,-0.0856
3950.684,-0.0840
3952.148,-0.0917
3953.613,-0.0810
3955.078,-0.0251
3956.543,-0.0062
3958.008,-0.1021
3959.473,-0.0822
3960.938,-0.0687
3962.402,-0.0496
3963.867,-0.0711
3965.332,-0.0688
3966.797,-0.0476
3968.262,-0.0495
3969.727,-0.0407
3971.191,-0.0381
3972.656,-0.0419
3974.121,-0.0377
3975.586,-0.0976
3977.051,-0.0870
3978.516,-0.0797
3979.980,-0.0702
3981.445,-0.0813
3982.910,-0.0490
3984.375,-0.0832
3985.840,-0.0827
3987.305,-0.0934
3988.770,-0.1043
3990.234,-0.0770
3991.699,-0.0670
3993.164,-0.0841
3994.629,-0.0293
3996.094,-0.0653
3997.559,-0.0843
3999.023,-0.0650
4000.488,-0.0870
4001.953,-0.0825
4003.418,-0.0561
4004.883,-0.0745
4006.348,-0.1224
4007.812,-0.0910
4009.277,-0.0489
4010.742,-0.0660
4012.207,-0.1001
4013.672,-0.0339
4015.137,-0.0861
4016.602,-0.0986
4018.066,-0.0907
4019.531,-0.0698
4020.996,-0.0908
4022.461,-0.0868
4023.926,-0.1212
4025.391,-0.0944
4026.855,-0.0500
4028.320,-0.0866
4029.785,-0.0913
4031.250,-0.0973
4032.715,-0.0743
4034.180,-0.0723
4035.645,-0.1000
4037.109,-0.0873
4038.574,-0.0714
4040.039,-0.1027
4041.504,-0.0675
4042.969,-0.0641
4044.434,-0.0622
4045.898,-0.0475
4047.363,-0.0876
4048.828,-0.0874
4050.293,-0.0396
4051.758,-0.0191
4053.223,-0.0653
4054.688,-0.1006
4056.152,-0.0858
4057.617,-0.0867
4059.082,-0.0714
4060.547,-0.0728
4062.012,-0.0686
4063.477,-0.0819
4064.941,-0.1201
4066.406,-0.1259
4067.871,-0.0799
4069.336,-0.0393
4070.801,-0.0399
4072.266,-0.0795
4073.730,-0.0896
4075.195,-0.1273
4076.660,-0.0708
4078.125,-0.0792
4079.590,-0.0737
4081.055,-0.0367
4082.520,-0.0477
4083.984,-0.0789
4085.449,-0.0812
4086.914,-0.0827
4088.379,-0.0911
4089.844,-0.0824
4091.309,-0.0642
4092.773,-0.0912
4094.238,-0.0880
4095.703,-0.0611
4097.168,-0.0595
4098.633,-0.0592
4100.098,-0.0608
4101.562,-0.0716
4103.027,-0.0838
4104.492,-0.0746
4105.957,-0.0745
4107.422,-0.0949
4108.887,-0.1094
4110.352,-0.0934
4111.816,-0.0845
4113.281,-0.0799
4114.746,-0.0946
4116.211,-0.0831
4117.676,-0.0511
4119.141,-0.0351
4120.605,-0.0396
4122.070,-0.0647
4123.535,-0.0801
4125.000,-0.0745
4126.465,-0.0749
4127.930,-0.0703
4129.395,-0.0620
4130.859,-0.0684
4132.324,-0.0792
4133.789,-0.0901
4135.254,-0.0930
4136.719,-0.0896
4138.184,-0.0815
4139.648,-0.0669
4141.113,-0.0776
4142.578,-0.0909
4144.043,-0.0700
4145.508,-0.0596
4146.973,-0.0743
4148.438,-0.0878
4149.902,-0.0848
4151.367,-0.0795
4152.832,-0.0705
4154.297,-0.0554
4155.762,-0.0390
4157.227,-0.0276
4158.691,-0.0528
4160.156,-0.0774
4161.621,-0.0726
4163.086,-0.0727
4164.551,-0.0770
4166.016,-0.0812
4167.480,-0.0864
4168.945,-0.0855
4170.410,-0.0752
4171.875,-0.0698
4173.340,-0.0744
4174.805,-0.0763
4176.270,-0.0708
4177.734,-0.0758
4179.199,-0.0797
4180.664,-0.0644
4182.129,-0.0808
4183.594,-0.0973
4185.059,-0.0623
4186.523,-0.0438
4187.988,-0.0619
4189.453,-0.0571
4190.918,-0.0603
4192.383,-0.0832
4193.848,-0.0738
4195.312,-0.0623
4196.777,-0.0845
4198.242,-0.0890
4199.707,-0.0804
4201.172,-0.0987
4202.637,-0.1078
4204.102,-0.0852
4205.566,-0.0858
4207.031,-0.0918
4208.496,-0.0890
4209.961,-0.0924
4211.426,-0.0820
4212.891,-0.0631
4214.355,-0.0763
4215.820,-0.0830
4217.285,-0.0574
4218.750,-0.0579
4220.215,-0.0740
4221.680,-0.0679
4223.145,-0.0708
4224.609,-0.0880
4226.074,-0.0977
4227.539,-0.0990
4229.004,-0.0931
4230.469,-0.0744
4231.934,-0.0722
4233.398,-0.0837
4234.863,-0.0805
4236.328,-0.0629
4237.793,-0.0618
4239.258,-0.0585
4240.723,-0.0367
4242.188,-0.0445
4243.652,-0.0597
4245.117,-0.0841
4246.582,-0.0802
4248.047,-0.0899
4249.512,-0.0951
4250.977,-0.0800
4252.441,-0.0697
4253.906,-0.0490
4255.371,-0.0686
4256.836,-0.0807
4258.301,-0.0736
4259.766,-0.0633
4261.230,-0.0683
4262.695,-0.0870
4264.160,-0.0801
4265.625,-0.0697
4267.090,-0.0663
4268.555,-0.0634
4270.020,-0.0934
4271.484,-0.1055
4272.949,-0.0728
4274.414,-0.0524
4275.879,-0.0995
4277.344,-0.0700
4278.809,-0.0682
4280.273,-0.0930
4281.738,-0.0913
4283.203,-0.0691
4284.668,-0.0606
4286.133,-0.1054
4287.598,-0.1057
4289.062,-0.0557
4290.527,-0.0500
4291.992,-0.0523
4293.457,-0.0601
4294.922,-0.0655
4296.387,-0.0744
4297.852,-0.0682
4299.316,-0.1252
4300.781,-0.0754
4302.246,-0.0780
4303.711,-0.0543
4305.176,-0.0594
4306.641,-0.0610
4308.105,-0.0317
4309.570,-0.0607
4311.035,-0.0837
4312.500,-0.0900
4313.965,-0.0951
4315.430,-0.0462
4316.895,-0.0785
4318.359,-0.0854
4319.824,-0.0656
4321.289,-0.0615
4322.754,-0.0362
4324.219,-0.0838
4325.684,-0.0936
4327.148,-0.1002
4328.613,-0.0788
4330.078,-0.1065
4331.543,-0.0923
4333.008,-0.0414
4334.473,-0.0376
4335.938,-0.0709
4337.402,-0.0876
4338.867,-0.1256
4340.332,-0.0643
4341.797,-0.0126
4343.262,-0.0674
4344.727,-0.0366
4346.191,-0.0743
4347.656,-0.0721
4349.121,-0.0870
4350.586,-0.0259
4352.051,-0.0817
4353.516,-0.0289
4354.980,-0.0278
4356.445,-0.1112
4357.910,-0.0566
4359.375,-0.0519
4360.840,-0.0724
4362.305,-0.0598
4363.770,-0.0729
4365.234,-0.0935
4366.699,-0.0691
4368.164,-0.1418
4369.629,-0.1006
4371.094,-0.0280
4372.559,-0.0541
4374.023,-0.0532
4375.488,-0.0355
4376.953,-0.0896
4378.418,-0.0918
4379.883,-0.1098
4381.348,-0.1062
4382.812,-0.0765
4384.277,-0.1155
4385.742,-0.1418
4387.207,-0.0994
4388.672,-0.0819
4390.137,-0.0784
4391.602,-0.0350
4393.066,-0.0270
4394.531,-0.0394
4395.996,-0.0559
4397.461,-0.0551
4398.926,-0.1064
4400.391,-0.0695
4401.855,-0.0468
4403.320,-0.0437
4404.785,-0.0425
4406.250,-0.0685
4407.715,-0.0334
4409.180,-0.0431
4410.645,-0.0940
4412.109,-0.0761
4413.574,-0.0818
4415.039,-0.0955
4416.504,-0.0746
4417.969,-0.0565
4419.434,-0.0259
4420.898,-0.0558
4422.363,-0.0947
4423.828,-0.0732
4425.293,-0.0539
4426.758,-0.0841
4428.223,-0.0961
4429.688,-0.1110
4431.152,-0.1188
4432.617,-0.0822
4434.082,-0.0789
4435.547,-0.0982
4437.012,-0.0754
4438.477,-0.0468
4439.941,-0.0484
4441.406,-0.0503
4442.871,-0.0735
4444.336,-0.0758
4445.801,-0.0764
4447.266,-0.0723
4448.730,-0.0738
4450.195,-0.0724
4451.660,-0.0803
4453.125,-0.0840
4454.590,-0.0781
4456.055,-0.0557
4457.520,-0.0568
4458.984,-0.0762
4460.449,-0.0718
4461.914,-0.0902
4463.379,-0.0990
4464.844,-0.0826
4466.309,-0.0897
4467.773,-0.0935
4469.238,-0.0951
4470.703,-0.0690
4472.168,-0.0394
4473.633,-0.0334
4475.098,-0.0525
4476.562,-0.0628
4478.027,-0.0616
4479.492,-0.0786
4480.957,-0.0985
4482.422,-0.0728
4483.887,-0.0618
4485.352,-0.0976
4486.816,-0.1072
4488.281,-0.0887
4489.746,-0.0774
4491.211,-0.0736
4492.676,-0.0809
4494.141,-0.0700
4495.605,-0.0582
4497.070,-0.0790
4498.535,-0.0890
4500.000,-0.0823
4501.465,-0.0727
4502.930,-0.0668
4504.395,-0.0838
4505.859,-0.0852
4507.324,-0.0713
4508.789,-0.0849
4510.254,-0.0988
4511.719,-0.0824
4513.184,-0.0641
4514.648,-0.0786
4516.113,-0.0896
4517.578,-0.0790
4519.043,-0.0785
4520.508,-0.0781
4521.973,-0.0799
4523.438,-0.0873
4524.902,-0.0908
4526.367,-0.0771
4527.832,-0.0512
4529.297,-0.0591
4530.762,-0.0813
4532.227,-0.0717
4533.691,-0.0617
4535.156,-0.0751
4536.621,-0.0852
4538.086,-0.0946
4539.551,-0.1038
4541.016,-0.0913
4542.480,-0.0724
4543.945,-0.0673
4545.410,-0.0835
4546.875,-0.1055
4548.340,-0.0851
4549.805,-0.0448
4551.270,-0.0409
4552.734,-0.0612
4554.199,-0.0919
4555.664,-0.1078
4557.129,-0.0900
4558.594,-0.0803
4560.059,-0.0808
4561.523,-0.0792
4562.988,-0.0796
4564.453,-0.0765
4565.918,-0.0720
4567.383,-0.0663
4568.848,-0.0836
4570.312,-0.0900
4571.777,-0.0921
4573.242,-0.0843
4574.707,-0.0650
4576.172,-0.0575
4577.637,-0.0688
4579.102,-0.0893
4580.566,-0.0690
4582.031,-0.0444
4583.496,-0.0694
4584.961,-0.0788
4586.426,-0.0715
4587.891,-0.0782
4589.355,-0.0785
4590.820,-0.0927
4592.285,-0.1064
4593.750,-0.1031
4595.215,-0.0595
4596.680,-0.0440
4598.145,-0.0670
4599.609,-0.0750
4601.074,-0.0664
4602.539,-0.0649
4604.004,-0.0698
4605.469,-0.0815
4606.934,-0.0727
4608.398,-0.0500
4609.863,-0.0618
4611.328,-0.0783
4612.793,-0.0672
4614.258,-0.0714
4615.723,-0.0702
4617.188,-0.0876
4618.652,-0.1072
4620.117,-0.0972
4621.582,-0.0999
4623.047,-0.1408
4624.512,-0.1235
4625.977,-0.0850
4627.441,-0.0740
4628.906,-0.0526
4630.371,-0.0669
4631.836,-0.0732
4633.301,-0.0789
4634.766,-0.1000
4636.230,-0.0948
4637.695,-0.0728
4639.160,-0.0766
4640.625,-0.1036
4642.090,-0.1179
4643.555,-0.0920
4645.020,-0.0641
4646.484,-0.0785
4647.949,-0.1083
4649.414,-0.0717
4650.879,-0.0916
4652.344,-0.0855
4653.809,-0.1088
4655.273,-0.0608
4656.738,-0.0991
4658.203,-0.0972
4659.668,-0.0579
4661.133,-0.0691
4662.598,-0.1038
4664.062,-0.0806
4665.527,-0.0519
4666.992,-0.0571
4668.457,-0.0687
4669.922,-0.0637
4671.387,-0.0927
4672.852,-0.0867
4674.316,-0.1014
4675.781,-0.1214
4677.246,-0.0735
4678.711,-0.0968
4680.176,-0.0868
4681.641,-0.1066
4683.105,-0.0919
4684.570,-0.0889
4686.035,-0.0666
4687.500,-0.0631
4688.965,-0.0978
4690.430,-0.0851
4691.895,-0.0610
4693.359,-0.0300
4694.824,-0.0581
4696.289,-0.1258
4697.754,-0.1218
4699.219,-0.0460
4700.684,-0.0737
4702.148,-0.0994
4703.613,-0.1270
4705.078,-0.0609
4706.543,-0.0593
4708.008,-0.0842
4709.473,-0.0861
4710.938,-0.0640
4712.402,-0.0605
4713.867,-0.0702
4715.332,-0.0783
4716.797,-0.0933
4718.262,-0.0734
4719.727,-0.1246
4721.191,-0.0998
4722.656,-0.0543
4724.121,-0.0472
4725.586,-0.0273
4727.051,-0.0817
4728.516,-0.1219
4729.980,-0.0386
4731.445,-0.0812
4732.910,-0.0783
4734.375,-0.0923
4735.840,-0.0553
4737.305,-0.0787
4738.770,-0.0827
4740.234,-0.0884
4741.699,-0.0895
4743.164,-0.0764
4744.629,-0.0516
4746.094,-0.1155
4747.559,-0.1139
4749.023,-0.0784
4750.488,-0.0618
4751.953,-0.1042
4753.418,-0.0532
4754.883,-0.0646
4756.348,-0.0695
4757.812,-0.0776
4759.277,-0.0794
4760.742,-0.1008
4762.207,-0.0927
4763.672,-0.0881
4765.137,-0.1041
4766.602,-0.0918
4768.066,-0.0435
4769.531,-0.0471
4770.996,-0.0820
4772.461,-0.1192
4773.926,-0.0835
4775.391,-0.0751
4776.855,-0.0728
4778.320,-0.1011
4779.785,-0.0869
4781.250,-0.0871
4782.715,-0.0463
4784.180,-0.0562
4785.645,-0.0897
4787.109,-0.1220
4788.574,-0.1017
4790.039,-0.1089
4791.504,-0.0847
4792.969,-0.1025
4794.434,-0.0675
4795.898,-0.0598
4797.363,-0.0490
4798.828,-0.0814
4800.293,-0.1111
4801.758,-0.0696
4803.223,-0.0687
4804.688,-0.0851
4806.152,-0.0993
4807.617,-0.0876
4809.082,-0.0551
4810.547,-0.0478
4812.012,-0.0595
4813.477,-0.0814
4814.941,-0.0682
4816.406,-0.0595
4817.871,-0.0705
4819.336,-0.0710
4820.801,-0.0736
4822.266,-0.0553
4823.730,-0.0806
4825.195,-0.0560
4826.660,-0.0523
4828.125,-0.0927
4829.590,-0.0717
4831.055,-0.0554
4832.520,-0.0990
4833.984,-0.1110
4835.449,-0.0897
4836.914,-0.0850
4838.379,-0.0636
4839.844,-0.0520
4841.309,-0.0511
4842.773,-0.0733
4844.238,-0.0662
4845.703,-0.0855
4847.168,-0.1061
4848.633,-0.0782
4850.098,-0.0589
4851.562,-0.0656
4853.027,-0.0895
4854.492,-0.0768
4855.957,-0.0577
4857.422,-0.0601
4858.887,-0.0641
4860.352,-0.0666
4861.816,-0.0849
4863.281,-0.0944
4864.746,-0.1047
4866.211,-0.1026
4867.676,-0.0866
4869.141,-0.0875
4870.605,-0.0799
4872.070,-0.0553
4873.535,-0.0490
4875.000,-0.0661
4876.465,-0.0807
4877.930,-0.0934
4879.395,-0.1073
4880.859,-0.1191
4882.324,-0.1091
4883.789,-0.0713
4885.254,-0.0626
4886.719,-0.0833
4888.184,-0.0804
4889.648,-0.0756
4891.113,-0.0731
4892.578,-0.0617
4894.043,-0.0810
4895.508,-0.1037
4896.973,-0.1029
4898.438,-0.0878
4899.902,-0.0658
4901.367,-0.0574
4902.832,-0.0544
4904.297,-0.0551
4905.762,-0.0610
4907.227,-0.0610
4908.691,-0.0598
4910.156,-0.0669
4911.621,-0.0793
4913.086,-0.0985
4914.551,-0.1058
4916.016,-0.0906
4917.480,-0.0840
4918.945,-0.0926
4920.410,-0.1062
4921.875,-0.1060
4923.340,-0.0884
4924.805,-0.0786
4926.270,-0.0680
4927.734,-0.0574
4929.199,-0.0792
4930.664,-0.0785
4932.129,-0.0533
4933.594,-0.0585
4935.059,-0.0657
4936.523,-0.0658
4937.988,-0.0694
4939.453,-0.0686
4940.918,-0.0584
4942.383,-0.0656
4943.848,-0.0792
4945.312,-0.0910
4946.777,-0.1040
4948.242,-0.0728
4949.707,-0.0473
4951.172,-0.0672
4952.637,-0.0770
4954.102,-0.0489
4955.566,-0.0552
4957.031,-0.0803
4958.496,-0.0698
4959.961,-0.0780
4961.426,-0.0797
4962.891,-0.0735
4964.355,-0.0663
4965.820,-0.0807
4967.285,-0.0963
4968.750,-0.0857
4970.215,-0.0590
4971.680,-0.0549
4973.145,-0.0806
4974.609,-0.0990
4976.074,-0.0686
4977.539,-0.0641
4979.004,-0.0746
4980.469,-0.0642
4981.934,-0.0666
4983.398,-0.1013
4984.863,-0.1034
4986.328,-0.0867
4987.793,-0.0735
4989.258,-0.0559
4990.723,-0.0544
4992.188,-0.0674
4993.652,-0.0731
4995.117,-0.0902
4996.582,-0.0756
4998.047,-0.0429
4999.512,-0.0605
5000.977,-0.0740
5002.441,-0.0737
5003.906,-0.0783
5005.371,-0.0698
5006.836,-0.0532
5008.301,-0.0696
5009.766,-0.0978
5011.230,-0.0895
5012.695,-0.0648
5014.160,-0.0716
5015.625,-0.0682
5017.090,-0.0624
5018.555,-0.0492
5020.020,-0.0479
5021.484,-0.0534
5022.949,-0.0351
5024.414,-0.0771
5025.879,-0.0971
5027.344,-0.0712
5028.809,-0.0468
5030.273,-0.0553
5031.738,-0.0390
5033.203,-0.1016
5034.668,-0.0821
5036.133,-0.0879
5037.598,-0.0857
5039.062,-0.0628
5040.527,-0.0728
5041.992,-0.0854
5043.457,-0.0742
5044.922,-0.0896
5046.387,-0.0960
5047.852,-0.1169
5049.316,-0.1007
5050.781,-0.0846
5052.246,-0.0583
5053.711,-0.0778
5055.176,-0.0701
5056.641,-0.0734
5058.105,-0.0993
5059.570,-0.0736
5061.035,-0.0922
5062.500,-0.0573
5063.965,-0.0827
5065.430,-0.0784
5066.895,-0.0959
5068.359,-0.1108
5069.824,-0.0500
5071.289,-0.0778
5072.754,-0.0410
5074.219,-0.0663
5075.684,-0.0791
5077.148,-0.0784
5078.613,-0.0185
5080.078,-0.0687
5081.543,-0.0773
5083.008,-0.0678
5084.473,-0.0542
5085.938,-0.0639
5087.402,-0.0664
5088.867,-0.0784
5090.332,-0.0900
5091.797,-0.0246
5093.262,-0.0346
5094.727,-0.1020
5096.191,-0.0800
5097.656,-0.0852
5099.121,-0.0510
5100.586,-0.0607
5102.051,-0.0864
5103.516,-0.0305
5104.980,-0.0811
5106.445,-0.0511
5107.910,-0.0883
5109.375,-0.0790
5110.840,-0.0610
5112.305,-0.0704
5113.770,-0.1075
5115.234,-0.1211
5116.699,-0.0963
5118.164,-0.0973
5119.629,-0.1087
5121.094,-0.0576
5122.559,-0.0634
5124.023,-0.0522
5125.488,-0.0650
5126.953,-0.1022
5128.418,-0.1028
5129.883,-0.1034
5131.348,-0.0735
5132.812,-0.0462
5134.277,-0.0827
5135.742,-0.0620
5137.207,-0.1036
5138.672,-0.0639
5140.137,-0.0766
5141.602,-0.0334
5143.066,-0.0420
5144.531,-0.0986
5145.996,-0.0859
5147.461,-0.0400
5148.926,-0.0884
5150.391,-0.0621
5151.855,-0.0049
5153.320,-0.0739
5154.785,-0.1449
5156.250,-0.0540
5157.715,-0.0666
5159.180,-0.0596
5160.645,-0.0442
5162.109,-0.0245
5163.574,-0.0911
5165.039,-0.1027
5166.504,-0.0865
5167.969,-0.0581
5169.434,-0.0701
5170.898,-0.0764
5172.363,-0.0516
5173.828,-0.0812
5175.293,-0.1267
5176.758,-0.0826
5178.223,-0.0501
5179.688,-0.0713
5181.152,-0.1138
5182.617,-0.0852
5184.082,-0.0866
5185.547,-0.0620
5187.012,-0.0764
5188.477,-0.0982
5189.941,-0.0646
5191.406,-0.0427
5192.871,-0.0526
5194.336,-0.0776
5195.801,-0.0928
5197.266,-0.1029
5198.730,-0.0892
5200.195,-0.0790
5201.660,-0.0751
5203.125,-0.0762
5204.590,-0.0534
5206.055,-0.0569
5207.520,-0.0641
5208.984,-0.0896
5210.449,-0.0875
5211.914,-0.1004
5213.379,-0.0969
5214.844,-0.1087
5216.309,-0.0827
5217.773,-0.0529
5219.238,-0.0540
5220.703,-0.0620
5222.168,-0.0829
5223.633,-0.0847
5225.098,-0.1271
5226.562,-0.0771
5228.027,-0.0609
5229.492,-0.0960
5230.957,-0.1031
5232.422,-0.0875
5233.887,-0.0753
5235.352,-0.0687
5236.816,-0.1060
5238.281,-0.1006
5239.746,-0.0599
5241.211,-0.0502
5242.676,-0.0774
5244.141,-0.0861
5245.605,-0.0515
5247.070,-0.0691
5248.535,-0.0797
5250.000,-0.0847
5251.465,-0.0749
5252.930,-0.0878
5254.395,-0.0971
5255.859,-0.0620
5257.324,-0.0690
5258.789,-0.0852
5260.254,-0.0736
5261.719,-0.0771
5263.184,-0.0837
5264.648,-0.0716
5266.113,-0.0694
5267.578,-0.0654
5269.043,-0.0663
5270.508,-0.0882
5271.973,-0.1105
5273.438,-0.1069
5274.902,-0.0662
5276.367,-0.0319
5277.832,-0.0306
5279.297,-0.0399
5280.762,-0.0617
5282.227,-0.0905
5283.691,-0.0962
5285.156,-0.0795
5286.621,-0.0764
5288.086,-0.0798
5289.551,-0.0844
5291.016,-0.0878
5292.480,-0.0879
5293.945,-0.0626
5295.410,-0.0369
5296.875,-0.0558
5298.340,-0.0848
5299.805,-0.0917
5301.270,-0.0910
5302.734,-0.0888
5304.199,-0.0806
5305.664,-0.0895
5307.129,-0.0886
5308.594,-0.0689
5310.059,-0.0731
5311.523,-0.0913
5312.988,-0.0787
5314.453,-0.0686
5315.918,-0.0702
5317.383,-0.0687
5318.848,-0.0772
5320.312,-0.0646
5321.777,-0.0622
5323.242,-0.0805
5324.707,-0.0842
5326.172,-0.0868
5327.637,-0.0865
5329.102,-0.0822
5330.566,-0.0736
5332.031,-0.0743
5333.496,-0.0863
5334.961,-0.0844
5336.426,-0.0728
5337.891,-0.0744
5339.355,-0.0745
5340.820,-0.0700
5342.285,-0.0754
5343.750,-0.0736
5345.215,-0.0655
5346.680,-0.0726
5348.145,-0.0852
5349.609,-0.0833
5351.074,-0.0835
5352.539,-0.0888
5354.004,-0.0878
5355.469,-0.0809
5356.934,-0.0730
5358.398,-0.0650
5359.863,-0.0856
5361.328,-0.0850
5362.793,-0.0686
5364.258,-0.0855
5365.723,-0.1051
5367.188,-0.1083
5368.652,-0.0849
5370.117,-0.0719
5371.582,-0.0688
5373.047,-0.0544
5374.512,-0.0588
5375.977,-0.0717
5377.441,-0.0790
5378.906,-0.0787
5380.371,-0.0846
5381.836,-0.1013
5383.301,-0.0799
5384.766,-0.0845
5386.230,-0.0787
5387.695,-0.0627
5389.160,-0.0876
5390.625,-0.0919
5392.090,-0.0728
5393.555,-0.0845
5395.020,-0.0888
5396.484,-0.0776
5397.949,-0.0689
5399.414,-0.0766
5400.879,-0.0719
5402.344,-0.0884
5403.809,-0.1098
5405.273,-0.0771
5406.738,-0.0865
5408.203,-0.1020
5409.668,-0.0785
5411.133,-0.0710
5412.598,-0.0903
5414.062,-0.0907
5415.527,-0.0982
5416.992,-0.0855
5418.457,-0.1023
5419.922,-0.0925
5421.387,-0.0893
5422.852,-0.0930
5424.316,-0.0833
5425.781,-0.0829
5427.246,-0.1056
5428.711,-0.1197
5430.176,-0.1186
5431.641,-0.1063
5433.105,-0.0710
5434.570,-0.0818
5436.035,-0.0550
5437.500,-0.0636
5438.965,-0.0665
5440.430,-0.0961
5441.895,-0.0781
5443.359,-0.0898
5444.824,-0.0947
5446.289,-0.0512
5447.754,-0.0616
5449.219,-0.0527
5450.684,-0.1178
5452.148,-0.1004
5453.613,-0.0813
5455.078,-0.0651
5456.543,-0.0524
5458.008,-0.0509
5459.473,-0.0452
5460.938,-0.0511
5462.402,-0.0578
5463.867,-0.0656
5465.332,-0.0956
5466.797,-0.0810
5468.262,-0.0591
5469.727,-0.0898
5471.191,-0.1405
5472.656,-0.1176
5474.121,-0.0546
5475.586,-0.0265
5477.051,-0.0448
5478.516,-0.0717
5479.980,-0.0451
5481.445,-0.1038
5482.910,-0.0636
5484.375,-0.1170
5485.840,-0.0939
5487.305,-0.0781
5488.770,-0.0859
5490.234,-0.0799
5491.699,-0.0941
5493.164,-0.0409
5494.629,-0.0963
5496.094,-0.0996
5497.559,-0.0560
5499.023,-0.0459
5500.488,-0.0697
5501.953,-0.0790
5503.418,-0.0550
5504.883,-0.1109
5506.348,-0.1102
5507.812,-0.0505
5509.277,-0.0785
5510.742,-0.0887
5512.207,-0.0824
5513.672,-0.0826
5515.137,-0.1037
5516.602,-0.0682
5518.066,-0.0447
5519.531,-0.0795
5520.996,-0.0660
5522.461,-0.0521
5523.926,-0.1039
5525.391,-0.0851
5526.855,-0.0898
5528.320,-0.0395
5529.785,-0.0450
5531.250,-0.0933
5532.715,-0.0680
5534.180,-0.0321
5535.645,-0.0802
5537.109,-0.0793
5538.574,-0.0519
5540.039,-0.1040
5541.504,-0.0902
5542.969,-0.0763
5544.434,-0.0614
5545.898,-0.0941
5547.363,-0.0860
5548.828,-0.0792
5550.293,-0.1078
5551.758,-0.0780
5553.223,-0.0639
5554.688,-0.0596
5556.152,-0.0921
5557.617,-0.0369
5559.082,-0.0456
5560.547,-0.0778
5562.012,-0.0803
5563.477,-0.0491
5564.941,-0.0661
5566.406,-0.0725
5567.871,-0.1176
5569.336,-0.0931
5570.801,-0.0296
5572.266,-0.0745
5573.730,-0.0653
5575.195,-0.0455
5576.660,-0.0871
5578.125,-0.1091
5579.590,-0.0874
5581.055,-0.1131
5582.520,-0.1159
5583.984,-0.0947
5585.449,-0.0753
5586.914,-0.0714
5588.379,-0.0611
5589.844,-0.0470
5591.309,-0.0515
5592.773,-0.0741
5594.238,-0.0940
5595.703,-0.0843
5597.168,-0.1263
5598.633,-0.0923
5600.098,-0.0742
5601.562,-0.0878
5603.027,-0.0169
5604.492,-0.0354
5605.957,-0.0814
5607.422,-0.0386
5608.887,-0.0568
5610.352,-0.0551
5611.816,-0.0904
5613.281,-0.1012
5614.746,-0.0718
5616.211,-0.0556
5617.676,-0.0673
5619.141,-0.0500
5620.605,-0.0719
5622.070,-0.0857
5623.535,-0.1006
5625.000,-0.0824
5626.465,-0.0953
5627.930,-0.0943
5629.395,-0.0842
5630.859,-0.1016
5632.324,-0.0840
5633.789,-0.0997
5635.254,-0.1080
5636.719,-0.0624
5638.184,-0.0505
5639.648,-0.0756
5641.113,-0.0907
5642.578,-0.0669
5644.043,-0.1089
5645.508,-0.0970
5646.973,-0.0603
5648.438,-0.0592
5649.902,-0.0688
5651.367,-0.0692
5652.832,-0.0659
5654.297,-0.0543
5655.762,-0.0945
5657.227,-0.1115
5658.691,-0.0806
5660.156,-0.1255
5661.621,-0.0805
5663.086,-0.0370
5664.551,-0.0614
5666.016,-0.0672
5667.480,-0.0869
5668.945,-0.0870
5670.410,-0.0601
5671.875,-0.0492
5673.340,-0.0651
5674.805,-0.0762
5676.270,-0.1051
5677.734,-0.1039
5679.199,-0.0745
5680.664,-0.0888
5682.129,-0.1145
5683.594,-0.1194
5685.059,-0.1022
5686.523,-0.0840
5687.988,-0.0815
5689.453,-0.0759
5690.918,-0.0755
5692.383,-0.0830
5693.848,-0.0897
5695.312,-0.0665
5696.777,-0.0597
5698.242,-0.0701
5699.707,-0.1098
5701.172,-0.1086
5702.637,-0.0844
5704.102,-0.1091
5705.566,-0.0888
5707.031,-0.0703
5708.496,-0.0741
5709.961,-0.0903
5711.426,-0.0991
5712.891,-0.0800
5714.355,-0.0759
5715.820,-0.0749
5717.285,-0.0651
5718.750,-0.0795
5720.215,-0.0896
5721.680,-0.0996
5723.145,-0.1052
5724.609,-0.0657
5726.074,-0.0569
5727.539,-0.1020
5729.004,-0.1109
5730.469,-0.0775
5731.934,-0.0627
5733.398,-0.0612
5734.863,-0.0556
5736.328,-0.0513
5737.793,-0.0666
5739.258,-0.0616
5740.723,-0.0493
5742.188,-0.0707
5743.652,-0.0825
5745.117,-0.0792
5746.582,-0.0772
5748.047,-0.0623
5749.512,-0.0592
5750.977,-0.0807
5752.441,-0.0953
5753.906,-0.0596
5755.371,-0.0258
5756.836,-0.0489
5758.301,-0.0746
5759.766,-0.0686
5761.230,-0.0559
5762.695,-0.0629
5764.160,-0.0874
5765.625,-0.0746
5767.090,-0.0468
5768.555,-0.0783
5770.020,-0.1060
5771.484,-0.0879
5772.949,-0.0677
5774.414,-0.0488
5775.879,-0.0393
5777.344,-0.0467
5778.809,-0.0714
5780.273,-0.0900
5781.738,-0.0782
5783.203,-0.0742
5784.668,-0.0862
5786.133,-0.0878
5787.598,-0.0902
5789.062,-0.0918
5790.527,-0.0969
5791.992,-0.0961
5793.457,-0.0854
5794.922,-0.1004
5796.387,-0.1076
5797.852,-0.0708
5799.316,-0.0708
5800.781,-0.1052
5802.246,-0.0959
5803.711,-0.0880
5805.176,-0.1010
5806.641,-0.0944
5808.105,-0.0586
5809.570,-0.0447
5811.035,-0.0538
5812.500,-0.0476
5813.965,-0.0430
5815.430,-0.0747
5816.895,-0.0878
5818.359,-0.0614
5819.824,-0.0549
5821.289,-0.0443
5822.754,-0.0544
5824.219,-0.1048
5825.684,-0.1152
5827.148,-0.0834
5828.613,-0.0421
5830.078,-0.0505
5831.543,-0.0739
5833.008,-0.0805
5834.473,-0.0661
5835.938,-0.0509
5837.402,-0.0731
5838.867,-0.0831
5840.332,-0.0681
5841.797,-0.0642
5843.262,-0.0744
5844.727,-0.0912
5846.191,-0.1088
5847.656,-0.0901
5849.121,-0.0816
5850.586,-0.0968
5852.051,-0.0971
5853.516,-0.0815
5854.980,-0.0972
5856.445,-0.0831
5857.910,-0.0406
5859.375,-0.0462
5860.840,-0.0434
5862.305,-0.0325
5863.770,-0.0712
5865.234,-0.1076
5866.699,-0.0875
5868.164,-0.0693
5869.629,-0.1101
5871.094,-0.0984
5872.559,-0.0665
5874.023,-0.0583
5875.488,-0.0628
5876.953,-0.0532
5878.418,-0.0736
5879.883,-0.0906
5881.348,-0.0598
5882.812,-0.0500
5884.277,-0.0553
5885.742,-0.0894
5887.207,-0.1062
5888.672,-0.0780
5890.137,-0.0849
5891.602,-0.0678
5893.066,-0.0532
5894.531,-0.0672
5895.996,-0.0583
5897.461,-0.0882
5898.926,-0.0949
5900.391,-0.0716
5901.855,-0.0597
5903.320,-0.0891
5904.785,-0.0791
5906.250,-0.0347
5907.715,-0.0554
5909.180,-0.0933
5910.645,-0.1149
5912.109,-0.0797
5913.574,-0.0833
5915.039,-0.1302
5916.504,-0.0882
5917.969,-0.0403
5919.434,-0.0906
5920.898,-0.1149
5922.363,-0.1231
5923.828,-0.0793
5925.293,-0.0770
5926.758,-0.0416
5928.223,-0.0447
5929.688,-0.0737
5931.152,-0.0953
5932.617,-0.1103
5934.082,-0.1252
5935.547,-0.0820
5937.012,-0.1084
5938.477,-0.0835
5939.941,-0.0720
5941.406,-0.1067
5942.871,-0.0672
5944.336,-0.0362
5945.801,-0.0721
5947.266,-0.0830
5948.730,-0.1002
5950.195,-0.0764
5951.660,-0.0872
5953.125,-0.0664
5954.590,-0.0777
5956.055,-0.1011
5957.520,-0.0604
5958.984,-0.0501
5960.449,-0.0577
5961.914,-0.0754
5963.379,-0.0722
5964.844,-0.0785
5966.309,-0.0710
5967.773,-0.0894
5969.238,-0.0866
5970.703,-0.0824
5972.168,-0.0712
5973.633,-0.0761
5975.098,-0.1200
5976.562,-0.0774
5978.027,-0.0376
5979.492,-0.0901
5980.957,-0.0983
5982.422,-0.0442
5983.887,-0.0379
5985.352,-0.0702
5986.816,-0.0399
5988.281,-0.0790
5989.746,-0.0793
5991.211,-0.1047
5992.676,-0.0650
5994.141,-0.0575
5995.605,-0.0897
5997.070,-0.0585
5998.535,-0.0766
6000.000,-0.0760
6001.465,-0.1103
6002.930,-0.0090
6004.395,-0.0629
6005.859,-0.0571
6007.324,-0.0800
6008.789,-0.0903
6010.254,-0.0664
6011.719,-0.0745
6013.184,-0.0540
6014.648,-0.0631
6016.113,-0.0659
6017.578,-0.0606
6019.043,-0.0921
6020.508,-0.0651
6021.973,-0.0797
6023.438,-0.0744
6024.902,-0.0920
6026.367,-0.1135
6027.832,-0.0716
6029.297,-0.0770
6030.762,-0.0611
6032.227,-0.0584
6033.691,-0.0478
6035.156,-0.1072
6036.621,-0.1017
6038.086,-0.0331
6039.551,-0.0963
6041.016,-0.1106
6042.480,-0.0852
6043.945,-0.0720
6045.410,-0.0738
6046.875,-0.0496
6048.340,-0.0674
6049.805,-0.1103
6051.270,-0.1253
6052.734,-0.0399
6054.199,-0.0782
6055.664,-0.0760
6057.129,-0.1527
6058.594,-0.1057
6060.059,-0.1031
6061.523,-0.0791
6062.988,-0.0438
6064.453,-0.0560
6065.918,-0.0726
6067.383,-0.0876
6068.848,-0.0778
6070.312,-0.0503
6071.777,-0.0894
6073.242,-0.0638
6074.707,-0.0581
6076.172,-0.0219
6077.637,-0.0826
6079.102,-0.0831
6080.566,-0.0935
6082.031,-0.0722
6083.496,-0.0973
6084.961,-0.0495
6086.426,-0.0918
6087.891,-0.0611
6089.355,-0.0231
6090.820,-0.0471
6092.285,-0.0530
6093.750,-0.0601
6095.215,-0.0711
6096.680,-0.0422
6098.145,-0.0851
6099.609,-0.1021
6101.074,-0.1036
6102.539,-0.0486
6104.004,-0.0728
6105.469,-0.0942
6106.934,-0.0801
6108.398,-0.0744
6109.863,-0.1014
6111.328,-0.0684
6112.793,-0.0501
6114.258,-0.0834
6115.723,-0.0569
6117.188,-0.0329
6118.652,-0.0766
6120.117,-0.0532
6121.582,-0.0466
6123.047,-0.0497
6124.512,-0.0489
6125.977,-0.0631
6127.441,-0.0826
6128.906,-0.0597
6130.371,-0.0844
6131.836,-0.0998
6133.301,-0.0616
6134.766,-0.1124
6136.230,-0.1165
6137.695,-0.0209
6139.160,-0.0393
6140.625,-0.0814
6142.090,-0.0522
6143.555,-0.0664
6145.020,-0.0482
6146.484,-0.0631
6147.949,-0.0778
6149.414,-0.0894
6150.879,-0.1242
6152.344,-0.1147
6153.809,-0.0786
6155.273,-0.0785
6156.738,-0.0766
6158.203,-0.0556
6159.668,-0.0460
6161.133,-0.0569
6162.598,-0.0645
6164.062,-0.0364
6165.527,-0.0357
6166.992,-0.0590
6168.457,-0.0841
6169.922,-0.0789
6171.387,-0.0790
6172.852,-0.0829
6174.316,-0.0888
6175.781,-0.0736
6177.246,-0.0663
6178.711,-0.0757
6180.176,-0.0731
6181.641,-0.0541
6183.105,-0.0382
6184.570,-0.0482
6186.035,-0.0593
6187.500,-0.0765
6188.965,-0.0817
6190.430,-0.0840
6191.895,-0.0907
6193.359,-0.0756
6194.824,-0.0626
6196.289,-0.0600
6197.754,-0.0598
6199.219,-0.0597
6200.684,-0.0644
6202.148,-0.0769
6203.613,-0.0819
6205.078,-0.0589
6206.543,-0.0397
6208.008,-0.0560
6209.473,-0.0893
6210.938,-0.0941
6212.402,-0.0718
6213.867,-0.0875
6215.332,-0.0901
6216.797,-0.0579
6218.262,-0.0394
6219.727,-0.0343
6221.191,-0.0428
6222.656,-0.0456
6224.121,-0.0359
6225.586,-0.0421
6227.051,-0.0660
6228.516,-0.0616
6229.980,-0.0507
6231.445,-0.0672
6232.910,-0.0807
6234.375,-0.0693
6235.840,-0.0525
6237.305,-0.0446
6238.770,-0.0513
6240.234,-0.0652
6241.699,-0.0735
6243.164,-0.0951
6244.629,-0.0931
6246.094,-0.0783
6247.559,-0.0857
6249.023,-0.0939
6250.488,-0.0943
6251.953,-0.0779
6253.418,-0.0633
6254.883,-0.0591
6256.348,-0.0770
6257.812,-0.0992
6259.277,-0.0796
6260.742,-0.0532
6262.207,-0.0432
6263.672,-0.0470
6265.137,-0.0541
6266.602,-0.0635
6268.066,-0.0845
6269.531,-0.1041
6270.996,-0.0962
6272.461,-0.0584
6273.926,-0.0471
6275.391,-0.0665
6276.855,-0.0891
6278.320,-0.1009
6279.785,-0.0908
6281.250,-0.0950
6282.715,-0.0980
6284.180,-0.0716
6285.645,-0.0508
6287.109,-0.0555
6288.574,-0.0777
6290.039,-0.0944
6291.504,-0.0905
6292.969,-0.0858
6294.434,-0.0809
6295.898,-0.0709
6297.363,-0.0705
6298.828,-0.0617
6300.293,-0.0360
6301.758,-0.0392
6303.223,-0.0725
6304.688,-0.0824
6306.152,-0.0758
6307.617,-0.0756
6309.082,-0.0632
6310.547,-0.0730
6312.012,-0.0865
6313.477,-0.0620
6314.941,-0.0379
6316.406,-0.0413
6317.871,-0.0660
6319.336,-0.0991
6320.801,-0.0899
6322.266,-0.0613
6323.730,-0.0479
6325.195,-0.0509
6326.660,-0.0785
6328.125,-0.0835
6329.590,-0.0831
6331.055,-0.0796
6332.520,-0.0419
6333.984,-0.0395
6335.449,-0.0763
6336.914,-0.0910
6338.379,-0.0721
6339.844,-0.0668
6341.309,-0.0657
6342.773,-0.0475
6344.238,-0.0671
6345.703,-0.0736
6347.168,-0.0651
6348.633,-0.0685
6350.098,-0.0725
6351.562,-0.0656
6353.027,-0.0768
6354.492,-0.0758
6355.957,-0.0783
6357.422,-0.0827
6358.887,-0.0864
6360.352,-0.0729
6361.816,-0.0553
6363.281,-0.0556
6364.746,-0.0803
6366.211,-0.0640
6367.676,-0.0666
6369.141,-0.0958
6370.605,-0.1068
6372.070,-0.0937
6373.535,-0.0836
6375.000,-0.0687
6376.465,-0.0443
6377.930,-0.0467
6379.395,-0.0718
6380.859,-0.0726
6382.324,-0.0860
6383.789,-0.1008
6385.254,-0.0887
6386.719,-0.0752
6388.184,-0.0467
6389.648,-0.0591
6391.113,-0.0849
6392.578,-0.0868
6394.043,-0.0643
6395.508,-0.0577
6396.973,-0.0586
6398.438,-0.0861
6399.902,-0.0801
6401.367,-0.0303
6402.832,-0.0646
6404.297,-0.1057
6405.762,-0.0851
6407.227,-0.0664
6408.691,-0.0604
6410.156,-0.0381
6411.621,-0.0901
6413.086,-0.1113
6414.551,-0.0929
6416.016,-0.0578
6417.480,-0.0088
6418.945,-0.0323
6420.410,-0.0607
6421.875,-0.0359
6423.340,-0.0693
6424.805,-0.0633
6426.270,-0.0362
6427.734,-0.0476
6429.199,-0.0959
6430.664,-0.0887
6432.129,-0.0997
6433.594,-0.0892
6435.059,-0.0784
6436.523,-0.0423
6437.988,-0.0640
6439.453,-0.1093
6440.918,-0.0731
6442.383,-0.0556
6443.848,-0.1032
6445.312,-0.0789
6446.777,-0.1197
6448.242,-0.0928
6449.707,-0.1075
6451.172,-0.0776
6452.637,-0.0577
6454.102,-0.0493
6455.566,-0.0427
6457.031,-0.0630
6458.496,-0.0844
6459.961,-0.0881
6461.426,-0.0774
6462.891,-0.0827
6464.355,-0.0499
6465.820,-0.0534
6467.285,-0.0704
6468.750,-0.0708
6470.215,-0.0692
6471.680,-0.0816
6473.145,-0.0972
6474.609,-0.0819
6476.074,-0.0811
6477.539,-0.0285
6479.004,-0.0361
6480.469,-0.0758
6481.934,-0.0459
6483.398,-0.0381
6484.863,-0.0793
6486.328,-0.0938
6487.793,-0.0553
6489.258,-0.0441
6490.723,-0.0325
6492.188,-0.0790
6493.652,-0.1179
6495.117,-0.1296
6496.582,-0.0910
6498.047,-0.1066
6499.512,-0.0327
6500.977,-0.0973
6502.441,-0.0345
6503.906,-0.1299
6505.371,-0.0656
6506.836,-0.0574
6508.301,-0.0848
6509.766,-0.0500
6511.230,-0.1263
6512.695,-0.1104
6514.160,-0.0654
6515.625,-0.0689
6517.090,-0.0588
6518.555,-0.0673
6520.020,-0.0812
6521.484,-0.0846
6522.949,-0.0336
6524.414,-0.0825
6525.879,-0.0695
6527.344,-0.1406
6528.809,-0.0974
6530.273,-0.0400
6531.738,-0.0966
6533.203,-0.0399
6534.668,-0.0337
6536.133,-0.0350
6537.598,-0.1006
6539.062,-0.0598
6540.527,-0.0836
6541.992,-0.0957
6543.457,-0.0473
6544.922,-0.0994
6546.387,-0.0674
6547.852,-0.0407
6549.316,-0.0450
6550.781,-0.0579
6552.246,-0.0782
6553.711,-0.1040
6555.176,-0.1072
6556.641,-0.0809
6558.105,-0.0690
6559.570,-0.0523
6561.035,-0.0498
6562.500,-0.0570
6563.965,-0.0267
6565.430,-0.0614
6566.895,-0.0029
6568.359,-0.0319
6569.824,-0.0262
6571.289,-0.0983
6572.754,-0.1316
6574.219,-0.0757
6575.684,-0.0240
6577.148,-0.0647
6578.613,-0.0595
6580.078,-0.1161
6581.543,-0.0773
6583.008,-0.0702
6584.473,-0.0741
6585.938,-0.0555
6587.402,-0.0754
6588.867,-0.0530
6590.332,-0.0837
6591.797,-0.0448
6593.262,-0.0477
6594.727,-0.0691
6596.191,-0.1364
6597.656,-0.1060
6599.121,-0.0973
6600.586,-0.1148
6602.051,-0.0933
6603.516,-0.0649
6604.980,-0.0978
6606.445,-0.1151
6607.910,-0.1086
6609.375,-0.0798
6610.840,-0.0632
6612.305,-0.0625
6613.770,-0.0618
6615.234,-0.1072
6616.699,-0.1056
6618.164,-0.0976
6619.629,-0.0550
6621.094,-0.0925
6622.559,-0.0911
6624.023,-0.0994
6625.488,-0.1208
6626.953,-0.0931
6628.418,-0.0906
6629.883,-0.0725
6631.348,-0.0884
6632.812,-0.0326
6634.277,-0.0437
6635.742,-0.1098
6637.207,-0.1278
6638.672,-0.1372
6640.137,-0.1146
6641.602,-0.0612
6643.066,-0.0653
6644.531,-0.0520
6645.996,-0.1023
6647.461,-0.0732
6648.926,-0.0345
6650.391,-0.0394
6651.855,-0.0734
6653.320,-0.0653
6654.785,-0.0678
6656.250,-0.0769
6657.715,-0.0341
6659.180,-0.0662
6660.645,-0.0991
6662.109,-0.0884
6663.574,-0.0650
6665.039,-0.0301
6666.504,-0.0453
6667.969,-0.0571
6669.434,-0.0827
6670.898,-0.0640
6672.363,-0.0684
6673.828,-0.0730
6675.293,-0.0646
6676.758,-0.0860
6678.223,-0.0609
6679.688,-0.0823
6681.152,-0.1200
6682.617,-0.0926
6684.082,-0.0846
6685.547,-0.0908
6687.012,-0.0560
6688.477,-0.0598
6689.941,-0.0671
6691.406,-0.0626
6692.871,-0.0861
6694.336,-0.0900
6695.801,-0.0751
6697.266,-0.0969
6698.730,-0.0954
6700.195,-0.0579
6701.660,-0.0646
6703.125,-0.0807
6704.590,-0.0608
6706.055,-0.0504
6707.520,-0.0800
6708.984,-0.1012
6710.449,-0.0698
6711.914,-0.0325
6713.379,-0.0289
6714.844,-0.0443
6716.309,-0.0577
6717.773,-0.0752
6719.238,-0.0699
6720.703,-0.0460
6722.168,-0.0711
6723.633,-0.0804
6725.098,-0.0653
6726.562,-0.0412
6728.027,-0.0547
6729.492,-0.0925
6730.957,-0.0719
6732.422,-0.0743
6733.887,-0.0916
6735.352,-0.0569
6736.816,-0.0579
6738.281,-0.0821
6739.746,-0.0922
6741.211,-0.0634
6742.676,-0.0385
6744.141,-0.0602
6745.605,-0.0706
6747.070,-0.1014
6748.535,-0.1042
6750.000,-0.0601
6751.465,-0.0358
6752.930,-0.0343
6754.395,-0.0461
6755.859,-0.0767
6757.324,-0.1054
6758.789,-0.1135
6760.254,-0.0889
6761.719,-0.0894
6763.184,-0.1152
6764.648,-0.0956
6766.113,-0.0830
6767.578,-0.1031
6769.043,-0.1033
6770.508,-0.0763
6771.973,-0.0466
6773.438,-0.0339
6774.902,-0.0476
6776.367,-0.0631
6777.832,-0.0483
6779.297,-0.0440
6780.762,-0.0627
6782.227,-0.0802
6783.691,-0.0702
6785.156,-0.0525
6786.621,-0.0585
6788.086,-0.0718
6789.551,-0.0918
6791.016,-0.1011
6792.480,-0.0809
6793.945,-0.0662
6795.410,-0.0863
6796.875,-0.1023
6798.340,-0.0913
6799.805,-0.0786
6801.270,-0.0716
6802.734,-0.0779
6804.199,-0.0843
6805.664,-0.0695
6807.129,-0.0635
6808.594,-0.0707
6810.059,-0.0766
6811.523,-0.0787
6812.988,-0.0617
6814.453,-0.0430
6815.918,-0.0575
6817.383,-0.0870
6818.848,-0.0956
6820.312,-0.0861
6821.777,-0.0721
6823.242,-0.0534
6824.707,-0.0540
6826.172,-0.0828
6827.637,-0.0785
6829.102,-0.0464
6830.566,-0.0504
6832.031,-0.0676
6833.496,-0.0888
6834.961,-0.1162
6836.426,-0.1133
6837.891,-0.0897
6839.355,-0.0853
6840.820,-0.0931
6842.285,-0.0941
6843.750,-0.0836
6845.215,-0.0664
6846.680,-0.0548
6848.145,-0.0499
6849.609,-0.0661
6851.074,-0.0701
6852.539,-0.0407
6854.004,-0.0190
6855.469,-0.0507
6856.934,-0.0813
6858.398,-0.0839
6859.863,-0.0775
6861.328,-0.0804
6862.793,-0.0981
6864.258,-0.1051
6865.723,-0.0822
6867.188,-0.0720
6868.652,-0.0643
6870.117,-0.0373
6871.582,-0.0489
6873.047,-0.0495
6874.512,-0.0550
6875.977,-0.0940
6877.441,-0.0985
6878.906,-0.0686
6880.371,-0.0371
6881.836,-0.0421
6883.301,-0.0744
6884.766,-0.0900
6886.230,-0.0989
6887.695,-0.0743
6889.160,-0.0456
6890.625,-0.0935
6892.090,-0.1171
6893.555,-0.0784
6895.020,-0.0778
6896.484,-0.0834
6897.949,-0.0830
6899.414,-0.0922
6900.879,-0.1075
6902.344,-0.0976
6903.809,-0.0728
6905.273,-0.0463
6906.738,-0.0413
6908.203,-0.0464
6909.668,-0.0247
6911.133,-0.0078
6912.598,-0.0460
6914.062,-0.0788
6915.527,-0.0364
6916.992,-0.0304
6918.457,-0.0430
6919.922,-0.0651
6921.387,-0.1144
6922.852,-0.1024
6924.316,-0.0616
6925.781,-0.0902
6927.246,-0.0931
6928.711,-0.0612
6930.176,-0.0706
6931.641,-0.0815
6933.105,-0.0868
6934.570,-0.0905
6936.035,-0.0962
6937.500,-0.0603
6938.965,-0.0294
6940.430,-0.0430
6941.895,-0.0575
6943.359,-0.0668
6944.824,-0.0631
6946.289,-0.0475
6947.754,-0.0749
6949.219,-0.0510
6950.684,-0.0648
6952.148,-0.0440
6953.613,-0.0486
6955.078,-0.0858
6956.543,-0.0159
6958.008,-0.0135
6959.473,-0.0867
6960.938,-0.0770
6962.402,-0.0907
6963.867,-0.0877
6965.332,-0.0829
6966.797,-0.0881
6968.262,-0.0520
6969.727,-0.0408
6971.191,-0.0641
6972.656,-0.0539
6974.121,-0.0519
6975.586,-0.0843
6977.051,-0.0624
6978.516,-0.0563
6979.980,-0.0611
6981.445,-0.0989
6982.910,-0.1146
6984.375,-0.0849
6985.840,-0.0993
6987.305,-0.0957
6988.770,-0.0848
6990.234,-0.0626
6991.699,-0.0260
6993.164,-0.0547
6994.629,-0.1090
6996.094,-0.1345
6997.559,-0.0820
6999.023,-0.0429
7000.488,-0.0550
7001.953,-0.0874
7003.418,-0.0922
7004.883,-0.0658
7006.348,-0.0539
7007.812,-0.0621
7009.277,-0.0871
7010.742,-0.0544
7012.207,-0.1081
7013.672,-0.1116
7015.137,-0.0634
7016.602,-0.0660
7018.066,-0.0787
7019.531,-0.0871
7020.996,-0.0650
7022.461,-0.0451
7023.926,-0.0712
7025.391,-0.0670
7026.855,-0.0734
7028.320,-0.1081
7029.785,-0.0758
7031.250,-0.0552
7032.715,-0.1314
7034.180,-0.0825
7035.645,-0.0951
7037.109,-0.0731
7038.574,-0.0785
7040.039,-0.0805
7041.504,-0.0726
7042.969,-0.0454
7044.434,-0.0249
7045.898,-0.0754
7047.363,-0.0320
7048.828,-0.0768
7050.293,-0.0745
7051.758,-0.0563
7053.223,-0.1194
7054.688,-0.1346
7056.152,-0.1172
7057.617,-0.0830
7059.082,-0.0950
7060.547,-0.0505
7062.012,-0.1465
7063.477,-0.0907
7064.941,-0.0127
7066.406,-0.0404
7067.871,-0.0633
7069.336,-0.0682
7070.801,-0.0437
7072.266,-0.0532
7073.730,-0.0839
7075.195,-0.1385
7076.660,-0.0487
7078.125,-0.0281
7079.590,-0.0968
7081.055,-0.0752
7082.520,0.0027
7083.984,-0.0579
7085.449,-0.0957
7086.914,-0.1162
7088.379,-0.0506
7089.844,-0.0710
7091.309,-0.0774
7092.773,-0.0689
7094.238,-0.1264
7095.703,-0.1036
7097.168,-0.1038
7098.633,-0.1236
7100.098,-0.1197
7101.562,-0.0719
7103.027,-0.0615
7104.492,-0.0852
7105.957,-0.0687
7107.422,-0.1433
7108.887,-0.0570
7110.352,-0.0191
7111.816,-0.0505
7113.281,-0.0923
7114.746,-0.0151
7116.211,-0.1133
7117.676,-0.1543
7119.141,-0.0630
7120.605,-0.0937
7122.070,-0.1572
7123.535,-0.0456
7125.000,-0.0427
7126.465,-0.0099
7127.930,-0.0729
7129.395,-0.0661
7130.859,-0.0727
7132.324,-0.0693
7133.789,-0.1267
7135.254,-0.0675
7136.719,-0.0702
7138.184,-0.0960
7139.648,-0.0600
7141.113,-0.0911
7142.578,-0.0764
7144.043,-0.0754
7145.508,-0.0691
7146.973,-0.0825
7148.438,-0.1079
7149.902,-0.0759
7151.367,-0.0172
7152.832,-0.0244
7154.297,-0.0630
7155.762,-0.0711
7157.227,-0.0599
7158.691,-0.0873
7160.156,-0.0205
7161.621,-0.0191
7163.086,-0.0543
7164.551,-0.0629
7166.016,-0.0729
7167.480,-0.0485
7168.945,-0.0711
7170.410,-0.0543
7171.875,-0.0719
7173.340,-0.0789
7174.805,-0.0642
7176.270,-0.0523
7177.734,-0.0756
7179.199,-0.0950
7180.664,-0.0922
7182.129,-0.1019
7183.594,-0.0427
7185.059,-0.0200
7186.523,-0.0489
7187.988,-0.0862
7189.453,-0.0481
7190.918,-0.0441
7192.383,-0.0575
7193.848,-0.0808
7195.312,-0.1134
7196.777,-0.0827
7198.242,-0.0525
7199.707,-0.0760
7201.172,-0.0921
7202.637,-0.0590
7204.102,-0.0761
7205.566,-0.0448
7207.031,-0.0344
7208.496,-0.0697
7209.961,-0.1014
7211.426,-0.0920
7212.891,-0.0619
7214.355,-0.0737
7215.820,-0.0469
7217.285,-0.0875
7218.750,-0.1101
7220.215,-0.0440
7221.680,-0.0303
7223.145,-0.0727
7224.609,-0.0682
7226.074,-0.1027
7227.539,-0.0503
7229.004,-0.0280
7230.469,-0.0931
7231.934,-0.0679
7233.398,-0.0493
7234.863,-0.0388
7236.328,-0.0705
7237.793,-0.0929
7239.258,-0.0559
7240.723,-0.0369
7242.188,-0.0658
7243.652,-0.0510
7245.117,-0.0695
7246.582,-0.0962
7248.047,-0.0986
7249.512,-0.0896
7250.977,-0.1156
7252.441,-0.0941
7253.906,-0.0875
7255.371,-0.0993
7256.836,-0.0864
7258.301,-0.0976
7259.766,-0.0689
7261.230,-0.0875
7262.695,-0.0725
7264.160,-0.0335
7265.625,-0.0618
7267.090,-0.0829
7268.555,-0.0833
7270.020,-0.0795
7271.484,-0.0274
7272.949,-0.0444
7274.414,-0.0883
7275.879,-0.0884
7277.344,-0.0561
7278.809,-0.0837
7280.273,-0.1066
7281.738,-0.0842
7283.203,-0.0975
7284.668,-0.0608
7286.133,-0.0530
7287.598,-0.0732
7289.062,-0.0599
7290.527,-0.0818
7291.992,-0.0910
7293.457,-0.0889
7294.922,-0.1060
7296.387,-0.0925
7297.852,-0.0714
7299.316,-0.0676
7300.781,-0.0814
7302.246,-0.0832
7303.711,-0.0840
7305.176,-0.0697
7306.641,-0.0518
7308.105,-0.0601
7309.570,-0.0703
7311.035,-0.0538
7312.500,-0.0589
7313.965,-0.0461
7315.430,-0.0330
7316.895,-0.0781
7318.359,-0.1028
7319.824,-0.0869
7321.289,-0.0697
7322.754,-0.0868
7324.219,-0.1104
7325.684,-0.0878
7327.148,-0.0625
7328.613,-0.0664
7330.078,-0.0959
7331.543,-0.1080
7333.008,-0.0879
7334.473,-0.0691
7335.938,-0.0588
7337.402,-0.0493
7338.867,-0.0604
7340.332,-0.0767
7341.797,-0.0787
7343.262,-0.0867
7344.727,-0.0928
7346.191,-0.0803
7347.656,-0.0860
7349.121,-0.1096
7350.586,-0.0915
7352.051,-0.0681
7353.516,-0.0671
7354.980,-0.0672
7356.445,-0.0776
7357.910,-0.0931
7359.375,-0.0824
7360.840,-0.0709
7362.305,-0.0767
7363.770,-0.0746
7365.234,-0.0779
7366.699,-0.0893
7368.164,-0.1035
7369.629,-0.0977
7371.094,-0.0658
7372.559,-0.0542
7374.023,-0.0626
7375.488,-0.0797
7376.953,-0.0830
7378.418,-0.0645
7379.883,-0.0653
7381.348,-0.0951
7382.812,-0.1133
7384.277,-0.0904
7385.742,-0.0769
7387.207,-0.1007
7388.672,-0.0940
7390.137,-0.0725
7391.602,-0.0803
7393.066,-0.0725
7394.531,-0.0675
7395.996,-0.0760
7397.461,-0.0800
7398.926,-0.0899
7400.391,-0.0892
7401.855,-0.0809
7403.320,-0.0759
7404.785,-0.0601
7406.250,-0.0589
7407.715,-0.0885
7409.180,-0.1188
7410.645,-0.0987
7412.109,-0.0592
7413.574,-0.0750
7415.039,-0.1039
7416.504,-0.1179
7417.969,-0.1236
7419.434,-0.1019
7420.898,-0.0864
7422.363,-0.0935
7423.828,-0.0980
7425.293,-0.0941
7426.758,-0.0796
7428.223,-0.0579
7429.688,-0.0235
7431.152,-0.0219
7432.617,-0.0731
7434.082,-0.0904
7435.547,-0.0817
7437.012,-0.0774
7438.477,-0.0743
7439.941,-0.0935
7441.406,-0.1129
7442.871,-0.1250
7444.336,-0.0849
7445.801,-0.0310
7447.266,-0.0467
7448.730,-0.0599
7450.195,-0.0866
7451.660,-0.1317
7453.125,-0.1106
7454.590,-0.0567
7456.055,-0.0486
7457.520,-0.0662
7458.984,-0.0731
7460.449,-0.0712
7461.914,-0.0309
7463.379,-0.0356
7464.844,-0.0892
7466.309,-0.1113
7467.773,-0.1054
7469.238,-0.1011
7470.703,-0.1115
7472.168,-0.1027
7473.633,-0.0977
7475.098,-0.0803
7476.562,-0.0422
7478.027,-0.0507
7479.492,-0.0653
7480.957,-0.0531
7482.422,-0.0586
7483.887,-0.0614
7485.352,-0.0633
7486.816,-0.0813
7488.281,-0.0692
7489.746,-0.0804
7491.211,-0.1108
7492.676,-0.0894
7494.141,-0.0298
7495.605,-0.0335
7497.070,-0.0584
7498.535,-0.0506
7500.000,-0.0888
7501.465,-0.1065
7502.930,-0.1058
7504.395,-0.0961
7505.859,-0.0803
7507.324,-0.0777
7508.789,-0.0872
7510.254,-0.0919
7511.719,-0.0855
7513.184,-0.0680
7514.648,-0.0726
7516.113,-0.1055
7517.578,-0.0884
7519.043,-0.0625
7520.508,-0.0776
7521.973,-0.0853
7523.438,-0.0624
7524.902,-0.0410
7526.367,-0.0356
7527.832,-0.0514
7529.297,-0.0679
7530.762,-0.0818
7532.227,-0.0714
7533.691,-0.0789
7535.156,-0.0702
7536.621,-0.0408
7538.086,-0.1037
7539.551,-0.0823
7541.016,-0.0613
7542.480,-0.0634
7543.945,-0.0550
7545.410,-0.1003
7546.875,-0.0603
7548.340,-0.0451
7549.805,-0.0880
7551.270,-0.1191
7552.734,-0.1042
7554.199,-0.0590
7555.664,-0.0852
7557.129,-0.0905
7558.594,-0.0421
7560.059,-0.0636
7561.523,-0.0769
7562.988,-0.0449
7564.453,-0.0575
7565.918,-0.1174
7567.383,-0.1229
7568.848,-0.0945
7570.312,-0.0158
7571.777,-0.0470
7573.242,-0.1150
7574.707,-0.0680
7576.172,-0.0765
7577.637,-0.0904
7579.102,-0.0543
7580.566,-0.0872
7582.031,-0.0631
7583.496,-0.1171
7584.961,-0.1146
7586.426,-0.0667
7587.891,-0.0732
7589.355,-0.1146
7590.820,-0.0966
7592.285,-0.0897
7593.750,-0.0503
7595.215,-0.0194
7596.680,-0.0676
7598.145,-0.1413
7599.609,-0.1002
7601.074,-0.0950
7602.539,-0.0675
7604.004,-0.0820
7605.469,0.0043
7606.934,-0.0203
7608.398,-0.0568
7609.863,-0.1250
7611.328,-0.1025
7612.793,-0.0953
7614.258,-0.1111
7615.723,-0.1214
7617.188,-0.0747
7618.652,-0.0672
7620.117,-0.0793
7621.582,-0.0677
7623.047,-0.0710
7624.512,-0.0270
7625.977,-0.0329
7627.441,-0.0717
7628.906,-0.0745
7630.371,-0.1157
7631.836,-0.1239
7633.301,-0.0763
7634.766,-0.0748
7636.230,-0.0948
7637.695,-0.0277
7639.160,-0.0426
7640.625,-0.0817
7642.090,-0.1050
7643.555,-0.1367
7645.020,-0.0154
7646.484,-0.0349
7647.949,-0.0165
7649.414,-0.0579
7650.879,-0.0272
7652.344,-0.0902
7653.809,-0.0994
7655.273,-0.0534
7656.738,-0.0803
7658.203,-0.0705
7659.668,-0.1360
7661.133,-0.0938
7662.598,-0.0560
7664.062,-0.0715
7665.527,-0.0447
7666.992,-0.0809
7668.457,-0.0639
7669.922,-0.0974
7671.387,-0.0540
7672.852,-0.0889
7674.316,-0.1006
7675.781,-0.0818
7677.246,-0.0373
7678.711,-0.1365
7680.176,-0.0330
7681.641,-0.0361
7683.105,-0.0849
7684.570,-0.0581
7686.035,-0.0923
7687.500,-0.0320
7688.965,-0.0502
7690.430,-0.1233
7691.895,-0.0502
7693.359,-0.0822
7694.824,-0.0535
7696.289,-0.0596
7697.754,-0.0191
7699.219,-0.0364
7700.684,-0.1171
7702.148,-0.0772
7703.613,-0.0525
7705.078,-0.0935
7706.543,-0.1073
7708.008,-0.0241
7709.473,-0.1300
7710.938,-0.1083
7712.402,-0.0546
7713.867,-0.0838
7715.332,-0.0995
7716.797,-0.1018
7718.262,-0.0794
7719.727,-0.0708
7721.191,-0.0884
7722.656,-0.0838
7724.121,-0.0663
7725.586,-0.0896
7727.051,-0.0618
7728.516,-0.1346
7729.980,-0.0439
7731.445,-0.0556
7732.910,-0.0644
7734.375,-0.0662
7735.840,-0.0355
7737.305,-0.0530
7738.770,-0.1194
7740.234,-0.0249
7741.699,-0.0636
7743.164,-0.0781
7744.629,-0.1019
7746.094,-0.1092
7747.559,-0.1106
7749.023,-0.0480
7750.488,-0.0941
7751.953,-0.0733
7753.418,-0.0884
7754.883,-0.0932
7756.348,-0.1098
7757.812,-0.0290
7759.277,-0.0750
7760.742,-0.0431
7762.207,-0.0962
7763.672,-0.0465
7765.137,-0.0470
7766.602,-0.1097
7768.066,-0.0701
7769.531,-0.0795
7770.996,-0.0829
7772.461,-0.0885
7773.926,-0.0879
7775.391,-0.0857
7776.855,-0.0971
7778.320,-0.0571
7779.785,-0.0761
7781.250,-0.0543
7782.715,-0.0598
7784.180,-0.0682
7785.645,-0.0702
7787.109,-0.0576
7788.574,-0.0387
7790.039,-0.0847
7791.504,-0.1005
7792.969,-0.0741
7794.434,-0.0681
7795.898,-0.1181
7797.363,-0.0935
7798.828,-0.0407
7800.293,-0.0416
7801.758,-0.0814
7803.223,-0.1212
7804.688,-0.1211
7806.152,-0.0886
7807.617,-0.0433
7809.082,-0.0140
7810.547,-0.0480
7812.012,-0.0691
7813.477,-0.0869
7814.941,-0.1196
7816.406,-0.1039
7817.871,-0.1119
7819.336,-0.0989
7820.801,-0.0807
7822.266,-0.1212
7823.730,-0.1099
7825.195,-0.0706
7826.660,-0.0732
7828.125,-0.0875
7829.590,-0.0872
7831.055,-0.1067
7832.520,-0.0897
7833.984,-0.0394
7835.449,-0.1098
7836.914,-0.0777
7838.379,-0.0588
7839.844,-0.0957
7841.309,-0.0770
7842.773,-0.0609
7844.238,-0.0254
7845.703,-0.0577
7847.168,-0.0676
7848.633,-0.0840
7850.098,-0.0515
7851.562,-0.0737
7853.027,-0.0890
7854.492,-0.0887
7855.957,-0.0970
7857.422,-0.0976
7858.887,-0.0821
7860.352,-0.0493
7861.816,-0.0638
7863.281,-0.0699
7864.746,-0.0749
7866.211,-0.0628
7867.676,-0.0742
7869.141,-0.0763
7870.605,-0.0517
7872.070,-0.0469
7873.535,-0.0606
7875.000,-0.0860
7876.465,-0.0859
7877.930,-0.0589
7879.395,-0.0631
7880.859,-0.0548
7882.324,-0.0335
7883.789,-0.0615
7885.254,-0.0871
7886.719,-0.0803
7888.184,-0.0457
7889.648,-0.0160
7891.113,-0.0388
7892.578,-0.0652
7894.043,-0.0869
7895.508,-0.0858
7896.973,-0.0906
7898.438,-0.0815
7899.902,-0.0883
7901.367,-0.0913
7902.832,-0.0671
7904.297,-0.0596
7905.762,-0.0571
7907.227,-0.0954
7908.691,-0.1015
7910.156,-0.0656
7911.621,-0.0305
7913.086,-0.0276
7914.551,-0.0360
7916.016,-0.0583
7917.480,-0.0702
7918.945,-0.0664
7920.410,-0.0648
7921.875,-0.0774
7923.340,-0.1040
7924.805,-0.0995
7926.270,-0.0686
7927.734,-0.0586
7929.199,-0.0525
7930.664,-0.0510
7932.129,-0.0850
7933.594,-0.1015
7935.059,-0.0852
7936.523,-0.0911
7937.988,-0.0956
7939.453,-0.0662
7940.918,-0.0530
7942.383,-0.0627
7943.848,-0.0779
7945.312,-0.0878
7946.777,-0.0860
7948.242,-0.0495
7949.707,-0.0572
7951.172,-0.0840
7952.637,-0.0791
7954.102,-0.0553
7955.566,-0.0591
7957.031,-0.0811
7958.496,-0.0806
7959.961,-0.0758
7961.426,-0.0573
7962.891,-0.0478
7964.355,-0.0735
7965.820,-0.0983
7967.285,-0.0971
7968.750,-0.0880
7970.215,-0.0799
7971.680,-0.0935
7973.145,-0.1118
7974.609,-0.1021
7976.074,-0.0843
7977.539,-0.0597
7979.004,-0.0458
7980.469,-0.0450
7981.934,-0.0485
7983.398,-0.0548
7984.863,-0.0740
7986.328,-0.0705
7987.793,-0.0580
7989.258,-0.0796
7990.723,-0.0781
7992.188,-0.0428
7993.652,-0.0479
7995.117,-0.0707
7996.582,-0.0665
7998.047,-0.0617
7999.512,-0.0675
8000.977,-0.0674
8002.441,-0.0726
8003.906,-0.0783
8005.371,-0.0539
8006.836,-0.0404
8008.301,-0.0550
8009.766,-0.0648
8011.230,-0.0657
8012.695,-0.0436
8014.160,-0.0403
8015.625,-0.0710
8017.090,-0.0666
8018.555,-0.0533
8020.020,-0.0686
8021.484,-0.0866
8022.949,-0.0992
8024.414,-0.0907
8025.879,-0.0738
8027.344,-0.0730
8028.809,-0.0588
8030.273,-0.0498
8031.738,-0.0646
8033.203,-0.0809
8034.668,-0.0934
8036.133,-0.0889
8037.598,-0.0809
8039.062,-0.0912
8040.527,-0.0811
8041.992,-0.0678
8043.457,-0.0935
8044.922,-0.1020
8046.387,-0.0623
8047.852,-0.0567
8049.316,-0.1172
8050.781,-0.1349
8052.246,-0.1005
8053.711,-0.0874
8055.176,-0.0956
8056.641,-0.0938
8058.105,-0.0836
8059.570,-0.0715
8061.035,-0.0621
8062.500,-0.0540
8063.965,-0.0313
8065.430,-0.0161
8066.895,-0.0349
8068.359,-0.0530
8069.824,-0.0503
8071.289,-0.0526
8072.754,-0.0524
8074.219,-0.0678
8075.684,-0.0814
8077.148,-0.0707
8078.613,-0.0690
8080.078,-0.0704
8081.543,-0.0653
8083.008,-0.0525
8084.473,-0.0460
8085.938,-0.0530
8087.402,-0.0749
8088.867,-0.1027
8090.332,-0.0905
8091.797,-0.0643
8093.262,-0.0529
8094.727,-0.0648
8096.191,-0.0735
8097.656,-0.0676
8099.121,-0.0637
8100.586,-0.0901
8102.051,-0.0776
8103.516,-0.0479
8104.980,-0.0558
8106.445,-0.0711
8107.910,-0.0783
8109.375,-0.0868
8110.840,-0.0681
8112.305,-0.0894
8113.770,-0.0840
8115.234,-0.0560
8116.699,-0.0531
8118.164,-0.0842
8119.629,-0.0995
8121.094,-0.0825
8122.559,-0.0285
8124.023,-0.0175
8125.488,-0.0187
8126.953,-0.0059
8128.418,-0.0236
8129.883,-0.0538
8131.348,-0.0854
8132.812,-0.0766
8134.277,-0.0430
8135.742,-0.0191
8137.207,-0.0605
8138.672,-0.1074
8140.137,-0.1172
8141.602,-0.1122
8143.066,-0.0941
8144.531,-0.1165
8145.996,-0.0756
8147.461,-0.0328
8148.926,-0.0496
8150.391,-0.0615
8151.855,-0.0521
8153.320,-0.0425
8154.785,-0.0609
8156.250,-0.0899
8157.715,-0.0890
8159.180,-0.0812
8160.645,-0.0724
8162.109,-0.0546
8163.574,-0.0565
8165.039,-0.0899
8166.504,-0.1036
8167.969,-0.0944
8169.434,-0.0570
8170.898,-0.0681
8172.363,-0.0849
8173.828,-0.0936
8175.293,-0.0704
8176.758,-0.0949
8178.223,-0.0457
8179.688,-0.0549
8181.152,-0.0831
8182.617,-0.0454
8184.082,-0.0246
8185.547,-0.0690
8187.012,-0.0592
8188.477,-0.0528
8189.941,-0.0539
8191.406,-0.0345
8192.871,-0.0264
8194.336,-0.0480
8195.801,-0.0563
8197.266,-0.0585
8198.730,-0.0710
8200.195,-0.0946
8201.660,-0.0773
8203.125,-0.0534
8204.590,-0.0710
8206.055,-0.1121
8207.520,-0.1138
8208.984,-0.1074
8210.449,-0.0953
8211.914,-0.0609
8213.379,-0.0261
8214.844,-0.0718
8216.309,-0.0720
8217.773,-0.0977
8219.238,-0.0392
8220.703,-0.0515
8222.168,-0.0747
8223.633,-0.1311
8225.098,-0.0524
8226.562,-0.0145
8228.027,-0.0936
8229.492,-0.0851
8230.957,-0.0331
8232.422,-0.0353
8233.887,-0.0530
8235.352,-0.0523
8236.816,-0.0866
8238.281,-0.0818
8239.746,-0.0998
8241.211,-0.1156
8242.676,-0.1080
8244.141,-0.0500
8245.605,-0.0431
8247.070,-0.0801
8248.535,-0.0342
8250.000,-0.0286
8251.465,-0.1013
8252.930,-0.1095
8254.395,-0.0789
8255.859,-0.1042
8257.324,-0.0598
8258.789,-0.1122
8260.254,-0.1109
8261.719,-0.0471
8263.184,-0.0653
8264.648,-0.1002
8266.113,-0.0779
8267.578,-0.0288
8269.043,-0.0934
8270.508,-0.1036
8271.973,-0.0818
8273.438,-0.0256
8274.902,-0.0332
8276.367,-0.0181
8277.832,-0.0535
8279.297,-0.1181
8280.762,-0.0360
8282.227,-0.0702
8283.691,-0.0887
8285.156,-0.0516
8286.621,-0.1247
8288.086,-0.1157
8289.551,-0.0570
8291.016,-0.0428
8292.480,-0.0932
8293.945,-0.0136
8295.410,-0.0608
8296.875,-0.0953
8298.340,-0.0457
8299.805,-0.0935
8301.270,-0.0875
8302.734,-0.0375
8304.199,-0.0990
8305.664,-0.0653
8307.129,-0.0531
8308.594,-0.0466
8310.059,-0.0475
8311.523,-0.0522
8312.988,-0.1188
8314.453,-0.0234
8315.918,-0.0787
8317.383,-0.0066
8318.848,-0.0758
8320.312,-0.0878
8321.777,-0.0851
8323.242,-0.0965
8324.707,-0.0687
8326.172,-0.0902
8327.637,-0.1038
8329.102,-0.0569
8330.566,-0.0465
8332.031,-0.0720
8333.496,-0.0455
8334.961,-0.0466
8336.426,-0.0840
8337.891,-0.0122
8339.355,-0.0617
8340.820,-0.0753
8342.285,-0.0782
8343.750,-0.0634
8345.215,-0.1101
8346.680,-0.0535
8348.145,-0.0173
8349.609,-0.1064
8351.074,-0.1074
8352.539,-0.0941
8354.004,-0.0849
8355.469,-0.0222
8356.934,-0.0610
8358.398,-0.0365
8359.863,-0.1151
8361.328,-0.0836
8362.793,-0.0782
8364.258,-0.1011
8365.723,-0.0697
8367.188,-0.0705
8368.652,-0.1055
8370.117,-0.0824
8371.582,-0.0603
8373.047,-0.0710
8374.512,-0.0743
8375.977,-0.0749
8377.441,-0.0843
8378.906,-0.1010
8380.371,-0.0980
8381.836,-0.0990
8383.301,-0.1378
8384.766,-0.0850
8386.230,-0.0794
8387.695,-0.0389
8389.160,-0.0762
8390.625,-0.1496
8392.090,-0.1606
8393.555,-0.1049
8395.020,-0.0680
8396.484,-0.0487
8397.949,-0.0298
8399.414,-0.0819
8400.879,-0.0846
8402.344,-0.0683
8403.809,-0.0418
8405.273,-0.0804
8406.738,-0.1287
8408.203,-0.1045
8409.668,-0.0679
8411.133,-0.0961
8412.598,-0.0810
8414.062,-0.0138
8415.527,-0.0380
8416.992,-0.0616
8418.457,-0.0346
8419.922,-0.0712
8421.387,-0.0721
8422.852,-0.0958
8424.316,-0.1665
8425.781,-0.0521
8427.246,-0.0351
8428.711,-0.0748
8430.176,-0.1124
8431.641,-0.0852
8433.105,-0.0978
8434.570,-0.0798
8436.035,-0.0389
8437.500,-0.0607
8438.965,-0.0639
8440.430,-0.0417
8441.895,-0.0430
8443.359,-0.1118
8444.824,-0.0905
8446.289,-0.0734
8447.754,-0.0937
8449.219,-0.0743
8450.684,-0.0829
8452.148,-0.0722
8453.613,-0.1199
8455.078,-0.0764
8456.543,-0.0837
8458.008,-0.0949
8459.473,-0.0850
8460.938,-0.0915
8462.402,-0.0249
8463.867,-0.0367
8465.332,-0.1134
8466.797,-0.0940
8468.262,-0.0835
8469.727,-0.1082
8471.191,-0.1024
8472.656,-0.0671
8474.121,-0.0683
8475.586,-0.0697
8477.051,-0.0959
8478.516,-0.0661
8479.980,-0.0711
8481.445,-0.0575
8482.910,-0.0818
8484.375,-0.0922
8485.840,-0.0902
8487.305,-0.0496
8488.770,-0.0315
8490.234,-0.0649
8491.699,-0.0783
8493.164,-0.0890
8494.629,-0.1442
8496.094,-0.0818
8497.559,-0.0743
8499.023,-0.0818
8500.488,-0.0775
8501.953,-0.0706
8503.418,-0.0907
8504.883,-0.0651
8506.348,-0.0555
8507.812,-0.0511
8509.277,-0.0224
8510.742,-0.0319
8512.207,-0.0519
8513.672,-0.0898
8515.137,-0.0699
8516.602,-0.0680
8518.066,-0.0871
8519.531,-0.0575
8520.996,-0.0601
8522.461,-0.0763
8523.926,-0.0769
8525.391,-0.0990
8526.855,-0.0801
8528.320,-0.0697
8529.785,-0.0700
8531.250,-0.0935
8532.715,-0.1221
8534.180,-0.0836
8535.645,-0.0771
8537.109,-0.0360
8538.574,-0.0309
8540.039,-0.0605
8541.504,-0.0741
8542.969,-0.0695
8544.434,-0.0558
8545.898,-0.0831
8547.363,-0.0672
8548.828,-0.0577
8550.293,-0.0920
8551.758,-0.1223
8553.223,-0.0978
8554.688,-0.0688
8556.152,-0.0567
8557.617,-0.0666
8559.082,-0.0949
8560.547,-0.0952
8562.012,-0.0799
8563.477,-0.0594
8564.941,-0.0377
8566.406,-0.0538
8567.871,-0.0628
8569.336,-0.0748
8570.801,-0.0722
8572.266,-0.0680
8573.730,-0.1019
8575.195,-0.0922
8576.660,-0.0772
8578.125,-0.0675
8579.590,-0.0408
8581.055,-0.0690
8582.520,-0.0944
8583.984,-0.0823
8585.449,-0.0705
8586.914,-0.0578
8588.379,-0.0754
8589.844,-0.0693
8591.309,-0.0904
8592.773,-0.0853
8594.238,-0.0664
8595.703,-0.0839
8597.168,-0.1032
8598.633,-0.0835
8600.098,-0.0721
8601.562,-0.1064
8603.027,-0.1155
8604.492,-0.0873
8605.957,-0.0739
8607.422,-0.0891
8608.887,-0.0789
8610.352,-0.0675
8611.816,-0.1023
8613.281,-0.1168
8614.746,-0.0852
8616.211,-0.0567
8617.676,-0.0729
8619.141,-0.0895
8620.605,-0.0926
8622.070,-0.0991
8623.535,-0.0925
8625.000,-0.0793
8626.465,-0.0689
8627.930,-0.0754
8629.395,-0.0794
8630.859,-0.0934
8632.324,-0.0877
8633.789,-0.0647
8635.254,-0.0707
8636.719,-0.0677
8638.184,-0.0569
8639.648,-0.0647
8641.113,-0.0838
8642.578,-0.0846
8644.043,-0.0581
8645.508,-0.0486
8646.973,-0.0712
8648.438,-0.0936
8649.902,-0.0952
8651.367,-0.0888
8652.832,-0.0876
8654.297,-0.0814
8655.762,-0.0982
8657.227,-0.1312
8658.691,-0.1150
8660.156,-0.0636
8661.621,-0.0556
8663.086,-0.0690
8664.551,-0.0749
8666.016,-0.0737
8667.480,-0.0665
8668.945,-0.0786
8670.410,-0.0664
8671.875,-0.0480
8673.340,-0.0730
8674.805,-0.0661
8676.270,-0.0211
8677.734,-0.0246
8679.199,-0.0479
8680.664,-0.0473
8682.129,-0.0412
8683.594,-0.0518
8685.059,-0.0780
8686.523,-0.0819
8687.988,-0.0615
8689.453,-0.0634
8690.918,-0.0796
8692.383,-0.0716
8693.848,-0.0701
8695.312,-0.0730
8696.777,-0.0520
8698.242,-0.0349
8699.707,-0.0504
8701.172,-0.0835
8702.637,-0.1082
8704.102,-0.1142
8705.566,-0.0890
8707.031,-0.0805
8708.496,-0.0965
8709.961,-0.0963
8711.426,-0.0768
8712.891,-0.0425
8714.355,-0.0405
8715.820,-0.0801
8717.285,-0.1057
8718.750,-0.0976
8720.215,-0.0912
8721.680,-0.0877
8723.145,-0.0841
8724.609,-0.0694
8726.074,-0.0522
8727.539,-0.0466
8729.004,-0.0514
8730.469,-0.0922
8731.934,-0.1082
8733.398,-0.0922
8734.863,-0.0906
8736.328,-0.0616
8737.793,-0.0326
8739.258,-0.0394
8740.723,-0.0446
8742.188,-0.0569
8743.652,-0.0757
8745.117,-0.0675
8746.582,-0.0478
8748.047,-0.0404
8749.512,-0.0535
8750.977,-0.0518
8752.441,-0.0589
8753.906,-0.0852
8755.371,-0.0646
8756.836,-0.0571
8758.301,-0.0851
8759.766,-0.0901
8761.230,-0.0781
8762.695,-0.0746
8764.160,-0.0753
8765.625,-0.0982
8767.090,-0.0945
8768.555,-0.0692
8770.020,-0.0493
8771.484,-0.0429
8772.949,-0.0398
8774.414,-0.0543
8775.879,-0.0850
8777.344,-0.0784
8778.809,-0.0830
8780.273,-0.0948
8781.738,-0.0786
8783.203,-0.0748
8784.668,-0.0922
8786.133,-0.0964
8787.598,-0.0875
8789.062,-0.0841
8790.527,-0.0653
8791.992,-0.0827
8793.457,-0.1002
8794.922,-0.0750
8796.387,-0.0384
8797.852,-0.0365
8799.316,-0.0427
8800.781,-0.0361
8802.246,-0.0353
8803.711,-0.0716
8805.176,-0.0913
8806.641,-0.0716
8808.105,-0.0598
8809.570,-0.1007
8811.035,-0.1220
8812.500,-0.1103
8813.965,-0.1212
8815.430,-0.1351
8816.895,-0.1038
8818.359,-0.0909
8819.824,-0.0794
8821.289,-0.0926
8822.754,-0.0930
8824.219,-0.0978
8825.684,-0.0838
8827.148,-0.0829
8828.613,-0.0694
8830.078,-0.0422
8831.543,-0.0192
8833.008,-0.0345
8834.473,-0.0324
8835.938,-0.0505
8837.402,-0.0624
8838.867,-0.0722
8840.332,-0.0856
8841.797,-0.0207
8843.262,-0.0438
8844.727,-0.1079
8846.191,-0.0813
8847.656,-0.0842
8849.121,-0.1015
8850.586,-0.0907
8852.051,-0.0861
8853.516,-0.0744
8854.980,-0.0486
8856.445,-0.0798
8857.910,-0.0832
8859.375,-0.0470
8860.840,-0.0916
8862.305,-0.1182
8863.770,-0.1018
8865.234,-0.0892
8866.699,-0.0644
8868.164,-0.1039
8869.629,-0.1149
8871.094,-0.0795
8872.559,-0.1207
8874.023,-0.0842
8875.488,-0.1023
8876.953,-0.1627
8878.418,-0.1171
8879.883,-0.0652
8881.348,-0.0733
8882.812,-0.1086
8884.277,-0.1022
8885.742,-0.1180
8887.207,-0.1273
8888.672,-0.1180
8890.137,-0.1015
8891.602,-0.0947
8893.066,-0.0715
8894.531,-0.0443
8895.996,-0.1011
8897.461,-0.1135
8898.926,-0.0746
8900.391,-0.0830
8901.855,-0.1150
8903.320,-0.1047
8904.785,-0.0668
8906.250,-0.0725
8907.715,-0.0761
8909.180,-0.0859
8910.645,-0.0838
8912.109,-0.1073
8913.574,-0.1294
8915.039,-0.0960
8916.504,-0.0706
8917.969,-0.0504
8919.434,-0.0515
8920.898,-0.0654
8922.363,-0.0275
8923.828,-0.0612
8925.293,-0.0536
8926.758,-0.0542
8928.223,-0.1115
8929.688,-0.1700
8931.152,-0.1196
8932.617,-0.0268
8934.082,-0.0249
8935.547,-0.0413
8937.012,-0.1010
8938.477,-0.0884
8939.941,-0.0999
8941.406,-0.0258
8942.871,-0.0616
8944.336,-0.0775
8945.801,-0.1248
8947.266,-0.1037
8948.730,-0.0683
8950.195,-0.0717
8951.660,-0.0798
8953.125,-0.1299
8954.590,-0.1091
8956.055,-0.0757
8957.520,-0.0505
8958.984,-0.0562
8960.449,-0.0973
8961.914,-0.0475
8963.379,-0.0657
8964.844,-0.0721
8966.309,-0.0345
8967.773,-0.0740
8969.238,-0.0827
8970.703,-0.0951
8972.168,-0.0904
8973.633,-0.1254
8975.098,-0.0972
8976.562,-0.1115
8978.027,-0.0635
8979.492,-0.0608
8980.957,0.0044
8982.422,-0.0542
8983.887,-0.1147
8985.352,-0.0707
8986.816,-0.0903
8988.281,-0.1164
8989.746,-0.0051
8991.211,-0.0271
8992.676,-0.0520
8994.141,-0.0536
8995.605,-0.0697
8997.070,-0.0836
8998.535,-0.0552
9000.000,-0.0791
9001.465,-0.0515
9002.930,-0.1159
9004.395,-0.0717
9005.859,-0.0467
9007.324,-0.0657
9008.789,-0.0377
9010.254,-0.0634
9011.719,-0.1241
9013.184,-0.0954
9014.648,0.0121
9016.113,-0.0606
9017.578,-0.1121
9019.043,-0.0702
9020.508,-0.0521
9021.973,-0.1183
9023.438,-0.0291
9024.902,-0.0671
9026.367,-0.0876
9027.832,-0.0855
9029.297,-0.0930
9030.762,-0.1285
9032.227,-0.0978
9033.691,-0.0387
9035.156,-0.1407
9036.621,-0.0950
9038.086,-0.0552
9039.551,-0.0741
9041.016,-0.0592
9042.480,-0.0620
9043.945,-0.1315
9045.410,-0.0729
9046.875,-0.1110
9048.340,-0.0855
9049.805,-0.0726
9051.270,-0.0194
9052.734,-0.0605
9054.199,-0.0832
9055.664,-0.0560
9057.129,-0.0961
9058.594,-0.0996
9060.059,-0.0493
9061.523,-0.0175
9062.988,-0.0620
9064.453,-0.0653
9065.918,-0.0849
9067.383,-0.0663
9068.848,-0.1245
9070.312,-0.0775
9071.777,-0.1030
9073.242,-0.1138
9074.707,-0.0961
9076.172,-0.0151
9077.637,-0.0544
9079.102,-0.0780
9080.566,-0.0714
9082.031,-0.0797
9083.496,-0.1008
9084.961,-0.0728
9086.426,-0.0380
9087.891,-0.1159
9089.355,-0.0940
9090.820,-0.0586
9092.285,-0.0644
9093.750,-0.1099
9095.215,-0.0644
9096.680,-0.0796
9098.145,-0.1288
9099.609,-0.1069
9101.074,-0.0836
9102.539,-0.0697
9104.004,-0.1101
9105.469,-0.0852
9106.934,-0.1019
9108.398,-0.1156
9109.863,-0.0949
9111.328,-0.1104
9112.793,-0.0421
9114.258,-0.1098
9115.723,-0.1533
9117.188,-0.1374
9118.652,-0.0423
9120.117,-0.0989
9121.582,-0.0752
9123.047,-0.0662
9124.512,-0.0936
9125.977,-0.1258
9127.441,-0.0231
9128.906,-0.0960
9130.371,-0.1123
9131.836,-0.1016
9133.301,-0.1847
9134.766,-0.0868
9136.230,-0.0539
9137.695,-0.0993
9139.160,-0.0875
9140.625,-0.0998
9142.090,-0.0906
9143.555,-0.0940
9145.020,-0.0668
9146.484,-0.0906
9147.949,-0.1089
9149.414,-0.1137
9150.879,-0.0993
9152.344,0.0062
9153.809,-0.1183
9155.273,-0.1447
9156.738,-0.1069
9158.203,-0.1007
9159.668,-0.0547
9161.133,-0.0834
9162.598,-0.1453
9164.062,-0.1011
9165.527,-0.0936
9166.992,-0.0637
9168.457,-0.0575
9169.922,-0.0737
9171.387,-0.0812
9172.852,-0.0789
9174.316,-0.1014
9175.781,-0.0967
9177.246,-0.0549
9178.711,-0.0757
9180.176,-0.0791
9181.641,-0.0936
9183.105,-0.0727
9184.570,-0.0960
9186.035,-0.0955
9187.500,-0.0735
9188.965,-0.0441
9190.430,-0.0691
9191.895,-0.0543
9193.359,-0.0625
9194.824,-0.0885
9196.289,-0.0846
9197.754,-0.0438
9199.219,-0.0433
9200.684,-0.0572
9202.148,-0.0867
9203.613,-0.0715
9205.078,-0.0621
9206.543,-0.1070
9208.008,-0.0358
9209.473,0.0058
9210.938,-0.1082
9212.402,-0.0809
9213.867,-0.0316
9215.332,-0.0377
9216.797,-0.0761
9218.262,-0.0749
9219.727,-0.0785
9221.191,-0.1089
9222.656,-0.0634
9224.121,-0.0820
9225.586,-0.0511
9227.051,-0.0278
9228.516,-0.0971
9229.980,-0.1244
9231.445,-0.0859
9232.910,-0.0624
9234.375,-0.0405
9235.840,-0.0565
9237.305,-0.0932
9238.770,-0.0912
9240.234,-0.0406
9241.699,-0.0433
9243.164,-0.0554
9244.629,-0.0643
9246.094,-0.0951
9247.559,-0.1265
9249.023,-0.0848
9250.488,-0.0489
9251.953,-0.0692
9253.418,-0.0935
9254.883,-0.0937
9256.348,-0.1023
9257.812,-0.0763
9259.277,-0.1014
9260.742,-0.0905
9262.207,-0.0741
9263.672,-0.0480
9265.137,-0.0644
9266.602,-0.0385
9268.066,-0.0315
9269.531,-0.0647
9270.996,-0.0851
9272.461,-0.0695
9273.926,-0.0543
9275.391,-0.0805
9276.855,-0.0856
9278.320,-0.0767
9279.785,-0.0874
9281.250,-0.0915
9282.715,-0.0779
9284.180,-0.0628
9285.645,-0.0353
9287.109,-0.0641
9288.574,-0.1171
9290.039,-0.0946
9291.504,-0.0941
9292.969,-0.0886
9294.434,-0.0934
9295.898,-0.1324
9297.363,-0.1182
9298.828,-0.0906
9300.293,-0.0411
9301.758,-0.0614
9303.223,-0.0733
9304.688,-0.0758
9306.152,-0.0796
9307.617,-0.0403
9309.082,-0.0220
9310.547,-0.0611
9312.012,-0.0800
9313.477,-0.0818
9314.941,-0.0676
9316.406,-0.0376
9317.871,-0.0412
9319.336,-0.0976
9320.801,-0.0997
9322.266,-0.0626
9323.730,-0.0390
9325.195,-0.0514
9326.660,-0.0625
9328.125,-0.0601
9329.590,-0.0802
9331.055,-0.0768
9332.520,-0.0540
9333.984,-0.0638
9335.449,-0.1042
9336.914,-0.1038
9338.379,-0.0841
9339.844,-0.0752
9341.309,-0.0795
9342.773,-0.0716
9344.238,-0.0578
9345.703,-0.0746
9347.168,-0.0952
9348.633,-0.1029
9350.098,-0.1182
9351.562,-0.0965
9353.027,-0.0860
9354.492,-0.0606
9355.957,-0.0417
9357.422,-0.0603
9358.887,-0.0722
9360.352,-0.1057
9361.816,-0.1056
9363.281,-0.1036
9364.746,-0.0890
9366.211,-0.0668
9367.676,-0.0870
9369.141,-0.0963
9370.605,-0.0820
9372.070,-0.1024
9373.535,-0.1125
9375.000,-0.1009
9376.465,-0.1208
9377.930,-0.1182
9379.395,-0.0707
9380.859,-0.0552
9382.324,-0.0743
9383.789,-0.0802
9385.254,-0.0846
9386.719,-0.0932
9388.184,-0.0856
9389.648,-0.0666
9391.113,-0.0403
9392.578,-0.0507
9394.043,-0.0940
9395.508,-0.1146
9396.973,-0.0997
9398.438,-0.0810
9399.902,-0.0777
9401.367,-0.0846
9402.832,-0.0882
9404.297,-0.0929
9405.762,-0.0920
9407.227,-0.0774
9408.691,-0.0785
9410.156,-0.0922
9411.621,-0.0969
9413.086,-0.0896
9414.551,-0.0943
9416.016,-0.1043
9417.480,-0.1103
9418.945,-0.1241
9420.410,-0.1309
9421.875,-0.1101
9423.340,-0.0717
9424.805,-0.0688
9426.270,-0.0892
9427.734,-0.0818
9429.199,-0.0645
9430.664,-0.0678
9432.129,-0.0818
9433.594,-0.0792
9435.059,-0.0752
9436.523,-0.0762
9437.988,-0.0750
9439.453,-0.0753
9440.918,-0.0679
9442.383,-0.0723
9443.848,-0.0885
9445.312,-0.0863
9446.777,-0.0654
9448.242,-0.0570
9449.707,-0.0700
9451.172,-0.0713
9452.637,-0.0659
9454.102,-0.0858
9455.566,-0.0817
9457.031,-0.0488
9458.496,-0.0474
9459.961,-0.0564
9461.426,-0.0728
9462.891,-0.1083
9464.355,-0.1157
9465.820,-0.0854
9467.285,-0.0713
9468.750,-0.0733
9470.215,-0.0701
9471.680,-0.0439
9473.145,-0.0496
9474.609,-0.1137
9476.074,-0.1309
9477.539,-0.1084
9479.004,-0.0846
9480.469,-0.0651
9481.934,-0.0758
9483.398,-0.0580
9484.863,-0.0346
9486.328,-0.0544
9487.793,-0.0689
9489.258,-0.0572
9490.723,-0.0317
9492.188,-0.0514
9493.652,-0.0971
9495.117,-0.1091
9496.582,-0.1174
9498.047,-0.1069
9499.512,-0.0935
9500.977,-0.0754
9502.441,-0.0463
9503.906,-0.0300
9505.371,-0.0322
9506.836,-0.0360
9508.301,-0.0223
9509.766,-0.0695
9511.230,-0.1227
9512.695,-0.0958
9514.160,-0.0669
9515.625,-0.0641
9517.090,-0.0684
9518.555,-0.0574
9520.020,-0.0714
9521.484,-0.0833
9522.949,-0.0638
9524.414,-0.0658
9525.879,-0.0855
9527.344,-0.1036
9528.809,-0.0846
9530.273,-0.0602
9531.738,-0.0630
9533.203,-0.0728
9534.668,-0.0751
9536.133,-0.0635
9537.598,-0.0564
9539.062,-0.0562
9540.527,-0.0628
9541.992,-0.0774
9543.457,-0.0824
9544.922,-0.0540
9546.387,-0.0763
9547.852,-0.0972
9549.316,-0.0744
9550.781,-0.0556
9552.246,-0.0708
9553.711,-0.0777
9555.176,-0.0792
9556.641,-0.0838
9558.105,-0.0685
9559.570,-0.0340
9561.035,-0.0309
9562.500,-0.0722
9563.965,-0.0900
9565.430,-0.0912
9566.895,-0.1080
9568.359,-0.1135
9569.824,-0.1041
9571.289,-0.1042
9572.754,-0.0971
9574.219,-0.1046
9575.684,-0.0878
9577.148,-0.0726
9578.613,-0.0774
9580.078,-0.0569
9581.543,-0.0432
9583.008,-0.0342
9584.473,-0.0414
9585.938,-0.0329
9587.402,-0.0601
9588.867,-0.0812
9590.332,-0.0641
9591.797,-0.1003
9593.262,-0.1004
9594.727,-0.0922
9596.191,-0.1145
9597.656,-0.0897
9599.121,-0.0802
9600.586,-0.0630
9602.051,-0.0783
9603.516,-0.0979
9604.980,-0.0725
9606.445,-0.0624
9607.910,-0.0599
9609.375,-0.0648
9610.840,-0.0740
9612.305,-0.0757
9613.770,-0.0935
9615.234,-0.0574
9616.699,-0.0878
9618.164,-0.1169
9619.629,-0.0685
9621.094,-0.0864
9622.559,-0.1018
9624.023,-0.1104
9625.488,-0.1267
9626.953,-0.0880
9628.418,-0.0960
9629.883,-0.1595
9631.348,-0.1280
9632.812,-0.0850
9634.277,-0.0910
9635.742,-0.0804
9637.207,-0.0147
9638.672,-0.0335
9640.137,-0.0366
9641.602,-0.0228
9643.066,-0.0193
9644.531,-0.0545
9645.996,-0.0431
9647.461,-0.0413
9648.926,-0.0434
9650.391,-0.0689
9651.855,-0.0891
9653.320,-0.0705
9654.785,-0.0316
9656.250,-0.0440
9657.715,-0.0286
9659.180,-0.0423
9660.645,-0.0721
9662.109,-0.0621
9663.574,-0.0962
9665.039,-0.0873
9666.504,-0.0821
9667.969,-0.0190
9669.434,-0.0301
9670.898,-0.0609
9672.363,-0.0360
9673.828,-0.0810
9675.293,-0.0650
9676.758,-0.0711
9678.223,-0.0942
9679.688,-0.0736
9681.152,-0.0654
9682.617,-0.0607
9684.082,-0.0813
9685.547,-0.1335
9687.012,-0.0848
9688.477,-0.0985
9689.941,-0.0858
9691.406,-0.0991
9692.871,-0.0766
9694.336,-0.1006
9695.801,-0.1124
9697.266,-0.0444
9698.730,-0.0110
9700.195,-0.0313
9701.660,-0.0847
9703.125,-0.0861
9704.590,-0.0185
9706.055,-0.0611
9707.520,-0.1350
9708.984,-0.0879
9710.449,-0.1000
9711.914,-0.0742
9713.379,-0.0874
9714.844,-0.0290
9716.309,-0.0271
9717.773,-0.0675
9719.238,-0.0329
9720.703,-0.0836
9722.168,-0.0952
9723.633,-0.0716
9725.098,-0.0722
9726.562,-0.0638
9728.027,-0.0549
9729.492,-0.0736
9730.957,-0.1034
9732.422,-0.0395
9733.887,-0.0519
9735.352,-0.0601
9736.816,-0.0566
9738.281,-0.0523
9739.746,-0.0798
9741.211,-0.1274
9742.676,-0.0584
9744.141,-0.0249
9745.605,-0.1161
9747.070,-0.0769
9748.535,-0.0737
9750.000,-0.1048
9751.465,-0.1143
9752.930,-0.0958
9754.395,-0.1128
9755.859,-0.0867
9757.324,-0.0569
9758.789,-0.0462
9760.254,-0.0272
9761.719,-0.0050
9763.184,-0.0385
9764.648,-0.0812
9766.113,-0.0595
9767.578,-0.0984
9769.043,-0.0280
9770.508,-0.0779
9771.973,-0.0343
9773.438,-0.0904
9774.902,-0.1221
9776.367,-0.0964
9777.832,-0.0650
9779.297,-0.0532
9780.762,-0.0545
9782.227,-0.0915
9783.691,-0.0471
9785.156,-0.0077
9786.621,-0.0162
9788.086,-0.0659
9789.551,-0.0610
9791.016,-0.1110
9792.480,-0.0722
9793.945,-0.0914
9795.410,-0.0994
9796.875,-0.1057
9798.340,-0.0870
9799.805,-0.0429
9801.270,-0.0783
9802.734,0.0048
9804.199,-0.0070
9805.664,-0.0974
9807.129,-0.1286
9808.594,-0.0740
9810.059,-0.1241
9811.523,-0.0686
9812.988,-0.1265
9814.453,-0.1141
9815.918,-0.0727
9817.383,-0.1315
9818.848,-0.1118
9820.312,-0.0977
9821.777,-0.0363
9823.242,-0.0861
9824.707,-0.1185
9826.172,-0.0667
9827.637,-0.0519
9829.102,-0.0457
9830.566,-0.0808
9832.031,-0.0899
9833.496,-0.0881
9834.961,-0.0475
9836.426,-0.0519
9837.891,-0.0174
9839.355,-0.1341
9840.820,-0.1349
9842.285,-0.0613
9843.750,-0.0679
9845.215,-0.0996
9846.680,-0.0394
9848.145,-0.0241
9849.609,-0.0520
9851.074,-0.0942
9852.539,-0.0911
9854.004,-0.0907
9855.469,-0.1097
9856.934,-0.0798
9858.398,-0.1320
9859.863,-0.0662
9861.328,-0.1200
9862.793,-0.0463
9864.258,-0.0824
9865.723,-0.1031
9867.188,-0.1022
9868.652,-0.0875
9870.117,-0.0819
9871.582,-0.1065
9873.047,-0.0434
9874.512,-0.0365
9875.977,-0.0658
9877.441,-0.0377
9878.906,-0.0300
9880.371,-0.0759
9881.836,-0.0988
9883.301,-0.0409
9884.766,-0.0559
9886.230,-0.1092
9887.695,-0.1084
9889.160,-0.0552
9890.625,-0.0453
9892.090,-0.0496
9893.555,-0.0562
9895.020,-0.0543
9896.484,-0.0491
9897.949,-0.0877
9899.414,-0.0936
9900.879,-0.0653
9902.344,-0.0647
9903.809,-0.0600
9905.273,-0.0869
9906.738,-0.1278
9908.203,-0.1010
9909.668,-0.0284
9911.133,-0.1458
9912.598,-0.0962
9914.062,-0.0284
9915.527,-0.0257
9916.992,-0.0187
9918.457,-0.0589
9919.922,0.0090
9921.387,-0.0413
9922.852,-0.0448
9924.316,-0.0129
9925.781,-0.0058
9927.246,-0.0102
9928.711,-0.0546
9930.176,-0.0335
9931.641,-0.0419
9933.105,-0.0762
9934.570,-0.1244
9936.035,-0.0875
9937.500,-0.1027
9938.965,-0.0724
9940.430,-0.0924
9941.895,-0.1412
9943.359,-0.1101
9944.824,-0.1202
9946.289,-0.0679
9947.754,-0.0383
9949.219,-0.0763
9950.684,-0.0332
9952.148,-0.1244
9953.613,-0.1121
9955.078,-0.0934
9956.543,-0.1004
9958.008,-0.0657
9959.473,-0.0233
9960.938,-0.0533
9962.402,-0.0908
9963.867,-0.0875
9965.332,-0.0856
9966.797,-0.0633
9968.262,-0.0671
9969.727,-0.0815
9971.191,-0.0412
9972.656,-0.0341
9974.121,-0.0762
9975.586,-0.0844
9977.051,-0.0764
9978.516,-0.0471
9979.980,-0.0781
9981.445,-0.0482
9982.910,-0.0047
9984.375,-0.0368
9985.840,-0.0421
9987.305,-0.0116
9988.770,-0.0269
9990.234,-0.1079
9991.699,-0.1133
9993.164,-0.0851
9994.629,-0.0755
9996.094,-0.0499
9997.559,-0.0513
9999.023,-0.0715
10000.488,-0.1007
10001.953,-0.0861
10003.418,-0.0741
10004.883,-0.0261
10006.348,-0.0373
10007.812,-0.0791
10009.277,-0.1202
10010.742,-0.1225
10012.207,-0.0923
10013.672,-0.0883
10015.137,-0.1027
10016.602,-0.0473
10018.066,-0.0388
10019.531,-0.0439
10020.996,-0.0598
10022.461,-0.1251
10023.926,-0.0995
10025.391,-0.0604
10026.855,-0.0640
10028.320,-0.0997
10029.785,-0.0820
10031.250,-0.1042
10032.715,-0.1118
10034.180,-0.0982
10035.645,-0.0996
10037.109,-0.0804
10038.574,-0.1245
10040.039,-0.1162
10041.504,-0.1133
10042.969,-0.0491
10044.434,-0.0329
10045.898,-0.0752
10047.363,-0.1184
10048.828,-0.1088
10050.293,-0.0839
10051.758,-0.0922
10053.223,-0.0873
10054.688,-0.0955
10056.152,-0.1440
10057.617,-0.0822
10059.082,-0.0544
10060.547,-0.0910
10062.012,-0.1044
10063.477,-0.0597
10064.941,-0.0527
10066.406,-0.1041
10067.871,-0.1085
10069.336,-0.0809
10070.801,-0.0972
10072.266,-0.1030
10073.730,-0.0800
10075.195,-0.0937
10076.660,-0.0845
10078.125,-0.1014
10079.590,-0.1361
10081.055,-0.1145
10082.520,-0.0533
10083.984,-0.0365
10085.449,-0.0578
10086.914,-0.0483
10088.379,-0.0698
10089.844,-0.0603
10091.309,-0.0834
10092.773,-0.0701
10094.238,-0.0733
10095.703,-0.0804
10097.168,-0.0754
10098.633,-0.1213
10100.098,-0.1062
10101.562,-0.0968
10103.027,-0.0939
10104.492,-0.0722
10105.957,-0.0613
10107.422,-0.0629
10108.887,-0.0554
10110.352,-0.0700
10111.816,-0.0943
10113.281,-0.1081
10114.746,-0.0700
10116.211,-0.0482
10117.676,-0.0632
10119.141,-0.0605
10120.605,-0.0224
10122.070,-0.0154
10123.535,-0.0340
10125.000,-0.0857
10126.465,-0.0850
10127.930,-0.0449
10129.395,-0.0522
10130.859,-0.0711
10132.324,-0.0666
10133.789,-0.0772
10135.254,-0.1009
10136.719,-0.1040
10138.184,-0.0723
10139.648,-0.0781
10141.113,-0.1004
10142.578,-0.0992
10144.043,-0.0884
10145.508,-0.0707
10146.973,-0.0495
10148.438,-0.0594
10149.902,-0.0885
10151.367,-0.0794
10152.832,-0.0805
10154.297,-0.0968
10155.762,-0.0809
10157.227,-0.0813
10158.691,-0.0919
10160.156,-0.0968
10161.621,-0.1123
10163.086,-0.1219
10164.551,-0.1212
10166.016,-0.1437
10167.480,-0.1338
10168.945,-0.0715
10170.410,-0.0515
10171.875,-0.0921
10173.340,-0.1238
10174.805,-0.0975
10176.270,-0.0509
10177.734,-0.0445
10179.199,-0.0733
10180.664,-0.0682
10182.129,-0.0586
10183.594,-0.0781
10185.059,-0.0850
10186.523,-0.0794
10187.988,-0.0774
10189.453,-0.0478
10190.918,-0.0235
10192.383,-0.0695
10193.848,-0.1163
10195.312,-0.1085
10196.777,-0.1063
10198.242,-0.1064
10199.707,-0.0903
10201.172,-0.0862
10202.637,-0.0937
10204.102,-0.0844
10205.566,-0.0899
10207.031,-0.1054
10208.496,-0.0929
10209.961,-0.0566
10211.426,-0.0313
10212.891,-0.0325
10214.355,-0.0579
10215.820,-0.0823
10217.285,-0.0686
10218.750,-0.0713
10220.215,-0.0875
10221.680,-0.0744
10223.145,-0.0809
10224.609,-0.0800
10226.074,-0.0646
10227.539,-0.0727
10229.004,-0.0710
10230.469,-0.0737
10231.934,-0.0949
10233.398,-0.0905
10234.863,-0.0370
10236.328,-0.0068
10237.793,-0.0182
10239.258,-0.0263
10240.723,-0.0544
10242.188,-0.0862
10243.652,-0.0934
10245.117,-0.0928
10246.582,-0.0894
10248.047,-0.0911
10249.512,-0.1000
10250.977,-0.0771
10252.441,-0.0575
10253.906,-0.0783
10255.371,-0.0793
10256.836,-0.0642
10258.301,-0.0674
10259.766,-0.0983
10261.230,-0.1027
10262.695,-0.0588
10264.160,-0.0418
10265.625,-0.0594
10267.090,-0.0637
10268.555,-0.0425
10270.020,-0.0503
10271.484,-0.0817
10272.949,-0.0884
10274.414,-0.0779
10275.879,-0.0594
10277.344,-0.0404
10278.809,-0.0569
10280.273,-0.0932
10281.738,-0.0972
10283.203,-0.0835
10284.668,-0.0852
10286.133,-0.1108
10287.598,-0.0980
10289.062,-0.0592
10290.527,-0.0749
10291.992,-0.0774
10293.457,-0.0424
10294.922,-0.0482
10296.387,-0.0802
10297.852,-0.1033
10299.316,-0.0933
10300.781,-0.0764
10302.246,-0.0888
10303.711,-0.1032
10305.176,-0.0898
10306.641,-0.0605
10308.105,-0.0492
10309.570,-0.0455
10311.035,-0.0687
10312.500,-0.0843
10313.965,-0.0673
10315.430,-0.0616
10316.895,-0.0603
10318.359,-0.0715
10319.824,-0.1162
10321.289,-0.1184
10322.754,-0.0876
10324.219,-0.0799
10325.684,-0.0806
10327.148,-0.1007
10328.613,-0.1263
10330.078,-0.1085
10331.543,-0.0845
10333.008,-0.0771
10334.473,-0.0568
10335.938,-0.0874
10337.402,-0.1106
10338.867,-0.0959
10340.332,-0.0763
10341.797,-0.0556
10343.262,-0.0370
10344.727,-0.0583
10346.191,-0.1059
10347.656,-0.1329
10349.121,-0.1216
10350.586,-0.0940
10352.051,-0.0694
10353.516,-0.0471
10354.980,-0.0543
10356.445,-0.1002
10357.910,-0.1106
10359.375,-0.0768
10360.840,-0.0931
10362.305,-0.1490
10363.770,-0.1179
10365.234,-0.0636
10366.699,-0.0781
10368.164,-0.0978
10369.629,-0.1063
10371.094,-0.0996
10372.559,-0.0861
10374.023,-0.0989
10375.488,-0.0600
10376.953,-0.0448
10378.418,-0.0450
10379.883,-0.0449
10381.348,-0.0726
10382.812,-0.0744
10384.277,-0.0750
10385.742,-0.0770
10387.207,-0.0647
10388.672,-0.0638
10390.137,-0.0710
10391.602,-0.0736
10393.066,-0.0620
10394.531,-0.0615
10395.996,-0.0826
10397.461,-0.0650
10398.926,-0.0746
10400.391,-0.0959
10401.855,-0.0683
10403.320,-0.0750
10404.785,-0.0927
10406.250,-0.0972
10407.715,-0.0663
10409.180,-0.0606
10410.645,-0.0786
10412.109,-0.0661
10413.574,-0.0986
10415.039,-0.0926
10416.504,-0.0679
10417.969,-0.0685
10419.434,-0.0746
10420.898,-0.0727
10422.363,-0.0722
10423.828,-0.0958
10425.293,-0.0723
10426.758,-0.0492
10428.223,-0.0524
10429.688,-0.0848
10431.152,-0.0787
10432.617,-0.0593
10434.082,-0.0603
10435.547,-0.0936
10437.012,-0.0974
10438.477,-0.0571
10439.941,-0.0547
10441.406,-0.0934
10442.871,-0.1018
10444.336,-0.0672
10445.801,-0.0758
10447.266,-0.0984
10448.730,-0.0540
10450.195,-0.0519
10451.660,-0.0812
10453.125,-0.0627
10454.590,-0.0270
10456.055,-0.0662
10457.520,-0.1270
10458.984,-0.1431
10460.449,-0.0987
10461.914,-0.1119
10463.379,-0.1065
10464.844,-0.0771
10466.309,-0.0667
10467.773,-0.0355
10469.238,-0.0631
10470.703,-0.0676
10472.168,-0.0202
10473.633,-0.0632
10475.098,-0.0808
10476.562,-0.0754
10478.027,-0.0748
10479.492,-0.0371
10480.957,-0.0651
10482.422,-0.0773
10483.887,-0.0719
10485.352,-0.0678
10486.816,-0.0571
10488.281,-0.0554
10489.746,-0.0513
10491.211,-0.0661
10492.676,-0.1243
10494.141,-0.0688
10495.605,-0.0598
10497.070,-0.0611
10498.535,-0.0522
10500.000,-0.0629
10501.465,-0.0796
10502.930,-0.1288
10504.395,-0.0652
10505.859,-0.0712
10507.324,-0.0500
10508.789,-0.0632
10510.254,-0.0638
10511.719,-0.1009
10513.184,-0.0697
10514.648,-0.0628
10516.113,-0.0955
10517.578,-0.0583
10519.043,-0.0868
10520.508,-0.0691
10521.973,-0.0523
10523.438,-0.0935
10524.902,-0.1229
10526.367,-0.0472
10527.832,-0.0044
10529.297,-0.0956
10530.762,-0.1285
10532.227,-0.0953
10533.691,-0.0241
10535.156,-0.0585
10536.621,-0.0753
10538.086,-0.0717
10539.551,-0.0788
10541.016,-0.1090
10542.480,-0.0496
10543.945,-0.0877
10545.410,-0.0618
10546.875,-0.0680
10548.340,-0.1092
10549.805,-0.0783
10551.270,-0.0586
10552.734,-0.0446
10554.199,-0.0202
10555.664,-0.0242
10557.129,-0.0541
10558.594,-0.0362
10560.059,-0.0267
10561.523,-0.0775
10562.988,-0.0168
10564.453,-0.0760
10565.918,-0.1387
10567.383,-0.0485
10568.848,-0.0436
10570.312,-0.0807
10571.777,-0.1252
10573.242,-0.0833
10574.707,-0.0676
10576.172,-0.0323
10577.637,-0.0536
10579.102,-0.1105
10580.566,-0.1618
10582.031,-0.1278
10583.496,-0.0550
10584.961,-0.0785
10586.426,-0.0676
10587.891,-0.1139
10589.355,-0.0931
10590.820,-0.0773
10592.285,-0.0734
10593.750,-0.0885
10595.215,-0.0640
10596.680,-0.1083
10598.145,-0.1017
10599.609,-0.0398
10601.074,-0.0886
10602.539,-0.0741
10604.004,-0.0136
10605.469,-0.0430
10606.934,-0.0824
10608.398,-0.1091
10609.863,-0.0350
10611.328,-0.0694
10612.793,-0.0945
10614.258,-0.1200
10615.723,-0.0620
10617.188,-0.0189
10618.652,-0.0554
10620.117,-0.1224
10621.582,-0.0601
10623.047,-0.0840
10624.512,-0.1223
10625.977,-0.0933
10627.441,-0.1006
10628.906,-0.0059
10630.371,-0.1337
10631.836,-0.0562
10633.301,-0.0815
10634.766,-0.1267
10636.230,-0.0546
10637.695,-0.0903
10639.160,-0.0943
10640.625,-0.1106
10642.090,-0.1290
10643.555,-0.1074
10645.020,-0.0434
10646.484,-0.0924
10647.949,-0.0833
10649.414,-0.0876
10650.879,-0.0528
10652.344,-0.0483
10653.809,-0.0739
10655.273,-0.1041
10656.738,-0.1342
10658.203,-0.0843
10659.668,-0.1057
10661.133,-0.0516
10662.598,-0.0012
10664.062,-0.1023
10665.527,-0.1112
10666.992,-0.0048
10668.457,-0.0397
10669.922,-0.0773
10671.387,-0.0893
10672.852,-0.0392
10674.316,-0.0530
10675.781,-0.1348
10677.246,-0.0189
10678.711,-0.0489
10680.176,-0.0710
10681.641,-0.0490
10683.105,-0.0287
10684.570,-0.0688
10686.035,-0.1418
10687.500,-0.0426
10688.965,-0.0846
10690.430,-0.0960
10691.895,-0.0323
10693.359,-0.0391
10694.824,-0.0441
10696.289,-0.0971
10697.754,-0.1124
10699.219,-0.0743
10700.684,-0.0986
10702.148,-0.0239
10703.613,-0.1098
10705.078,-0.0577
10706.543,-0.0822
10708.008,-0.0767
10709.473,-0.0613
10710.938,-0.0804
10712.402,-0.0409
10713.867,-0.0451
10715.332,-0.1356
10716.797,-0.0604
10718.262,-0.0767
10719.727,0.0022
10721.191,-0.1096
10722.656,-0.0844
10724.121,-0.0641
10725.586,-0.0073
10727.051,-0.0893
10728.516,-0.0846
10729.980,-0.0951
10731.445,-0.0292
10732.910,-0.1179
10734.375,-0.0975
10735.840,-0.1042
10737.305,-0.1007
10738.770,-0.0015
10740.234,-0.0896
10741.699,-0.0404
10743.164,-0.0657
10744.629,-0.0516
10746.094,-0.0360
10747.559,-0.0344
10749.023,-0.0096
10750.488,-0.1083
10751.953,-0.1023
10753.418,-0.0640
10754.883,-0.1163
10756.348,-0.0808
10757.812,-0.0709
10759.277,-0.0965
10760.742,-0.0614
10762.207,-0.0548
10763.672,-0.0333
10765.137,-0.1305
10766.602,-0.0805
10768.066,-0.0998
10769.531,-0.0999
10770.996,-0.0520
10772.461,-0.1112
10773.926,-0.0592
10775.391,-0.0335
10776.855,-0.0841
10778.320,-0.0826
10779.785,-0.1085
10781.250,-0.0076
10782.715,-0.0527
10784.180,-0.1099
10785.645,-0.0786
10787.109,-0.0949
10788.574,-0.1297
10790.039,-0.0873
10791.504,-0.0160
10792.969,-0.1057
10794.434,-0.1246
10795.898,-0.0685
10797.363,-0.0232
10798.828,-0.0319
10800.293,-0.0845
10801.758,-0.1027
10803.223,-0.1281
10804.688,-0.1155
10806.152,-0.1061
10807.617,-0.1173
10809.082,-0.1165
10810.547,-0.0980
10812.012,-0.0784
10813.477,-0.0303
10814.941,-0.0008
10816.406,-0.0834
10817.871,-0.0685
10819.336,-0.0430
10820.801,-0.0783
10822.266,-0.0963
10823.730,-0.0308
10825.195,-0.0923
10826.660,-0.1470
10828.125,-0.0767
10829.590,-0.0486
10831.055,-0.0636
10832.520,-0.0570
10833.984,-0.0714
10835.449,-0.0982
10836.914,-0.0798
10838.379,-0.0700
10839.844,-0.0916
10841.309,-0.0490
10842.773,-0.0658
10844.238,-0.0432
10845.703,-0.1204
10847.168,-0.1222
10848.633,-0.0959
10850.098,-0.0770
10851.562,-0.0678
10853.027,-0.0416
10854.492,-0.0346
10855.957,-0.0466
10857.422,-0.0071
10858.887,-0.0275
10860.352,-0.0607
10861.816,-0.0139
10863.281,-0.0675
10864.746,-0.0862
10866.211,-0.0493
10867.676,-0.0317
10869.141,-0.0541
10870.605,-0.0853
10872.070,-0.0522
10873.535,-0.1038
10875.000,-0.1115
10876.465,-0.0647
10877.930,-0.0740
10879.395,-0.0676
10880.859,-0.0766
10882.324,-0.0656
10883.789,-0.0423
10885.254,-0.0262
10886.719,-0.0524
10888.184,-0.0917
10889.648,-0.0695
10891.113,-0.0975
10892.578,-0.1138
10894.043,-0.1039
10895.508,-0.0427
10896.973,-0.0581
10898.438,-0.0557
10899.902,-0.0534
10901.367,-0.0641
10902.832,-0.0935
10904.297,-0.0837
10905.762,-0.0618
10907.227,-0.0440
10908.691,-0.0327
10910.156,-0.0239
10911.621,-0.0460
10913.086,-0.0634
10914.551,-0.0993
10916.016,-0.0690
10917.480,-0.0726
10918.945,-0.0304
10920.410,-0.0295
10921.875,-0.0906
10923.340,-0.0925
10924.805,-0.0902
10926.270,-0.0686
10927.734,-0.0515
10929.199,-0.0683
10930.664,-0.0745
10932.129,-0.0974
10933.594,-0.1064
10935.059,-0.1024
10936.523,-0.1159
10937.988,-0.1078
10939.453,-0.0794
10940.918,-0.0924
10942.383,-0.0752
10943.848,-0.0858
10945.312,-0.1054
10946.777,-0.0890
10948.242,-0.1099
10949.707,-0.0920
10951.172,-0.0519
10952.637,-0.0801
10954.102,-0.0851
10955.566,-0.0802
10957.031,-0.1001
10958.496,-0.1153
10959.961,-0.0804
10961.426,-0.0335
10962.891,-0.0114
10964.355,-0.0663
10965.820,-0.0818
10967.285,-0.0800
10968.750,-0.0674
10970.215,-0.0807
10971.680,-0.0876
10973.145,-0.0846
10974.609,-0.0562
10976.074,-0.0454
10977.539,-0.0598
10979.004,-0.0709
10980.469,-0.0706
10981.934,-0.0836
10983.398,-0.0997
10984.863,-0.0897
10986.328,-0.0484
10987.793,-0.0629
10989.258,-0.1071
10990.723,-0.1053
10992.188,-0.0685
10993.652,-0.0623
10995.117,-0.0694
10996.582,-0.0380
10998.047,-0.0661
10999.512,-0.1113
11000.977,-0.0979
11002.441,-0.0757
11003.906,-0.0585
11005.371,-0.0519
11006.836,-0.0459
11008.301,-0.0425
11009.766,-0.0853
11011.230,-0.1117
11012.695,-0.0936
11014.160,-0.0689
11015.625,-0.0566
11017.090,-0.0504
11018.555,-0.0437
11020.020,-0.0433
11021.484,-0.0394
11022.949,-0.0178
11024.414,-0.0354
11025.879,-0.0743
11027.344,-0.1075
11028.809,-0.1159
11030.273,-0.0753
11031.738,-0.0464
11033.203,-0.0672
11034.668,-0.0969
11036.133,-0.0859
11037.598,-0.0709
11039.062,-0.0925
11040.527,-0.0797
11041.992,-0.0628
11043.457,-0.0747
11044.922,-0.0924
11046.387,-0.1129
11047.852,-0.1082
11049.316,-0.0846
11050.781,-0.0752
11052.246,-0.0813
11053.711,-0.0858
11055.176,-0.0736
11056.641,-0.0761
11058.105,-0.0943
11059.570,-0.1001
11061.035,-0.0926
11062.500,-0.0741
11063.965,-0.0545
11065.430,-0.0701
11066.895,-0.0582
11068.359,-0.0585
11069.824,-0.0953
11071.289,-0.1024
11072.754,-0.0833
11074.219,-0.0684
11075.684,-0.0678
11077.148,-0.0651
11078.613,-0.0871
11080.078,-0.1156
11081.543,-0.1150
11083.008,-0.0987
11084.473,-0.0820
11085.938,-0.0942
11087.402,-0.1150
11088.867,-0.0960
11090.332,-0.0823
11091.797,-0.0906
11093.262,-0.0826
11094.727,-0.0581
11096.191,-0.0413
11097.656,-0.0577
11099.121,-0.0815
11100.586,-0.0854
11102.051,-0.0847
11103.516,-0.0869
11104.980,-0.0845
11106.445,-0.0953
11107.910,-0.1158
11109.375,-0.0986
11110.840,-0.0727
11112.305,-0.0794
11113.770,-0.1046
11115.234,-0.1096
11116.699,-0.0850
11118.164,-0.0668
11119.629,-0.0676
11121.094,-0.0772
11122.559,-0.0601
11124.023,-0.0455
11125.488,-0.0498
11126.953,-0.0274
11128.418,-0.0347
11129.883,-0.0719
11131.348,-0.0717
11132.812,-0.0543
11134.277,-0.0417
11135.742,-0.0296
11137.207,-0.0327
11138.672,-0.0547
11140.137,-0.0764
11141.602,-0.0874
11143.066,-0.0986
11144.531,-0.0992
11145.996,-0.0672
11147.461,-0.0567
11148.926,-0.0777
11150.391,-0.0857
11151.855,-0.0841
11153.320,-0.0616
11154.785,-0.0312
11156.250,-0.0578
11157.715,-0.1019
11159.180,-0.0888
11160.645,-0.0585
11162.109,-0.0472
11163.574,-0.0621
11165.039,-0.0957
11166.504,-0.1103
11167.969,-0.0803
11169.434,-0.0547
11170.898,-0.0670
11172.363,-0.0538
11173.828,-0.0443
11175.293,-0.0739
11176.758,-0.0925
11178.223,-0.0884
11179.688,-0.0927
11181.152,-0.0702
11182.617,-0.0378
11184.082,-0.0416
11185.547,-0.0735
11187.012,-0.1130
11188.477,-0.0818
11189.941,-0.0587
11191.406,-0.0379
11192.871,-0.0068
11194.336,-0.0560
11195.801,-0.1022
11197.266,-0.0804
11198.730,-0.0389
11200.195,-0.0186
11201.660,-0.0442
11203.125,-0.0743
11204.590,-0.0785
11206.055,-0.0842
11207.520,-0.0781
11208.984,-0.0619
11210.449,-0.0348
11211.914,-0.0375
11213.379,-0.0691
11214.844,-0.0567
11216.309,-0.0476
11217.773,-0.0524
11219.238,-0.0917
11220.703,-0.1104
11222.168,-0.0985
11223.633,-0.0942
11225.098,-0.0644
11226.562,-0.0485
11228.027,-0.0756
11229.492,-0.0975
11230.957,-0.0783
11232.422,-0.0561
11233.887,-0.0917
11235.352,-0.1140
11236.816,-0.1002
11238.281,-0.0998
11239.746,-0.0887
11241.211,-0.0989
11242.676,-0.0527
11244.141,-0.0525
11245.605,-0.0884
11247.070,-0.1048
11248.535,-0.0889
11250.000,-0.0528
11251.465,-0.0592
11252.930,-0.0803
11254.395,-0.0849
11255.859,-0.0997
11257.324,-0.0943
11258.789,-0.0871
11260.254,-0.0495
11261.719,-0.0591
11263.184,-0.0546
11264.648,-0.0237
11266.113,-0.0552
11267.578,-0.0268
11269.043,-0.0315
11270.508,-0.1061
11271.973,-0.0917
11273.438,-0.0580
11274.902,-0.0798
11276.367,-0.0534
11277.832,-0.0418
11279.297,-0.0338
11280.762,-0.0382
11282.227,-0.0707
11283.691,-0.0789
11285.156,-0.1194
11286.621,-0.1328
11288.086,-0.1304
11289.551,-0.1057
11291.016,-0.0595
11292.480,-0.0895
11293.945,-0.0788
11295.410,-0.0436
11296.875,-0.0797
11298.340,-0.1035
11299.805,-0.0441
11301.270,-0.0379
11302.734,-0.0878
11304.199,-0.1153
11305.664,-0.0832
11307.129,-0.0961
11308.594,-0.1070
11310.059,-0.0509
11311.523,-0.0903
11312.988,-0.1031
11314.453,-0.0576
11315.918,-0.0886
11317.383,-0.0765
11318.848,-0.0318
11320.312,-0.0759
11321.777,-0.0955
11323.242,-0.0499
11324.707,-0.0568
11326.172,-0.0585
11327.637,-0.0759
11329.102,-0.0736
11330.566,-0.0226
11332.031,-0.0368
11333.496,-0.0888
11334.961,-0.0990
11336.426,-0.0734
11337.891,-0.0667
11339.355,-0.0638
11340.820,-0.0760
11342.285,-0.1084
11343.750,-0.1180
11345.215,-0.1006
11346.680,-0.0329
11348.145,-0.0190
11349.609,-0.0905
11351.074,-0.1058
11352.539,-0.1236
11354.004,-0.1046
11355.469,-0.0782
11356.934,-0.0679
11358.398,-0.1059
11359.863,-0.1087
11361.328,-0.1280
11362.793,-0.1058
11364.258,-0.0531
11365.723,-0.0716
11367.188,-0.1112
11368.652,-0.0663
11370.117,-0.0292
11371.582,-0.0603
11373.047,-0.0782
11374.512,-0.0609
11375.977,-0.0584
11377.441,-0.0653
11378.906,-0.0517
11380.371,-0.0504
11381.836,-0.0705
11383.301,-0.0705
11384.766,-0.1276
11386.230,-0.0926
11387.695,-0.0259
11389.160,-0.0268
11390.625,-0.0215
11392.090,-0.0454
11393.555,-0.1112
11395.020,-0.0816
11396.484,-0.1037
11397.949,-0.1196
11399.414,-0.1137
11400.879,-0.0988
11402.344,-0.1543
11403.809,-0.0981
11405.273,-0.0489
11406.738,-0.0425
11408.203,-0.0730
11409.668,-0.0749
11411.133,-0.0523
11412.598,-0.0615
11414.062,-0.0728
11415.527,-0.0681
11416.992,-0.0953
11418.457,-0.1306
11419.922,-0.0781
11421.387,-0.0690
11422.852,-0.1087
11424.316,-0.1002
11425.781,-0.0641
11427.246,-0.1134
11428.711,-0.0890
11430.176,-0.0375
11431.641,-0.0387
11433.105,-0.1158
11434.570,-0.1267
11436.035,-0.1050
11437.500,-0.0823
11438.965,-0.0571
11440.430,-0.0314
11441.895,-0.0953
11443.359,-0.0868
11444.824,-0.1171
11446.289,-0.1056
11447.754,-0.1396
11449.219,-0.0856
11450.684,-0.0823
11452.148,-0.1324
11453.613,-0.1387
11455.078,-0.0776
11456.543,-0.0695
11458.008,-0.0139
11459.473,-0.0604
11460.938,-0.0535
11462.402,-0.0809
11463.867,-0.0706
11465.332,-0.0976
11466.797,-0.1059
11468.262,-0.0882
11469.727,-0.0968
11471.191,-0.0381
11472.656,-0.0802
11474.121,-0.0833
11475.586,-0.0957
11477.051,-0.0605
11478.516,-0.0537
11479.980,-0.0395
11481.445,-0.0075
11482.910,-0.0244
11484.375,-0.1151
11485.840,-0.0637
11487.305,-0.0698
11488.770,-0.0923
11490.234,-0.1348
11491.699,-0.0613
11493.164,-0.0210
11494.629,-0.1188
11496.094,-0.1112
11497.559,-0.0600
11499.023,-0.0696
11500.488,-0.0676
11501.953,-0.0512
11503.418,-0.1164
11504.883,-0.1219
11506.348,-0.0979
11507.812,-0.0912
11509.277,-0.0756
11510.742,-0.0786
11512.207,-0.0654
11513.672,-0.0570
11515.137,-0.0619
11516.602,-0.0526
11518.066,-0.0537
11519.531,-0.0632
11520.996,-0.0825
11522.461,-0.0896
11523.926,-0.1011
11525.391,-0.1577
11526.855,-0.0744
11528.320,-0.0603
11529.785,-0.0330
11531.250,-0.0496
11532.715,-0.1104
11534.180,-0.0983
11535.645,-0.0977
11537.109,-0.0954
11538.574,-0.0794
11540.039,-0.1624
11541.504,-0.0809
11542.969,-0.0221
11544.434,-0.1041
11545.898,-0.1265
11547.363,-0.1340
11548.828,-0.0761
11550.293,-0.0432
11551.758,-0.1182
11553.223,-0.1147
11554.688,-0.0008
11556.152,-0.0536
11557.617,-0.0690
11559.082,-0.1287
11560.547,-0.0528
11562.012,-0.1166
11563.477,-0.0485
11564.941,-0.1296
11566.406,-0.0554
11567.871,-0.0709
11569.336,-0.0681
11570.801,-0.0368
11572.266,-0.0789
11573.730,-0.0033
11575.195,-0.0464
11576.660,-0.1422
11578.125,-0.0659
11579.590,-0.0503
11581.055,-0.0838
11582.520,-0.0379
11583.984,-0.0347
11585.449,-0.0573
11586.914,-0.0486
11588.379,-0.0678
11589.844,-0.0608
11591.309,-0.0325
11592.773,-0.0904
11594.238,-0.0580
11595.703,-0.0917
11597.168,-0.0417
11598.633,0.0490
11600.098,-0.0473
11601.562,-0.0137
11603.027,-0.0693
11604.492,-0.0918
11605.957,-0.0666
11607.422,-0.1103
11608.887,-0.0401
11610.352,-0.0880
11611.816,-0.0653
11613.281,-0.0412
11614.746,-0.1099
11616.211,-0.0871
11617.676,-0.0958
11619.141,-0.1173
11620.605,-0.0879
11622.070,-0.0923
11623.535,-0.1530
11625.000,-0.1125
11626.465,-0.0231
11627.930,-0.0366
11629.395,-0.0797
11630.859,-0.1122
11632.324,-0.0550
11633.789,-0.0714
11635.254,-0.1620
11636.719,-0.1254
11638.184,-0.0687
11639.648,-0.0589
11641.113,-0.0126
11642.578,-0.0288
11644.043,-0.0191
11645.508,-0.0942
11646.973,-0.0489
11648.438,-0.0477
11649.902,-0.0857
11651.367,-0.0714
11652.832,-0.1089
11654.297,-0.1171
11655.762,-0.0753
11657.227,-0.0765
11658.691,-0.0922
11660.156,-0.1015
11661.621,-0.0976
11663.086,-0.1374
11664.551,-0.0862
11666.016,-0.0503
11667.480,-0.0420
11668.945,-0.1389
11670.410,-0.0996
11671.875,-0.0784
11673.340,-0.0589
11674.805,-0.1032
11676.270,-0.0565
11677.734,-0.0578
11679.199,-0.0921
11680.664,-0.0714
11682.129,-0.0714
11683.594,-0.0356
11685.059,-0.0834
11686.523,-0.1302
11687.988,-0.0423
11689.453,-0.0637
11690.918,-0.0559
11692.383,-0.0856
11693.848,-0.0647
11695.312,-0.0198
11696.777,-0.0802
11698.242,-0.0474
11699.707,-0.0715
11701.172,-0.0809
11702.637,-0.0559
11704.102,-0.0504
11705.566,-0.0973
11707.031,-0.1390
11708.496,-0.1107
11709.961,-0.0644
11711.426,-0.0361
11712.891,-0.0098
11714.355,-0.1139
11715.820,-0.0776
11717.285,-0.0514
11718.750,-0.0510
11720.215,-0.0492
11721.680,-0.0672
11723.145,-0.0386
11724.609,-0.0263
11726.074,-0.0641
11727.539,-0.0878
11729.004,-0.0980
11730.469,-0.0905
11731.934,-0.1098
11733.398,-0.1036
11734.863,-0.0819
11736.328,-0.0508
11737.793,-0.0651
11739.258,-0.0627
11740.723,-0.0637
11742.188,-0.0801
11743.652,-0.0721
11745.117,-0.0519
11746.582,-0.0596
11748.047,-0.0567
11749.512,-0.0521
11750.977,-0.0403
11752.441,-0.0893
11753.906,-0.0841
11755.371,-0.0944
11756.836,-0.0923
11758.301,-0.0998
11759.766,-0.1161
11761.230,-0.0901
11762.695,-0.1317
11764.160,-0.1280
11765.625,-0.0713
11767.090,-0.0283
11768.555,-0.0668
11770.020,-0.0578
11771.484,-0.0484
11772.949,-0.0998
11774.414,-0.0532
11775.879,-0.0502
11777.344,-0.0710
11778.809,-0.0821
11780.273,-0.1055
11781.738,-0.0740
11783.203,-0.0741
11784.668,-0.0479
11786.133,-0.0558
11787.598,-0.0849
11789.062,-0.0553
11790.527,-0.0282
11791.992,-0.0556
11793.457,-0.0967
11794.922,-0.0664
11796.387,-0.0700
11797.852,-0.0362
11799.316,-0.0310
11800.781,-0.0780
11802.246,-0.0857
11803.711,-0.1196
11805.176,-0.1113
11806.641,-0.0534
11808.105,-0.0592
11809.570,-0.0611
11811.035,-0.0151
11812.500,-0.0313
11813.965,-0.0580
11815.430,-0.0554
11816.895,-0.0241
11818.359,-0.0776
11819.824,-0.0592
11821.289,-0.0769
11822.754,-0.0836
11824.219,-0.1203
11825.684,-0.1577
11827.148,-0.1282
11828.613,-0.1265
11830.078,-0.1006
11831.543,-0.0874
11833.008,-0.0228
11834.473,-0.0469
11835.938,-0.0446
11837.402,-0.0712
11838.867,-0.0846
11840.332,-0.0995
11841.797,-0.1134
11843.262,-0.0649
11844.727,-0.0197
11846.191,-0.0380
11847.656,-0.0403
11849.121,-0.0616
11850.586,-0.0930
11852.051,-0.1337
11853.516,-0.1010
11854.980,-0.0936
11856.445,-0.1426
11857.910,-0.0914
11859.375,-0.0597
11860.840,-0.0369
11862.305,-0.0077
11863.770,-0.0347
11865.234,-0.0663
11866.699,-0.0755
11868.164,-0.1051
11869.629,-0.1203
11871.094,-0.0965
11872.559,-0.0716
11874.023,-0.0846
11875.488,-0.1139
11876.953,-0.0774
11878.418,-0.0431
11879.883,-0.0447
11881.348,-0.1057
11882.812,-0.1230
11884.277,-0.0752
11885.742,-0.1003
11887.207,-0.1078
11888.672,-0.0704
11890.137,-0.0861
11891.602,-0.0818
11893.066,-0.0709
11894.531,-0.0887
11895.996,-0.1134
11897.461,-0.1075
11898.926,-0.0858
11900.391,-0.0989
11901.855,-0.0827
11903.320,-0.0469
11904.785,-0.0545
11906.250,-0.0737
11907.715,-0.0628
11909.180,-0.0746
11910.645,-0.0707
11912.109,-0.0157
11913.574,-0.0432
11915.039,-0.0900
11916.504,-0.0623
11917.969,-0.0161
11919.434,-0.0595
11920.898,-0.1096
11922.363,-0.1026
11923.828,-0.1046
11925.293,-0.1059
11926.758,-0.0510
11928.223,-0.0434
11929.688,-0.0717
11931.152,-0.0277
11932.617,-0.0180
11934.082,-0.0772
11935.547,-0.1118
11937.012,-0.0895
11938.477,-0.0657
11939.941,-0.0714
11941.406,-0.0846
11942.871,-0.0705
11944.336,-0.0556
11945.801,-0.0739
11947.266,-0.0888
11948.730,-0.0586
11950.195,-0.0420
11951.660,-0.0832
11953.125,-0.0926
11954.590,-0.0798
11956.055,-0.0702
11957.520,-0.0552
11958.984,-0.0592
11960.449,-0.0813
11961.914,-0.0937
11963.379,-0.0734
11964.844,-0.0564
11966.309,-0.0605
11967.773,-0.0810
11969.238,-0.1095
11970.703,-0.0864
11972.168,-0.0333
11973.633,-0.0195
11975.098,-0.0448
11976.562,-0.1051
11978.027,-0.0955
11979.492,-0.0623
11980.957,-0.1000
11982.422,-0.1097
11983.887,-0.0570
11985.352,-0.0205
11986.816,-0.0128
11988.281,-0.0257
11989.746,-0.0474
11991.211,-0.0540
11992.676,-0.0820
11994.141,-0.1119
11995.605,-0.0939
11997.070,-0.0669
11998.535,-0.0633
12000.000,-0.0499
12001.465,-0.0450
12002.930,-0.0540
12004.395,-0.0566
12005.859,-0.0635
12007.324,-0.0886
12008.789,-0.0923
12010.254,-0.0817
12011.719,-0.0836
12013.184,-0.0814
12014.648,-0.0838
12016.113,-0.0908
12017.578,-0.0623
12019.043,-0.0196
12020.508,-0.0348
12021.973,-0.0715
12023.438,-0.0749
12024.902,-0.0557
12026.367,-0.0417
12027.832,-0.0559
12029.297,-0.0745
12030.762,-0.0905
12032.227,-0.1024
12033.691,-0.1027
12035.156,-0.1141
12036.621,-0.1147
12038.086,-0.0934
12039.551,-0.0635
12041.016,-0.0542
12042.480,-0.0684
12043.945,-0.0491
12045.410,-0.0153
12046.875,-0.0070
12048.340,-0.0052
12049.805,-0.0153
12051.270,-0.0630
12052.734,-0.0994
12054.199,-0.0903
12055.664,-0.0730
12057.129,-0.0839
12058.594,-0.0981
12060.059,-0.0662
12061.523,-0.0480
12062.988,-0.0787
12064.453,-0.0949
12065.918,-0.0916
12067.383,-0.0937
12068.848,-0.0842
12070.312,-0.0731
12071.777,-0.0811
12073.242,-0.0668
12074.707,-0.0391
12076.172,-0.0488
12077.637,-0.0627
12079.102,-0.0516
12080.566,-0.0448
12082.031,-0.0505
12083.496,-0.0427
12084.961,-0.0309
12086.426,-0.0534
12087.891,-0.0894
12089.355,-0.0847
12090.820,-0.0732
12092.285,-0.0721
12093.750,-0.0758
12095.215,-0.0845
12096.680,-0.0528
12098.145,-0.0308
12099.609,-0.0594
12101.074,-0.0767
12102.539,-0.0616
12104.004,-0.0563
12105.469,-0.0432
12106.934,-0.0529
12108.398,-0.0666
12109.863,-0.0324
12111.328,-0.0105
12112.793,-0.0098
12114.258,-0.0509
12115.723,-0.1021
12117.188,-0.0990
12118.652,-0.0814
12120.117,-0.0855
12121.582,-0.0834
12123.047,-0.0921
12124.512,-0.1054
12125.977,-0.0898
12127.441,-0.0623
12128.906,-0.0568
12130.371,-0.0881
12131.836,-0.0865
12133.301,-0.0443
12134.766,-0.0356
12136.230,-0.0491
12137.695,-0.0525
12139.160,-0.0751
12140.625,-0.1152
12142.090,-0.1263
12143.555,-0.1042
12145.020,-0.0433
12146.484,-0.0200
12147.949,-0.0555
12149.414,-0.0661
12150.879,-0.0541
12152.344,-0.0702
12153.809,-0.0952
12155.273,-0.0885
12156.738,-0.0521
12158.203,-0.0309
12159.668,-0.0701
12161.133,-0.0999
12162.598,-0.0550
12164.062,-0.0482
12165.527,-0.0726
12166.992,-0.0588
12168.457,-0.0901
12169.922,-0.1062
12171.387,-0.0758
12172.852,-0.0916
12174.316,-0.0835
12175.781,-0.0891
12177.246,-0.1312
12178.711,-0.1119
12180.176,-0.0874
12181.641,-0.0835
12183.105,-0.0802
12184.570,-0.0927
12186.035,-0.0603
12187.500,-0.0246
12188.965,-0.0479
12190.430,-0.0621
12191.895,-0.0717
12193.359,-0.0762
12194.824,-0.0630
12196.289,-0.0803
12197.754,-0.1024
12199.219,-0.0865
12200.684,-0.0841
12202.148,-0.1028
12203.613,-0.0590
12205.078,-0.0643
12206.543,-0.0722
12208.008,-0.0516
12209.473,-0.0747
12210.938,-0.0867
12212.402,-0.0751
12213.867,-0.0824
12215.332,-0.0884
12216.797,-0.0533
12218.262,-0.0443
12219.727,-0.0309
12221.191,-0.0445
12222.656,-0.0439
12224.121,-0.0174
12225.586,-0.0559
12227.051,-0.0855
12228.516,-0.0767
12229.980,-0.0795
12231.445,-0.0496
12232.910,-0.0042
12234.375,-0.0186
12235.840,-0.0995
12237.305,-0.1406
12238.770,-0.1248
12240.234,-0.0735
12241.699,-0.0422
12243.164,-0.0734
12244.629,-0.0479
12246.094,-0.0594
12247.559,-0.0772
12249.023,-0.0652
12250.488,-0.0614
12251.953,-0.0679
12253.418,-0.0764
12254.883,-0.0674
12256.348,-0.0620
12257.812,-0.0364
12259.277,-0.0582
12260.742,-0.0670
12262.207,-0.0528
12263.672,-0.0708
12265.137,-0.0913
12266.602,-0.1151
12268.066,-0.1007
12269.531,-0.0919
12270.996,-0.1132
12272.461,-0.0799
12273.926,-0.0984
12275.391,-0.0571
12276.855,-0.0572
12278.320,-0.0799
12279.785,-0.0675
12281.250,-0.0976
12282.715,-0.0516
12284.180,-0.0261
12285.645,-0.0350
12287.109,-0.0297
12288.574,-0.0797
12290.039,-0.1074
12291.504,-0.0716
12292.969,-0.0333
12294.434,-0.0537
12295.898,-0.0737
12297.363,-0.0771
12298.828,-0.0816
12300.293,-0.0825
12301.758,-0.0573
12303.223,-0.0414
12304.688,-0.0806
12306.152,-0.0535
12307.617,-0.0256
12309.082,-0.0917
12310.547,-0.1412
12312.012,-0.1029
12313.477,-0.1045
12314.941,-0.1008
12316.406,-0.0769
12317.871,-0.0555
12319.336,-0.0228
12320.801,-0.0649
12322.266,-0.1111
12323.730,-0.0606
12325.195,-0.0491
12326.660,-0.0559
12328.125,-0.0886
12329.590,-0.0912
12331.055,-0.0693
12332.520,-0.0535
12333.984,-0.0566
12335.449,-0.0248
12336.914,-0.0489
12338.379,-0.0977
12339.844,-0.1485
12341.309,-0.1346
12342.773,-0.1002
12344.238,-0.0550
12345.703,-0.0898
12347.168,-0.1119
12348.633,-0.0932
12350.098,-0.0276
12351.562,-0.0483
12353.027,-0.0689
12354.492,-0.0401
12355.957,-0.0607
12357.422,-0.0556
12358.887,-0.0397
12360.352,0.0050
12361.816,-0.0281
12363.281,-0.0636
12364.746,-0.0747
12366.211,-0.0669
12367.676,-0.0575
12369.141,-0.0537
12370.605,-0.0715
12372.070,-0.0940
12373.535,-0.0890
12375.000,-0.0437
12376.465,-0.1022
12377.930,-0.0841
12379.395,-0.0458
12380.859,-0.0788
12382.324,-0.0919
12383.789,-0.0334
12385.254,-0.0519
12386.719,-0.0936
12388.184,-0.0742
12389.648,-0.0902
12391.113,-0.0398
12392.578,-0.0776
12394.043,-0.0810
12395.508,-0.0894
12396.973,-0.0282
12398.438,-0.0515
12399.902,-0.0598
12401.367,-0.0620
12402.832,-0.0825
12404.297,-0.0312
12405.762,-0.0304
12407.227,-0.0942
12408.691,-0.0732
12410.156,-0.0912
12411.621,-0.0145
12413.086,-0.0487
12414.551,-0.0503
12416.016,-0.0605
12417.480,-0.1124
12418.945,-0.1322
12420.410,-0.1154
12421.875,-0.0666
12423.340,-0.0747
12424.805,-0.1565
12426.270,-0.0367
12427.734,-0.0909
12429.199,-0.1570
12430.664,-0.1061
12432.129,-0.0368
12433.594,-0.0863
12435.059,-0.0493
12436.523,-0.0577
12437.988,-0.1281
12439.453,-0.0849
12440.918,-0.0890
12442.383,-0.0850
12443.848,-0.1089
12445.312,-0.1053
12446.777,-0.0607
12448.242,-0.0562
12449.707,-0.0774
12451.172,-0.0771
12452.637,-0.0722
12454.102,-0.0311
12455.566,-0.0724
12457.031,-0.1056
12458.496,-0.1370
12459.961,-0.0344
12461.426,-0.0655
12462.891,-0.0710
12464.355,-0.0743
12465.820,-0.0097
12467.285,-0.0094
12468.750,-0.0539
12470.215,-0.0847
12471.680,-0.0918
12473.145,-0.1343
12474.609,-0.1662
12476.074,-0.0438
12477.539,-0.1109
12479.004,-0.1206
12480.469,-0.1168
12481.934,-0.0249
12483.398,-0.0965
12484.863,-0.1048
12486.328,-0.0376
12487.793,-0.0994
12489.258,-0.0592
12490.723,-0.0711
12492.188,-0.1498
12493.652,-0.1145
12495.117,-0.1647
12496.582,-0.0033
12498.047,-0.1056
12499.512,-0.0536
12500.977,-0.0771
12502.441,-0.0774
12503.906,-0.0435
12505.371,-0.0638
12506.836,0.0041
12508.301,-0.0266
12509.766,-0.0569
12511.230,-0.0158
12512.695,-0.0362
12514.160,-0.1347
12515.625,-0.1512
12517.090,-0.1135
12518.555,-0.0601
12520.020,-0.0643
12521.484,-0.0642
12522.949,-0.0655
12524.414,-0.1110
12525.879,-0.0434
12527.344,-0.0540
12528.809,-0.0770
12530.273,-0.1166
12531.738,-0.0413
12533.203,-0.0769
12534.668,-0.1387
12536.133,-0.0903
12537.598,0.0186
12539.062,-0.0716
12540.527,-0.1139
12541.992,-0.0541
12543.457,-0.0878
12544.922,-0.0427
12546.387,0.0057
12547.852,-0.0375
12549.316,-0.0664
12550.781,-0.0723
12552.246,-0.1644
12553.711,-0.0721
12555.176,-0.0352
12556.641,-0.0728
12558.105,-0.1325
12559.570,-0.1171
12561.035,-0.0097
12562.500,-0.1011
12563.965,-0.1628
12565.430,-0.0299
12566.895,-0.1531
12568.359,-0.0028
12569.824,-0.0454
12571.289,-0.0207
12572.754,-0.0178
12574.219,-0.0941
12575.684,-0.0904
12577.148,-0.0729
12578.613,-0.0947
12580.078,-0.0799
12581.543,-0.0634
12583.008,0.0071
12584.473,-0.0157
12585.938,-0.0894
12587.402,-0.0346
12588.867,-0.0696
12590.332,-0.0370
12591.797,-0.0469
12593.262,-0.0953
12594.727,-0.0656
12596.191,-0.1140
12597.656,-0.0638
12599.121,-0.0865
12600.586,-0.1051
12602.051,-0.0783
12603.516,-0.0210
12604.980,-0.0258
12606.445,-0.1452
12607.910,-0.1241
12609.375,-0.0737
12610.840,-0.0732
12612.305,-0.0955
12613.770,-0.1172
12615.234,-0.0641
12616.699,-0.0229
12618.164,-0.0871
12619.629,-0.1124
12621.094,-0.0732
12622.559,-0.0893
12624.023,-0.0745
12625.488,-0.0727
12626.953,-0.0284
12628.418,-0.0397
12629.883,-0.0761
12631.348,-0.1273
12632.812,-0.0944
12634.277,-0.0905
12635.742,-0.0243
12637.207,-0.0993
12638.672,-0.0966
12640.137,-0.0540
12641.602,-0.0695
12643.066,-0.0664
12644.531,-0.0439
12645.996,-0.1042
12647.461,-0.0866
12648.926,-0.0525
12650.391,-0.0036
12651.855,-0.0903
12653.320,-0.1371
12654.785,-0.0550
12656.250,-0.0764
12657.715,-0.0401
12659.180,-0.0056
12660.645,-0.0839
12662.109,-0.0636
12663.574,-0.0734
12665.039,-0.0209
12666.504,-0.1279
12667.969,-0.0713
12669.434,-0.0637
12670.898,-0.0638
12672.363,-0.0627
12673.828,-0.1246
12675.293,-0.0585
12676.758,0.0035
12678.223,-0.0834
12679.688,-0.1048
12681.152,-0.0485
12682.617,-0.1156
12684.082,-0.1342
12685.547,-0.1394
12687.012,-0.0120
12688.477,-0.0606
12689.941,-0.1196
12691.406,-0.1454
12692.871,-0.0759
12694.336,-0.0151
12695.801,-0.0706
12697.266,-0.1022
12698.730,-0.0616
12700.195,-0.1239
12701.660,-0.0177
12703.125,-0.0557
12704.590,-0.0510
12706.055,-0.0645
12707.520,-0.0107
12708.984,-0.0097
12710.449,-0.1094
12711.914,-0.0927
12713.379,-0.0871
12714.844,-0.1240
12716.309,0.0365
12717.773,-0.0181
12719.238,-0.0156
12720.703,-0.0650
12722.168,-0.0628
12723.633,-0.1008
12725.098,-0.0293
12726.562,-0.1016
12728.027,-0.1251
12729.492,-0.0841
12730.957,-0.0751
12732.422,-0.1330
12733.887,-0.0978
12735.352,-0.0486
12736.816,-0.0465
12738.281,-0.0863
12739.746,-0.0969
12741.211,-0.0151
12742.676,-0.0742
12744.141,-0.1266
12745.605,-0.0666
12747.070,-0.0442
12748.535,-0.0963
12750.000,-0.0860
12751.465,-0.0615
12752.930,-0.0664
12754.395,-0.0409
12755.859,-0.1108
12757.324,-0.1084
12758.789,-0.1207
12760.254,-0.0863
12761.719,-0.0867
12763.184,-0.0576
12764.648,-0.0815
12766.113,-0.1184
12767.578,-0.1004
12769.043,-0.0900
12770.508,-0.0829
12771.973,-0.0805
12773.438,-0.0946
12774.902,-0.0871
12776.367,-0.0929
12777.832,-0.0613
12779.297,-0.0808
12780.762,-0.0605
12782.227,-0.0482
12783.691,-0.0531
12785.156,-0.0714
12786.621,-0.0342
12788.086,-0.1042
12789.551,-0.1038
12791.016,-0.0886
12792.480,-0.0706
12793.945,-0.0568
12795.410,-0.0768
12796.875,-0.1021
12798.340,-0.1296
12799.805,-0.0750
12801.270,-0.0708
12802.734,-0.0955
12804.199,-0.0793
12805.664,-0.0350
12807.129,-0.0615
12808.594,-0.0946
12810.059,-0.0579
12811.523,-0.0975
12812.988,-0.1024
12814.453,-0.0721
12815.918,-0.0944
12817.383,-0.1118
12818.848,-0.0542
12820.312,-0.0644
12821.777,-0.1114
12823.242,-0.0777
12824.707,-0.0736
12826.172,-0.0678
12827.637,-0.0839
12829.102,-0.1479
12830.566,-0.0720
12832.031,-0.0396
12833.496,-0.0595
12834.961,-0.0882
12836.426,-0.0765
12837.891,-0.1019
12839.355,-0.1039
12840.820,-0.0734
12842.285,-0.0725
12843.750,-0.0996
12845.215,-0.1072
12846.680,-0.0978
12848.145,-0.0266
12849.609,-0.0156
12851.074,-0.0154
12852.539,-0.0311
12854.004,-0.0560
12855.469,-0.0461
12856.934,-0.0367
12858.398,-0.0375
12859.863,-0.0719
12861.328,-0.0958
12862.793,-0.1173
12864.258,-0.1022
12865.723,-0.0159
12867.188,-0.0245
12868.652,-0.0728
12870.117,-0.0693
12871.582,-0.0527
12873.047,-0.0656
12874.512,-0.0535
12875.977,-0.0731
12877.441,-0.0982
12878.906,-0.0973
12880.371,-0.0968
12881.836,-0.0602
12883.301,-0.0098
12884.766,-0.0607
12886.230,-0.0905
12887.695,-0.0839
12889.160,-0.0470
12890.625,-0.0498
12892.090,-0.0632
12893.555,-0.0790
12895.020,-0.0849
12896.484,-0.0456
12897.949,-0.0164
12899.414,-0.0500
12900.879,-0.0494
12902.344,-0.0429
12903.809,-0.0682
12905.273,-0.0994
12906.738,-0.1114
12908.203,-0.1433
12909.668,-0.1201
12911.133,-0.0641
12912.598,-0.0686
12914.062,-0.0701
12915.527,-0.0530
12916.992,-0.0235
12918.457,-0.0041
12919.922,-0.0229
12921.387,-0.0556
12922.852,-0.0795
12924.316,-0.0634
12925.781,-0.0600
12927.246,-0.0530
12928.711,-0.0450
12930.176,-0.0497
12931.641,-0.1057
12933.105,-0.1024
12934.570,-0.0938
12936.035,-0.1091
12937.500,-0.0920
12938.965,-0.0559
12940.430,-0.0696
12941.895,-0.0780
12943.359,-0.0555
12944.824,-0.0654
12946.289,-0.0832
12947.754,-0.0593
12949.219,-0.0274
12950.684,-0.0707
12952.148,-0.1131
12953.613,-0.1101
12955.078,-0.0870
12956.543,-0.0807
12958.008,-0.1074
12959.473,-0.1135
12960.938,-0.0972
12962.402,-0.0972
12963.867,-0.0766
12965.332,-0.0727
12966.797,-0.0988
12968.262,-0.0918
12969.727,-0.0663
12971.191,-0.1098
12972.656,-0.1580
12974.121,-0.1194
12975.586,-0.0707
12977.051,-0.0551
12978.516,-0.0715
12979.980,-0.0860
12981.445,-0.0887
12982.910,-0.0991
12984.375,-0.0641
12985.840,-0.0527
12987.305,-0.0802
12988.770,-0.0915
12990.234,-0.0921
12991.699,-0.0694
12993.164,-0.0443
12994.629,-0.0374
12996.094,-0.0481
12997.559,-0.0644
12999.023,-0.0758
13000.488,-0.0852
13001.953,-0.0847
13003.418,-0.0897
13004.883,-0.0886
13006.348,-0.0721
13007.812,-0.0766
13009.277,-0.0921
13010.742,-0.0602
13012.207,-0.0237
13013.672,-0.0478
13015.137,-0.0904
13016.602,-0.0815
13018.066,-0.0616
13019.531,-0.0681
13020.996,-0.0687
13022.461,-0.0634
13023.926,-0.0836
13025.391,-0.0851
13026.855,-0.0555
13028.320,-0.0305
13029.785,-0.0132
13031.250,-0.0446
13032.715,-0.1087
13034.180,-0.1232
13035.645,-0.0909
13037.109,-0.0896
13038.574,-0.1041
13040.039,-0.0735
13041.504,-0.0575
13042.969,-0.0605
13044.434,-0.0293
13045.898,-0.0160
13047.363,-0.0338
13048.828,-0.0604
13050.293,-0.0911
13051.758,-0.0890
13053.223,-0.0981
13054.688,-0.0969
13056.152,-0.0527
13057.617,-0.0467
13059.082,-0.0616
13060.547,-0.0843
13062.012,-0.0869
13063.477,-0.0626
13064.941,-0.0610
13066.406,-0.0660
13067.871,-0.0828
13069.336,-0.1224
13070.801,-0.1285
13072.266,-0.0726
13073.730,-0.0475
13075.195,-0.0805
13076.660,-0.0833
13078.125,-0.0568
13079.590,-0.0463
13081.055,-0.0584
13082.520,-0.0785
13083.984,-0.0913
13085.449,-0.0790
13086.914,-0.0599
13088.379,-0.0883
13089.844,-0.1015
13091.309,-0.0720
13092.773,-0.0580
13094.238,-0.0566
13095.703,-0.0759
13097.168,-0.0860
13098.633,-0.0749
13100.098,-0.0812
13101.562,-0.0875
13103.027,-0.0657
13104.492,-0.0377
13105.957,-0.0489
13107.422,-0.0568
13108.887,-0.0747
13110.352,-0.1262
13111.816,-0.1345
13113.281,-0.1191
13114.746,-0.0951
13116.211,-0.0747
13117.676,-0.0897
13119.141,-0.0984
13120.605,-0.0679
13122.070,-0.0613
13123.535,-0.1025
13125.000,-0.0970
13126.465,-0.0603
13127.930,-0.0590
13129.395,-0.0690
13130.859,-0.0697
13132.324,-0.0669
13133.789,-0.0683
13135.254,-0.0725
13136.719,-0.0850
13138.184,-0.1033
13139.648,-0.1066
13141.113,-0.0816
13142.578,-0.0735
13144.043,-0.0969
13145.508,-0.0903
13146.973,-0.0729
13148.438,-0.0841
13149.902,-0.0640
13151.367,-0.0411
13152.832,-0.0728
13154.297,-0.0679
13155.762,-0.0562
13157.227,-0.0626
13158.691,-0.0388
13160.156,-0.0232
13161.621,-0.0442
13163.086,-0.1001
13164.551,-0.0935
13166.016,-0.0561
13167.480,-0.0740
13168.945,-0.0633
13170.410,-0.0574
13171.875,-0.0969
13173.340,-0.0991
13174.805,-0.0783
13176.270,-0.0847
13177.734,-0.0945
13179.199,-0.0961
13180.664,-0.1152
13182.129,-0.1231
13183.594,-0.1147
13185.059,-0.0754
13186.523,-0.0263
13187.988,-0.0397
13189.453,-0.0792
13190.918,-0.0707
13192.383,-0.0486
13193.848,-0.0343
13195.312,-0.0493
13196.777,-0.0959
13198.242,-0.1324
13199.707,-0.1313
13201.172,-0.1009
13202.637,-0.0726
13204.102,-0.0703
13205.566,-0.0696
13207.031,-0.0788
13208.496,-0.0884
13209.961,-0.0783
13211.426,-0.0755
13212.891,-0.0515
13214.355,-0.0646
13215.820,-0.0720
13217.285,-0.0749
13218.750,-0.0899
13220.215,-0.0984
13221.680,-0.0838
13223.145,-0.0873
13224.609,-0.0805
13226.074,-0.0889
13227.539,-0.0810
13229.004,-0.0465
13230.469,-0.0760
13231.934,-0.0695
13233.398,-0.0782
13234.863,-0.0716
13236.328,-0.0761
13237.793,-0.0854
13239.258,-0.0592
13240.723,-0.0423
13242.188,-0.0681
13243.652,-0.0669
13245.117,-0.0940
13246.582,-0.1190
13248.047,-0.1036
13249.512,-0.0642
13250.977,-0.0531
13252.441,-0.0604
13253.906,-0.0699
13255.371,-0.0192
13256.836,-0.0109
13258.301,-0.0812
13259.766,-0.1257
13261.230,-0.1036
13262.695,-0.0800
13264.160,-0.0884
13265.625,-0.1053
13267.090,-0.0917
13268.555,-0.0697
13270.020,-0.0906
13271.484,-0.0958
13272.949,-0.1186
13274.414,-0.1186
13275.879,-0.0889
13277.344,-0.0926
13278.809,-0.0723
13280.273,-0.0298
13281.738,-0.0459
13283.203,-0.1091
13284.668,-0.0829
13286.133,-0.0883
13287.598,-0.1100
13289.062,-0.0547
13290.527,-0.0411
13291.992,-0.0673
13293.457,-0.0576
13294.922,-0.0387
13296.387,-0.0354
13297.852,-0.0462
13299.316,-0.0692
13300.781,-0.0919
13302.246,-0.0834
13303.711,-0.0259
13305.176,-0.0266
13306.641,-0.0255
13308.105,-0.0373
13309.570,-0.0553
13311.035,-0.0618
13312.500,-0.0521
13313.965,-0.0790
13315.430,-0.0988
13316.895,-0.0921
13318.359,-0.0696
13319.824,-0.0558
13321.289,-0.0918
13322.754,-0.1268
13324.219,-0.0802
13325.684,-0.0421
13327.148,-0.0764
13328.613,-0.0881
13330.078,-0.0687
13331.543,-0.0672
13333.008,-0.0859
13334.473,-0.0292
13335.938,-0.0336
13337.402,-0.1023
13338.867,-0.1349
13340.332,-0.0885
13341.797,-0.0619
13343.262,-0.1094
13344.727,-0.0997
13346.191,-0.0984
13347.656,-0.1220
13349.121,-0.0964
13350.586,-0.0888
13352.051,-0.1265
13353.516,-0.1411
13354.980,-0.0699
13356.445,-0.0254
13357.910,-0.0663
13359.375,-0.0515
13360.840,-0.0839
13362.305,-0.0488
13363.770,-0.0433
13365.234,-0.0430
13366.699,-0.0486
13368.164,-0.0766
13369.629,-0.0987
13371.094,-0.0763
13372.559,-0.0527
13374.023,-0.0740
13375.488,-0.1029
13376.953,-0.0803
13378.418,-0.0733
13379.883,-0.0745
13381.348,-0.0776
13382.812,-0.0536
13384.277,-0.0191
13385.742,-0.0611
13387.207,-0.0553
13388.672,-0.0545
13390.137,-0.1062
13391.602,-0.1122
13393.066,-0.0875
13394.531,-0.0786
13395.996,-0.0623
13397.461,-0.1277
13398.926,-0.0722
13400.391,-0.0972
13401.855,-0.0527
13403.320,-0.0347
13404.785,-0.0536
13406.250,-0.0832
13407.715,-0.0872
13409.180,-0.0521
13410.645,-0.0767
13412.109,-0.0554
13413.574,-0.0464
13415.039,-0.0592
13416.504,-0.0449
13417.969,-0.0635
13419.434,-0.1050
13420.898,-0.0821
13422.363,-0.0814
13423.828,-0.0773
13425.293,-0.0725
13426.758,-0.0418
13428.223,-0.0571
13429.688,-0.0762
13431.152,-0.0869
13432.617,-0.0721
13434.082,-0.0521
13435.547,-0.0696
13437.012,-0.0695
13438.477,-0.0438
13439.941,-0.0554
13441.406,-0.0776
13442.871,-0.0937
13444.336,-0.0916
13445.801,-0.0329
13447.266,0.0165
13448.730,-0.0330
13450.195,-0.0664
13451.660,-0.0452
13453.125,0.0206
13454.590,-0.0407
13456.055,-0.0828
13457.520,-0.1224
13458.984,-0.1285
13460.449,-0.0825
13461.914,-0.1239
13463.379,-0.1238
13464.844,-0.1522
13466.309,-0.0843
13467.773,-0.0597
13469.238,-0.0724
13470.703,-0.0294
13472.168,-0.0088
13473.633,-0.0867
13475.098,-0.1238
13476.562,-0.0875
13478.027,-0.0742
13479.492,-0.0555
13480.957,-0.1117
13482.422,-0.0916
13483.887,-0.1046
13485.352,-0.0806
13486.816,-0.0626
13488.281,-0.0325
13489.746,-0.0715
13491.211,-0.0770
13492.676,-0.0601
13494.141,-0.1158
13495.605,-0.1160
13497.070,-0.0974
13498.535,-0.0664
13500.000,-0.0546
13501.465,-0.0900
13502.930,-0.1152
13504.395,-0.1212
13505.859,-0.1159
13507.324,-0.0751
13508.789,-0.0827
13510.254,-0.1202
13511.719,-0.0982
13513.184,-0.1050
13514.648,-0.0589
13516.113,-0.0385
13517.578,-0.0657
13519.043,-0.1151
13520.508,-0.0349
13521.973,-0.0158
13523.438,-0.0626
13524.902,-0.0513
13526.367,-0.0431
13527.832,-0.0623
13529.297,-0.1009
13530.762,-0.0424
13532.227,-0.0931
13533.691,-0.1254
13535.156,-0.1299
13536.621,-0.0448
13538.086,-0.0501
13539.551,-0.0889
13541.016,-0.1031
13542.480,-0.1568
13543.945,-0.1011
13545.410,-0.1010
13546.875,-0.0670
13548.340,-0.1240
13549.805,-0.0672
13551.270,-0.0239
13552.734,-0.0693
13554.199,-0.1044
13555.664,-0.0717
13557.129,-0.0491
13558.594,-0.0796
13560.059,-0.0976
13561.523,-0.0627
13562.988,-0.0662
13564.453,-0.1449
13565.918,-0.0653
13567.383,-0.0458
13568.848,-0.0284
13570.312,-0.0870
13571.777,-0.0538
13573.242,-0.0918
13574.707,-0.0613
13576.172,-0.0281
13577.637,-0.0832
13579.102,-0.0554
13580.566,-0.0971
13582.031,-0.0010
13583.496,-0.0704
13584.961,-0.0595
13586.426,-0.1071
13587.891,-0.0908
13589.355,-0.0572
13590.820,-0.0540
13592.285,-0.0659
13593.750,-0.0807
13595.215,-0.0241
13596.680,-0.0319
13598.145,-0.0955
13599.609,-0.0831
13601.074,-0.0729
13602.539,-0.0903
13604.004,-0.1313
13605.469,-0.0201
13606.934,-0.1193
13608.398,-0.0157
13609.863,-0.0463
13611.328,-0.0276
13612.793,-0.1126
13614.258,-0.0831
13615.723,-0.1704
13617.188,-0.0455
13618.652,-0.0728
13620.117,0.0060
13621.582,-0.0185
13623.047,-0.1518
13624.512,-0.1044
13625.977,-0.0815
13627.441,-0.1132
13628.906,-0.1212
13630.371,-0.1140
13631.836,-0.0697
13633.301,-0.0273
13634.766,-0.0979
13636.230,-0.1016
13637.695,-0.0835
13639.160,-0.0755
13640.625,-0.0804
13642.090,-0.0431
13643.555,-0.0967
13645.020,-0.0897
13646.484,-0.0942
13647.949,-0.0489
13649.414,-0.1198
13650.879,-0.0834
13652.344,-0.0335
13653.809,-0.0116
13655.273,-0.0897
13656.738,-0.0731
13658.203,-0.0576
13659.668,-0.0390
13661.133,-0.0224
13662.598,-0.1456
13664.062,-0.1257
13665.527,0.0146
13666.992,-0.0171
13668.457,-0.0801
13669.922,-0.0907
13671.387,-0.0553
13672.852,-0.0807
13674.316,-0.0808
13675.781,-0.0482
13677.246,-0.0157
13678.711,-0.0533
13680.176,0.0195
13681.641,-0.0788
13683.105,-0.1351
13684.570,-0.0647
13686.035,-0.0590
13687.500,-0.0672
13688.965,-0.0298
13690.430,-0.1293
13691.895,-0.0181
13693.359,-0.0610
13694.824,-0.1111
13696.289,-0.1331
13697.754,-0.0856
13699.219,-0.0957
13700.684,-0.1114
13702.148,-0.0476
13703.613,-0.0396
13705.078,-0.0630
13706.543,-0.0168
13708.008,-0.0138
13709.473,-0.0636
13710.938,-0.0532
13712.402,-0.1033
13713.867,-0.0978
13715.332,0.0046
13716.797,0.0072
13718.262,-0.0146
13719.727,-0.0818
13721.191,-0.0948
13722.656,-0.0846
13724.121,-0.0442
13725.586,-0.0637
13727.051,-0.1196
13728.516,-0.0127
13729.980,-0.0760
13731.445,-0.0883
13732.910,0.0166
13734.375,-0.1182
13735.840,-0.0193
13737.305,-0.0669
13738.770,-0.1618
13740.234,-0.0498
13741.699,-0.0203
13743.164,-0.0920
13744.629,-0.0745
13746.094,0.0126
13747.559,-0.0203
13749.023,-0.1431
13750.488,-0.0975
13751.953,0.0179
13753.418,-0.0478
13754.883,-0.0770
13756.348,-0.0901
13757.812,-0.0303
13759.277,-0.0869
13760.742,-0.0960
13762.207,-0.1045
13763.672,-0.1012
13765.137,-0.0565
13766.602,-0.0880
13768.066,-0.1292
13769.531,0.0030
13770.996,-0.0061
13772.461,-0.0773
13773.926,-0.0344
13775.391,-0.0632
13776.855,-0.1115
13778.320,-0.1519
13779.785,-0.0904
13781.250,-0.0679
13782.715,-0.0759
13784.180,-0.1083
13785.645,-0.1236
13787.109,-0.0698
13788.574,0.0024
13790.039,-0.0846
13791.504,-0.0623
13792.969,-0.0251
13794.434,-0.0684
13795.898,-0.0887
13797.363,-0.0677
13798.828,-0.0663
13800.293,-0.1015
13801.758,-0.0745
13803.223,-0.1215
13804.688,-0.1447
13806.152,-0.1153
13807.617,-0.0742
13809.082,-0.0250
13810.547,-0.0783
13812.012,-0.0345
13813.477,-0.0647
13814.941,-0.0887
13816.406,-0.0931
13817.871,-0.0287
13819.336,-0.1089
13820.801,-0.1128
13822.266,-0.0602
13823.730,-0.1020
13825.195,-0.1290
13826.660,-0.0841
13828.125,-0.0521
13829.590,-0.0145
13831.055,-0.0629
13832.520,-0.0594
13833.984,-0.0559
13835.449,-0.0656
13836.914,-0.0847
13838.379,-0.1081
13839.844,-0.0930
13841.309,-0.0979
13842.773,-0.1513
13844.238,-0.1271
13845.703,-0.1453
13847.168,-0.0701
13848.633,-0.0697
13850.098,-0.0514
13851.562,-0.0759
13853.027,-0.0864
13854.492,-0.0829
13855.957,-0.0174
13857.422,-0.0606
13858.887,-0.1061
13860.352,-0.1181
13861.816,-0.0570
13863.281,-0.0348
13864.746,-0.0219
13866.211,-0.0141
13867.676,-0.0460
13869.141,-0.0894
13870.605,-0.0434
13872.070,-0.0286
13873.535,-0.0627
13875.000,-0.0385
13876.465,-0.0741
13877.930,-0.0624
13879.395,-0.0852
13880.859,-0.0887
13882.324,-0.0584
13883.789,-0.0662
13885.254,-0.0954
13886.719,-0.0362
13888.184,-0.0318
13889.648,-0.0922
13891.113,-0.1173
13892.578,-0.1134
13894.043,-0.0944
13895.508,-0.1224
13896.973,-0.1045
13898.438,-0.0833
13899.902,-0.0602
13901.367,-0.0641
13902.832,-0.0864
13904.297,-0.1347
13905.762,-0.0962
13907.227,-0.0912
13908.691,-0.0692
13910.156,-0.0807
13911.621,-0.1314
13913.086,-0.0422
13914.551,-0.0650
13916.016,-0.0871
13917.480,-0.0746
13918.945,-0.0375
13920.410,-0.0591
13921.875,-0.0742
13923.340,-0.0789
13924.805,-0.0542
13926.270,-0.0229
13927.734,-0.0508
13929.199,-0.0201
13930.664,-0.0040
13932.129,-0.0842
13933.594,-0.1020
13935.059,-0.1239
13936.523,-0.1120
13937.988,-0.0650
13939.453,-0.0324
13940.918,-0.0307
13942.383,-0.0844
13943.848,-0.0811
13945.312,-0.0410
13946.777,-0.0655
13948.242,-0.0888
13949.707,-0.1074
13951.172,-0.1362
13952.637,-0.1033
13954.102,-0.0411
13955.566,-0.0517
13957.031,-0.1356
13958.496,-0.1212
13959.961,-0.0758
13961.426,-0.0944
13962.891,-0.1056
13964.355,-0.1097
13965.820,-0.1236
13967.285,-0.0662
13968.750,-0.0417
13970.215,-0.1009
13971.680,-0.0886
13973.145,-0.0870
13974.609,-0.0773
13976.074,-0.0542
13977.539,-0.0718
13979.004,-0.0628
13980.469,-0.0162
13981.934,-0.0196
13983.398,-0.0793
13984.863,-0.1019
13986.328,-0.0896
13987.793,-0.0437
13989.258,-0.0491
13990.723,-0.0738
13992.188,-0.0596
13993.652,-0.0357
13995.117,0.0202
13996.582,-0.0175
13998.047,-0.0716
13999.512,-0.1262
14000.977,-0.0830
14002.441,-0.0381
14003.906,-0.0764
14005.371,-0.0859
14006.836,-0.0988
14008.301,-0.1195
14009.766,-0.1033
14011.230,-0.0639
14012.695,-0.0671
14014.160,-0.0752
14015.625,-0.0880
14017.090,-0.0682
14018.555,-0.0500
14020.020,-0.0334
14021.484,-0.0754
14022.949,-0.0918
14024.414,-0.0893
14025.879,-0.1015
14027.344,-0.1046
14028.809,-0.1042
14030.273,-0.1063
14031.738,-0.0982
14033.203,-0.0697
14034.668,-0.0857
14036.133,-0.1073
14037.598,-0.0916
14039.062,-0.0809
14040.527,-0.0378
14041.992,-0.0185
14043.457,-0.0443
14044.922,-0.0826
14046.387,-0.0802
14047.852,-0.0435
14049.316,-0.0361
14050.781,-0.0495
14052.246,-0.0301
14053.711,-0.0179
14055.176,-0.0678
14056.641,-0.0969
14058.105,-0.1055
14059.570,-0.0975
14061.035,-0.0893
14062.500,-0.0667
14063.965,-0.0435
14065.430,-0.0565
14066.895,-0.0894
14068.359,-0.0814
14069.824,-0.0521
14071.289,-0.0204
14072.754,-0.0416
14074.219,-0.0367
14075.684,-0.0227
14077.148,-0.0415
14078.613,-0.0796
14080.078,-0.1120
14081.543,-0.1076
14083.008,-0.0733
14084.473,-0.0401
14085.938,-0.0366
14087.402,-0.0719
14088.867,-0.0835
14090.332,-0.0805
14091.797,-0.0782
14093.262,-0.0824
14094.727,-0.0596
14096.191,-0.0268
14097.656,-0.0369
14099.121,-0.0567
14100.586,-0.0520
14102.051,-0.0606
14103.516,-0.0727
14104.980,-0.0671
14106.445,-0.0800
14107.910,-0.1199
14109.375,-0.1072
14110.840,-0.0871
14112.305,-0.0912
14113.770,-0.0697
14115.234,-0.0509
14116.699,-0.0807
14118.164,-0.1320
14119.629,-0.1330
14121.094,-0.0524
14122.559,-0.0012
14124.023,-0.0625
14125.488,-0.1114
14126.953,-0.1003
14128.418,-0.0674
14129.883,-0.0526
14131.348,-0.0764
14132.812,-0.0824
14134.277,-0.0574
14135.742,-0.0434
14137.207,-0.0481
14138.672,-0.0728
14140.137,-0.0874
14141.602,-0.0797
14143.066,-0.0924
14144.531,-0.0941
14145.996,-0.0458
14147.461,-0.0283
14148.926,-0.0475
14150.391,-0.0708
14151.855,-0.1039
14153.320,-0.1183
14154.785,-0.1015
14156.250,-0.0823
14157.715,-0.0657
14159.180,-0.0574
14160.645,-0.0572
14162.109,-0.0502
14163.574,-0.0537
14165.039,-0.0818
14166.504,-0.0897
14167.969,-0.0698
14169.434,-0.0606
14170.898,-0.0691
14172.363,-0.0827
14173.828,-0.0670
14175.293,-0.0420
14176.758,-0.0352
14178.223,-0.0417
14179.688,-0.0434
14181.152,-0.0452
14182.617,-0.0745
14184.082,-0.0899
14185.547,-0.0877
14187.012,-0.1049
14188.477,-0.1015
14189.941,-0.0472
14191.406,-0.0180
14192.871,-0.0491
14194.336,-0.0766
14195.801,-0.0974
14197.266,-0.1254
14198.730,-0.1094
14200.195,-0.0748
14201.660,-0.0786
14203.125,-0.0935
14204.590,-0.0883
14206.055,-0.0703
14207.520,-0.0723
14208.984,-0.0823
14210.449,-0.0822
14211.914,-0.1077
14213.379,-0.1214
14214.844,-0.1023
14216.309,-0.0953
14217.773,-0.0776
14219.238,-0.0477
14220.703,-0.0370
14222.168,-0.0374
14223.633,-0.0454
14225.098,-0.0633
14226.562,-0.0871
14228.027,-0.0877
14229.492,-0.0682
14230.957,-0.0830
14232.422,-0.1217
14233.887,-0.1323
14235.352,-0.1036
14236.816,-0.0858
14238.281,-0.0875
14239.746,-0.0716
14241.211,-0.0849
14242.676,-0.0954
14244.141,-0.0732
14245.605,-0.0831
14247.070,-0.0839
14248.535,-0.0783
14250.000,-0.0973
14251.465,-0.0985
14252.930,-0.0828
14254.395,-0.0498
14255.859,-0.0120
14257.324,-0.0340
14258.789,-0.0732
14260.254,-0.0749
14261.719,-0.0819
14263.184,-0.0863
14264.648,-0.0630
14266.113,-0.0423
14267.578,-0.0600
14269.043,-0.0840
14270.508,-0.0714
14271.973,-0.0388
14273.438,-0.0454
14274.902,-0.0841
14276.367,-0.0954
14277.832,-0.0769
14279.297,-0.0629
14280.762,-0.0574
14282.227,-0.0803
14283.691,-0.0894
14285.156,-0.0433
14286.621,-0.0322
14288.086,-0.0657
14289.551,-0.0593
14291.016,-0.0453
14292.480,-0.0655
14293.945,-0.0630
14295.410,-0.0544
14296.875,-0.0654
14298.340,-0.0715
14299.805,-0.1066
14301.270,-0.1237
14302.734,-0.1061
14304.199,-0.0646
14305.664,-0.0491
14307.129,-0.0911
14308.594,-0.1176
14310.059,-0.1311
14311.523,-0.1544
14312.988,-0.1592
14314.453,-0.1285
14315.918,-0.0898
14317.383,-0.0745
14318.848,-0.0852
14320.312,-0.0809
14321.777,-0.0622
14323.242,-0.0460
14324.707,-0.0365
14326.172,-0.0257
14327.637,-0.0208
14329.102,-0.0704
14330.566,-0.0982
14332.031,-0.0772
14333.496,-0.0691
14334.961,-0.0911
14336.426,-0.1098
14337.891,-0.1103
14339.355,-0.1144
14340.820,-0.1113
14342.285,-0.0948
14343.750,-0.0837
14345.215,-0.0895
14346.680,-0.1082
14348.145,-0.0924
14349.609,-0.0764
14351.074,-0.0649
14352.539,-0.0564
14354.004,-0.0578
14355.469,-0.0603
14356.934,-0.1025
14358.398,-0.1373
14359.863,-0.1374
14361.328,-0.1030
14362.793,-0.0631
14364.258,-0.0305
14365.723,-0.0496
14367.188,-0.0974
14368.652,-0.1170
14370.117,-0.1028
14371.582,-0.1166
14373.047,-0.1165
14374.512,-0.0685
14375.977,-0.0802
14377.441,-0.0753
14378.906,-0.0729
14380.371,-0.0755
14381.836,-0.0703
14383.301,-0.0700
14384.766,-0.0762
14386.230,-0.0942
14387.695,-0.0525
14389.160,-0.0245
14390.625,-0.0393
14392.090,-0.1020
14393.555,-0.1235
14395.020,-0.1066
14396.484,-0.0605
14397.949,-0.0460
14399.414,-0.0690
14400.879,-0.0467
14402.344,-0.0203
14403.809,-0.0524
14405.273,-0.0511
14406.738,-0.0708
14408.203,-0.0661
14409.668,-0.0308
14411.133,-0.0710
14412.598,-0.0895
14414.062,-0.0398
14415.527,-0.0312
14416.992,-0.0955
14418.457,-0.1051
14419.922,-0.0597
14421.387,-0.0479
14422.852,-0.0607
14424.316,-0.0663
14425.781,-0.0839
14427.246,-0.0987
14428.711,-0.1282
14430.176,-0.1045
14431.641,-0.0479
14433.105,-0.0621
14434.570,-0.0445
14436.035,-0.0777
14437.500,-0.0750
14438.965,-0.0626
14440.430,-0.0713
14441.895,-0.0531
14443.359,-0.0807
14444.824,-0.0672
14446.289,-0.0692
14447.754,-0.0886
14449.219,-0.0917
14450.684,-0.0893
14452.148,-0.1312
14453.613,-0.1256
14455.078,-0.0828
14456.543,-0.0531
14458.008,-0.0088
14459.473,-0.0417
14460.938,-0.0795
14462.402,-0.0649
14463.867,-0.0819
14465.332,-0.0497
14466.797,-0.0528
14468.262,-0.0120
14469.727,0.0130
14471.191,-0.0425
14472.656,-0.0630
14474.121,-0.0347
14475.586,-0.0793
14477.051,-0.1125
14478.516,-0.0523
14479.980,-0.0150
14481.445,-0.0266
14482.910,-0.0752
14484.375,-0.0357
14485.840,-0.0109
14487.305,-0.0850
14488.770,-0.1085
14490.234,-0.0977
14491.699,-0.1328
14493.164,-0.1053
14494.629,-0.0706
14496.094,-0.1120
14497.559,-0.0867
14499.023,-0.1222
14500.488,-0.0990
14501.953,-0.0401
14503.418,0.0120
14504.883,-0.0145
14506.348,-0.0454
14507.812,-0.0922
14509.277,-0.0468
14510.742,-0.0272
14512.207,-0.0450
14513.672,-0.0633
14515.137,-0.0509
14516.602,-0.0594
14518.066,-0.0956
14519.531,-0.0916
14520.996,-0.0888
14522.461,-0.0970
14523.926,-0.0489
14525.391,-0.1318
14526.855,-0.1500
14528.320,-0.0633
14529.785,-0.1063
14531.250,-0.1107
14532.715,-0.0793
14534.180,-0.0929
14535.645,-0.1115
14537.109,-0.1095
14538.574,-0.1297
14540.039,-0.0554
14541.504,-0.0080
14542.969,-0.0555
14544.434,-0.0731
14545.898,-0.0689
14547.363,-0.0508
14548.828,-0.0783
14550.293,-0.0716
14551.758,-0.0659
14553.223,-0.0542
14554.688,-0.1037
14556.152,-0.1277
14557.617,-0.1059
14559.082,-0.0486
14560.547,-0.0456
14562.012,-0.0575
14563.477,-0.0753
14564.941,-0.0566
14566.406,-0.0561
14567.871,-0.1176
14569.336,-0.0592
14570.801,-0.0342
14572.266,-0.1175
14573.730,-0.1019
14575.195,-0.0573
14576.660,-0.0663
14578.125,-0.1181
14579.590,-0.0872
14581.055,-0.0688
14582.520,-0.1214
14583.984,-0.0492
14585.449,-0.0013
14586.914,-0.0276
14588.379,-0.1070
14589.844,-0.0388
14591.309,-0.0596
14592.773,-0.0011
14594.238,0.0293
14595.703,-0.0025
14597.168,-0.0848
14598.633,-0.0785
14600.098,-0.0627
14601.562,-0.0926
14603.027,-0.0741
14604.492,-0.0845
14605.957,-0.1036
14607.422,-0.0831
14608.887,-0.0413
14610.352,-0.0720
14611.816,-0.0623
14613.281,-0.1604
14614.746,-0.0817
14616.211,-0.0250
14617.676,-0.0771
14619.141,-0.0399
14620.605,-0.0370
14622.070,-0.0293
14623.535,-0.0999
14625.000,-0.0665
14626.465,-0.0316
14627.930,-0.0893
14629.395,-0.0555
14630.859,-0.0210
14632.324,-0.0934
14633.789,-0.0645
14635.254,-0.1096
14636.719,-0.1126
14638.184,-0.1133
14639.648,-0.0665
14641.113,-0.0405
14642.578,-0.0623
14644.043,-0.0611
14645.508,0.0013
14646.973,-0.0930
14648.438,-0.0633
14649.902,-0.1178
14651.367,-0.0484
14652.832,-0.0762
14654.297,-0.1011
14655.762,-0.1254
14657.227,-0.0302
14658.691,-0.0571
14660.156,0.0435
14661.621,-0.0581
14663.086,-0.0613
14664.551,0.0159
14666.016,-0.0584
14667.480,-0.0902
14668.945,-0.0638
14670.410,-0.0103
14671.875,-0.1023
14673.340,-0.1010
14674.805,-0.1161
14676.270,-0.0863
14677.734,-0.0987
14679.199,-0.0402
14680.664,-0.0838
14682.129,-0.0948
14683.594,-0.1286
14685.059,-0.0604
14686.523,0.0014
14687.988,-0.0179
14689.453,0.0181
14690.918,-0.0272
14692.383,-0.0510
14693.848,-0.0174
14695.312,-0.0546
14696.777,-0.0044
14698.242,0.0154
14699.707,-0.0882
14701.172,-0.1180
14702.637,-0.1119
14704.102,-0.1170
14705.566,-0.0571
14707.031,-0.0005
14708.496,-0.0964
14709.961,-0.0854
14711.426,-0.0697
14712.891,-0.0973
14714.355,-0.0545
14715.820,-0.0173
14717.285,-0.0317
14718.750,-0.1122
14720.215,-0.0977
14721.680,-0.1616
14723.145,-0.1400
14724.609,-0.1339
14726.074,-0.0628
14727.539,-0.0949
14729.004,0.0165
14730.469,-0.0566
14731.934,-0.0554
14733.398,-0.0943
14734.863,-0.0504
14736.328,-0.0980
14737.793,-0.1160
14739.258,-0.0581
14740.723,-0.0497
14742.188,-0.0344
14743.652,-0.0098
14745.117,-0.0695
14746.582,-0.0502
14748.047,0.0481
14749.512,0.0184
14750.977,-0.0326
14752.441,-0.0362
14753.906,-0.0602
14755.371,-0.0510
14756.836,-0.1041
14758.301,-0.0224
14759.766,-0.0734
14761.230,-0.0906
14762.695,-0.0517
14764.160,-0.0812
14765.625,-0.0776
14767.090,-0.1421
14768.555,-0.1062
14770.020,-0.0272
14771.484,-0.0799
14772.949,-0.0681
14774.414,-0.1097
14775.879,-0.0638
14777.344,-0.1452
14778.809,-0.0870
14780.273,-0.0672
14781.738,-0.1027
14783.203,-0.0364
14784.668,-0.0428
14786.133,-0.0928
14787.598,-0.1366
14789.062,0.0041
14790.527,-0.0579
14791.992,-0.1513
14793.457,-0.0460
14794.922,-0.1078
14796.387,-0.1206
14797.852,-0.0604
14799.316,-0.1077
14800.781,-0.1418
14802.246,-0.0271
14803.711,-0.1019
14805.176,-0.0298
14806.641,-0.1458
14808.105,-0.0927
14809.570,-0.1320
14811.035,-0.0857
14812.500,-0.0585
14813.965,-0.0878
14815.430,-0.0421
14816.895,-0.0534
14818.359,-0.0996
14819.824,-0.1547
14821.289,-0.0692
14822.754,-0.0337
14824.219,-0.0401
14825.684,-0.0578
14827.148,-0.0557
14828.613,-0.0331
14830.078,-0.0567
14831.543,-0.0818
14833.008,-0.0420
14834.473,-0.1047
14835.938,-0.0724
14837.402,-0.0958
14838.867,0.0007
14840.332,-0.1122
14841.797,-0.1202
14843.262,-0.0504
14844.727,-0.0798
14846.191,-0.1026
14847.656,-0.0789
14849.121,0.0018
14850.586,-0.0813
14852.051,-0.0369
14853.516,-0.0803
14854.980,-0.0336
14856.445,-0.0532
14857.910,-0.0687
14859.375,-0.0200
14860.840,-0.0746
14862.305,-0.0846
14863.770,-0.0737
14865.234,-0.0303
14866.699,-0.0544
14868.164,-0.0875
14869.629,-0.1493
14871.094,-0.1068
14872.559,-0.0677
14874.023,-0.0773
14875.488,-0.0669
14876.953,-0.1473
14878.418,-0.0097
14879.883,-0.0574
14881.348,-0.0932
14882.812,-0.1266
14884.277,-0.0484
14885.742,-0.0760
14887.207,-0.0552
14888.672,-0.0410
14890.137,-0.1551
14891.602,-0.0905
14893.066,-0.1173
14894.531,-0.1412
14895.996,-0.1059
14897.461,0.0459
14898.926,-0.1081
14900.391,-0.0829
14901.855,-0.0877
14903.320,-0.1130
14904.785,-0.0730
14906.250,-0.0394
14907.715,-0.0848
14909.180,-0.0907
14910.645,-0.0294
14912.109,-0.0655
14913.574,-0.1071
14915.039,-0.0285
14916.504,-0.0405
14917.969,-0.0622
14919.434,-0.0510
14920.898,-0.0975
14922.363,-0.0691
14923.828,-0.0936
14925.293,-0.1513
14926.758,-0.1819
14928.223,-0.1574
14929.688,-0.0757
14931.152,-0.0407
14932.617,-0.1332
14934.082,-0.1463
14935.547,-0.0951
14937.012,-0.0837
14938.477,-0.0735
14939.941,-0.0406
14941.406,-0.0515
14942.871,-0.1307
14944.336,-0.1034
14945.801,-0.0158
14947.266,-0.0056
14948.730,-0.0749
14950.195,-0.0444
14951.660,-0.0995
14953.125,-0.0923
14954.590,-0.1156
14956.055,-0.1284
14957.520,-0.1190
14958.984,-0.0418
14960.449,-0.0732
14961.914,-0.0634
14963.379,-0.0234
14964.844,-0.0484
14966.309,-0.0194
14967.773,-0.0529
14969.238,-0.0694
14970.703,0.0080
14972.168,-0.0551
14973.633,-0.0601
14975.098,-0.0945
14976.562,-0.0947
14978.027,-0.1496
14979.492,-0.1444
14980.957,-0.0402
14982.422,-0.0743
14983.887,-0.0802
14985.352,-0.0491
14986.816,-0.0251
14988.281,-0.0928
14989.746,-0.0938
14991.211,-0.0658
14992.676,-0.0656
14994.141,-0.0509
14995.605,-0.0570
14997.070,-0.1051
14998.535,-0.1238
15000.000,-0.0451
15001.465,-0.0616
15002.930,-0.0714
15004.395,-0.0301
15005.859,-0.0657
15007.324,-0.0158
15008.789,-0.0819
15010.254,-0.0663
15011.719,-0.1049
15013.184,-0.1331
15014.648,-0.0696
15016.113,-0.0979
15017.578,-0.0840
15019.043,-0.0865
15020.508,-0.0319
15021.973,-0.0725
15023.438,-0.1158
15024.902,-0.0680
15026.367,-0.0768
15027.832,-0.0677
15029.297,-0.0621
15030.762,-0.0387
15032.227,0.0053
15033.691,-0.0104
15035.156,-0.0691
15036.621,-0.1060
15038.086,-0.0553
15039.551,-0.1119
15041.016,-0.0930
15042.480,-0.0451
15043.945,-0.0910
15045.410,-0.1345
15046.875,-0.1374
15048.340,-0.0306
15049.805,-0.0383
15051.270,-0.0312
15052.734,-0.1187
15054.199,-0.1123
15055.664,-0.0780
15057.129,-0.0570
15058.594,-0.1005
15060.059,-0.0918
15061.523,-0.0936
15062.988,-0.0722
15064.453,-0.0950
15065.918,-0.1047
15067.383,-0.0542
15068.848,-0.0487
15070.312,-0.0983
15071.777,-0.1387
15073.242,-0.0281
15074.707,-0.0375
15076.172,-0.0054
15077.637,-0.0794
15079.102,-0.0891
15080.566,-0.0763
15082.031,-0.0538
15083.496,-0.0599
15084.961,-0.0758
15086.426,-0.0662
15087.891,-0.0616
15089.355,-0.0340
15090.820,-0.0968
15092.285,-0.1227
15093.750,-0.0986
15095.215,-0.1079
15096.680,-0.0544
15098.145,-0.0174
15099.609,-0.0656
15101.074,-0.0492
15102.539,-0.0402
15104.004,-0.0868
15105.469,-0.1240
15106.934,-0.0711
15108.398,-0.0644
15109.863,-0.0520
15111.328,-0.0510
15112.793,-0.0279
15114.258,-0.0236
15115.723,-0.0461
15117.188,-0.0723
15118.652,-0.0854
15120.117,-0.0709
15121.582,-0.0682
15123.047,-0.0533
15124.512,-0.0459
15125.977,-0.0252
15127.441,-0.0844
15128.906,-0.1149
15130.371,-0.0932
15131.836,-0.0511
15133.301,-0.0955
15134.766,-0.0825
15136.230,-0.0156
15137.695,-0.0178
15139.160,-0.0216
15140.625,-0.0458
15142.090,-0.0673
15143.555,-0.0825
15145.020,-0.1022
15146.484,-0.0367
15147.949,0.0097
15149.414,0.0029
15150.879,-0.0551
15152.344,-0.0907
15153.809,-0.0529
15155.273,-0.0644
15156.738,-0.1498
15158.203,-0.1586
15159.668,-0.0776
15161.133,-0.0666
15162.598,-0.0582
15164.062,-0.0437
15165.527,-0.0523
15166.992,-0.0454
15168.457,-0.0629
15169.922,-0.1188
15171.387,-0.1106
15172.852,-0.0669
15174.316,-0.0926
15175.781,-0.0996
15177.246,-0.0981
15178.711,-0.0827
15180.176,-0.0367
15181.641,-0.0340
15183.105,-0.0561
15184.570,-0.0655
15186.035,-0.1143
15187.500,-0.0669
15188.965,-0.0680
15190.430,-0.1031
15191.895,-0.0782
15193.359,-0.0238
15194.824,-0.0631
15196.289,-0.0589
15197.754,-0.0156
15199.219,-0.0358
15200.684,-0.0363
15202.148,-0.0422
15203.613,-0.1066
15205.078,-0.1161
15206.543,-0.0862
15208.008,-0.0337
15209.473,-0.0309
15210.938,-0.0808
15212.402,-0.1075
15213.867,-0.0695
15215.332,-0.0341
15216.797,-0.0284
15218.262,-0.0618
15219.727,-0.0899
15221.191,-0.1106
15222.656,-0.1081
15224.121,-0.0834
15225.586,-0.0732
15227.051,-0.0451
15228.516,-0.0854
15229.980,-0.0460
15231.445,0.0210
15232.910,-0.0084
15234.375,-0.0682
15235.840,-0.0667
15237.305,-0.0350
15238.770,-0.0018
15240.234,-0.0235
15241.699,-0.0434
15243.164,-0.0506
15244.629,-0.0528
15246.094,-0.0562
15247.559,-0.0778
15249.023,-0.0682
15250.488,-0.0182
15251.953,-0.0107
15253.418,-0.0232
15254.883,-0.0451
15256.348,-0.0772
15257.812,-0.0798
15259.277,-0.0724
15260.742,-0.0241
15262.207,0.0052
15263.672,-0.0558
15265.137,-0.0943
15266.602,-0.0610
15268.066,-0.0093
15269.531,-0.0481
15270.996,-0.1039
15272.461,-0.0679
15273.926,-0.0435
15275.391,-0.0698
15276.855,-0.0702
15278.320,-0.0396
15279.785,-0.0598
15281.250,-0.1009
15282.715,-0.1019
15284.180,-0.0985
15285.645,-0.0975
15287.109,-0.0789
15288.574,-0.0795
15290.039,-0.0872
15291.504,-0.0601
15292.969,-0.0366
15294.434,-0.0419
15295.898,-0.0329
15297.363,-0.0406
15298.828,-0.0659
15300.293,-0.0651
15301.758,-0.0562
15303.223,-0.0864
15304.688,-0.0746
15306.152,-0.0422
15307.617,-0.0682
15309.082,-0.1021
15310.547,-0.0747
15312.012,-0.0598
15313.477,-0.0921
15314.941,-0.0649
15316.406,-0.0340
15317.871,-0.0563
15319.336,-0.0867
15320.801,-0.1085
15322.266,-0.1298
15323.730,-0.1344
15325.195,-0.1064
15326.660,-0.0820
15328.125,-0.0942
15329.590,-0.1118
15331.055,-0.1233
15332.520,-0.1467
15333.984,-0.1536
15335.449,-0.1016
15336.914,-0.0396
15338.379,-0.0373
15339.844,-0.0519
15341.309,-0.0495
15342.773,-0.0427
15344.238,-0.0507
15345.703,-0.0606
15347.168,-0.0485
15348.633,-0.0661
15350.098,-0.0865
15351.562,-0.0896
15353.027,-0.1052
15354.492,-0.1060
15355.957,-0.0838
15357.422,-0.0698
15358.887,-0.0773
15360.352,-0.0625
15361.816,-0.0312
15363.281,-0.0350
15364.746,-0.0354
15366.211,-0.0189
15367.676,-0.0304
15369.141,-0.0474
15370.605,-0.0589
15372.070,-0.0915
15373.535,-0.1156
15375.000,-0.0946
15376.465,-0.0499
15377.930,-0.0056
15379.395,-0.0039
15380.859,-0.0684
15382.324,-0.1172
15383.789,-0.1005
15385.254,-0.0624
15386.719,-0.0547
15388.184,-0.0870
15389.648,-0.0898
15391.113,-0.0731
15392.578,-0.0928
15394.043,-0.1199
15395.508,-0.1097
15396.973,-0.0550
15398.438,-0.0223
15399.902,-0.0529
15401.367,-0.0880
15402.832,-0.0972
15404.297,-0.0744
15405.762,-0.0517
15407.227,-0.0659
15408.691,-0.0906
15410.156,-0.1074
15411.621,-0.0996
15413.086,-0.0902
15414.551,-0.1033
15416.016,-0.1121
15417.480,-0.0906
15418.945,-0.0603
15420.410,-0.0652
15421.875,-0.0781
15423.340,-0.0757
15424.805,-0.0717
15426.270,-0.0796
15427.734,-0.0877
15429.199,-0.0683
15430.664,-0.0483
15432.129,-0.0463
15433.594,-0.0496
15435.059,-0.0538
15436.523,-0.0737
15437.988,-0.0919
15439.453,-0.1108
15440.918,-0.1106
15442.383,-0.0640
15443.848,-0.0554
15445.312,-0.1006
15446.777,-0.1323
15448.242,-0.1364
15449.707,-0.0994
15451.172,-0.0633
15452.637,-0.0889
15454.102,-0.1187
15455.566,-0.0933
15457.031,-0.0459
15458.496,-0.0481
15459.961,-0.0668
15461.426,-0.0519
15462.891,-0.0501
15464.355,-0.0796
15465.820,-0.0825
15467.285,-0.0637
15468.750,-0.0695
15470.215,-0.0647
15471.680,-0.0717
15473.145,-0.0897
15474.609,-0.0909
15476.074,-0.0915
15477.539,-0.0875
15479.004,-0.0975
15480.469,-0.1040
15481.934,-0.0716
15483.398,-0.0695
15484.863,-0.1280
15486.328,-0.1442
15487.793,-0.0923
15489.258,-0.0566
15490.723,-0.0706
15492.188,-0.0944
15493.652,-0.0960
15495.117,-0.0597
15496.582,-0.0449
15498.047,-0.0560
15499.512,-0.0555
15500.977,-0.0833
15502.441,-0.1018
15503.906,-0.1030
15505.371,-0.0940
15506.836,-0.0914
15508.301,-0.1012
15509.766,-0.0696
15511.230,-0.0402
15512.695,-0.0520
15514.160,-0.0738
15515.625,-0.0577
15517.090,-0.0361
15518.555,-0.0725
15520.020,-0.1068
15521.484,-0.0927
15522.949,-0.0657
15524.414,-0.0604
15525.879,-0.0445
15527.344,-0.0479
15528.809,-0.0851
15530.273,-0.0899
15531.738,-0.0599
15533.203,-0.0652
15534.668,-0.0560
15536.133,-0.0513
15537.598,-0.0701
15539.062,-0.0830
15540.527,-0.0788
15541.992,-0.0410
15543.457,-0.0434
15544.922,-0.0606
15546.387,-0.0481
15547.852,-0.0580
15549.316,-0.0398
15550.781,-0.0157
15552.246,-0.0424
15553.711,-0.0417
15555.176,-0.0542
15556.641,-0.0568
15558.105,-0.0604
15559.570,-0.0958
15561.035,-0.0937
15562.500,-0.0737
15563.965,-0.0813
15565.430,-0.1025
15566.895,-0.1045
15568.359,-0.0869
15569.824,-0.1089
15571.289,-0.1156
15572.754,-0.0909
15574.219,-0.0601
15575.684,-0.0287
15577.148,-0.0471
15578.613,-0.0617
15580.078,-0.0782
15581.543,-0.0737
15583.008,-0.0825
15584.473,-0.0617
15585.938,-0.0103
15587.402,-0.0227
15588.867,-0.0622
15590.332,-0.0870
15591.797,-0.0942
15593.262,-0.1099
15594.727,-0.0937
15596.191,-0.0491
15597.656,-0.0044
15599.121,-0.0180
15600.586,-0.0555
15602.051,-0.0734
15603.516,-0.0221
15604.980,0.0185
15606.445,-0.0637
15607.910,-0.0860
15609.375,-0.0598
15610.840,-0.0550
15612.305,-0.0225
15613.770,-0.0084
15615.234,-0.0169
15616.699,-0.0176
15618.164,-0.0658
15619.629,-0.0647
15621.094,-0.0335
15622.559,-0.0057
15624.023,-0.0421
15625.488,-0.0997
15626.953,-0.0868
15628.418,-0.0652
15629.883,-0.0745
15631.348,-0.0878
15632.812,-0.0429
15634.277,-0.0454
15635.742,-0.0345
15637.207,-0.0354
15638.672,-0.0207
15640.137,-0.0164
15641.602,-0.0437
15643.066,-0.0795
15644.531,-0.1131
15645.996,-0.0908
15647.461,-0.0410
15648.926,-0.0819
15650.391,-0.1172
15651.855,-0.1183
15653.320,-0.0453
15654.785,-0.0368
15656.250,-0.0418
15657.715,-0.0380
15659.180,-0.0967
15660.645,-0.1287
15662.109,-0.1141
15663.574,-0.1120
15665.039,-0.1403
15666.504,-0.1168
15667.969,-0.0746
15669.434,-0.0576
15670.898,-0.0645
15672.363,-0.1115
15673.828,-0.0778
15675.293,0.0175
15676.758,-0.0244
15678.223,-0.0419
15679.688,-0.0575
15681.152,-0.0441
15682.617,-0.0246
15684.082,-0.0010
15685.547,-0.0420
15687.012,-0.0889
15688.477,-0.0972
15689.941,-0.0949
15691.406,-0.0626
15692.871,-0.0539
15694.336,-0.0511
15695.801,-0.0756
15697.266,-0.0924
15698.730,-0.0707
15700.195,-0.0755
15701.660,-0.0630
15703.125,-0.0625
15704.590,-0.0387
15706.055,-0.0210
15707.520,-0.0495
15708.984,-0.0533
15710.449,-0.0494
15711.914,-0.0987
15713.379,-0.1331
15714.844,-0.1587
15716.309,-0.1110
15717.773,-0.0757
15719.238,-0.0371
15720.703,-0.0279
15722.168,-0.0832
15723.633,-0.0895
15725.098,-0.0934
15726.562,-0.0795
15728.027,-0.0980
15729.492,-0.0541
15730.957,-0.0471
15732.422,-0.0888
15733.887,-0.1096
15735.352,-0.1564
15736.816,-0.0527
15738.281,-0.0662
15739.746,-0.1263
15741.211,-0.0915
15742.676,-0.0851
15744.141,-0.0543
15745.605,-0.0595
15747.070,-0.0422
15748.535,-0.0188
15750.000,-0.0449
15751.465,-0.0810
15752.930,-0.0828
15754.395,-0.0726
15755.859,-0.0889
15757.324,-0.0481
15758.789,-0.0501
15760.254,-0.0928
15761.719,-0.1053
15763.184,-0.0939
15764.648,-0.0835
15766.113,-0.0661
15767.578,-0.1000
15769.043,-0.1231
15770.508,-0.1168
15771.973,-0.1250
15773.438,-0.1274
15774.902,-0.0883
15776.367,-0.0299
15777.832,-0.0865
15779.297,-0.1255
15780.762,-0.1395
15782.227,-0.0581
15783.691,-0.0278
15785.156,-0.0870
15786.621,-0.1285
15788.086,-0.0701
15789.551,-0.0483
15791.016,-0.0647
15792.480,-0.0432
15793.945,-0.0460
15795.410,-0.0510
15796.875,-0.0669
15798.340,-0.0721
15799.805,-0.1018
15801.270,-0.0691
15802.734,-0.0270
15804.199,-0.0280
15805.664,-0.1105
15807.129,-0.1133
15808.594,-0.0578
15810.059,-0.0831
15811.523,-0.0507
15812.988,-0.0812
15814.453,-0.0661
15815.918,-0.1216
15817.383,-0.1166
15818.848,-0.0270
15820.312,-0.0880
15821.777,-0.0634
15823.242,0.0091
15824.707,0.0125
15826.172,-0.0218
15827.637,-0.0749
15829.102,-0.0751
15830.566,-0.1250
15832.031,-0.0771
15833.496,-0.1119
15834.961,-0.1335
15836.426,-0.0572
15837.891,-0.0176
15839.355,-0.0625
15840.820,-0.1296
15842.285,-0.0809
15843.750,-0.0263
15845.215,-0.0497
15846.680,-0.0467
15848.145,-0.0809
15849.609,-0.0945
15851.074,-0.0700
15852.539,-0.0598
15854.004,0.0235
15855.469,-0.1155
15856.934,-0.1021
15858.398,-0.0456
15859.863,-0.0205
15861.328,-0.0636
15862.793,-0.0781
15864.258,-0.0655
15865.723,-0.0765
15867.188,-0.0564
15868.652,-0.0771
15870.117,-0.0168
15871.582,-0.0293
15873.047,-0.0646
15874.512,-0.0880
15875.977,-0.1023
15877.441,-0.0797
15878.906,-0.0784
15880.371,-0.0656
15881.836,-0.0887
15883.301,-0.0926
15884.766,-0.1126
15886.230,-0.0775
15887.695,-0.0943
15889.160,-0.1705
15890.625,-0.1538
15892.090,-0.1013
15893.555,-0.0201
15895.020,-0.0857
15896.484,-0.0535
15897.949,-0.0405
15899.414,-0.0465
15900.879,-0.0668
15902.344,-0.0605
15903.809,-0.0617
15905.273,-0.0670
15906.738,-0.0622
15908.203,-0.0941
15909.668,-0.0588
15911.133,-0.0826
15912.598,-0.0500
15914.062,-0.0308
15915.527,-0.0783
15916.992,-0.0819
15918.457,-0.0438
15919.922,0.0062
15921.387,-0.0726
15922.852,-0.1788
15924.316,-0.1200
15925.781,-0.0561
15927.246,-0.0388
15928.711,-0.0977
15930.176,-0.0929
15931.641,0.0533
15933.105,0.0098
15934.570,-0.1070
15936.035,-0.0791
15937.500,-0.0632
15938.965,-0.0319
15940.430,-0.0545
15941.895,-0.0326
15943.359,-0.0251
15944.824,-0.0549
15946.289,-0.0143
15947.754,-0.0627
15949.219,-0.1374
15950.684,-0.1828
15952.148,-0.1233
15953.613,-0.0385
15955.078,0.0243
15956.543,-0.0198
15958.008,-0.0294
15959.473,-0.1066
15960.938,-0.1672
15962.402,0.0519
15963.867,-0.0532
15965.332,-0.1397
15966.797,-0.1183
15968.262,-0.1555
15969.727,-0.0745
15971.191,-0.1020
15972.656,-0.0915
15974.121,-0.0667
15975.586,-0.0726
15977.051,-0.0697
15978.516,-0.0777
15979.980,-0.0796
15981.445,-0.0894
15982.910,-0.0794
15984.375,-0.0076
15985.840,-0.1264
15987.305,-0.0163
15988.770,-0.1579
15990.234,-0.0609
15991.699,-0.0784
15993.164,-0.0942
15994.629,-0.0870
15996.094,-0.0916
15997.559,-0.0608
15999.023,-0.1179
16000.488,-0.0551
16001.953,-0.0871
16003.418,-0.0826
16004.883,-0.0229
16006.348,-0.0441
16007.812,-0.1832
16009.277,-0.0288
16010.742,-0.0902
16012.207,-0.1521
16013.672,-0.1482
16015.137,-0.1002
16016.602,-0.0648
16018.066,-0.0664
16019.531,-0.0840
16020.996,-0.1140
16022.461,-0.0494
16023.926,-0.0854
16025.391,-0.0871
16026.855,-0.0548
16028.320,-0.0941
16029.785,-0.1181
16031.250,-0.0903
16032.715,-0.1028
16034.180,-0.1032
16035.645,-0.1232
16037.109,0.0122
16038.574,-0.0913
16040.039,-0.0985
16041.504,-0.0187
16042.969,-0.0315
16044.434,-0.0872
16045.898,-0.1185
16047.363,-0.0884
16048.828,-0.1206
16050.293,-0.1099
16051.758,-0.0187
16053.223,-0.0260
16054.688,-0.0562
16056.152,-0.1552
16057.617,-0.0810
16059.082,-0.0198
16060.547,-0.0602
16062.012,-0.1587
16063.477,-0.0145
16064.941,-0.0530
16066.406,-0.1757
16067.871,-0.1263
16069.336,-0.1286
16070.801,-0.0538
16072.266,-0.0254
16073.730,-0.1014
16075.195,-0.1500
16076.660,-0.0611
16078.125,-0.1308
16079.590,-0.1512
16081.055,-0.0342
16082.520,0.0145
16083.984,-0.1336
16085.449,-0.0776
16086.914,-0.0376
16088.379,-0.0344
16089.844,-0.0673
16091.309,-0.0207
16092.773,-0.0343
16094.238,-0.1341
16095.703,-0.0288
16097.168,0.0032
16098.633,-0.0357
16100.098,-0.0394
16101.562,-0.1707
16103.027,-0.1201
16104.492,-0.1027
16105.957,-0.0737
16107.422,-0.0546
16108.887,-0.1197
16110.352,-0.1565
16111.816,-0.1684
16113.281,-0.1750
16114.746,-0.0771
16116.211,-0.0831
16117.676,-0.1467
16119.141,-0.1065
16120.605,-0.1371
16122.070,-0.0775
16123.535,-0.1507
16125.000,-0.0903
16126.465,-0.0420
16127.930,0.0195
16129.395,-0.0557
16130.859,-0.1218
16132.324,-0.0352
16133.789,-0.0592
16135.254,-0.0627
16136.719,-0.0991
16138.184,-0.1332
16139.648,-0.0809
16141.113,-0.0413
16142.578,-0.1743
16144.043,-0.1222
16145.508,-0.0781
16146.973,-0.1315
16148.438,-0.0413
16149.902,-0.0837
16151.367,-0.0955
16152.832,-0.0202
16154.297,-0.0815
16155.762,-0.1562
16157.227,-0.1495
16158.691,-0.1275
16160.156,-0.0302
16161.621,-0.1111
16163.086,-0.0765
16164.551,-0.0065
16166.016,-0.0786
16167.480,-0.1567
16168.945,-0.0491
16170.410,-0.1780
16171.875,-0.1190
16173.340,-0.0910
16174.805,-0.1012
16176.270,-0.1026
16177.734,-0.0334
16179.199,-0.0411
16180.664,-0.0929
16182.129,-0.0198
16183.594,-0.0584
16185.059,-0.0920
16186.523,-0.0284
16187.988,-0.0782
16189.453,-0.1040
16190.918,-0.0504
16192.383,-0.1067
16193.848,-0.0776
16195.312,-0.0984
16196.777,-0.0935
16198.242,-0.0883
16199.707,-0.1010
16201.172,-0.0669
16202.637,-0.1433
16204.102,-0.0919
16205.566,-0.0356
16207.031,-0.1028
16208.496,-0.1194
16209.961,-0.0919
16211.426,-0.1983
16212.891,-0.1091
16214.355,-0.0818
16215.820,-0.2031
16217.285,-0.1571
16218.750,-0.0868
16220.215,-0.0736
16221.680,-0.0912
16223.145,-0.1254
16224.609,-0.0698
16226.074,-0.0979
16227.539,-0.0451
16229.004,-0.1061
16230.469,-0.0536
16231.934,-0.0775
16233.398,-0.0429
16234.863,-0.0640
16236.328,-0.1046
16237.793,-0.0852
16239.258,-0.0482
16240.723,-0.1142
16242.188,-0.0992
16243.652,-0.0443
16245.117,-0.0874
16246.582,-0.0630
16248.047,-0.0359
16249.512,-0.0898
16250.977,-0.0827
16252.441,-0.0950
16253.906,-0.0670
16255.371,-0.0763
16256.836,-0.0899
16258.301,-0.0468
16259.766,-0.0904
16261.230,-0.0946
16262.695,-0.1073
16264.160,-0.0163
16265.625,0.0077
16267.090,-0.0785
16268.555,-0.0846
16270.020,-0.1305
16271.484,-0.1404
16272.949,-0.1427
16274.414,-0.1169
16275.879,-0.1553
16277.344,-0.1532
16278.809,-0.0508
16280.273,-0.1284
16281.738,-0.1096
16283.203,0.0014
16284.668,-0.0297
16286.133,-0.1029
16287.598,-0.1219
16289.062,-0.1265
16290.527,-0.0349
16291.992,-0.0754
16293.457,-0.0781
16294.922,-0.0904
16296.387,-0.0822
16297.852,-0.0569
16299.316,-0.1288
16300.781,-0.1248
16302.246,-0.1109
16303.711,-0.1075
16305.176,-0.0760
16306.641,-0.1242
16308.105,-0.1118
16309.570,-0.0947
16311.035,-0.1180
16312.500,-0.1334
16313.965,-0.0309
16315.430,0.0027
16316.895,-0.0094
16318.359,-0.0698
16319.824,-0.0866
16321.289,-0.0906
16322.754,-0.1297
16324.219,-0.0792
16325.684,-0.1138
16327.148,-0.0720
16328.613,0.0123
16330.078,-0.0693
16331.543,-0.1025
16333.008,-0.1310
16334.473,-0.0320
16335.938,-0.0833
16337.402,-0.0973
16338.867,-0.0743
16340.332,-0.0982
16341.797,-0.0679
16343.262,-0.0808
16344.727,-0.0574
16346.191,-0.1111
16347.656,-0.1086
16349.121,-0.0447
16350.586,-0.1200
16352.051,-0.0623
16353.516,-0.0684
16354.980,-0.1106
16356.445,-0.1751
16357.910,-0.0709
16359.375,-0.0126
16360.840,-0.0395
16362.305,-0.0402
16363.770,-0.0604
16365.234,-0.0764
16366.699,-0.0510
16368.164,-0.0500
16369.629,-0.0694
16371.094,-0.1207
16372.559,-0.1304
16374.023,-0.0698
16375.488,-0.0760
16376.953,-0.1041
16378.418,-0.0664
16379.883,-0.0453
16381.348,-0.1125
16382.812,-0.0865
16384.277,-0.0834
16385.742,-0.1171
16387.207,-0.1092
16388.672,-0.1124
16390.137,-0.1066
16391.602,-0.0950
16393.066,-0.0861
16394.531,-0.0388
16395.996,-0.0802
16397.461,-0.0746
16398.926,-0.0529
16400.391,-0.1064
16401.855,-0.0876
16403.320,-0.0689
16404.785,-0.0342
16406.250,-0.0582
16407.715,-0.1230
16409.180,-0.1179
16410.645,-0.0740
16412.109,-0.1014
16413.574,-0.1655
16415.039,-0.1722
16416.504,-0.0814
16417.969,-0.0608
16419.434,-0.0652
16420.898,-0.0735
16422.363,-0.0788
16423.828,-0.0489
16425.293,-0.0652
16426.758,-0.0536
16428.223,-0.0543
16429.688,-0.0461
16431.152,-0.0818
16432.617,-0.1360
16434.082,-0.1440
16435.547,-0.1203
16437.012,-0.0771
16438.477,-0.0697
16439.941,-0.0984
16441.406,-0.0913
16442.871,-0.0600
16444.336,-0.0538
16445.801,-0.0808
16447.266,-0.1180
16448.730,-0.1223
16450.195,-0.1270
16451.660,-0.1502
16453.125,-0.1208
16454.590,-0.1453
16456.055,-0.1239
16457.520,-0.0827
16458.984,-0.1191
16460.449,-0.1358
16461.914,-0.1353
16463.379,-0.1159
16464.844,-0.0751
16466.309,-0.0455
16467.773,-0.0631
16469.238,-0.1104
16470.703,-0.1552
16472.168,-0.1394
16473.633,-0.0917
16475.098,-0.0731
16476.562,-0.0598
16478.027,-0.0630
16479.492,-0.0725
16480.957,-0.0961
16482.422,-0.0743
16483.887,-0.0499
16485.352,-0.0396
16486.816,-0.0335
16488.281,-0.0519
16489.746,-0.1119
16491.211,-0.1060
16492.676,-0.0659
16494.141,-0.0841
16495.605,-0.0882
16497.070,-0.0381
16498.535,-0.0480
16500.000,-0.0618
16501.465,-0.0571
16502.930,-0.0589
16504.395,-0.0653
16505.859,-0.0807
16507.324,-0.1066
16508.789,-0.1115
16510.254,-0.0885
16511.719,-0.0505
16513.184,-0.0303
16514.648,-0.0473
16516.113,-0.0831
16517.578,-0.1077
16519.043,-0.0693
16520.508,-0.0453
16521.973,-0.0855
16523.438,-0.1058
16524.902,-0.0757
16526.367,-0.0579
16527.832,-0.0866
16529.297,-0.0809
16530.762,-0.0476
16532.227,-0.0497
16533.691,-0.0667
16535.156,-0.0496
16536.621,-0.0475
16538.086,-0.0593
16539.551,-0.0767
16541.016,-0.1382
16542.480,-0.1219
16543.945,-0.1241
16545.410,-0.1143
16546.875,-0.0702
16548.340,-0.0619
16549.805,-0.0902
16551.270,-0.0871
16552.734,-0.0698
16554.199,-0.1117
16555.664,-0.1161
16557.129,-0.0534
16558.594,-0.0364
16560.059,-0.0563
16561.523,-0.0578
16562.988,-0.0747
16564.453,-0.0762
16565.918,-0.0652
16567.383,-0.0671
16568.848,-0.0579
16570.312,-0.0450
16571.777,-0.0499
16573.242,-0.0794
16574.707,-0.1089
16576.172,-0.1054
16577.637,-0.1434
16579.102,-0.1116
16580.566,-0.0792
16582.031,-0.0721
16583.496,-0.0548
16584.961,-0.0737
16586.426,-0.0720
16587.891,-0.0924
16589.355,-0.1069
16590.820,-0.0650
16592.285,-0.0503
16593.750,-0.0828
16595.215,-0.1063
16596.680,-0.0972
16598.145,-0.1021
16599.609,-0.0931
16601.074,-0.0707
16602.539,-0.0938
16604.004,-0.0965
16605.469,-0.0552
16606.934,-0.0379
16608.398,-0.0621
16609.863,-0.0811
16611.328,-0.0434
16612.793,-0.0263
16614.258,-0.0658
16615.723,-0.0705
16617.188,-0.0701
16618.652,-0.0674
16620.117,-0.0551
16621.582,-0.0589
16623.047,-0.0860
16624.512,-0.0797
16625.977,-0.0471
16627.441,-0.0676
16628.906,-0.0885
16630.371,-0.0971
16631.836,-0.1295
16633.301,-0.1002
16634.766,-0.0550
16636.230,-0.0784
16637.695,-0.1036
16639.160,-0.1037
16640.625,-0.1112
16642.090,-0.0937
16643.555,-0.0728
16645.020,-0.0649
16646.484,-0.0700
16647.949,-0.0641
16649.414,-0.0503
16650.879,-0.0516
16652.344,-0.0516
16653.809,-0.0401
16655.273,-0.0373
16656.738,-0.0369
16658.203,-0.0503
16659.668,-0.0863
16661.133,-0.0941
16662.598,-0.0676
16664.062,-0.0488
16665.527,-0.0580
16666.992,-0.0594
16668.457,-0.0615
16669.922,-0.0704
16671.387,-0.0602
16672.852,-0.0556
16674.316,-0.0484
16675.781,-0.0489
16677.246,-0.0706
16678.711,-0.1069
16680.176,-0.1149
16681.641,-0.0825
16683.105,-0.0708
16684.570,-0.0918
16686.035,-0.0983
16687.500,-0.0775
16688.965,-0.0843
16690.430,-0.0970
16691.895,-0.1059
16693.359,-0.0996
16694.824,-0.0592
16696.289,-0.0585
16697.754,-0.0668
16699.219,-0.0481
16700.684,-0.0411
16702.148,-0.0769
16703.613,-0.0977
16705.078,-0.0719
16706.543,-0.0675
16708.008,-0.0865
16709.473,-0.0692
16710.938,-0.0381
16712.402,-0.0779
16713.867,-0.1265
16715.332,-0.1063
16716.797,-0.0593
16718.262,-0.0488
16719.727,-0.0524
16721.191,-0.0421
16722.656,-0.0635
16724.121,-0.0955
16725.586,-0.0943
16727.051,-0.0711
16728.516,-0.0709
16729.980,-0.1049
16731.445,-0.1341
16732.910,-0.1359
16734.375,-0.1282
16735.840,-0.1390
16737.305,-0.1471
16738.770,-0.1305
16740.234,-0.1058
16741.699,-0.0665
16743.164,-0.0640
16744.629,-0.0868
16746.094,-0.0802
16747.559,-0.0936
16749.023,-0.1028
16750.488,-0.0663
16751.953,-0.0940
16753.418,-0.1679
16754.883,-0.1565
16756.348,-0.1131
16757.812,-0.0719
16759.277,-0.0511
16760.742,-0.0691
16762.207,-0.0683
16763.672,-0.0811
16765.137,-0.1141
16766.602,-0.1011
16768.066,-0.0728
16769.531,-0.0734
16770.996,-0.0680
16772.461,-0.0404
16773.926,-0.0191
16775.391,-0.0283
16776.855,-0.0582
16778.320,-0.0809
16779.785,-0.0869
16781.250,-0.0666
16782.715,-0.0592
16784.180,-0.0785
16785.645,-0.0956
16787.109,-0.1135
16788.574,-0.1389
16790.039,-0.1584
16791.504,-0.1059
16792.969,-0.0751
16794.434,-0.1133
16795.898,-0.0952
16797.363,-0.0889
16798.828,-0.0948
16800.293,-0.0431
16801.758,-0.0437
16803.223,-0.0802
16804.688,-0.0556
16806.152,-0.0339
16807.617,-0.0566
16809.082,-0.0928
16810.547,-0.0944
16812.012,-0.0483
16813.477,-0.0326
16814.941,-0.0833
16816.406,-0.1143
16817.871,-0.0832
16819.336,-0.0541
16820.801,-0.0455
16822.266,-0.0448
16823.730,-0.0736
16825.195,-0.0959
16826.660,-0.0807
16828.125,-0.0594
16829.590,-0.0482
16831.055,-0.0497
16832.520,-0.0403
16833.984,-0.0352
16835.449,-0.0433
16836.914,-0.0445
16838.379,-0.0616
16839.844,-0.0766
16841.309,-0.0547
16842.773,-0.0614
16844.238,-0.0666
16845.703,-0.0325
16847.168,-0.0385
16848.633,-0.0635
16850.098,-0.0545
16851.562,-0.0499
16853.027,-0.0597
16854.492,-0.1050
16855.957,-0.1135
16857.422,-0.0515
16858.887,-0.0550
16860.352,-0.0829
16861.816,-0.0742
16863.281,-0.1307
16864.746,-0.1550
16866.211,-0.1036
16867.676,-0.0797
16869.141,-0.1006
16870.605,-0.1224
16872.070,-0.1079
16873.535,-0.0666
16875.000,-0.0889
16876.465,-0.1143
16877.930,-0.1228
16879.395,-0.1340
16880.859,-0.1249
16882.324,-0.0883
16883.789,-0.0798
16885.254,-0.0918
16886.719,-0.0707
16888.184,-0.0425
16889.648,-0.0441
16891.113,-0.0563
16892.578,-0.0547
16894.043,-0.0699
16895.508,-0.0622
16896.973,-0.0493
16898.438,-0.0854
16899.902,-0.1427
16901.367,-0.1057
16902.832,-0.0437
16904.297,-0.0397
16905.762,-0.0828
16907.227,-0.1416
16908.691,-0.1139
16910.156,-0.0847
16911.621,-0.1153
16913.086,-0.0960
16914.551,-0.0711
16916.016,-0.0840
16917.480,-0.1167
16918.945,-0.1291
16920.410,-0.1199
16921.875,-0.0868
16923.340,-0.0476
16924.805,-0.0476
16926.270,-0.0651
16927.734,-0.0899
16929.199,-0.0953
16930.664,-0.0821
16932.129,-0.0823
16933.594,-0.0533
16935.059,-0.0765
16936.523,-0.0896
16937.988,-0.0624
16939.453,-0.0843
16940.918,-0.0793
16942.383,-0.0184
16943.848,-0.0252
16945.312,-0.0223
16946.777,-0.0498
16948.242,-0.0908
16949.707,-0.0716
16951.172,-0.0835
16952.637,-0.1097
16954.102,-0.0945
16955.566,-0.0679
16957.031,-0.0494
16958.496,-0.0760
16959.961,-0.0719
16961.426,-0.0948
16962.891,-0.1283
16964.355,-0.0882
16965.820,-0.0774
16967.285,-0.0638
16968.750,-0.0477
16970.215,-0.0392
16971.680,-0.0687
16973.145,-0.1192
16974.609,-0.1243
16976.074,-0.0867
16977.539,-0.0694
16979.004,-0.0715
16980.469,-0.0481
16981.934,-0.0580
16983.398,-0.0591
16984.863,-0.0780
16986.328,-0.0963
16987.793,-0.0802
16989.258,-0.0959
16990.723,-0.0773
16992.188,-0.0453
16993.652,-0.0693
16995.117,-0.0826
16996.582,-0.0796
16998.047,-0.0338
16999.512,-0.0511
17000.977,-0.0696
17002.441,-0.0919
17003.906,-0.1426
17005.371,-0.0686
17006.836,-0.0245
17008.301,-0.0597
17009.766,-0.0290
17011.230,-0.0496
17012.695,-0.0668
17014.160,-0.0712
17015.625,-0.0954
17017.090,-0.0871
17018.555,-0.0991
17020.020,-0.1017
17021.484,-0.1229
17022.949,-0.0943
17024.414,-0.1046
17025.879,-0.0374
17027.344,-0.0598
17028.809,-0.1019
17030.273,-0.0461
17031.738,-0.0317
17033.203,-0.0478
17034.668,-0.0598
17036.133,-0.0808
17037.598,-0.1537
17039.062,-0.1365
17040.527,-0.0637
17041.992,-0.0917
17043.457,-0.1069
17044.922,-0.1501
17046.387,-0.1195
17047.852,-0.0959
17049.316,-0.0384
17050.781,-0.0844
17052.246,-0.1161
17053.711,-0.0503
17055.176,-0.0061
17056.641,-0.0787
17058.105,-0.0546
17059.570,-0.0344
17061.035,-0.0779
17062.500,-0.0547
17063.965,-0.0566
17065.430,-0.0513
17066.895,-0.0997
17068.359,-0.0857
17069.824,-0.0449
17071.289,-0.0935
17072.754,-0.0650
17074.219,-0.0347
17075.684,-0.0872
17077.148,-0.1218
17078.613,-0.0425
17080.078,-0.0189
17081.543,-0.0774
17083.008,-0.1176
17084.473,-0.1264
17085.938,-0.0716
17087.402,-0.0165
17088.867,-0.0176
17090.332,-0.0936
17091.797,-0.1151
17093.262,-0.1105
17094.727,-0.0477
17096.191,0.0273
17097.656,-0.1042
17099.121,-0.1558
17100.586,-0.1109
17102.051,-0.0193
17103.516,-0.0196
17104.980,-0.1043
17106.445,-0.0489
17107.910,-0.0662
17109.375,-0.0837
17110.840,-0.0294
17112.305,-0.0711
17113.770,-0.0490
17115.234,0.0236
17116.699,-0.0438
17118.164,-0.0345
17119.629,0.0109
17121.094,-0.0935
17122.559,-0.1327
17124.023,-0.0734
17125.488,-0.0489
17126.953,-0.0423
17128.418,0.0258
17129.883,-0.0297
17131.348,-0.0637
17132.812,-0.0694
17134.277,-0.1207
17135.742,-0.1637
17137.207,-0.1032
17138.672,-0.0436
17140.137,-0.0928
17141.602,-0.1184
17143.066,-0.0751
17144.531,-0.0693
17145.996,-0.1177
17147.461,-0.1230
17148.926,-0.0734
17150.391,-0.0766
17151.855,-0.1074
17153.320,-0.0443
17154.785,-0.0083
17156.250,-0.1270
17157.715,-0.0244
17159.180,-0.0569
17160.645,-0.1159
17162.109,-0.0748
17163.574,-0.0470
17165.039,-0.0460
17166.504,-0.0591
17167.969,-0.0929
17169.434,-0.1376
17170.898,-0.1439
17172.363,-0.1295
17173.828,-0.0693
17175.293,-0.1031
17176.758,-0.0834
17178.223,-0.0547
17179.688,-0.1259
17181.152,-0.1364
17182.617,-0.0679
17184.082,-0.0386
17185.547,-0.0653
17187.012,-0.0460
17188.477,-0.1091
17189.941,-0.1085
17191.406,-0.0727
17192.871,-0.0456
17194.336,-0.0373
17195.801,-0.0914
17197.266,-0.0874
17198.730,-0.0988
17200.195,-0.0913
17201.660,-0.0949
17203.125,-0.1028
17204.590,-0.1267
17206.055,-0.0826
17207.520,-0.1023
17208.984,-0.1016
17210.449,-0.0644
17211.914,-0.0615
17213.379,-0.0863
17214.844,-0.0159
17216.309,-0.0616
17217.773,-0.1273
17219.238,-0.1008
17220.703,-0.0730
17222.168,-0.0782
17223.633,-0.1743
17225.098,-0.0670
17226.562,-0.0994
17228.027,-0.0341
17229.492,-0.1201
17230.957,-0.1028
17232.422,-0.0567
17233.887,-0.0538
17235.352,-0.0142
17236.816,-0.0636
17238.281,-0.1284
17239.746,0.0364
17241.211,0.0622
17242.676,-0.0976
17244.141,-0.0106
17245.605,-0.1010
17247.070,-0.1410
17248.535,-0.0309
17250.000,-0.0586
17251.465,-0.0565
17252.930,-0.1133
17254.395,-0.1580
17255.859,-0.1586
17257.324,-0.1555
17258.789,-0.1188
17260.254,-0.0219
17261.719,-0.0573
17263.184,-0.0210
17264.648,-0.1007
17266.113,-0.1199
17267.578,-0.1362
17269.043,-0.1797
17270.508,-0.1455
17271.973,-0.0445
17273.438,-0.0842
17274.902,-0.0388
17276.367,-0.1075
17277.832,-0.1045
17279.297,-0.1192
17280.762,-0.0770
17282.227,-0.0552
17283.691,-0.0648
17285.156,-0.1289
17286.621,-0.1170
17288.086,-0.1694
17289.551,-0.1351
17291.016,-0.0453
17292.480,-0.0704
17293.945,-0.1139
17295.410,-0.1369
17296.875,-0.0275
17298.340,-0.1266
17299.805,-0.1197
17301.270,-0.1032
17302.734,-0.1414
17304.199,-0.0833
17305.664,-0.0661
17307.129,-0.0948
17308.594,-0.0145
17310.059,0.0127
17311.523,-0.0782
17312.988,-0.0306
17314.453,-0.0570
17315.918,-0.0878
17317.383,-0.0514
17318.848,-0.1152
17320.312,-0.0516
17321.777,-0.0739
17323.242,-0.1109
17324.707,-0.0201
17326.172,-0.0358
17327.637,-0.0541
17329.102,-0.0015
17330.566,-0.0713
17332.031,-0.1059
17333.496,-0.1174
17334.961,-0.0817
17336.426,-0.0343
17337.891,-0.0671
17339.355,-0.0822
17340.820,-0.0446
17342.285,-0.0922
17343.750,-0.1463
17345.215,-0.0896
17346.680,-0.0451
17348.145,-0.0227
17349.609,-0.1032
17351.074,-0.0635
17352.539,-0.0994
17354.004,-0.0454
17355.469,-0.0337
17356.934,-0.0575
17358.398,-0.1259
17359.863,-0.1437
17361.328,-0.0646
17362.793,-0.1139
17364.258,-0.0543
17365.723,-0.1085
17367.188,-0.1037
17368.652,-0.0608
17370.117,-0.1096
17371.582,-0.1299
17373.047,-0.0933
17374.512,-0.1068
17375.977,-0.1466
17377.441,-0.0146
17378.906,0.0315
17380.371,-0.0972
17381.836,-0.1464
17383.301,-0.2094
17384.766,-0.0425
17386.230,-0.0709
17387.695,-0.0656
17389.160,-0.0887
17390.625,-0.1010
17392.090,-0.1559
17393.555,-0.0470
17395.020,-0.0441
17396.484,-0.1164
17397.949,-0.1187
17399.414,-0.0980
17400.879,-0.0318
17402.344,-0.0730
17403.809,-0.0783
17405.273,-0.0455
17406.738,-0.0095
17408.203,-0.0430
17409.668,-0.1241
17411.133,-0.0490
17412.598,-0.0303
17414.062,-0.0811
17415.527,-0.1021
17416.992,-0.0395
17418.457,-0.0646
17419.922,-0.0548
17421.387,-0.0459
17422.852,0.0035
17424.316,-0.1315
17425.781,-0.0987
17427.246,-0.0752
17428.711,-0.0545
17430.176,-0.0788
17431.641,-0.0824
17433.105,-0.0642
17434.570,-0.0500
17436.035,-0.0854
17437.500,-0.0292
17438.965,-0.0934
17440.430,-0.0873
17441.895,-0.0766
17443.359,-0.1147
17444.824,-0.1215
17446.289,-0.0863
17447.754,-0.0278
17449.219,-0.1968
17450.684,-0.0708
17452.148,-0.1129
17453.613,-0.1486
17455.078,-0.0983
17456.543,-0.0899
17458.008,-0.1728
17459.473,-0.1244
17460.938,-0.0469
17462.402,-0.1520
17463.867,-0.0449
17465.332,-0.1602
17466.797,-0.1696
17468.262,-0.1163
17469.727,-0.1017
17471.191,-0.0792
17472.656,0.0229
17474.121,-0.0198
17475.586,-0.0082
17477.051,-0.1183
17478.516,-0.1296
17479.980,-0.0645
17481.445,-0.1486
17482.910,-0.1382
17484.375,-0.0533
17485.840,-0.0478
17487.305,-0.1136
17488.770,-0.0409
17490.234,-0.0272
17491.699,-0.0830
17493.164,-0.0604
17494.629,-0.0199
17496.094,-0.0170
17497.559,-0.1695
17499.023,-0.0191
17500.488,-0.1051
17501.953,-0.1037
17503.418,-0.1541
17504.883,-0.1443
17506.348,-0.0751
17507.812,-0.0688
17509.277,-0.0508
17510.742,0.0044
17512.207,-0.1176
17513.672,-0.1036
17515.137,-0.1582
17516.602,-0.0790
17518.066,-0.0719
17519.531,-0.1127
17520.996,-0.1234
17522.461,-0.0937
17523.926,-0.0949
17525.391,-0.0567
17526.855,-0.0958
17528.320,-0.0088
17529.785,-0.0547
17531.250,-0.0998
17532.715,-0.0542
17534.180,-0.0817
17535.645,-0.0397
17537.109,0.0259
17538.574,-0.0524
17540.039,-0.0635
17541.504,-0.1215
17542.969,-0.1201
17544.434,-0.0164
17545.898,-0.0345
17547.363,-0.0750
17548.828,-0.1567
17550.293,-0.1301
17551.758,-0.0831
17553.223,0.0019
17554.688,-0.0209
17556.152,-0.1266
17557.617,-0.0138
17559.082,-0.0669
17560.547,0.0400
17562.012,0.0246
17563.477,-0.0491
17564.941,-0.0748
17566.406,-0.0780
17567.871,-0.0581
17569.336,0.0155
17570.801,-0.1575
17572.266,-0.1811
17573.730,-0.0489
17575.195,-0.0540
17576.660,-0.0978
17578.125,-0.1298
17579.590,-0.1624
17581.055,-0.1581
17582.520,-0.0260
17583.984,-0.0787
17585.449,-0.1051
17586.914,-0.1052
17588.379,-0.0452
17589.844,-0.0818
17591.309,0.0194
17592.773,0.0127
17594.238,-0.1001
17595.703,-0.0930
17597.168,-0.0881
17598.633,-0.1328
17600.098,-0.1539
17601.562,-0.0201
17603.027,-0.0631
17604.492,0.0011
17605.957,-0.0136
17607.422,-0.0318
17608.887,-0.0819
17610.352,-0.0809
17611.816,-0.1008
17613.281,-0.0840
17614.746,-0.0860
17616.211,-0.0540
17617.676,-0.0883
17619.141,-0.0852
17620.605,-0.1070
17622.070,-0.0464
17623.535,-0.0483
17625.000,-0.0060
17626.465,-0.0096
17627.930,-0.0989
17629.395,-0.0255
17630.859,0.0433
17632.324,-0.0093
17633.789,-0.0532
17635.254,-0.0865
17636.719,-0.1055
17638.184,-0.0507
17639.648,-0.1019
17641.113,-0.1106
17642.578,-0.1219
17644.043,-0.1652
17645.508,-0.1392
17646.973,-0.0379
17648.438,-0.0524
17649.902,-0.0534
17651.367,-0.1219
17652.832,-0.0093
17654.297,-0.0954
17655.762,-0.1379
17657.227,-0.1252
17658.691,-0.1163
17660.156,-0.0570
17661.621,-0.1287
17663.086,-0.0972
17664.551,-0.0195
17666.016,-0.1136
17667.480,-0.1174
17668.945,-0.0655
17670.410,-0.0439
17671.875,-0.1138
17673.340,-0.0880
17674.805,-0.0225
17676.270,-0.0139
17677.734,-0.0587
17679.199,-0.1391
17680.664,-0.1090
17682.129,-0.0690
17683.594,-0.0584
17685.059,-0.0722
17686.523,-0.0319
17687.988,-0.0552
17689.453,-0.1297
17690.918,-0.0673
17692.383,-0.0999
17693.848,-0.1455
17695.312,-0.0951
17696.777,-0.1030
17698.242,-0.0795
17699.707,-0.1259
17701.172,-0.0477
17702.637,-0.0261
17704.102,-0.0412
17705.566,-0.0210
17707.031,-0.1014
17708.496,-0.0476
17709.961,-0.1064
17711.426,-0.2039
17712.891,-0.1636
17714.355,-0.1517
17715.820,-0.1411
17717.285,-0.1030
17718.750,-0.1093
17720.215,-0.1164
17721.680,-0.0861
17723.145,-0.0634
17724.609,-0.0977
17726.074,-0.0996
17727.539,-0.0661
17729.004,-0.0666
17730.469,-0.1389
17731.934,-0.1280
17733.398,-0.1102
17734.863,-0.0905
17736.328,-0.0599
17737.793,-0.0171
17739.258,-0.0822
17740.723,-0.1306
17742.188,-0.0913
17743.652,-0.0973
17745.117,-0.0924
17746.582,-0.0696
17748.047,-0.0163
17749.512,-0.0703
17750.977,-0.0703
17752.441,-0.1257
17753.906,-0.1598
17755.371,-0.1230
17756.836,-0.1402
17758.301,-0.1481
17759.766,-0.1067
17761.230,-0.0398
17762.695,-0.0523
17764.160,-0.0697
17765.625,-0.0676
17767.090,-0.0850
17768.555,-0.0824
17770.020,-0.1090
17771.484,-0.0456
17772.949,-0.0045
17774.414,-0.0076
17775.879,-0.0365
17777.344,-0.0446
17778.809,-0.0742
17780.273,-0.1026
17781.738,-0.0629
17783.203,-0.0440
17784.668,-0.0610
17786.133,-0.1076
17787.598,-0.0834
17789.062,-0.0462
17790.527,-0.0152
17791.992,-0.0283
17793.457,-0.0571
17794.922,-0.0342
17796.387,-0.1241
17797.852,-0.1340
17799.316,-0.0725
17800.781,-0.0165
17802.246,-0.1005
17803.711,-0.1159
17805.176,-0.0878
17806.641,-0.0685
17808.105,-0.0760
17809.570,-0.0726
17811.035,-0.0903
17812.500,-0.1048
17813.965,-0.1078
17815.430,-0.0705
17816.895,-0.0615
17818.359,-0.0181
17819.824,-0.0165
17821.289,-0.0156
17822.754,-0.0598
17824.219,-0.0614
17825.684,-0.0613
17827.148,-0.0993
17828.613,-0.0874
17830.078,-0.0986
17831.543,-0.0882
17833.008,-0.0861
17834.473,-0.0767
17835.938,-0.0747
17837.402,-0.0538
17838.867,-0.0234
17840.332,-0.0557
17841.797,-0.0795
17843.262,-0.0849
17844.727,-0.0765
17846.191,-0.1169
17847.656,-0.1195
17849.121,-0.1043
17850.586,-0.1211
17852.051,-0.1551
17853.516,-0.0614
17854.980,-0.0190
17856.445,-0.0674
17857.910,-0.0855
17859.375,-0.0899
17860.840,-0.0754
17862.305,-0.0840
17863.770,-0.0650
17865.234,-0.0793
17866.699,-0.0773
17868.164,-0.0384
17869.629,-0.0884
17871.094,-0.0619
17872.559,-0.0707
17874.023,-0.0621
17875.488,-0.1014
17876.953,-0.0979
17878.418,-0.1035
17879.883,-0.0563
17881.348,-0.0346
17882.812,-0.1182
17884.277,-0.1117
17885.742,-0.0641
17887.207,-0.0465
17888.672,-0.0265
17890.137,-0.0124
17891.602,-0.0625
17893.066,-0.1281
17894.531,-0.0907
17895.996,-0.0908
17897.461,-0.1403
17898.926,-0.1687
17900.391,-0.1360
17901.855,-0.1121
17903.320,-0.1297
17904.785,-0.0691
17906.250,-0.0434
17907.715,-0.0478
17909.180,-0.0796
17910.645,-0.0555
17912.109,-0.0679
17913.574,-0.0826
17915.039,-0.0649
17916.504,-0.0926
17917.969,-0.1062
17919.434,-0.0672
17920.898,-0.0311
17922.363,-0.0613
17923.828,-0.1052
17925.293,-0.0579
17926.758,-0.0547
17928.223,-0.0803
17929.688,-0.0897
17931.152,-0.1099
17932.617,-0.1321
17934.082,-0.1147
17935.547,-0.0953
17937.012,-0.1121
17938.477,-0.1146
17939.941,-0.0839
17941.406,-0.1006
17942.871,-0.1451
17944.336,-0.0595
17945.801,-0.0121
17947.266,-0.0844
17948.730,-0.0861
17950.195,-0.0598
17951.660,-0.0729
17953.125,-0.1009
17954.590,-0.1012
17956.055,-0.0964
17957.520,-0.0730
17958.984,-0.0680
17960.449,-0.1123
17961.914,-0.0903
17963.379,-0.0752
17964.844,-0.0826
17966.309,-0.0476
17967.773,-0.0122
17969.238,-0.0244
17970.703,-0.0883
17972.168,-0.1367
17973.633,-0.1251
17975.098,-0.1009
17976.562,-0.0672
17978.027,-0.0309
17979.492,-0.0364
17980.957,-0.0854
17982.422,-0.1156
17983.887,-0.0821
17985.352,-0.0781
17986.816,-0.0451
17988.281,-0.0232
17989.746,-0.0305
17991.211,-0.0617
17992.676,-0.0733
17994.141,-0.0802
17995.605,-0.0954
17997.070,-0.0707
17998.535,-0.0478
18000.000,-0.0372
18001.465,-0.0562
18002.930,-0.0763
18004.395,-0.0878
18005.859,-0.1205
18007.324,-0.1507
18008.789,-0.1329
18010.254,-0.0732
18011.719,-0.0456
18013.184,-0.0547
18014.648,-0.0634
18016.113,-0.0470
18017.578,-0.0399
18019.043,-0.0425
18020.508,-0.0481
18021.973,-0.0614
18023.438,-0.1023
18024.902,-0.0917
18026.367,-0.0247
18027.832,-0.0189
18029.297,-0.0611
18030.762,-0.0623
18032.227,-0.0286
18033.691,-0.0816
18035.156,-0.1023
18036.621,-0.0517
18038.086,-0.0616
18039.551,-0.0783
18041.016,-0.1043
18042.480,-0.1134
18043.945,-0.0591
18045.410,-0.0554
18046.875,-0.1139
18048.340,-0.1046
18049.805,-0.0717
18051.270,-0.0863
18052.734,-0.0868
18054.199,-0.0821
18055.664,-0.0787
18057.129,-0.0709
18058.594,-0.0517
18060.059,-0.0320
18061.523,-0.0380
18062.988,-0.0261
18064.453,-0.0182
18065.918,-0.0338
18067.383,-0.0676
18068.848,-0.0759
18070.312,-0.0240
18071.777,-0.0061
18073.242,-0.0490
18074.707,-0.0902
18076.172,-0.1103
18077.637,-0.1176
18079.102,-0.0797
18080.566,-0.0549
18082.031,-0.0790
18083.496,-0.0666
18084.961,-0.0241
18086.426,-0.0081
18087.891,-0.0497
18089.355,-0.0814
18090.820,-0.0455
18092.285,-0.0453
18093.750,-0.0572
18095.215,-0.0269
18096.680,-0.0307
18098.145,-0.0357
18099.609,-0.0475
18101.074,-0.0739
18102.539,-0.0284
18104.004,0.0018
18105.469,-0.0323
18106.934,-0.0578
18108.398,-0.0640
18109.863,-0.0611
18111.328,-0.0853
18112.793,-0.1084
18114.258,-0.0802
18115.723,-0.0550
18117.188,-0.0291
18118.652,0.0079
18120.117,0.0034
18121.582,-0.0391
18123.047,-0.0949
18124.512,-0.0877
18125.977,-0.0483
18127.441,-0.0409
18128.906,-0.0371
18130.371,-0.0419
18131.836,-0.0404
18133.301,-0.0466
18134.766,-0.0699
18136.230,-0.0711
18137.695,-0.0789
18139.160,-0.0788
18140.625,-0.0514
18142.090,-0.0306
18143.555,-0.0354
18145.020,-0.0688
18146.484,-0.0701
18147.949,-0.0529
18149.414,-0.0607
18150.879,-0.0644
18152.344,-0.0687
18153.809,-0.0594
18155.273,-0.0457
18156.738,-0.0698
18158.203,-0.1024
18159.668,-0.0921
18161.133,-0.0515
18162.598,-0.0574
18164.062,-0.1000
18165.527,-0.1118
18166.992,-0.1195
18168.457,-0.1372
18169.922,-0.1193
18171.387,-0.0694
18172.852,-0.0257
18174.316,-0.0442
18175.781,-0.0928
18177.246,-0.0467
18178.711,0.0122
18180.176,-0.0473
18181.641,-0.1015
18183.105,-0.0854
18184.570,-0.0778
18186.035,-0.0884
18187.500,-0.0755
18188.965,-0.0474
18190.430,-0.0450
18191.895,-0.0666
18193.359,-0.1036
18194.824,-0.1004
18196.289,-0.0898
18197.754,-0.0936
18199.219,-0.0749
18200.684,-0.0762
18202.148,-0.0904
18203.613,-0.1022
18205.078,-0.1059
18206.543,-0.0740
18208.008,-0.0601
18209.473,-0.1082
18210.938,-0.0995
18212.402,-0.0431
18213.867,-0.0599
18215.332,-0.0870
18216.797,-0.0916
18218.262,-0.0965
18219.727,-0.0761
18221.191,-0.0581
18222.656,-0.0501
18224.121,-0.0283
18225.586,-0.0339
18227.051,-0.0459
18228.516,-0.0549
18229.980,-0.1015
18231.445,-0.0913
18232.910,-0.0352
18234.375,-0.0496
18235.840,-0.0994
18237.305,-0.1015
18238.770,-0.0624
18240.234,-0.0309
18241.699,-0.0314
18243.164,-0.0346
18244.629,-0.0394
18246.094,-0.0812
18247.559,-0.1082
18249.023,-0.1040
18250.488,-0.0888
18251.953,-0.0626
18253.418,-0.0338
18254.883,-0.0116
18256.348,-0.0250
18257.812,-0.0555
18259.277,-0.0742
18260.742,-0.0986
18262.207,-0.1069
18263.672,-0.0842
18265.137,-0.0914
18266.602,-0.1522
18268.066,-0.1727
18269.531,-0.1392
18270.996,-0.1442
18272.461,-0.1457
18273.926,-0.1068
18275.391,-0.0788
18276.855,-0.0822
18278.320,-0.0521
18279.785,-0.0697
18281.250,-0.1272
18282.715,-0.0928
18284.180,-0.0413
18285.645,-0.0298
18287.109,-0.0661
18288.574,-0.0676
18290.039,-0.0523
18291.504,-0.0681
18292.969,-0.0745
18294.434,-0.0743
18295.898,-0.0838
18297.363,-0.0634
18298.828,-0.0440
18300.293,-0.0232
18301.758,-0.0323
18303.223,-0.0594
18304.688,-0.0768
18306.152,-0.0988
18307.617,-0.0686
18309.082,-0.0610
18310.547,-0.1237
18312.012,-0.1351
18313.477,-0.0799
18314.941,-0.0902
18316.406,-0.1070
18317.871,-0.1044
18319.336,-0.0944
18320.801,-0.0870
18322.266,-0.0781
18323.730,-0.0406
18325.195,-0.0497
18326.660,-0.0863
18328.125,-0.0615
18329.590,-0.0059
18331.055,0.0171
18332.520,-0.0288
18333.984,-0.0956
18335.449,-0.1130
18336.914,-0.0871
18338.379,-0.1068
18339.844,-0.1016
18341.309,-0.0594
18342.773,-0.0858
18344.238,-0.0989
18345.703,-0.0906
18347.168,-0.0461
18348.633,-0.0273
18350.098,-0.0081
18351.562,-0.0388
18353.027,-0.1243
18354.492,-0.1173
18355.957,-0.1401
18357.422,-0.1480
18358.887,-0.1246
18360.352,-0.1500
18361.816,-0.1161
18363.281,-0.0694
18364.746,-0.0628
18366.211,-0.0553
18367.676,-0.0165
18369.141,-0.0228
18370.605,-0.0765
18372.070,-0.0661
18373.535,-0.0823
18375.000,-0.1201
18376.465,-0.1221
18377.930,-0.0904
18379.395,-0.0497
18380.859,-0.0896
18382.324,-0.1199
18383.789,-0.0958
18385.254,-0.0893
18386.719,-0.0585
18388.184,-0.0394
18389.648,-0.0448
18391.113,-0.0608
18392.578,-0.0572
18394.043,-0.0942
18395.508,-0.0965
18396.973,-0.0805
18398.438,-0.0042
18399.902,-0.0143
18401.367,-0.0497
18402.832,0.0156
18404.297,0.0084
18405.762,-0.0532
18407.227,-0.0872
18408.691,-0.0972
18410.156,-0.0725
18411.621,-0.0614
18413.086,-0.0800
18414.551,-0.0689
18416.016,-0.0959
18417.480,-0.1076
18418.945,-0.0403
18420.410,-0.0545
18421.875,-0.0693
18423.340,-0.0598
18424.805,-0.0987
18426.270,-0.1147
18427.734,-0.0861
18429.199,-0.0920
18430.664,-0.1578
18432.129,-0.0860
18433.594,-0.0883
18435.059,-0.1426
18436.523,-0.1175
18437.988,-0.0898
18439.453,-0.0725
18440.918,-0.1152
18442.383,-0.1130
18443.848,-0.1037
18445.312,-0.0777
18446.777,-0.0389
18448.242,-0.0809
18449.707,-0.1188
18451.172,-0.0505
18452.637,-0.0283
18454.102,-0.0453
18455.566,-0.1026
18457.031,-0.1085
18458.496,-0.0551
18459.961,-0.0682
18461.426,-0.1233
18462.891,-0.1302
18464.355,-0.1164
18465.820,-0.0538
18467.285,-0.0805
18468.750,-0.1663
18470.215,-0.1561
18471.680,-0.1367
18473.145,-0.0903
18474.609,-0.0405
18476.074,-0.0336
18477.539,-0.0457
18479.004,-0.0188
18480.469,-0.0361
18481.934,-0.1086
18483.398,-0.0794
18484.863,0.0271
18486.328,-0.0384
18487.793,-0.0909
18489.258,-0.0983
18490.723,-0.0629
18492.188,-0.0356
18493.652,-0.1077
18495.117,-0.0913
18496.582,-0.0776
18498.047,-0.1089
18499.512,-0.1028
18500.977,-0.0598
18502.441,-0.0838
18503.906,-0.1156
18505.371,-0.1437
18506.836,-0.1608
18508.301,-0.1027
18509.766,-0.0602
18511.230,-0.0381
18512.695,-0.0095
18514.160,-0.0608
18515.625,-0.0621
18517.090,-0.0948
18518.555,-0.0789
18520.020,-0.0494
18521.484,-0.0620
18522.949,-0.0321
18524.414,-0.1008
18525.879,-0.1293
18527.344,-0.1025
18528.809,-0.1153
18530.273,-0.0901
18531.738,-0.0614
18533.203,-0.0055
18534.668,-0.0070
18536.133,-0.0231
18537.598,-0.0681
18539.062,-0.0156
18540.527,-0.0289
18541.992,-0.0835
18543.457,-0.0851
18544.922,-0.0646
18546.387,-0.0454
18547.852,-0.0454
18549.316,-0.0568
18550.781,-0.0831
18552.246,-0.0030
18553.711,0.0070
18555.176,-0.0621
18556.641,-0.0202
18558.105,-0.0827
18559.570,-0.0906
18561.035,-0.0689
18562.500,-0.0830
18563.965,-0.0963
18565.430,-0.0875
18566.895,-0.0630
18568.359,-0.0822
18569.824,-0.0902
18571.289,-0.0851
18572.754,-0.0677
18574.219,-0.0424
18575.684,-0.0752
18577.148,-0.0212
18578.613,-0.0579
18580.078,-0.1524
18581.543,-0.1466
18583.008,-0.1084
18584.473,-0.1120
18585.938,-0.0365
18587.402,-0.0655
18588.867,-0.0926
18590.332,-0.0733
18591.797,-0.0611
18593.262,-0.0365
18594.727,-0.0544
18596.191,-0.0129
18597.656,-0.0295
18599.121,-0.1597
18600.586,-0.1425
18602.051,-0.0570
18603.516,-0.0520
18604.980,-0.1315
18606.445,-0.0572
18607.910,-0.0793
18609.375,-0.0924
18610.840,-0.1199
18612.305,-0.0558
18613.770,-0.0530
18615.234,-0.0295
18616.699,0.0046
18618.164,-0.0073
18619.629,-0.0286
18621.094,-0.0416
18622.559,-0.0089
18624.023,-0.0337
18625.488,-0.0647
18626.953,-0.0968
18628.418,-0.2050
18629.883,-0.0721
18631.348,-0.0941
18632.812,-0.0431
18634.277,-0.0455
18635.742,-0.0369
18637.207,-0.0644
18638.672,-0.0680
18640.137,-0.1104
18641.602,-0.0700
18643.066,-0.0286
18644.531,-0.0818
18645.996,-0.0596
18647.461,-0.0787
18648.926,-0.0722
18650.391,-0.0722
18651.855,-0.0668
18653.320,-0.0529
18654.785,-0.0895
18656.250,-0.0456
18657.715,0.0011
18659.180,-0.0795
18660.645,-0.1064
18662.109,-0.0436
18663.574,-0.0082
18665.039,-0.0243
18666.504,-0.0390
18667.969,-0.0176
18669.434,-0.0717
18670.898,-0.1050
18672.363,-0.0845
18673.828,-0.0707
18675.293,-0.0237
18676.758,-0.0088
18678.223,-0.0241
18679.688,-0.0396
18681.152,-0.0616
18682.617,-0.0415
18684.082,-0.0626
18685.547,-0.1389
18687.012,-0.0983
18688.477,-0.1021
18689.941,-0.1094
18691.406,-0.0465
18692.871,-0.0794
18694.336,-0.0380
18695.801,-0.0382
18697.266,-0.1120
18698.730,-0.0631
18700.195,-0.1273
18701.660,-0.1188
18703.125,-0.0709
18704.590,-0.0947
18706.055,-0.0079
18707.520,-0.0598
18708.984,-0.0451
18710.449,-0.1550
18711.914,-0.1141
18713.379,-0.0808
18714.844,-0.0580
18716.309,0.0088
18717.773,-0.0591
18719.238,-0.0454
18720.703,-0.0471
18722.168,0.0117
18723.633,0.0121
18725.098,-0.0356
18726.562,-0.0546
18728.027,-0.0829
18729.492,-0.0526
18730.957,-0.1277
18732.422,-0.1772
18733.887,-0.1589
18735.352,-0.0832
18736.816,-0.0882
18738.281,-0.0634
18739.746,-0.0577
18741.211,-0.1328
18742.676,-0.0591
18744.141,-0.0703
18745.605,-0.1176
18747.070,-0.1656
18748.535,-0.1756
18750.000,-0.0942
18751.465,-0.0475
18752.930,-0.0544
18754.395,-0.1012
18755.859,-0.1453
18757.324,-0.1588
18758.789,-0.1269
18760.254,-0.0276
18761.719,-0.0929
18763.184,-0.1229
18764.648,-0.0629
18766.113,-0.0388
18767.578,-0.0773
18769.043,-0.0736
18770.508,-0.0756
18771.973,-0.1275
18773.438,-0.0210
18774.902,-0.0348
18776.367,-0.0116
18777.832,-0.0956
18779.297,-0.1547
18780.762,-0.0980
18782.227,-0.0977
18783.691,-0.0293
18785.156,-0.0498
18786.621,-0.0312
18788.086,-0.1430
18789.551,-0.0514
18791.016,-0.0174
18792.480,-0.0331
18793.945,-0.0213
18795.410,-0.0824
18796.875,-0.1016
18798.340,-0.0503
18799.805,0.0002
18801.270,-0.0536
18802.734,-0.1305
18804.199,-0.0736
18805.664,-0.0712
18807.129,-0.0882
18808.594,-0.1019
18810.059,-0.1346
18811.523,-0.1096
18812.988,-0.0125
18814.453,-0.0676
18815.918,-0.1015
18817.383,-0.0781
18818.848,-0.0486
18820.312,-0.0900
18821.777,-0.1493
18823.242,-0.0362
18824.707,-0.0941
18826.172,-0.1527
18827.637,-0.0947
18829.102,-0.0674
18830.566,-0.0278
18832.031,-0.1136
18833.496,-0.0496
18834.961,-0.0738
18836.426,-0.1159
18837.891,-0.0600
18839.355,-0.0128
18840.820,-0.0466
18842.285,-0.0212
18843.750,-0.1235
18845.215,-0.1359
18846.680,-0.1881
18848.145,-0.0387
18849.609,-0.0531
18851.074,-0.0987
18852.539,-0.0401
18854.004,-0.1039
18855.469,-0.0477
18856.934,-0.0853
18858.398,-0.0200
18859.863,-0.0424
18861.328,-0.0467
18862.793,-0.0623
18864.258,-0.0156
18865.723,-0.1043
18867.188,-0.1159
18868.652,-0.1272
18870.117,-0.0793
18871.582,-0.0524
18873.047,-0.1395
18874.512,-0.1191
18875.977,-0.1138
18877.441,-0.0657
18878.906,-0.0450
18880.371,-0.0883
18881.836,-0.0882
18883.301,-0.1142
18884.766,-0.1556
18886.230,-0.0889
18887.695,-0.0605
18889.160,-0.1142
18890.625,-0.0888
18892.090,-0.2010
18893.555,-0.1444
18895.020,-0.1448
18896.484,-0.1135
18897.949,-0.2032
18899.414,-0.1084
18900.879,-0.0850
18902.344,-0.1002
18903.809,-0.1545
18905.273,-0.1176
18906.738,-0.0396
18908.203,-0.0802
18909.668,-0.1031
18911.133,-0.0776
18912.598,-0.0696
18914.062,-0.0696
18915.527,-0.0873
18916.992,-0.0434
18918.457,0.0270
18919.922,-0.1340
18921.387,-0.1272
18922.852,-0.0540
18924.316,0.0558
18925.781,-0.0593
18927.246,-0.0867
18928.711,-0.0396
18930.176,-0.0111
18931.641,-0.1491
18933.105,-0.0407
18934.570,-0.0274
18936.035,-0.0682
18937.500,-0.1376
18938.965,-0.1807
18940.430,-0.1190
18941.895,-0.0036
18943.359,-0.1629
18944.824,-0.1736
18946.289,-0.0480
18947.754,-0.0390
18949.219,-0.1323
18950.684,-0.1218
18952.148,-0.0817
18953.613,-0.1052
18955.078,-0.0595
18956.543,-0.0760
18958.008,-0.0327
18959.473,-0.0907
18960.938,-0.0414
18962.402,-0.0647
18963.867,-0.0428
18965.332,-0.0555
18966.797,-0.0227
18968.262,-0.0462
18969.727,-0.0995
18971.191,-0.0829
18972.656,-0.0394
18974.121,-0.0983
18975.586,-0.0573
18977.051,-0.1297
18978.516,-0.1363
18979.980,-0.1102
18981.445,-0.0958
18982.910,-0.0520
18984.375,-0.0768
18985.840,-0.0467
18987.305,-0.0417
18988.770,-0.1014
18990.234,-0.0852
18991.699,-0.1215
18993.164,-0.1246
18994.629,-0.1606
18996.094,-0.1334
18997.559,-0.0794
18999.023,-0.0064
19000.488,-0.0588
19001.953,-0.1412
19003.418,-0.0634
19004.883,0.0108
19006.348,-0.1124
19007.812,-0.0679
19009.277,-0.0644
19010.742,-0.0813
19012.207,-0.0728
19013.672,-0.1414
19015.137,-0.0546
19016.602,-0.1048
19018.066,-0.0491
19019.531,-0.0799
19020.996,-0.1533
19022.461,-0.1505
19023.926,-0.0147
19025.391,-0.0455
19026.855,-0.0579
19028.320,0.0360
19029.785,-0.0762
19031.250,-0.0559
19032.715,-0.0388
19034.180,-0.0783
19035.645,-0.0611
19037.109,-0.1049
19038.574,-0.1346
19040.039,-0.0408
19041.504,-0.0443
19042.969,-0.0232
19044.434,0.0425
19045.898,-0.0828
19047.363,-0.1148
19048.828,-0.1828
19050.293,-0.1283
19051.758,-0.0706
19053.223,-0.1023
19054.688,-0.0963
19056.152,-0.1119
19057.617,-0.0342
19059.082,-0.0695
19060.547,-0.0551
19062.012,-0.1007
19063.477,-0.0837
19064.941,-0.0573
19066.406,-0.1210
19067.871,-0.1203
19069.336,-0.1189
19070.801,-0.0167
19072.266,-0.0837
19073.730,-0.0914
19075.195,-0.0432
19076.660,-0.0848
19078.125,-0.1373
19079.590,-0.1035
19081.055,-0.0815
19082.520,-0.0909
19083.984,-0.1152
19085.449,-0.0996
19086.914,-0.1562
19088.379,-0.1429
19089.844,0.0176
19091.309,-0.0567
19092.773,-0.0526
19094.238,-0.0362
19095.703,-0.0986
19097.168,-0.1486
19098.633,-0.1926
19100.098,-0.1485
19101.562,-0.0876
19103.027,-0.0647
19104.492,-0.0638
19105.957,-0.1290
19107.422,-0.1189
19108.887,-0.0364
19110.352,-0.0871
19111.816,-0.0466
19113.281,-0.0059
19114.746,-0.0450
19116.211,-0.1062
19117.676,-0.0959
19119.141,-0.1025
19120.605,-0.1553
19122.070,-0.0971
19123.535,-0.1166
19125.000,-0.1775
19126.465,-0.0642
19127.930,-0.0395
19129.395,-0.0454
19130.859,-0.1627
19132.324,-0.0682
19133.789,-0.0607
19135.254,-0.0925
19136.719,-0.0390
19138.184,-0.0898
19139.648,-0.1606
19141.113,-0.0238
19142.578,-0.0420
19144.043,-0.1652
19145.508,-0.0510
19146.973,-0.0970
19148.438,-0.1316
19149.902,-0.1703
19151.367,-0.0978
19152.832,-0.0381
19154.297,-0.1105
19155.762,-0.0474
19157.227,-0.0516
19158.691,-0.0201
19160.156,0.0026
19161.621,-0.0143
19163.086,-0.0613
19164.551,-0.1072
19166.016,-0.1468
19167.480,-0.1427
19168.945,-0.1145
19170.410,-0.0918
19171.875,-0.1245
19173.340,-0.0848
19174.805,-0.0714
19176.270,-0.0599
19177.734,-0.0151
19179.199,-0.0134
19180.664,-0.0861
19182.129,-0.0201
19183.594,-0.0762
19185.059,-0.0414
19186.523,0.0038
19187.988,-0.0083
19189.453,0.0009
19190.918,-0.0429
19192.383,-0.0519
19193.848,-0.0322
19195.312,-0.0211
19196.777,-0.0122
19198.242,-0.0843
19199.707,-0.0682
19201.172,-0.0833
19202.637,-0.0578
19204.102,-0.1518
19205.566,-0.0925
19207.031,-0.0148
19208.496,-0.0950
19209.961,-0.1412
19211.426,-0.1115
19212.891,-0.1013
19214.355,-0.1109
19215.820,-0.0640
19217.285,-0.0457
19218.750,-0.0835
19220.215,-0.0808
19221.680,-0.0655
19223.145,-0.1471
19224.609,-0.1044
19226.074,-0.0939
19227.539,-0.0930
19229.004,-0.1274
19230.469,-0.0628
19231.934,-0.0217
19233.398,-0.0503
19234.863,-0.0331
19236.328,-0.0483
19237.793,-0.0640
19239.258,-0.0435
19240.723,-0.0840
19242.188,-0.0580
19243.652,-0.1115
19245.117,-0.1291
19246.582,-0.0401
19248.047,-0.0648
19249.512,-0.1683
19250.977,-0.0934
19252.441,-0.0409
19253.906,-0.1102
19255.371,-0.0746
19256.836,-0.0524
19258.301,-0.1074
19259.766,-0.0733
19261.230,-0.0224
19262.695,-0.0617
19264.160,-0.1201
19265.625,-0.0679
19267.090,-0.1076
19268.555,-0.0728
19270.020,-0.0600
19271.484,-0.1321
19272.949,-0.1525
19274.414,-0.1382
19275.879,-0.1034
19277.344,-0.1199
19278.809,-0.1605
19280.273,-0.0857
19281.738,-0.0626
19283.203,-0.0916
19284.668,-0.0841
19286.133,-0.0919
19287.598,-0.0381
19289.062,-0.0497
19290.527,-0.1019
19291.992,-0.1221
19293.457,-0.1405
19294.922,-0.0505
19296.387,-0.0610
19297.852,-0.0641
19299.316,-0.0773
19300.781,-0.1378
19302.246,-0.1278
19303.711,-0.0666
19305.176,-0.0419
19306.641,-0.0788
19308.105,-0.0822
19309.570,-0.0155
19311.035,-0.0048
19312.500,-0.0757
19313.965,-0.0696
19315.430,-0.0787
19316.895,-0.1204
19318.359,-0.1290
19319.824,-0.1121
19321.289,-0.1114
19322.754,-0.0806
19324.219,-0.0945
19325.684,-0.1621
19327.148,-0.1349
19328.613,-0.0570
19330.078,-0.0148
19331.543,-0.0592
19333.008,-0.0784
19334.473,-0.0680
19335.938,-0.0878
19337.402,-0.1251
19338.867,-0.1261
19340.332,-0.1291
19341.797,-0.0666
19343.262,-0.0758
19344.727,-0.0946
19346.191,-0.0718
19347.656,-0.1277
19349.121,-0.1382
19350.586,-0.0680
19352.051,-0.1022
19353.516,-0.0759
19354.980,-0.0583
19356.445,-0.0980
19357.910,-0.1287
19359.375,-0.1009
19360.840,-0.0668
19362.305,-0.0750
19363.770,-0.0954
19365.234,-0.0761
19366.699,-0.0358
19368.164,-0.0245
19369.629,-0.0531
19371.094,-0.0894
19372.559,-0.0979
19374.023,-0.0921
19375.488,-0.0949
19376.953,-0.0609
19378.418,-0.0589
19379.883,-0.0826
19381.348,-0.0369
19382.812,-0.0557
19384.277,-0.0768
19385.742,-0.0153
19387.207,-0.0587
19388.672,-0.1467
19390.137,-0.1606
19391.602,-0.1013
19393.066,-0.1097
19394.531,-0.0527
19395.996,-0.0323
19397.461,-0.0511
19398.926,-0.0380
19400.391,-0.1152
19401.855,-0.1197
19403.320,-0.1007
19404.785,-0.0756
19406.250,-0.0678
19407.715,-0.0278
19409.180,-0.0421
19410.645,-0.1085
19412.109,-0.1343
19413.574,-0.0888
19415.039,-0.0239
19416.504,-0.0486
19417.969,-0.0716
19419.434,-0.0794
19420.898,-0.0813
19422.363,-0.1238
19423.828,-0.1179
19425.293,-0.0734
19426.758,-0.0864
19428.223,-0.0746
19429.688,-0.0944
19431.152,-0.1187
19432.617,-0.1310
19434.082,-0.0949
19435.547,-0.1014
19437.012,-0.1202
19438.477,-0.1094
19439.941,-0.0941
19441.406,-0.0565
19442.871,-0.0377
19444.336,-0.0534
19445.801,-0.0701
19447.266,-0.1123
19448.730,-0.1404
19450.195,-0.1087
19451.660,-0.0817
19453.125,-0.1155
19454.590,-0.1456
19456.055,-0.1588
19457.520,-0.0996
19458.984,-0.0072
19460.449,-0.0713
19461.914,-0.1779
19463.379,-0.1419
19464.844,-0.0990
19466.309,-0.1083
19467.773,-0.0661
19469.238,-0.0197
19470.703,-0.0523
19472.168,-0.1110
19473.633,-0.1104
19475.098,-0.1021
19476.562,-0.0450
19478.027,-0.0451
19479.492,-0.0838
19480.957,-0.0433
19482.422,-0.0187
19483.887,-0.0740
19485.352,-0.1204
19486.816,-0.0722
19488.281,-0.0412
19489.746,-0.0535
19491.211,-0.0515
19492.676,-0.0676
19494.141,-0.0581
19495.605,-0.0518
19497.070,-0.0298
19498.535,-0.0216
19500.000,-0.0267
19501.465,-0.0594
19502.930,-0.0926
19504.395,-0.0725
19505.859,-0.0719
19507.324,-0.0868
19508.789,-0.0908
19510.254,-0.1165
19511.719,-0.1774
19513.184,-0.1612
19514.648,-0.0791
19516.113,-0.0491
19517.578,-0.1090
19519.043,-0.1096
19520.508,-0.0762
19521.973,-0.1025
19523.438,-0.1088
19524.902,-0.0723
19526.367,-0.0731
19527.832,-0.0789
19529.297,-0.0840
19530.762,-0.1225
19532.227,-0.1103
19533.691,-0.0596
19535.156,-0.0327
19536.621,-0.0506
19538.086,-0.0711
19539.551,-0.0838
19541.016,-0.0926
19542.480,-0.0967
19543.945,-0.0974
19545.410,-0.0646
19546.875,-0.0331
19548.340,-0.0069
19549.805,-0.0199
19551.270,-0.0431
19552.734,-0.0233
19554.199,-0.0387
19555.664,-0.0631
19557.129,-0.0893
19558.594,-0.1198
19560.059,-0.0844
19561.523,-0.0396
19562.988,-0.0829
19564.453,-0.1223
19565.918,-0.0934
19567.383,-0.0987
19568.848,-0.1203
19570.312,-0.1230
19571.777,-0.0755
19573.242,-0.0665
19574.707,-0.1060
19576.172,-0.0755
19577.637,-0.0804
19579.102,-0.1160
19580.566,-0.0916
19582.031,-0.0748
19583.496,-0.0620
19584.961,-0.0597
19586.426,-0.0457
19587.891,-0.0505
19589.355,-0.0667
19590.820,-0.0296
19592.285,-0.0184
19593.750,-0.0722
19595.215,-0.0998
19596.680,-0.0734
19598.145,-0.0561
19599.609,-0.0644
19601.074,-0.0810
19602.539,-0.0704
19604.004,-0.0566
19605.469,-0.0794
19606.934,-0.1035
19608.398,-0.0933
19609.863,-0.0562
19611.328,-0.0518
19612.793,-0.0777
19614.258,-0.0885
19615.723,-0.0873
19617.188,-0.0885
19618.652,-0.0993
19620.117,-0.0952
19621.582,-0.0877
19623.047,-0.0844
19624.512,-0.0749
19625.977,-0.0649
19627.441,-0.0846
19628.906,-0.1343
19630.371,-0.1258
19631.836,-0.0715
19633.301,-0.1015
19634.766,-0.1317
19636.230,-0.0747
19637.695,-0.0474
19639.160,-0.0572
19640.625,-0.0606
19642.090,-0.1075
19643.555,-0.1327
19645.020,-0.1111
19646.484,-0.1124
19647.949,-0.1131
19649.414,-0.0824
19650.879,-0.0434
19652.344,-0.0494
19653.809,-0.0739
19655.273,-0.0595
19656.738,-0.0469
19658.203,-0.0792
19659.668,-0.0983
19661.133,-0.0999
19662.598,-0.0597
19664.062,-0.0088
19665.527,-0.0416
19666.992,-0.0757
19668.457,-0.0686
19669.922,-0.0515
19671.387,-0.0353
19672.852,-0.0550
19674.316,-0.0597
19675.781,-0.0513
19677.246,-0.0989
19678.711,-0.1354
19680.176,-0.0926
19681.641,-0.0402
19683.105,-0.0447
19684.570,-0.0456
19686.035,-0.0145
19687.500,-0.0239
19688.965,-0.0692
19690.430,-0.0885
19691.895,-0.1041
19693.359,-0.1042
19694.824,-0.0696
19696.289,-0.0603
19697.754,-0.0805
19699.219,-0.0766
19700.684,-0.0364
19702.148,-0.0366
19703.613,-0.0524
19705.078,-0.0332
19706.543,-0.0721
19708.008,-0.1100
19709.473,-0.0860
19710.938,-0.0748
19712.402,-0.0664
19713.867,-0.0683
19715.332,-0.0819
19716.797,-0.0633
19718.262,-0.0235
19719.727,-0.0320
19721.191,-0.0751
19722.656,-0.0679
19724.121,-0.0603
19725.586,-0.0820
19727.051,-0.0793
19728.516,-0.0644
19729.980,-0.0522
19731.445,-0.0579
19732.910,-0.1060
19734.375,-0.1235
19735.840,-0.0778
19737.305,-0.0567
19738.770,-0.0635
19740.234,-0.0901
19741.699,-0.1499
19743.164,-0.1716
19744.629,-0.1522
19746.094,-0.1405
19747.559,-0.1288
19749.023,-0.1041
19750.488,-0.0654
19751.953,-0.0431
19753.418,-0.0581
19754.883,-0.0763
19756.348,-0.0644
19757.812,-0.0683
19759.277,-0.1064
19760.742,-0.0946
19762.207,-0.0257
19763.672,-0.0180
19765.137,-0.0830
19766.602,-0.1118
19768.066,-0.1057
19769.531,-0.1103
19770.996,-0.1024
19772.461,-0.0907
19773.926,-0.0906
19775.391,-0.0708
19776.855,-0.0231
19778.320,-0.0299
19779.785,-0.0560
19781.250,-0.0469
19782.715,-0.0485
19784.180,-0.0389
19785.645,-0.0079
19787.109,0.0062
19788.574,-0.0277
19790.039,-0.0767
19791.504,-0.0767
19792.969,-0.0664
19794.434,-0.0788
19795.898,-0.1096
19797.363,-0.1604
19798.828,-0.1523
19800.293,-0.0949
19801.758,-0.0741
19803.223,-0.0716
19804.688,-0.0583
19806.152,-0.0544
19807.617,-0.0762
19809.082,-0.0864
19810.547,-0.0709
19812.012,-0.0601
19813.477,-0.0442
19814.941,-0.0640
19816.406,-0.0694
19817.871,-0.0420
19819.336,-0.0463
19820.801,-0.0741
19822.266,-0.0798
19823.730,-0.0880
19825.195,-0.1232
19826.660,-0.1338
19828.125,-0.1233
19829.590,-0.1379
19831.055,-0.1290
19832.520,-0.0889
19833.984,-0.0805
19835.449,-0.0829
19836.914,-0.1028
19838.379,-0.0758
19839.844,-0.0455
19841.309,-0.0712
19842.773,-0.0911
19844.238,-0.1117
19845.703,-0.1116
19847.168,-0.0580
19848.633,-0.0365
19850.098,-0.0921
19851.562,-0.0949
19853.027,-0.0637
19854.492,-0.0899
19855.957,-0.0874
19857.422,-0.0668
19858.887,-0.1033
19860.352,-0.1322
19861.816,-0.1375
19863.281,-0.1302
19864.746,-0.1405
19866.211,-0.1235
19867.676,-0.0781
19869.141,-0.0790
19870.605,-0.0841
19872.070,-0.0804
19873.535,-0.0412
19875.000,-0.0408
19876.465,-0.0999
19877.930,-0.1185
19879.395,-0.0835
19880.859,-0.0511
19882.324,-0.0595
19883.789,-0.0617
19885.254,-0.0599
19886.719,-0.0428
19888.184,-0.0245
19889.648,-0.0097
19891.113,-0.0350
19892.578,-0.0432
19894.043,-0.0343
19895.508,-0.0546
19896.973,-0.0589
19898.438,-0.0576
19899.902,-0.0776
19901.367,-0.1096
19902.832,-0.1087
19904.297,-0.0791
19905.762,-0.0812
19907.227,-0.1043
19908.691,-0.1090
19910.156,-0.1133
19911.621,-0.0782
19913.086,-0.0227
19914.551,-0.0481
19916.016,-0.0884
19917.480,-0.0833
19918.945,-0.0932
19920.410,-0.0802
19921.875,-0.0759
19923.340,-0.0790
19924.805,-0.0786
19926.270,-0.0695
19927.734,-0.0933
19929.199,-0.0838
19930.664,-0.0530
19932.129,-0.0808
19933.594,-0.0858
19935.059,-0.0869
19936.523,-0.1056
19937.988,-0.0936
19939.453,-0.0857
19940.918,-0.1090
19942.383,-0.0996
19943.848,-0.1312
19945.312,-0.1081
19946.777,-0.0595
19948.242,-0.0496
19949.707,-0.1095
19951.172,-0.1564
19952.637,-0.1315
19954.102,-0.1133
19955.566,-0.0818
19957.031,-0.0681
19958.496,-0.0626
19959.961,-0.0362
19961.426,-0.0663
19962.891,-0.0809
19964.355,-0.0844
19965.820,-0.1239
19967.285,-0.1406
19968.750,-0.0999
19970.215,-0.0494
19971.680,-0.0713
19973.145,-0.0944
19974.609,-0.0927
19976.074,-0.0841
19977.539,-0.1007
19979.004,-0.0650
19980.469,-0.0014
19981.934,-0.0281
19983.398,-0.1020
19984.863,-0.0914
19986.328,-0.0654
19987.793,-0.0619
19989.258,-0.0665
19990.723,-0.0582
19992.188,-0.0417
19993.652,-0.0938
19995.117,-0.1537
19996.582,-0.0799
19998.047,-0.0363
19999.512,-0.0383
