freq_hz,gain_dB,coherence
20.508,-54.8125,0.9997
21.973,-54.7878,0.9997
23.438,-54.7620,0.9997
24.902,-54.7497,0.9997
26.367,-54.7413,0.9999
27.832,-54.7153,0.9998
29.297,-54.7316,0.9998
30.762,-54.7103,0.9999
32.227,-54.7056,0.9998
33.691,-54.7086,0.9999
35.156,-54.6750,0.9998
36.621,-54.7030,0.9999
38.086,-54.6667,0.9998
39.551,-54.6863,0.9999
41.016,-54.6836,0.9998
42.480,-54.6637,0.9999
43.945,-54.7073,0.9999
45.410,-54.6358,0.9999
46.875,-54.6933,1.0000
48.340,-54.6759,0.9998
49.805,-54.6376,1.0000
51.270,-54.6966,0.9999
52.734,-54.6369,0.9999
54.199,-54.6362,1.0000
55.664,-54.6910,0.9999
57.129,-54.6380,0.9998
58.594,-54.6229,0.9999
60.059,-54.6789,0.9999
61.523,-54.6590,0.9998
62.988,-54.6089,0.9999
64.453,-54.6517,1.0000
65.918,-54.6889,0.9999
67.383,-54.6290,0.9998
68.848,-54.6152,0.9999
70.312,-54.6577,1.0000
71.777,-54.6843,0.9999
73.242,-54.6241,0.9999
74.707,-54.6169,1.0000
76.172,-54.6500,1.0000
77.637,-54.6793,0.9999
79.102,-54.6355,0.9998
80.566,-54.6044,0.9999
82.031,-54.6362,1.0000
83.496,-54.6697,1.0000
84.961,-54.6704,0.9999
86.426,-54.5963,0.9999
87.891,-54.6068,1.0000
89.355,-54.6428,1.0000
90.820,-54.6705,0.9999
92.285,-54.6704,0.9999
93.750,-54.6086,0.9999
95.215,-54.6113,1.0000
96.680,-54.6400,1.0000
98.145,-54.6596,1.0000
99.609,-54.6752,0.9999
101.074,-54.6328,0.9998
102.539,-54.6012,0.9999
104.004,-54.6198,1.0000
105.469,-54.6384,1.0000
106.934,-54.6649,1.0000
108.398,-54.6707,0.9999
109.863,-54.6042,0.9998
111.328,-54.5935,0.9999
112.793,-54.6158,1.0000
114.258,-54.6387,1.0000
115.723,-54.6618,1.0000
117.188,-54.6728,0.9999
118.652,-54.6477,0.9997
120.117,-54.6068,0.9995
121.582,-54.5992,0.9999
123.047,-54.6174,1.0000
124.512,-54.6408,1.0000
125.977,-54.6628,1.0000
127.441,-54.6683,0.9999
128.906,-54.6224,0.9998
130.371,-54.5884,0.9999
131.836,-54.5979,0.9999
133.301,-54.6108,1.0000
134.766,-54.6322,1.0000
136.230,-54.6539,1.0000
137.695,-54.6687,0.9999
139.160,-54.6418,0.9998
140.625,-54.6027,0.9997
142.090,-54.5856,0.9999
143.555,-54.5950,1.0000
145.020,-54.6173,1.0000
146.484,-54.6408,1.0000
147.949,-54.6588,1.0000
149.414,-54.6626,0.9999
150.879,-54.6478,0.9998
152.344,-54.6070,0.9998
153.809,-54.5918,0.9999
155.273,-54.5927,0.9999
156.738,-54.6000,1.0000
158.203,-54.6199,1.0000
159.668,-54.6391,0.9999
161.133,-54.6556,0.9999
162.598,-54.6645,0.9999
164.062,-54.6392,0.9998
165.527,-54.6098,0.9998
166.992,-54.5981,0.9999
168.457,-54.5932,0.9999
169.922,-54.6028,1.0000
171.387,-54.6194,1.0000
172.852,-54.6346,1.0000
174.316,-54.6497,1.0000
175.781,-54.6551,0.9999
177.246,-54.6561,0.9998
178.711,-54.6331,0.9997
180.176,-54.6001,0.9997
181.641,-54.6008,0.9999
183.105,-54.5963,0.9999
184.570,-54.6020,1.0000
186.035,-54.6183,1.0000
187.500,-54.6336,1.0000
188.965,-54.6455,1.0000
190.430,-54.6581,0.9999
191.895,-54.6573,0.9999
193.359,-54.6479,0.9998
194.824,-54.6162,0.9998
196.289,-54.5904,0.9999
197.754,-54.5878,0.9999
199.219,-54.5956,0.9999
200.684,-54.6029,1.0000
202.148,-54.6122,1.0000
203.613,-54.6262,1.0000
205.078,-54.6407,1.0000
206.543,-54.6558,0.9999
208.008,-54.6642,0.9999
209.473,-54.6454,0.9998
210.938,-54.6146,0.9998
212.402,-54.5988,0.9998
213.867,-54.5870,0.9999
215.332,-54.5875,0.9999
216.797,-54.5955,1.0000
218.262,-54.6025,1.0000
219.727,-54.6181,0.9999
221.191,-54.6306,1.0000
222.656,-54.6453,1.0000
224.121,-54.6539,0.9999
225.586,-54.6558,0.9999
227.051,-54.6470,0.9998
228.516,-54.6176,0.9998
229.980,-54.5881,0.9998
231.445,-54.5825,0.9999
232.910,-54.5820,0.9999
234.375,-54.5879,0.9999
235.840,-54.6023,0.9999
237.305,-54.6144,1.0000
238.770,-54.6210,0.9998
240.234,-54.6299,0.9997
241.699,-54.6416,0.9999
243.164,-54.6520,0.9999
244.629,-54.6540,0.9999
246.094,-54.6389,0.9998
247.559,-54.6266,0.9998
249.023,-54.6002,0.9998
250.488,-54.5919,0.9999
251.953,-54.5857,0.9999
253.418,-54.5810,0.9999
254.883,-54.5928,0.9999
256.348,-54.6049,1.0000
257.812,-54.6162,1.0000
259.277,-54.6295,0.9999
260.742,-54.6428,0.9999
262.207,-54.6522,1.0000
263.672,-54.6517,0.9999
265.137,-54.6523,0.9999
266.602,-54.6452,0.9998
268.066,-54.6431,0.9998
269.531,-54.6006,0.9998
270.996,-54.5931,0.9998
272.461,-54.5982,0.9999
273.926,-54.5872,0.9999
275.391,-54.5905,0.9999
276.855,-54.5993,1.0000
278.320,-54.6108,0.9999
279.785,-54.6222,0.9999
281.250,-54.6325,1.0000
282.715,-54.6387,1.0000
284.180,-54.6363,1.0000
285.645,-54.6381,0.9999
287.109,-54.6527,0.9999
288.574,-54.6537,0.9999
290.039,-54.6506,0.9998
291.504,-54.6165,0.9998
292.969,-54.5950,0.9998
294.434,-54.5957,0.9998
295.898,-54.5938,0.9998
297.363,-54.5794,0.9999
298.828,-54.5725,0.9999
300.293,-54.5721,0.9998
301.758,-54.5863,0.9999
303.223,-54.5973,1.0000
304.688,-54.6145,1.0000
306.152,-54.6266,0.9999
307.617,-54.6325,0.9999
309.082,-54.6398,0.9999
310.547,-54.6440,0.9999
312.012,-54.6518,0.9999
313.477,-54.6453,0.9998
314.941,-54.6560,0.9998
316.406,-54.6386,0.9998
317.871,-54.6262,0.9998
319.336,-54.5974,0.9998
320.801,-54.5859,0.9998
322.266,-54.5782,0.9999
323.730,-54.5848,0.9999
325.195,-54.5935,0.9999
326.660,-54.5991,0.9999
328.125,-54.6019,0.9999
329.590,-54.6063,0.9999
331.055,-54.6134,1.0000
332.520,-54.6253,1.0000
333.984,-54.6387,0.9999
335.449,-54.6520,0.9999
336.914,-54.6537,0.9999
338.379,-54.6475,0.9999
339.844,-54.6448,0.9998
341.309,-54.6562,0.9998
342.773,-54.6465,0.9998
344.238,-54.6184,0.9998
345.703,-54.6108,0.9998
347.168,-54.5854,0.9998
348.633,-54.5674,0.9999
350.098,-54.5800,0.9999
351.562,-54.5827,0.9999
353.027,-54.5887,0.9999
354.492,-54.5997,1.0000
355.957,-54.6060,1.0000
357.422,-54.6156,1.0000
358.887,-54.6266,0.9998
360.352,-54.6329,0.9997
361.816,-54.6390,0.9999
363.281,-54.6492,0.9999
364.746,-54.6477,0.9999
366.211,-54.6489,0.9999
367.676,-54.6587,0.9999
369.141,-54.6511,0.9998
370.605,-54.6431,0.9998
372.070,-54.6288,0.9998
373.535,-54.6143,0.9998
375.000,-54.6048,0.9998
376.465,-54.5942,0.9998
377.930,-54.5735,0.9998
379.395,-54.5693,0.9998
380.859,-54.5811,0.9999
382.324,-54.5804,0.9999
383.789,-54.5854,0.9999
385.254,-54.5963,0.9999
386.719,-54.6037,0.9999
388.184,-54.6163,1.0000
389.648,-54.6244,0.9999
391.113,-54.6236,0.9999
392.578,-54.6239,0.9999
394.043,-54.6299,0.9999
395.508,-54.6350,0.9999
396.973,-54.6357,0.9999
398.438,-54.6316,0.9998
399.902,-54.6454,0.9998
401.367,-54.6387,0.9998
402.832,-54.6312,0.9998
404.297,-54.6170,0.9998
405.762,-54.6063,0.9998
407.227,-54.5960,0.9998
408.691,-54.5839,0.9998
410.156,-54.5773,0.9998
411.621,-54.5737,0.9999
413.086,-54.5797,0.9999
414.551,-54.5815,0.9999
416.016,-54.5900,0.9999
417.480,-54.5992,0.9999
418.945,-54.6074,0.9999
420.410,-54.6029,0.9998
421.875,-54.6042,0.9999
423.340,-54.6166,0.9999
424.805,-54.6211,0.9999
426.270,-54.6246,0.9999
427.734,-54.6297,0.9999
429.199,-54.6356,0.9999
430.664,-54.6407,0.9999
432.129,-54.6470,0.9999
433.594,-54.6483,0.9998
435.059,-54.6462,0.9998
436.523,-54.6419,0.9998
437.988,-54.6190,0.9998
439.453,-54.6067,0.9997
440.918,-54.6207,0.9997
442.383,-54.5993,0.9998
443.848,-54.5890,0.9998
445.312,-54.5677,0.9998
446.777,-54.5589,0.9999
448.242,-54.5709,0.9999
449.707,-54.5819,0.9999
451.172,-54.5766,0.9999
452.637,-54.5758,0.9999
454.102,-54.5946,0.9999
455.566,-54.6098,1.0000
457.031,-54.6068,0.9999
458.496,-54.6016,0.9999
459.961,-54.6094,0.9999
461.426,-54.6228,0.9999
462.891,-54.6292,0.9999
464.355,-54.6359,0.9999
465.820,-54.6464,0.9999
467.285,-54.6459,0.9999
468.750,-54.6448,0.9999
470.215,-54.6519,0.9999
471.680,-54.6604,0.9998
473.145,-54.6535,0.9998
474.609,-54.6418,0.9998
476.074,-54.6162,0.9998
477.539,-54.6103,0.9997
479.004,-54.6118,0.9983
480.469,-54.5932,0.9987
481.934,-54.5779,0.9998
483.398,-54.5702,0.9998
484.863,-54.5906,0.9999
486.328,-54.5798,0.9999
487.793,-54.5759,0.9999
489.258,-54.5830,0.9999
490.723,-54.5825,0.9999
492.188,-54.5840,0.9999
493.652,-54.5932,0.9999
495.117,-54.6049,0.9999
496.582,-54.6100,0.9999
498.047,-54.6139,0.9999
499.512,-54.6197,0.9999
500.977,-54.6286,0.9999
502.441,-54.6378,0.9999
503.906,-54.6394,0.9999
505.371,-54.6378,0.9999
506.836,-54.6371,0.9999
508.301,-54.6459,0.9999
509.766,-54.6594,0.9998
511.230,-54.6554,0.9998
512.695,-54.6450,0.9998
514.160,-54.6338,0.9998
515.625,-54.6239,0.9998
517.090,-54.6137,0.9998
518.555,-54.6104,0.9997
520.020,-54.5857,0.9997
521.484,-54.5781,0.9998
522.949,-54.5790,0.9998
524.414,-54.5802,0.9999
525.879,-54.5891,0.9998
527.344,-54.5726,0.9999
528.809,-54.5726,0.9999
530.273,-54.5826,0.9999
531.738,-54.5854,0.9999
533.203,-54.5881,0.9999
534.668,-54.5944,0.9999
536.133,-54.6025,0.9999
537.598,-54.6067,0.9999
539.062,-54.6154,0.9998
540.527,-54.6208,0.9998
541.992,-54.6171,0.9999
543.457,-54.6175,0.9999
544.922,-54.6283,0.9999
546.387,-54.6399,0.9999
547.852,-54.6357,0.9999
549.316,-54.6382,0.9999
550.781,-54.6451,0.9999
552.246,-54.6454,0.9999
553.711,-54.6425,0.9999
555.176,-54.6442,0.9998
556.641,-54.6586,0.9998
558.105,-54.6479,0.9997
559.570,-54.6385,0.9997
561.035,-54.6302,0.9997
562.500,-54.6028,0.9997
563.965,-54.5958,0.9998
565.430,-54.5940,0.9998
566.895,-54.5714,0.9998
568.359,-54.5606,0.9998
569.824,-54.5595,0.9998
571.289,-54.5711,0.9999
572.754,-54.5676,0.9999
574.219,-54.5707,0.9999
575.684,-54.5877,0.9999
577.148,-54.5930,0.9999
578.613,-54.5998,0.9999
580.078,-54.6008,0.9999
581.543,-54.6000,0.9999
583.008,-54.6096,0.9999
584.473,-54.6160,0.9999
585.938,-54.6168,0.9999
587.402,-54.6156,0.9999
588.867,-54.6214,0.9999
590.332,-54.6290,0.9999
591.797,-54.6261,0.9999
593.262,-54.6263,0.9999
594.727,-54.6318,0.9999
596.191,-54.6302,0.9999
597.656,-54.6463,0.9997
599.121,-54.7039,0.9984
600.586,-54.6833,0.9989
602.051,-54.6398,0.9998
603.516,-54.6252,0.9998
604.980,-54.6435,0.9998
606.445,-54.6431,0.9997
607.910,-54.6008,0.9997
609.375,-54.5960,0.9998
610.840,-54.5892,0.9998
612.305,-54.5809,0.9998
613.770,-54.5843,0.9998
615.234,-54.5844,0.9998
616.699,-54.5745,0.9998
618.164,-54.5707,0.9998
619.629,-54.5664,0.9998
621.094,-54.5764,0.9999
622.559,-54.5775,0.9999
624.023,-54.5735,0.9999
625.488,-54.5799,0.9999
626.953,-54.5945,0.9999
628.418,-54.5955,0.9999
629.883,-54.5968,0.9999
631.348,-54.5958,0.9999
632.812,-54.5977,0.9999
634.277,-54.6023,0.9999
635.742,-54.6072,0.9999
637.207,-54.6154,0.9999
638.672,-54.6211,0.9999
640.137,-54.6185,0.9999
641.602,-54.6225,0.9999
643.066,-54.6238,0.9999
644.531,-54.6208,0.9999
645.996,-54.6285,0.9999
647.461,-54.6279,0.9999
648.926,-54.6377,0.9999
650.391,-54.6468,0.9998
651.855,-54.6416,0.9998
653.320,-54.6377,0.9998
654.785,-54.6322,0.9998
656.250,-54.6433,0.9998
657.715,-54.6303,0.9997
659.180,-54.6236,0.9996
660.645,-54.6300,0.9995
662.109,-54.6192,0.9997
663.574,-54.6053,0.9997
665.039,-54.5920,0.9997
666.504,-54.5819,0.9997
667.969,-54.5878,0.9998
669.434,-54.5836,0.9998
670.898,-54.5727,0.9998
672.363,-54.5675,0.9999
673.828,-54.5728,0.9998
675.293,-54.5728,0.9999
676.758,-54.5878,0.9999
678.223,-54.5990,0.9999
679.688,-54.5943,0.9999
681.152,-54.5944,0.9999
682.617,-54.5945,0.9999
684.082,-54.5970,0.9999
685.547,-54.5997,0.9999
687.012,-54.5958,0.9999
688.477,-54.5954,0.9999
689.941,-54.5996,0.9999
691.406,-54.6067,0.9999
692.871,-54.6173,0.9999
694.336,-54.6237,0.9999
695.801,-54.6290,0.9999
697.266,-54.6329,0.9999
698.730,-54.6337,0.9999
700.195,-54.6366,0.9999
701.660,-54.6312,0.9999
703.125,-54.6383,0.9999
704.590,-54.6424,0.9999
706.055,-54.6496,0.9998
707.520,-54.6466,0.9998
708.984,-54.6484,0.9998
710.449,-54.6438,0.9998
711.914,-54.6371,0.9998
713.379,-54.6335,0.9998
714.844,-54.6250,0.9998
716.309,-54.6222,0.9997
717.773,-54.6169,0.9995
719.238,-54.6205,0.9982
720.703,-54.5778,0.9992
722.168,-54.5858,0.9997
723.633,-54.5797,0.9998
725.098,-54.5584,0.9998
726.562,-54.5739,0.9998
728.027,-54.5737,0.9998
729.492,-54.5742,0.9998
730.957,-54.5789,0.9998
732.422,-54.5919,0.9999
733.887,-54.5911,0.9999
735.352,-54.5911,0.9999
736.816,-54.5949,0.9999
738.281,-54.5979,0.9999
739.746,-54.5918,0.9999
741.211,-54.5842,0.9999
742.676,-54.5860,0.9999
744.141,-54.5949,0.9999
745.605,-54.6038,0.9999
747.070,-54.6070,0.9999
748.535,-54.6105,0.9999
750.000,-54.6141,0.9999
751.465,-54.6148,0.9999
752.930,-54.6172,0.9999
754.395,-54.6276,0.9999
755.859,-54.6315,0.9999
757.324,-54.6292,0.9999
758.789,-54.6273,0.9999
760.254,-54.6260,0.9999
761.719,-54.6252,0.9999
763.184,-54.6315,0.9999
764.648,-54.6380,0.9999
766.113,-54.6235,0.9998
767.578,-54.6348,0.9998
769.043,-54.6476,0.9998
770.508,-54.6237,0.9997
771.973,-54.6339,0.9998
773.438,-54.6363,0.9998
774.902,-54.6231,0.9998
776.367,-54.6283,0.9998
777.832,-54.6110,0.9997
779.297,-54.6054,0.9995
780.762,-54.6069,0.9995
782.227,-54.5883,0.9998
783.691,-54.5820,0.9998
785.156,-54.5882,0.9998
786.621,-54.5714,0.9998
788.086,-54.5743,0.9998
789.551,-54.5817,0.9998
791.016,-54.5673,0.9999
792.480,-54.5623,0.9998
793.945,-54.5714,0.9998
795.410,-54.5683,0.9999
796.875,-54.5758,0.9999
798.340,-54.5723,0.9999
799.805,-54.5750,0.9999
801.270,-54.5841,0.9999
802.734,-54.5949,0.9999
804.199,-54.5926,0.9999
805.664,-54.5876,0.9999
807.129,-54.5891,0.9999
808.594,-54.5963,0.9999
810.059,-54.5994,0.9999
811.523,-54.6054,0.9999
812.988,-54.6149,0.9999
814.453,-54.6207,0.9999
815.918,-54.6216,0.9999
817.383,-54.6186,0.9999
818.848,-54.6205,0.9999
820.312,-54.6276,0.9999
821.777,-54.6321,0.9999
823.242,-54.6340,0.9999
824.707,-54.6354,0.9999
826.172,-54.6401,0.9999
827.637,-54.6445,0.9999
829.102,-54.6438,0.9998
830.566,-54.6457,0.9999
832.031,-54.6500,0.9999
833.496,-54.6287,0.9998
834.961,-54.6323,0.9998
836.426,-54.6463,0.9998
837.891,-54.6230,0.9997
839.355,-54.6251,0.9993
840.820,-54.6290,0.9994
842.285,-54.6091,0.9997
843.750,-54.6069,0.9997
845.215,-54.6172,0.9997
846.680,-54.5955,0.9997
848.145,-54.5945,0.9997
849.609,-54.5997,0.9997
851.074,-54.5877,0.9998
852.539,-54.5813,0.9998
854.004,-54.5670,0.9998
855.469,-54.5679,0.9998
856.934,-54.5790,0.9998
858.398,-54.5800,0.9998
859.863,-54.5869,0.9998
861.328,-54.5719,0.9999
862.793,-54.5755,0.9999
864.258,-54.5790,0.9999
865.723,-54.5777,0.9999
867.188,-54.5921,0.9999
868.652,-54.6059,0.9999
870.117,-54.5951,0.9999
871.582,-54.5776,0.9999
873.047,-54.5786,0.9999
874.512,-54.5894,0.9999
875.977,-54.5914,0.9999
877.441,-54.5950,0.9999
878.906,-54.6001,0.9999
880.371,-54.5996,0.9999
881.836,-54.6009,0.9999
883.301,-54.6059,0.9999
884.766,-54.6136,0.9999
886.230,-54.6217,0.9999
887.695,-54.6315,0.9999
889.160,-54.6292,0.9999
890.625,-54.6200,0.9999
892.090,-54.6227,0.9999
893.555,-54.6266,0.9999
895.020,-54.6291,0.9999
896.484,-54.6431,0.9999
897.949,-54.6519,0.9999
899.414,-54.6499,0.9997
900.879,-54.6400,0.9997
902.344,-54.6507,0.9998
903.809,-54.6422,0.9998
905.273,-54.6255,0.9998
906.738,-54.6381,0.9998
908.203,-54.6257,0.9997
909.668,-54.6348,0.9997
911.133,-54.6227,0.9998
912.598,-54.6339,0.9997
914.062,-54.6205,0.9997
915.527,-54.6198,0.9997
916.992,-54.6124,0.9997
918.457,-54.6000,0.9997
919.922,-54.5853,0.9997
921.387,-54.5942,0.9997
922.852,-54.6025,0.9997
924.316,-54.5854,0.9997
925.781,-54.5806,0.9998
927.246,-54.5961,0.9998
928.711,-54.5890,0.9998
930.176,-54.5651,0.9998
931.641,-54.5707,0.9998
933.105,-54.5831,0.9998
934.570,-54.5829,0.9998
936.035,-54.5773,0.9998
937.500,-54.5878,0.9999
938.965,-54.5867,0.9998
940.430,-54.5677,0.9999
941.895,-54.5736,0.9999
943.359,-54.5868,0.9999
944.824,-54.5929,0.9999
946.289,-54.5928,0.9999
947.754,-54.5841,0.9999
949.219,-54.5827,0.9999
950.684,-54.5915,0.9999
952.148,-54.6014,0.9999
953.613,-54.6080,0.9999
955.078,-54.6092,0.9999
956.543,-54.6107,0.9999
958.008,-54.6142,0.9998
959.473,-54.6277,0.9995
960.938,-54.6357,0.9998
962.402,-54.6258,0.9999
963.867,-54.6129,0.9999
965.332,-54.6174,0.9999
966.797,-54.6276,0.9999
968.262,-54.6262,0.9999
969.727,-54.6255,0.9999
971.191,-54.6314,0.9999
972.656,-54.6411,0.9999
974.121,-54.6355,0.9999
975.586,-54.6442,0.9999
977.051,-54.6419,0.9998
978.516,-54.6394,0.9998
979.980,-54.6381,0.9998
981.445,-54.6176,0.9998
982.910,-54.6255,0.9998
984.375,-54.6439,0.9998
985.840,-54.6348,0.9998
987.305,-54.6381,0.9998
988.770,-54.6158,0.9997
990.234,-54.6262,0.9997
991.699,-54.6197,0.9997
993.164,-54.6223,0.9997
994.629,-54.6147,0.9997
996.094,-54.6105,0.9997
997.559,-54.5983,0.9997
999.023,-54.5958,0.9996
1000.488,-54.5991,0.9997
1001.953,-54.5921,0.9997
1003.418,-54.5770,0.9998
1004.883,-54.5695,0.9998
1006.348,-54.5761,0.9998
1007.812,-54.5810,0.9998
1009.277,-54.5713,0.9998
1010.742,-54.5757,0.9998
1012.207,-54.5775,0.9998
1013.672,-54.5745,0.9998
1015.137,-54.5631,0.9999
1016.602,-54.5714,0.9998
1018.066,-54.5747,0.9998
1019.531,-54.5703,0.9997
1020.996,-54.5842,0.9998
1022.461,-54.5856,0.9999
1023.926,-54.5849,0.9999
1025.391,-54.5868,0.9999
1026.855,-54.5865,0.9999
1028.320,-54.5840,0.9999
1029.785,-54.5788,0.9999
1031.250,-54.5879,0.9999
1032.715,-54.6010,0.9999
1034.180,-54.6032,0.9999
1035.645,-54.6027,0.9999
1037.109,-54.6067,0.9999
1038.574,-54.6067,0.9999
1040.039,-54.6088,0.9999
1041.504,-54.6076,0.9999
1042.969,-54.6036,0.9999
1044.434,-54.6108,0.9999
1045.898,-54.6249,0.9999
1047.363,-54.6295,0.9999
1048.828,-54.6183,0.9999
1050.293,-54.6140,0.9999
1051.758,-54.6181,0.9999
1053.223,-54.6296,0.9999
1054.688,-54.6360,0.9999
1056.152,-54.6283,0.9999
1057.617,-54.6428,0.9999
1059.082,-54.6519,0.9998
1060.547,-54.6313,0.9999
1062.012,-54.6351,0.9998
1063.477,-54.6439,0.9998
1064.941,-54.6513,0.9998
1066.406,-54.6529,0.9998
1067.871,-54.6412,0.9998
1069.336,-54.6413,0.9998
1070.801,-54.6313,0.9997
1072.266,-54.6423,0.9997
1073.730,-54.6412,0.9997
1075.195,-54.6286,0.9997
1076.660,-54.6186,0.9997
1078.125,-54.6150,0.9994
1079.590,-54.6195,0.9991
1081.055,-54.6034,0.9995
1082.520,-54.6010,0.9997
1083.984,-54.5905,0.9997
1085.449,-54.5805,0.9997
1086.914,-54.5740,0.9997
1088.379,-54.5822,0.9997
1089.844,-54.5959,0.9998
1091.309,-54.5677,0.9998
1092.773,-54.5705,0.9998
1094.238,-54.5689,0.9998
1095.703,-54.5606,0.9998
1097.168,-54.5694,0.9998
1098.633,-54.5667,0.9998
1100.098,-54.5698,0.9998
1101.562,-54.5753,0.9998
1103.027,-54.5694,0.9998
1104.492,-54.5817,0.9999
1105.957,-54.5816,0.9999
1107.422,-54.5756,0.9998
1108.887,-54.5771,0.9999
1110.352,-54.5807,0.9999
1111.816,-54.5811,0.9999
1113.281,-54.5772,0.9999
1114.746,-54.5752,0.9999
1116.211,-54.5784,0.9999
1117.676,-54.5903,0.9999
1119.141,-54.5916,0.9999
1120.605,-54.5921,0.9999
1122.070,-54.5942,0.9999
1123.535,-54.5962,0.9999
1125.000,-54.5951,0.9999
1126.465,-54.5889,0.9999
1127.930,-54.5857,0.9999
1129.395,-54.6000,0.9999
1130.859,-54.6140,0.9999
1132.324,-54.6151,0.9999
1133.789,-54.6226,0.9999
1135.254,-54.6252,0.9999
1136.719,-54.6295,0.9999
1138.184,-54.6252,0.9998
1139.648,-54.6264,0.9997
1141.113,-54.6327,0.9998
1142.578,-54.6393,0.9999
1144.043,-54.6426,0.9999
1145.508,-54.6436,0.9999
1146.973,-54.6518,0.9998
1148.438,-54.6647,0.9999
1149.902,-54.6519,0.9998
1151.367,-54.6342,0.9998
1152.832,-54.6389,0.9998
1154.297,-54.6474,0.9998
1155.762,-54.6405,0.9998
1157.227,-54.6225,0.9998
1158.691,-54.6348,0.9998
1160.156,-54.6438,0.9998
1161.621,-54.6452,0.9997
1163.086,-54.6259,0.9997
1164.551,-54.6275,0.9998
1166.016,-54.6471,0.9997
1167.480,-54.6376,0.9997
1168.945,-54.6250,0.9997
1170.410,-54.6091,0.9997
1171.875,-54.6195,0.9997
1173.340,-54.6134,0.9997
1174.805,-54.5948,0.9997
1176.270,-54.5941,0.9996
1177.734,-54.5791,0.9997
1179.199,-54.5740,0.9996
1180.664,-54.5802,0.9996
1182.129,-54.5826,0.9997
1183.594,-54.5725,0.9997
1185.059,-54.5837,0.9997
1186.523,-54.5704,0.9997
1187.988,-54.5730,0.9998
1189.453,-54.5707,0.9998
1190.918,-54.5669,0.9998
1192.383,-54.5779,0.9998
1193.848,-54.5678,0.9998
1195.312,-54.5691,0.9998
1196.777,-54.5736,0.9998
1198.242,-54.5765,0.9998
1199.707,-54.5715,0.9995
1201.172,-54.5614,0.9997
1202.637,-54.5684,0.9999
1204.102,-54.5824,0.9999
1205.566,-54.5929,0.9998
1207.031,-54.5902,0.9999
1208.496,-54.5830,0.9999
1209.961,-54.5780,0.9999
1211.426,-54.5814,0.9999
1212.891,-54.5916,0.9999
1214.355,-54.5946,0.9999
1215.820,-54.5948,0.9999
1217.285,-54.6042,0.9999
1218.750,-54.6146,0.9999
1220.215,-54.6135,0.9999
1221.680,-54.6061,0.9999
1223.145,-54.6041,0.9999
1224.609,-54.6138,0.9999
1226.074,-54.6184,0.9999
1227.539,-54.6128,0.9999
1229.004,-54.6161,0.9999
1230.469,-54.6171,0.9999
1231.934,-54.6103,0.9999
1233.398,-54.6183,0.9999
1234.863,-54.6256,0.9999
1236.328,-54.6237,0.9999
1237.793,-54.6328,0.9999
1239.258,-54.6369,0.9999
1240.723,-54.6315,0.9999
1242.188,-54.6343,0.9998
1243.652,-54.6498,0.9999
1245.117,-54.6425,0.9999
1246.582,-54.6324,0.9999
1248.047,-54.6385,0.9999
1249.512,-54.6375,0.9998
1250.977,-54.6438,0.9998
1252.441,-54.6459,0.9998
1253.906,-54.6361,0.9998
1255.371,-54.6485,0.9998
1256.836,-54.6544,0.9998
1258.301,-54.6107,0.9997
1259.766,-54.6159,0.9994
1261.230,-54.6279,0.9996
1262.695,-54.6201,0.9997
1264.160,-54.6038,0.9997
1265.625,-54.6016,0.9997
1267.090,-54.6111,0.9997
1268.555,-54.6019,0.9996
1270.020,-54.6090,0.9997
1271.484,-54.6120,0.9996
1272.949,-54.6001,0.9997
1274.414,-54.6006,0.9997
1275.879,-54.5938,0.9996
1277.344,-54.5928,0.9997
1278.809,-54.5919,0.9997
1280.273,-54.5924,0.9997
1281.738,-54.5897,0.9997
1283.203,-54.5957,0.9997
1284.668,-54.5703,0.9998
1286.133,-54.5554,0.9997
1287.598,-54.5590,0.9998
1289.062,-54.5722,0.9998
1290.527,-54.5663,0.9998
1291.992,-54.5599,0.9998
1293.457,-54.5785,0.9998
1294.922,-54.5773,0.9998
1296.387,-54.5726,0.9998
1297.852,-54.5768,0.9999
1299.316,-54.5851,0.9998
1300.781,-54.5711,0.9998
1302.246,-54.5865,0.9999
1303.711,-54.5888,0.9998
1305.176,-54.5806,0.9998
1306.641,-54.5880,0.9999
1308.105,-54.5957,0.9998
1309.570,-54.5852,0.9999
1311.035,-54.5867,0.9999
1312.500,-54.5855,0.9999
1313.965,-54.5900,0.9999
1315.430,-54.5905,0.9999
1316.895,-54.5867,0.9998
1318.359,-54.5847,0.9996
1319.824,-54.5911,0.9996
1321.289,-54.5931,0.9998
1322.754,-54.5918,0.9999
1324.219,-54.5978,0.9999
1325.684,-54.6036,0.9999
1327.148,-54.6094,0.9999
1328.613,-54.6202,0.9999
1330.078,-54.6274,0.9999
1331.543,-54.6233,0.9999
1333.008,-54.6179,0.9999
1334.473,-54.6155,0.9999
1335.938,-54.6156,0.9999
1337.402,-54.6164,0.9999
1338.867,-54.6167,0.9999
1340.332,-54.6240,0.9999
1341.797,-54.6278,0.9999
1343.262,-54.6153,0.9999
1344.727,-54.6215,0.9999
1346.191,-54.6320,0.9999
1347.656,-54.6137,0.9998
1349.121,-54.6200,0.9998
1350.586,-54.6320,0.9999
1352.051,-54.6255,0.9999
1353.516,-54.6407,0.9998
1354.980,-54.6424,0.9998
1356.445,-54.6417,0.9998
1357.910,-54.6458,0.9998
1359.375,-54.6512,0.9998
1360.840,-54.6334,0.9998
1362.305,-54.6436,0.9998
1363.770,-54.6524,0.9998
1365.234,-54.6436,0.9998
1366.699,-54.6381,0.9997
1368.164,-54.6194,0.9997
1369.629,-54.6162,0.9997
1371.094,-54.6146,0.9997
1372.559,-54.6297,0.9998
1374.023,-54.6231,0.9997
1375.488,-54.6219,0.9997
1376.953,-54.6188,0.9996
1378.418,-54.6219,0.9995
1379.883,-54.5672,0.9993
1381.348,-54.5995,0.9995
1382.812,-54.6216,0.9997
1384.277,-54.5986,0.9996
1385.742,-54.5969,0.9996
1387.207,-54.5851,0.9997
1388.672,-54.5786,0.9997
1390.137,-54.5645,0.9997
1391.602,-54.5953,0.9997
1393.066,-54.5889,0.9997
1394.531,-54.5822,0.9997
1395.996,-54.5889,0.9998
1397.461,-54.5732,0.9998
1398.926,-54.5743,0.9997
1400.391,-54.5654,0.9997
1401.855,-54.5647,0.9998
1403.320,-54.5732,0.9998
1404.785,-54.5776,0.9998
1406.250,-54.5909,0.9998
1407.715,-54.5784,0.9998
1409.180,-54.5700,0.9998
1410.645,-54.5647,0.9998
1412.109,-54.5786,0.9998
1413.574,-54.5884,0.9999
1415.039,-54.5768,0.9999
1416.504,-54.5823,0.9999
1417.969,-54.5931,0.9999
1419.434,-54.5854,0.9999
1420.898,-54.5840,0.9999
1422.363,-54.5891,0.9999
1423.828,-54.5888,0.9999
1425.293,-54.5959,0.9998
1426.758,-54.6032,0.9999
1428.223,-54.6088,0.9999
1429.688,-54.6016,0.9999
1431.152,-54.5917,0.9999
1432.617,-54.5950,0.9999
1434.082,-54.6049,0.9999
1435.547,-54.6050,0.9999
1437.012,-54.6159,0.9996
1438.477,-54.6390,0.9986
1439.941,-54.6313,0.9994
1441.406,-54.6087,0.9998
1442.871,-54.6078,0.9999
1444.336,-54.6095,0.9999
1445.801,-54.6080,0.9999
1447.266,-54.6187,0.9999
1448.730,-54.6220,0.9999
1450.195,-54.6224,0.9999
1451.660,-54.6256,0.9999
1453.125,-54.6235,0.9999
1454.590,-54.6241,0.9999
1456.055,-54.6218,0.9999
1457.520,-54.6214,0.9999
1458.984,-54.6360,0.9999
1460.449,-54.6363,0.9999
1461.914,-54.6290,0.9999
1463.379,-54.6221,0.9998
1464.844,-54.6336,0.9999
1466.309,-54.6324,0.9998
1467.773,-54.6340,0.9998
1469.238,-54.6395,0.9998
1470.703,-54.6434,0.9998
1472.168,-54.6425,0.9998
1473.633,-54.6315,0.9998
1475.098,-54.6190,0.9998
1476.562,-54.6399,0.9997
1478.027,-54.6633,0.9998
1479.492,-54.6358,0.9998
1480.957,-54.6357,0.9997
1482.422,-54.6440,0.9997
1483.887,-54.6395,0.9997
1485.352,-54.6423,0.9997
1486.816,-54.6414,0.9997
1488.281,-54.6240,0.9997
1489.746,-54.6399,0.9997
1491.211,-54.6305,0.9996
1492.676,-54.6221,0.9996
1494.141,-54.6271,0.9996
1495.605,-54.6134,0.9996
1497.070,-54.6112,0.9997
1498.535,-54.5918,0.9995
1500.000,-54.6005,0.9992
1501.465,-54.6259,0.9995
1502.930,-54.6094,0.9997
1504.395,-54.5735,0.9996
1505.859,-54.5934,0.9996
1507.324,-54.5849,0.9997
1508.789,-54.5747,0.9997
1510.254,-54.5791,0.9997
1511.719,-54.5902,0.9997
1513.184,-54.5813,0.9997
1514.648,-54.5796,0.9997
1516.113,-54.5738,0.9997
1517.578,-54.5762,0.9997
1519.043,-54.5754,0.9997
1520.508,-54.5578,0.9997
1521.973,-54.5685,0.9998
1523.438,-54.5615,0.9998
1524.902,-54.5686,0.9998
1526.367,-54.5804,0.9998
1527.832,-54.5833,0.9998
1529.297,-54.5732,0.9998
1530.762,-54.5787,0.9998
1532.227,-54.5685,0.9998
1533.691,-54.5706,0.9998
1535.156,-54.5906,0.9998
1536.621,-54.5912,0.9998
1538.086,-54.5981,0.9998
1539.551,-54.5859,0.9999
1541.016,-54.5751,0.9999
1542.480,-54.5723,0.9999
1543.945,-54.5827,0.9998
1545.410,-54.5985,0.9999
1546.875,-54.6016,0.9998
1548.340,-54.5980,0.9998
1549.805,-54.5952,0.9999
1551.270,-54.5935,0.9999
1552.734,-54.5979,0.9999
1554.199,-54.5982,0.9999
1555.664,-54.5952,0.9999
1557.129,-54.5928,0.9991
1558.594,-54.5893,0.9975
1560.059,-54.5856,0.9993
1561.523,-54.5944,0.9999
1562.988,-54.6092,0.9999
1564.453,-54.6200,0.9999
1565.918,-54.6199,0.9999
1567.383,-54.6143,0.9999
1568.848,-54.6148,0.9999
1570.312,-54.6112,0.9999
1571.777,-54.6098,0.9999
1573.242,-54.6185,0.9999
1574.707,-54.6217,0.9999
1576.172,-54.6212,0.9999
1577.637,-54.6191,0.9999
1579.102,-54.6204,0.9999
1580.566,-54.6216,0.9999
1582.031,-54.6225,0.9999
1583.496,-54.6317,0.9998
1584.961,-54.6424,0.9998
1586.426,-54.6403,0.9998
1587.891,-54.6457,0.9998
1589.355,-54.6259,0.9998
1590.820,-54.6134,0.9999
1592.285,-54.6405,0.9998
1593.750,-54.6443,0.9998
1595.215,-54.6412,0.9998
1596.680,-54.6453,0.9998
1598.145,-54.6398,0.9998
1599.609,-54.6410,0.9998
1601.074,-54.6336,0.9998
1602.539,-54.6259,0.9998
1604.004,-54.6338,0.9998
1605.469,-54.6329,0.9997
1606.934,-54.6352,0.9997
1608.398,-54.6376,0.9997
1609.863,-54.6288,0.9997
1611.328,-54.6217,0.9997
1612.793,-54.6331,0.9997
1614.258,-54.6389,0.9997
1615.723,-54.6265,0.9997
1617.188,-54.6128,0.9996
1618.652,-54.6108,0.9995
1620.117,-54.5869,0.9994
1621.582,-54.6040,0.9996
1623.047,-54.6094,0.9997
1624.512,-54.6048,0.9997
1625.977,-54.6182,0.9996
1627.441,-54.5949,0.9996
1628.906,-54.5945,0.9996
1630.371,-54.6011,0.9996
1631.836,-54.6037,0.9997
1633.301,-54.5848,0.9996
1634.766,-54.5919,0.9996
1636.230,-54.5874,0.9996
1637.695,-54.5857,0.9997
1639.160,-54.5658,0.9997
1640.625,-54.5713,0.9996
1642.090,-54.5639,0.9998
1643.555,-54.5977,0.9997
1645.020,-54.5687,0.9997
1646.484,-54.5602,0.9997
1647.949,-54.5859,0.9997
1649.414,-54.5882,0.9998
1650.879,-54.5686,0.9998
1652.344,-54.5803,0.9997
1653.809,-54.5894,0.9998
1655.273,-54.5899,0.9998
1656.738,-54.5862,0.9998
1658.203,-54.5751,0.9998
1659.668,-54.5894,0.9998
1661.133,-54.5991,0.9998
1662.598,-54.5949,0.9998
1664.062,-54.5843,0.9998
1665.527,-54.5674,0.9998
1666.992,-54.5746,0.9998
1668.457,-54.5862,0.9999
1669.922,-54.5860,0.9999
1671.387,-54.5873,0.9999
1672.852,-54.5844,0.9999
1674.316,-54.5773,0.9998
1675.781,-54.5797,0.9998
1677.246,-54.5965,0.9995
1678.711,-54.6082,0.9991
1680.176,-54.6011,0.9996
1681.641,-54.5998,0.9998
1683.105,-54.5908,0.9999
1684.570,-54.5876,0.9999
1686.035,-54.5997,0.9999
1687.500,-54.6030,0.9999
1688.965,-54.5954,0.9999
1690.430,-54.5937,0.9999
1691.895,-54.5990,0.9999
1693.359,-54.6063,0.9999
1694.824,-54.6097,0.9999
1696.289,-54.6100,0.9999
1697.754,-54.6119,0.9999
1699.219,-54.6107,0.9999
1700.684,-54.6131,0.9999
1702.148,-54.6169,0.9999
1703.613,-54.6128,0.9999
1705.078,-54.6128,0.9999
1706.543,-54.6117,0.9998
1708.008,-54.6108,0.9999
1709.473,-54.6124,0.9999
1710.938,-54.6225,0.9999
1712.402,-54.6393,0.9999
1713.867,-54.6399,0.9999
1715.332,-54.6259,0.9998
1716.797,-54.6228,0.9998
1718.262,-54.6351,0.9998
1719.727,-54.6347,0.9998
1721.191,-54.6236,0.9998
1722.656,-54.6173,0.9998
1724.121,-54.6165,0.9998
1725.586,-54.6288,0.9998
1727.051,-54.6303,0.9998
1728.516,-54.6499,0.9998
1729.980,-54.6568,0.9998
1731.445,-54.6373,0.9998
1732.910,-54.6282,0.9998
1734.375,-54.6367,0.9998
1735.840,-54.6373,0.9998
1737.305,-54.6403,0.9997
1738.770,-54.6518,0.9997
1740.234,-54.6285,0.9996
1741.699,-54.6386,0.9997
1743.164,-54.6490,0.9998
1744.629,-54.6406,0.9997
1746.094,-54.6310,0.9997
1747.559,-54.6052,0.9997
1749.023,-54.6224,0.9996
1750.488,-54.6257,0.9997
1751.953,-54.6456,0.9997
1753.418,-54.6308,0.9996
1754.883,-54.6229,0.9996
1756.348,-54.6176,0.9997
1757.812,-54.6124,0.9997
1759.277,-54.6149,0.9996
1760.742,-54.6156,0.9997
1762.207,-54.6084,0.9996
1763.672,-54.6115,0.9995
1765.137,-54.6167,0.9996
1766.602,-54.6082,0.9996
1768.066,-54.6055,0.9996
1769.531,-54.5944,0.9996
1770.996,-54.5875,0.9996
1772.461,-54.5774,0.9997
1773.926,-54.5998,0.9996
1775.391,-54.5901,0.9996
1776.855,-54.5820,0.9996
1778.320,-54.5778,0.9996
1779.785,-54.5876,0.9997
1781.250,-54.5776,0.9997
1782.715,-54.5865,0.9997
1784.180,-54.5929,0.9998
1785.645,-54.5836,0.9997
1787.109,-54.5850,0.9997
1788.574,-54.5705,0.9997
1790.039,-54.5915,0.9997
1791.504,-54.5799,0.9997
1792.969,-54.5780,0.9997
1794.434,-54.5619,0.9997
1795.898,-54.5579,0.9997
1797.363,-54.5503,0.9996
1798.828,-54.5588,0.9995
1800.293,-54.5848,0.9996
1801.758,-54.5798,0.9998
1803.223,-54.5771,0.9998
1804.688,-54.5746,0.9998
1806.152,-54.5876,0.9998
1807.617,-54.5874,0.9998
1809.082,-54.5787,0.9998
1810.547,-54.5941,0.9998
1812.012,-54.6002,0.9998
1813.477,-54.5890,0.9998
1814.941,-54.5925,0.9998
1816.406,-54.5973,0.9998
1817.871,-54.5909,0.9998
1819.336,-54.5847,0.9998
1820.801,-54.5828,0.9999
1822.266,-54.5809,0.9999
1823.730,-54.5853,0.9999
1825.195,-54.5879,0.9999
1826.660,-54.5923,0.9999
1828.125,-54.5901,0.9998
1829.590,-54.5822,0.9999
1831.055,-54.5740,0.9999
1832.520,-54.5763,0.9998
1833.984,-54.5964,0.9998
1835.449,-54.6115,0.9999
1836.914,-54.6011,0.9998
1838.379,-54.5922,0.9998
1839.844,-54.6036,0.9999
1841.309,-54.6115,0.9998
1842.773,-54.6157,0.9999
1844.238,-54.6210,0.9999
1845.703,-54.6169,0.9999
1847.168,-54.6144,0.9999
1848.633,-54.6158,0.9999
1850.098,-54.6074,0.9998
1851.562,-54.5986,0.9999
1853.027,-54.6066,0.9999
1854.492,-54.6255,0.9998
1855.957,-54.6343,0.9999
1857.422,-54.6357,0.9998
1858.887,-54.6408,0.9998
1860.352,-54.6408,0.9997
1861.816,-54.6236,0.9998
1863.281,-54.6247,0.9998
1864.746,-54.6376,0.9998
1866.211,-54.6437,0.9998
1867.676,-54.6270,0.9998
1869.141,-54.6098,0.9998
1870.605,-54.6098,0.9998
1872.070,-54.6285,0.9998
1873.535,-54.6399,0.9998
1875.000,-54.6287,0.9997
1876.465,-54.6237,0.9998
1877.930,-54.6328,0.9997
1879.395,-54.6380,0.9998
1880.859,-54.6410,0.9997
1882.324,-54.6580,0.9998
1883.789,-54.6519,0.9997
1885.254,-54.6358,0.9997
1886.719,-54.6382,0.9997
1888.184,-54.6356,0.9997
1889.648,-54.6369,0.9997
1891.113,-54.6178,0.9997
1892.578,-54.6261,0.9997
1894.043,-54.6472,0.9997
1895.508,-54.6187,0.9997
1896.973,-54.6097,0.9996
1898.438,-54.6242,0.9996
1899.902,-54.6355,0.9997
1901.367,-54.6409,0.9997
1902.832,-54.6393,0.9996
1904.297,-54.6288,0.9996
1905.762,-54.6119,0.9996
1907.227,-54.6240,0.9996
1908.691,-54.6408,0.9996
1910.156,-54.6312,0.9995
1911.621,-54.6086,0.9996
1913.086,-54.6292,0.9996
1914.551,-54.6105,0.9996
1916.016,-54.6184,0.9995
1917.480,-54.6326,0.9995
1918.945,-54.6054,0.9994
1920.410,-54.6068,0.9995
1921.875,-54.6218,0.9996
1923.340,-54.5953,0.9996
1924.805,-54.5955,0.9996
1926.270,-54.5896,0.9995
1927.734,-54.5807,0.9996
1929.199,-54.5846,0.9996
1930.664,-54.6069,0.9997
1932.129,-54.5824,0.9997
1933.594,-54.5772,0.9996
1935.059,-54.6002,0.9997
1936.523,-54.5946,0.9997
1937.988,-54.5660,0.9996
1939.453,-54.5706,0.9997
1940.918,-54.5700,0.9997
1942.383,-54.5586,0.9997
1943.848,-54.5811,0.9997
1945.312,-54.5759,0.9998
1946.777,-54.5781,0.9997
1948.242,-54.5714,0.9997
1949.707,-54.5676,0.9997
1951.172,-54.5705,0.9998
1952.637,-54.5713,0.9998
1954.102,-54.5881,0.9997
1955.566,-54.5782,0.9998
1957.031,-54.5679,0.9998
1958.496,-54.5686,0.9998
1959.961,-54.5808,0.9998
1961.426,-54.5764,0.9998
1962.891,-54.5785,0.9998
1964.355,-54.5775,0.9998
1965.820,-54.5731,0.9998
1967.285,-54.5747,0.9998
1968.750,-54.5650,0.9998
1970.215,-54.5640,0.9998
1971.680,-54.5769,0.9998
1973.145,-54.5833,0.9998
1974.609,-54.5799,0.9998
1976.074,-54.5766,0.9998
1977.539,-54.5844,0.9998
1979.004,-54.5992,0.9997
1980.469,-54.6088,0.9998
1981.934,-54.5994,0.9998
1983.398,-54.5976,0.9999
1984.863,-54.6009,0.9998
1986.328,-54.5979,0.9998
1987.793,-54.5995,0.9998
1989.258,-54.5939,0.9998
1990.723,-54.5863,0.9998
1992.188,-54.5804,0.9998
1993.652,-54.5783,0.9999
1995.117,-54.5861,0.9998
1996.582,-54.5968,0.9998
1998.047,-54.6024,0.9998
1999.512,-54.6003,0.9998
2000.977,-54.5951,0.9998
2002.441,-54.5982,0.9999
2003.906,-54.6032,0.9998
2005.371,-54.6094,0.9998
2006.836,-54.6229,0.9998
2008.301,-54.6246,0.9998
2009.766,-54.6177,0.9999
2011.230,-54.6174,0.9999
2012.695,-54.6186,0.9998
2014.160,-54.6230,0.9998
2015.625,-54.6274,0.9998
2017.090,-54.6197,0.9998
2018.555,-54.6235,0.9998
2020.020,-54.6269,0.9998
2021.484,-54.6187,0.9998
2022.949,-54.6244,0.9998
2024.414,-54.6241,0.9998
2025.879,-54.6319,0.9998
2027.344,-54.6418,0.9998
2028.809,-54.6275,0.9998
2030.273,-54.6214,0.9998
2031.738,-54.6404,0.9998
2033.203,-54.6457,0.9998
2034.668,-54.6423,0.9998
2036.133,-54.6334,0.9998
2037.598,-54.6376,0.9997
2039.062,-54.6235,0.9996
2040.527,-54.6498,0.9996
2041.992,-54.6601,0.9998
2043.457,-54.6365,0.9998
2044.922,-54.6353,0.9998
2046.387,-54.6344,0.9997
2047.852,-54.6454,0.9997
2049.316,-54.6418,0.9997
2050.781,-54.6450,0.9998
2052.246,-54.6475,0.9997
2053.711,-54.6184,0.9997
2055.176,-54.6278,0.9997
2056.641,-54.6524,0.9996
2058.105,-54.6396,0.9996
2059.570,-54.6204,0.9995
2061.035,-54.6595,0.9996
2062.500,-54.6378,0.9996
2063.965,-54.6261,0.9996
2065.430,-54.6206,0.9996
2066.895,-54.6265,0.9996
2068.359,-54.6296,0.9996
2069.824,-54.6390,0.9997
2071.289,-54.6170,0.9996
2072.754,-54.6192,0.9996
2074.219,-54.6173,0.9996
2075.684,-54.6208,0.9995
2077.148,-54.6067,0.9996
2078.613,-54.6059,0.9995
2080.078,-54.6185,0.9995
2081.543,-54.6052,0.9996
2083.008,-54.6033,0.9995
2084.473,-54.6355,0.9995
2085.938,-54.5972,0.9995
2087.402,-54.5902,0.9995
2088.867,-54.5817,0.9996
2090.332,-54.5710,0.9996
2091.797,-54.5766,0.9997
2093.262,-54.5770,0.9997
2094.727,-54.5802,0.9996
2096.191,-54.5607,0.9997
2097.656,-54.5643,0.9997
2099.121,-54.5658,0.9996
2100.586,-54.5764,0.9996
2102.051,-54.5681,0.9996
2103.516,-54.5494,0.9997
2104.980,-54.5738,0.9997
2106.445,-54.5608,0.9996
2107.910,-54.5456,0.9997
2109.375,-54.5609,0.9997
2110.840,-54.5592,0.9997
2112.305,-54.5589,0.9997
2113.770,-54.5794,0.9997
2115.234,-54.5806,0.9998
2116.699,-54.5765,0.9997
2118.164,-54.5643,0.9998
2119.629,-54.5678,0.9998
2121.094,-54.5629,0.9998
2122.559,-54.5571,0.9997
2124.023,-54.5681,0.9998
2125.488,-54.5857,0.9997
2126.953,-54.5771,0.9997
2128.418,-54.5724,0.9998
2129.883,-54.5768,0.9998
2131.348,-54.5848,0.9998
2132.812,-54.5773,0.9998
2134.277,-54.5679,0.9998
2135.742,-54.5773,0.9998
2137.207,-54.5914,0.9998
2138.672,-54.5926,0.9998
2140.137,-54.5795,0.9998
2141.602,-54.5727,0.9998
2143.066,-54.5777,0.9998
2144.531,-54.5774,0.9998
2145.996,-54.5799,0.9998
2147.461,-54.5811,0.9998
2148.926,-54.5810,0.9998
2150.391,-54.5901,0.9998
2151.855,-54.5899,0.9998
2153.320,-54.5853,0.9998
2154.785,-54.5778,0.9998
2156.250,-54.5803,0.9998
2157.715,-54.6014,0.9997
2159.180,-54.6037,0.9998
2160.645,-54.5934,0.9998
2162.109,-54.5823,0.9998
2163.574,-54.5810,0.9998
2165.039,-54.5958,0.9998
2166.504,-54.6064,0.9998
2167.969,-54.6040,0.9998
2169.434,-54.6018,0.9998
2170.898,-54.6141,0.9998
2172.363,-54.6262,0.9998
2173.828,-54.6258,0.9998
2175.293,-54.6220,0.9998
2176.758,-54.6207,0.9998
2178.223,-54.6080,0.9998
2179.688,-54.5951,0.9998
2181.152,-54.6029,0.9998
2182.617,-54.6142,0.9998
2184.082,-54.6212,0.9998
2185.547,-54.6243,0.9998
2187.012,-54.6229,0.9998
2188.477,-54.6198,0.9998
2189.941,-54.6252,0.9998
2191.406,-54.6310,0.9998
2192.871,-54.6212,0.9998
2194.336,-54.6099,0.9998
2195.801,-54.6379,0.9998
2197.266,-54.6483,0.9998
2198.730,-54.6243,0.9998
2200.195,-54.6336,0.9998
2201.660,-54.6578,0.9998
2203.125,-54.6566,0.9997
2204.590,-54.6462,0.9997
2206.055,-54.6472,0.9997
2207.520,-54.6448,0.9998
2208.984,-54.6514,0.9998
2210.449,-54.6606,0.9998
2211.914,-54.6527,0.9997
2213.379,-54.6297,0.9997
2214.844,-54.6394,0.9997
2216.309,-54.6498,0.9997
2217.773,-54.6377,0.9997
2219.238,-54.6500,0.9997
2220.703,-54.6561,0.9996
2222.168,-54.6428,0.9997
2223.633,-54.6368,0.9997
2225.098,-54.6322,0.9997
2226.562,-54.6332,0.9997
2228.027,-54.6338,0.9997
2229.492,-54.6341,0.9997
2230.957,-54.6370,0.9996
2232.422,-54.6429,0.9996
2233.887,-54.6395,0.9996
2235.352,-54.6307,0.9997
2236.816,-54.6432,0.9997
2238.281,-54.6382,0.9996
2239.746,-54.6431,0.9996
2241.211,-54.6446,0.9996
2242.676,-54.6329,0.9996
2244.141,-54.6260,0.9996
2245.605,-54.6238,0.9995
2247.070,-54.6201,0.9996
2248.535,-54.6123,0.9996
2250.000,-54.6251,0.9995
2251.465,-54.6241,0.9995
2252.930,-54.6281,0.9995
2254.395,-54.6008,0.9996
2255.859,-54.6019,0.9995
2257.324,-54.6021,0.9994
2258.789,-54.6059,0.9995
2260.254,-54.5958,0.9995
2261.719,-54.6121,0.9996
2263.184,-54.5909,0.9995
2264.648,-54.5756,0.9995
2266.113,-54.5634,0.9995
2267.578,-54.5811,0.9995
2269.043,-54.5849,0.9996
2270.508,-54.5825,0.9996
2271.973,-54.5790,0.9996
2273.438,-54.5683,0.9996
2274.902,-54.5809,0.9995
2276.367,-54.5614,0.9991
2277.832,-54.5115,0.9982
2279.297,-54.5431,0.9992
2280.762,-54.5751,0.9995
2282.227,-54.5741,0.9996
2283.691,-54.5599,0.9996
2285.156,-54.5916,0.9996
2286.621,-54.5667,0.9996
2288.086,-54.5612,0.9997
2289.551,-54.5699,0.9997
2291.016,-54.5766,0.9997
2292.480,-54.5615,0.9997
2293.945,-54.5528,0.9997
2295.410,-54.5747,0.9997
2296.875,-54.5861,0.9997
2298.340,-54.5681,0.9997
2299.805,-54.5650,0.9997
2301.270,-54.5691,0.9997
2302.734,-54.5590,0.9998
2304.199,-54.5732,0.9997
2305.664,-54.5867,0.9997
2307.129,-54.5731,0.9998
2308.594,-54.5692,0.9998
2310.059,-54.5882,0.9998
2311.523,-54.5950,0.9997
2312.988,-54.5780,0.9998
2314.453,-54.5675,0.9998
2315.918,-54.5589,0.9998
2317.383,-54.5736,0.9998
2318.848,-54.5903,0.9998
2320.312,-54.5884,0.9998
2321.777,-54.5878,0.9998
2323.242,-54.5879,0.9998
2324.707,-54.5875,0.9998
2326.172,-54.5905,0.9998
2327.637,-54.5885,0.9998
2329.102,-54.5826,0.9998
2330.566,-54.5668,0.9998
2332.031,-54.5619,0.9998
2333.496,-54.5833,0.9998
2334.961,-54.5990,0.9998
2336.426,-54.5965,0.9998
2337.891,-54.5854,0.9998
2339.355,-54.5768,0.9998
2340.820,-54.5832,0.9998
2342.285,-54.5937,0.9998
2343.750,-54.5963,0.9998
2345.215,-54.6002,0.9998
2346.680,-54.6019,0.9998
2348.145,-54.6072,0.9999
2349.609,-54.6132,0.9998
2351.074,-54.6039,0.9998
2352.539,-54.5963,0.9998
2354.004,-54.6011,0.9998
2355.469,-54.6066,0.9998
2356.934,-54.6038,0.9998
2358.398,-54.6003,0.9998
2359.863,-54.6026,0.9998
2361.328,-54.6038,0.9998
2362.793,-54.6085,0.9998
2364.258,-54.6136,0.9998
2365.723,-54.6132,0.9998
2367.188,-54.6068,0.9998
2368.652,-54.6008,0.9998
2370.117,-54.6182,0.9998
2371.582,-54.6432,0.9998
2373.047,-54.6508,0.9998
2374.512,-54.6346,0.9998
2375.977,-54.6184,0.9998
2377.441,-54.6216,0.9998
2378.906,-54.6294,0.9998
2380.371,-54.6374,0.9998
2381.836,-54.6312,0.9998
2383.301,-54.6261,0.9997
2384.766,-54.6378,0.9997
2386.230,-54.6509,0.9998
2387.695,-54.6469,0.9998
2389.160,-54.6361,0.9998
2390.625,-54.6485,0.9998
2392.090,-54.6445,0.9998
2393.555,-54.6267,0.9997
2395.020,-54.6234,0.9997
2396.484,-54.6050,0.9991
2397.949,-54.5896,0.9984
2399.414,-54.6099,0.9993
2400.879,-54.6380,0.9996
2402.344,-54.6335,0.9997
2403.809,-54.6377,0.9998
2405.273,-54.6419,0.9997
2406.738,-54.6460,0.9997
2408.203,-54.6239,0.9997
2409.668,-54.6260,0.9996
2411.133,-54.6479,0.9996
2412.598,-54.6306,0.9997
2414.062,-54.6308,0.9997
2415.527,-54.6505,0.9997
2416.992,-54.6352,0.9996
2418.457,-54.6388,0.9996
2419.922,-54.6427,0.9996
2421.387,-54.6330,0.9997
2422.852,-54.6263,0.9996
2424.316,-54.6422,0.9996
2425.781,-54.6175,0.9997
2427.246,-54.6063,0.9996
2428.711,-54.6418,0.9996
2430.176,-54.6302,0.9996
2431.641,-54.6412,0.9995
2433.105,-54.6187,0.9996
2434.570,-54.6061,0.9996
2436.035,-54.6278,0.9996
2437.500,-54.5951,0.9996
2438.965,-54.6020,0.9996
2440.430,-54.6207,0.9995
2441.895,-54.6043,0.9995
2443.359,-54.6258,0.9996
2444.824,-54.6051,0.9995
2446.289,-54.5993,0.9995
2447.754,-54.5913,0.9996
2449.219,-54.6146,0.9995
2450.684,-54.5947,0.9995
2452.148,-54.5950,0.9995
2453.613,-54.6111,0.9996
2455.078,-54.6028,0.9995
2456.543,-54.5800,0.9996
2458.008,-54.5905,0.9996
2459.473,-54.5995,0.9994
2460.938,-54.5800,0.9995
2462.402,-54.5866,0.9995
2463.867,-54.5825,0.9996
2465.332,-54.5831,0.9995
2466.797,-54.5690,0.9996
2468.262,-54.5486,0.9996
2469.727,-54.5660,0.9996
2471.191,-54.5781,0.9996
2472.656,-54.5840,0.9995
2474.121,-54.5986,0.9996
2475.586,-54.5870,0.9996
2477.051,-54.5606,0.9995
2478.516,-54.5406,0.9996
2479.980,-54.5487,0.9997
2481.445,-54.5560,0.9996
2482.910,-54.5648,0.9997
2484.375,-54.5718,0.9997
2485.840,-54.5787,0.9997
2487.305,-54.5798,0.9997
2488.770,-54.5695,0.9997
2490.234,-54.5604,0.9997
2491.699,-54.5755,0.9997
2493.164,-54.5766,0.9998
2494.629,-54.5827,0.9998
2496.094,-54.5708,0.9997
2497.559,-54.5868,0.9998
2499.023,-54.5961,0.9998
2500.488,-54.5800,0.9998
2501.953,-54.5872,0.9997
2503.418,-54.5813,0.9997
2504.883,-54.5798,0.9998
2506.348,-54.5820,0.9998
2507.812,-54.5767,0.9998
2509.277,-54.5637,0.9998
2510.742,-54.5652,0.9998
2512.207,-54.5719,0.9997
2513.672,-54.5637,0.9997
2515.137,-54.5691,0.9997
2516.602,-54.5747,0.9994
2518.066,-54.5806,0.9993
2519.531,-54.5826,0.9997
2520.996,-54.5694,0.9998
2522.461,-54.5756,0.9998
2523.926,-54.5879,0.9998
2525.391,-54.5882,0.9998
2526.855,-54.5884,0.9998
2528.320,-54.5878,0.9998
2529.785,-54.5811,0.9998
2531.250,-54.5838,0.9998
2532.715,-54.5914,0.9999
2534.180,-54.5924,0.9998
2535.645,-54.5969,0.9998
2537.109,-54.5936,0.9998
2538.574,-54.5876,0.9998
2540.039,-54.5863,0.9998
2541.504,-54.5866,0.9999
2542.969,-54.5861,0.9998
2544.434,-54.5883,0.9998
2545.898,-54.5823,0.9998
2547.363,-54.5743,0.9999
2548.828,-54.5884,0.9998
2550.293,-54.6079,0.9998
2551.758,-54.6080,0.9998
2553.223,-54.5942,0.9998
2554.688,-54.5919,0.9998
2556.152,-54.6022,0.9998
2557.617,-54.6128,0.9998
2559.082,-54.6147,0.9998
2560.547,-54.6133,0.9998
2562.012,-54.6136,0.9998
2563.477,-54.6100,0.9998
2564.941,-54.6111,0.9998
2566.406,-54.6199,0.9998
2567.871,-54.6298,0.9998
2569.336,-54.6226,0.9998
2570.801,-54.6174,0.9998
2572.266,-54.6261,0.9998
2573.730,-54.6296,0.9998
2575.195,-54.6251,0.9998
2576.660,-54.6086,0.9998
2578.125,-54.6135,0.9998
2579.590,-54.6333,0.9997
2581.055,-54.6401,0.9998
2582.520,-54.6251,0.9998
2583.984,-54.6198,0.9998
2585.449,-54.6279,0.9998
2586.914,-54.6326,0.9998
2588.379,-54.6267,0.9997
2589.844,-54.6248,0.9997
2591.309,-54.6302,0.9997
2592.773,-54.6332,0.9997
2594.238,-54.6270,0.9997
2595.703,-54.6158,0.9997
2597.168,-54.6158,0.9997
2598.633,-54.6095,0.9998
2600.098,-54.6160,0.9998
2601.562,-54.6271,0.9997
2603.027,-54.6321,0.9997
2604.492,-54.6239,0.9998
2605.957,-54.6357,0.9997
2607.422,-54.6345,0.9996
2608.887,-54.6379,0.9997
2610.352,-54.6454,0.9997
2611.816,-54.6426,0.9997
2613.281,-54.6329,0.9997
2614.746,-54.6263,0.9997
2616.211,-54.6215,0.9996
2617.676,-54.6414,0.9997
2619.141,-54.6493,0.9997
2620.605,-54.6526,0.9996
2622.070,-54.6564,0.9996
2623.535,-54.6289,0.9996
2625.000,-54.6430,0.9995
2626.465,-54.6434,0.9995
2627.930,-54.6027,0.9996
2629.395,-54.6094,0.9996
2630.859,-54.6369,0.9996
2632.324,-54.6439,0.9996
2633.789,-54.6251,0.9995
2635.254,-54.6414,0.9995
2636.719,-54.6611,0.9994
2638.184,-54.6304,0.9994
2639.648,-54.6196,0.9994
2641.113,-54.6077,0.9995
2642.578,-54.5854,0.9996
2644.043,-54.6123,0.9996
2645.508,-54.6282,0.9996
2646.973,-54.6163,0.9996
2648.438,-54.6075,0.9996
2649.902,-54.6124,0.9995
2651.367,-54.6162,0.9994
2652.832,-54.6033,0.9994
2654.297,-54.5810,0.9995
2655.762,-54.6113,0.9995
2657.227,-54.5883,0.9995
2658.691,-54.5940,0.9995
2660.156,-54.5935,0.9995
2661.621,-54.6088,0.9996
2663.086,-54.5828,0.9996
2664.551,-54.5865,0.9995
2666.016,-54.5793,0.9996
2667.480,-54.5755,0.9995
2668.945,-54.5650,0.9995
2670.410,-54.5855,0.9996
2671.875,-54.5955,0.9994
2673.340,-54.5827,0.9995
2674.805,-54.5878,0.9995
2676.270,-54.5706,0.9995
2677.734,-54.5629,0.9996
2679.199,-54.5529,0.9997
2680.664,-54.5696,0.9996
2682.129,-54.5651,0.9995
2683.594,-54.5614,0.9995
2685.059,-54.5726,0.9996
2686.523,-54.5627,0.9996
2687.988,-54.5564,0.9996
2689.453,-54.5844,0.9995
2690.918,-54.5694,0.9997
2692.383,-54.5702,0.9997
2693.848,-54.5825,0.9996
2695.312,-54.5745,0.9996
2696.777,-54.5768,0.9997
2698.242,-54.5751,0.9997
2699.707,-54.5564,0.9996
2701.172,-54.5699,0.9997
2702.637,-54.5667,0.9997
2704.102,-54.5908,0.9996
2705.566,-54.5886,0.9996
2707.031,-54.5756,0.9997
2708.496,-54.5767,0.9997
2709.961,-54.5679,0.9997
2711.426,-54.5794,0.9997
2712.891,-54.5695,0.9997
2714.355,-54.5699,0.9997
2715.820,-54.5563,0.9997
2717.285,-54.5766,0.9997
2718.750,-54.5796,0.9998
2720.215,-54.5748,0.9998
2721.680,-54.5716,0.9998
2723.145,-54.5621,0.9998
2724.609,-54.5611,0.9998
2726.074,-54.5800,0.9998
2727.539,-54.5850,0.9998
2729.004,-54.5826,0.9998
2730.469,-54.5653,0.9998
2731.934,-54.5661,0.9998
2733.398,-54.5768,0.9998
2734.863,-54.5668,0.9998
2736.328,-54.5763,0.9998
2737.793,-54.5954,0.9997
2739.258,-54.5843,0.9998
2740.723,-54.5701,0.9998
2742.188,-54.5798,0.9998
2743.652,-54.5893,0.9998
2745.117,-54.5917,0.9998
2746.582,-54.5847,0.9998
2748.047,-54.5737,0.9998
2749.512,-54.5789,0.9998
2750.977,-54.5827,0.9998
2752.441,-54.5911,0.9998
2753.906,-54.5962,0.9998
2755.371,-54.5832,0.9998
2756.836,-54.5651,0.9996
2758.301,-54.5727,0.9997
2759.766,-54.5965,0.9998
2761.230,-54.5944,0.9998
2762.695,-54.5766,0.9998
2764.160,-54.5771,0.9998
2765.625,-54.5816,0.9998
2767.090,-54.5864,0.9998
2768.555,-54.5991,0.9998
2770.020,-54.6033,0.9998
2771.484,-54.6034,0.9998
2772.949,-54.6066,0.9998
2774.414,-54.6075,0.9998
2775.879,-54.6022,0.9998
2777.344,-54.6050,0.9998
2778.809,-54.6076,0.9998
2780.273,-54.5973,0.9998
2781.738,-54.5973,0.9998
2783.203,-54.6099,0.9998
2784.668,-54.6177,0.9998
2786.133,-54.6158,0.9998
2787.598,-54.6134,0.9998
2789.062,-54.6174,0.9998
2790.527,-54.6202,0.9998
2791.992,-54.6232,0.9998
2793.457,-54.6109,0.9998
2794.922,-54.5969,0.9998
2796.387,-54.6051,0.9998
2797.852,-54.6130,0.9998
2799.316,-54.6343,0.9997
2800.781,-54.6426,0.9998
2802.246,-54.6273,0.9998
2803.711,-54.6268,0.9997
2805.176,-54.6297,0.9998
2806.641,-54.6337,0.9998
2808.105,-54.6334,0.9998
2809.570,-54.6290,0.9997
2811.035,-54.6217,0.9998
2812.500,-54.6138,0.9998
2813.965,-54.6157,0.9998
2815.430,-54.6204,0.9997
2816.895,-54.6068,0.9998
2818.359,-54.6013,0.9998
2819.824,-54.6178,0.9997
2821.289,-54.6156,0.9997
2822.754,-54.6208,0.9997
2824.219,-54.6406,0.9997
2825.684,-54.6349,0.9997
2827.148,-54.6490,0.9997
2828.613,-54.6393,0.9997
2830.078,-54.6218,0.9997
2831.543,-54.6330,0.9997
2833.008,-54.6485,0.9997
2834.473,-54.6493,0.9997
2835.938,-54.6533,0.9997
2837.402,-54.6385,0.9997
2838.867,-54.6241,0.9996
2840.332,-54.6287,0.9996
2841.797,-54.6422,0.9997
2843.262,-54.6055,0.9996
2844.727,-54.6037,0.9996
2846.191,-54.6307,0.9997
2847.656,-54.6287,0.9996
2849.121,-54.6121,0.9996
2850.586,-54.6260,0.9996
2852.051,-54.6466,0.9995
2853.516,-54.6287,0.9995
2854.980,-54.6310,0.9996
2856.445,-54.6277,0.9996
2857.910,-54.6291,0.9995
2859.375,-54.6162,0.9996
2860.840,-54.6089,0.9996
2862.305,-54.6170,0.9996
2863.770,-54.6233,0.9996
2865.234,-54.6354,0.9995
2866.699,-54.6337,0.9995
2868.164,-54.6180,0.9995
2869.629,-54.6041,0.9994
2871.094,-54.6167,0.9995
2872.559,-54.6468,0.9996
2874.023,-54.6146,0.9995
2875.488,-54.6106,0.9995
2876.953,-54.6013,0.9994
2878.418,-54.6418,0.9994
2879.883,-54.6185,0.9995
2881.348,-54.6110,0.9995
2882.812,-54.6206,0.9994
2884.277,-54.6078,0.9995
2885.742,-54.5867,0.9995
2887.207,-54.5770,0.9994
2888.672,-54.5966,0.9994
2890.137,-54.6037,0.9994
2891.602,-54.6014,0.9996
2893.066,-54.6058,0.9996
2894.531,-54.5883,0.9996
2895.996,-54.6177,0.9994
2897.461,-54.5850,0.9995
2898.926,-54.5862,0.9995
2900.391,-54.5843,0.9995
2901.855,-54.5628,0.9995
2903.320,-54.5743,0.9996
2904.785,-54.5622,0.9996
2906.250,-54.5725,0.9996
2907.715,-54.5863,0.9996
2909.180,-54.5847,0.9996
2910.645,-54.5730,0.9996
2912.109,-54.5933,0.9996
2913.574,-54.5789,0.9996
2915.039,-54.5630,0.9996
2916.504,-54.5821,0.9995
2917.969,-54.5835,0.9996
2919.434,-54.5795,0.9995
2920.898,-54.5896,0.9995
2922.363,-54.5728,0.9996
2923.828,-54.5645,0.9996
2925.293,-54.5526,0.9996
2926.758,-54.5714,0.9996
2928.223,-54.5653,0.9997
2929.688,-54.5618,0.9997
2931.152,-54.5533,0.9997
2932.617,-54.5671,0.9997
2934.082,-54.5673,0.9997
2935.547,-54.5574,0.9997
2937.012,-54.5740,0.9997
2938.477,-54.5740,0.9996
2939.941,-54.5610,0.9996
2941.406,-54.5726,0.9996
2942.871,-54.5654,0.9997
2944.336,-54.5791,0.9997
2945.801,-54.5769,0.9997
2947.266,-54.5588,0.9997
2948.730,-54.5657,0.9997
2950.195,-54.5890,0.9997
2951.660,-54.5829,0.9997
2953.125,-54.5666,0.9997
2954.590,-54.5805,0.9997
2956.055,-54.5883,0.9998
2957.520,-54.5856,0.9998
2958.984,-54.5659,0.9997
2960.449,-54.5640,0.9997
2961.914,-54.5806,0.9997
2963.379,-54.5806,0.9997
2964.844,-54.5778,0.9997
2966.309,-54.5861,0.9998
2967.773,-54.5968,0.9997
2969.238,-54.5870,0.9998
2970.703,-54.5776,0.9998
2972.168,-54.5718,0.9998
2973.633,-54.5621,0.9998
2975.098,-54.5620,0.9998
2976.562,-54.5730,0.9998
2978.027,-54.5832,0.9998
2979.492,-54.5806,0.9998
2980.957,-54.5772,0.9998
2982.422,-54.5811,0.9998
2983.887,-54.5865,0.9998
2985.352,-54.5837,0.9998
2986.816,-54.5730,0.9998
2988.281,-54.5801,0.9998
2989.746,-54.5937,0.9998
2991.211,-54.5939,0.9998
2992.676,-54.5962,0.9998
2994.141,-54.6060,0.9998
2995.605,-54.6073,0.9998
2997.070,-54.5978,0.9998
2998.535,-54.5967,0.9998
3000.000,-54.6037,0.9998
3001.465,-54.6043,0.9998
3002.930,-54.6007,0.9998
3004.395,-54.5960,0.9998
3005.859,-54.5997,0.9998
3007.324,-54.6067,0.9998
3008.789,-54.6038,0.9998
3010.254,-54.6018,0.9998
3011.719,-54.6060,0.9998
3013.184,-54.6030,0.9998
3014.648,-54.5965,0.9998
3016.113,-54.5939,0.9998
3017.578,-54.6026,0.9998
3019.043,-54.6206,0.9998
3020.508,-54.6260,0.9998
3021.973,-54.6191,0.9997
3023.438,-54.6083,0.9998
3024.902,-54.5993,0.9998
3026.367,-54.6148,0.9998
3027.832,-54.6227,0.9998
3029.297,-54.6130,0.9998
3030.762,-54.6232,0.9998
3032.227,-54.6306,0.9998
3033.691,-54.6112,0.9998
3035.156,-54.6025,0.9998
3036.621,-54.6106,0.9997
3038.086,-54.6254,0.9997
3039.551,-54.6305,0.9997
3041.016,-54.6337,0.9997
3042.480,-54.6260,0.9997
3043.945,-54.6143,0.9998
3045.410,-54.6127,0.9997
3046.875,-54.6035,0.9998
3048.340,-54.6065,0.9998
3049.805,-54.6163,0.9998
3051.270,-54.6310,0.9998
3052.734,-54.6336,0.9997
3054.199,-54.6287,0.9997
3055.664,-54.6337,0.9997
3057.129,-54.6455,0.9997
3058.594,-54.6352,0.9997
3060.059,-54.6402,0.9997
3061.523,-54.6521,0.9997
3062.988,-54.6446,0.9997
3064.453,-54.6299,0.9997
3065.918,-54.6180,0.9997
3067.383,-54.6254,0.9996
3068.848,-54.6315,0.9996
3070.312,-54.6303,0.9997
3071.777,-54.6330,0.9997
3073.242,-54.6241,0.9996
3074.707,-54.6572,0.9996
3076.172,-54.6600,0.9996
3077.637,-54.6240,0.9995
3079.102,-54.6455,0.9996
3080.566,-54.6724,0.9997
3082.031,-54.6365,0.9996
3083.496,-54.6402,0.9996
3084.961,-54.6314,0.9996
3086.426,-54.6600,0.9996
3087.891,-54.6573,0.9996
3089.355,-54.6312,0.9996
3090.820,-54.6402,0.9996
3092.285,-54.6443,0.9995
3093.750,-54.6498,0.9995
3095.215,-54.6436,0.9995
3096.680,-54.6464,0.9996
3098.145,-54.6406,0.9995
3099.609,-54.6299,0.9995
3101.074,-54.6367,0.9996
3102.539,-54.6356,0.9996
3104.004,-54.6167,0.9996
3105.469,-54.6337,0.9997
3106.934,-54.6359,0.9996
3108.398,-54.6216,0.9995
3109.863,-54.6387,0.9994
3111.328,-54.6330,0.9993
3112.793,-54.6085,0.9994
3114.258,-54.6180,0.9993
3115.723,-54.6002,0.9991
3117.188,-54.5763,0.9988
3118.652,-54.6104,0.9993
3120.117,-54.5732,0.9995
3121.582,-54.6373,0.9995
3123.047,-54.6330,0.9995
3124.512,-54.6219,0.9995
3125.977,-54.6086,0.9995
3127.441,-54.5944,0.9994
3128.906,-54.5915,0.9995
3130.371,-54.6021,0.9995
3131.836,-54.6081,0.9995
3133.301,-54.6065,0.9994
3134.766,-54.6021,0.9995
3136.230,-54.5943,0.9995
3137.695,-54.5821,0.9995
3139.160,-54.5811,0.9995
3140.625,-54.6069,0.9993
3142.090,-54.5749,0.9994
3143.555,-54.5839,0.9995
3145.020,-54.5859,0.9995
3146.484,-54.5831,0.9995
3147.949,-54.5774,0.9995
3149.414,-54.6067,0.9995
3150.879,-54.5945,0.9995
3152.344,-54.5698,0.9996
3153.809,-54.5850,0.9995
3155.273,-54.5868,0.9996
3156.738,-54.5711,0.9995
3158.203,-54.5796,0.9995
3159.668,-54.5852,0.9996
3161.133,-54.5905,0.9996
3162.598,-54.5674,0.9995
3164.062,-54.5594,0.9996
3165.527,-54.5893,0.9995
3166.992,-54.5748,0.9996
3168.457,-54.5827,0.9996
3169.922,-54.5972,0.9997
3171.387,-54.5782,0.9996
3172.852,-54.5625,0.9996
3174.316,-54.5671,0.9996
3175.781,-54.5797,0.9996
3177.246,-54.5696,0.9996
3178.711,-54.5665,0.9996
3180.176,-54.5923,0.9996
3181.641,-54.5855,0.9996
3183.105,-54.5610,0.9997
3184.570,-54.5323,0.9997
3186.035,-54.5647,0.9997
3187.500,-54.5924,0.9997
3188.965,-54.5627,0.9997
3190.430,-54.5778,0.9997
3191.895,-54.5871,0.9997
3193.359,-54.5747,0.9997
3194.824,-54.5795,0.9996
3196.289,-54.5809,0.9997
3197.754,-54.5753,0.9997
3199.219,-54.5696,0.9998
3200.684,-54.5777,0.9997
3202.148,-54.5961,0.9997
3203.613,-54.5808,0.9997
3205.078,-54.5735,0.9997
3206.543,-54.5897,0.9997
3208.008,-54.5838,0.9997
3209.473,-54.5813,0.9997
3210.938,-54.5769,0.9997
3212.402,-54.5821,0.9997
3213.867,-54.5811,0.9998
3215.332,-54.5757,0.9997
3216.797,-54.5814,0.9998
3218.262,-54.5806,0.9998
3219.727,-54.5836,0.9997
3221.191,-54.5808,0.9997
3222.656,-54.5721,0.9998
3224.121,-54.5777,0.9997
3225.586,-54.5688,0.9998
3227.051,-54.5801,0.9998
3228.516,-54.5890,0.9998
3229.980,-54.5797,0.9998
3231.445,-54.5861,0.9998
3232.910,-54.5907,0.9997
3234.375,-54.5908,0.9997
3235.840,-54.6020,0.9993
3237.305,-54.5955,0.9992
3238.770,-54.5867,0.9997
3240.234,-54.5856,0.9998
3241.699,-54.5795,0.9998
3243.164,-54.5809,0.9998
3244.629,-54.5869,0.9997
3246.094,-54.5958,0.9998
3247.559,-54.5984,0.9998
3249.023,-54.5957,0.9998
3250.488,-54.6064,0.9998
3251.953,-54.6144,0.9998
3253.418,-54.5947,0.9998
3254.883,-54.5821,0.9998
3256.348,-54.6018,0.9997
3257.812,-54.6124,0.9997
3259.277,-54.6041,0.9998
3260.742,-54.6046,0.9998
3262.207,-54.5944,0.9998
3263.672,-54.5910,0.9998
3265.137,-54.6063,0.9998
3266.602,-54.6154,0.9997
3268.066,-54.6161,0.9998
3269.531,-54.6078,0.9998
3270.996,-54.6038,0.9998
3272.461,-54.6152,0.9998
3273.926,-54.6206,0.9998
3275.391,-54.6124,0.9998
3276.855,-54.6131,0.9998
3278.320,-54.6198,0.9998
3279.785,-54.6211,0.9998
3281.250,-54.6188,0.9998
3282.715,-54.6148,0.9998
3284.180,-54.6059,0.9997
3285.645,-54.6109,0.9998
3287.109,-54.6164,0.9997
3288.574,-54.6190,0.9997
3290.039,-54.6286,0.9997
3291.504,-54.6306,0.9998
3292.969,-54.6252,0.9997
3294.434,-54.6305,0.9998
3295.898,-54.6357,0.9998
3297.363,-54.6363,0.9997
3298.828,-54.6361,0.9997
3300.293,-54.6342,0.9997
3301.758,-54.6232,0.9997
3303.223,-54.6281,0.9998
3304.688,-54.6321,0.9997
3306.152,-54.6414,0.9997
3307.617,-54.6493,0.9997
3309.082,-54.6332,0.9997
3310.547,-54.6189,0.9997
3312.012,-54.6372,0.9997
3313.477,-54.6259,0.9997
3314.941,-54.6122,0.9996
3316.406,-54.6129,0.9997
3317.871,-54.6165,0.9997
3319.336,-54.6247,0.9996
3320.801,-54.6460,0.9997
3322.266,-54.6380,0.9997
3323.730,-54.6479,0.9997
3325.195,-54.6376,0.9997
3326.660,-54.6300,0.9997
3328.125,-54.6232,0.9997
3329.590,-54.6404,0.9997
3331.055,-54.6613,0.9997
3332.520,-54.6529,0.9997
3333.984,-54.6441,0.9996
3335.449,-54.6623,0.9997
3336.914,-54.6631,0.9996
3338.379,-54.6555,0.9996
3339.844,-54.6228,0.9996
3341.309,-54.6339,0.9996
3342.773,-54.6430,0.9997
3344.238,-54.6438,0.9995
3345.703,-54.6589,0.9996
3347.168,-54.6306,0.9996
3348.633,-54.6274,0.9996
3350.098,-54.6244,0.9996
3351.562,-54.6200,0.9996
3353.027,-54.6408,0.9996
3354.492,-54.6316,0.9995
3355.957,-54.6149,0.9983
3357.422,-54.6301,0.9983
3358.887,-54.6281,0.9995
3360.352,-54.6435,0.9996
3361.816,-54.6455,0.9996
3363.281,-54.6315,0.9995
3364.746,-54.6320,0.9995
3366.211,-54.6533,0.9995
3367.676,-54.6259,0.9995
3369.141,-54.6105,0.9995
3370.605,-54.6420,0.9996
3372.070,-54.6192,0.9996
3373.535,-54.5882,0.9996
3375.000,-54.6090,0.9996
3376.465,-54.6280,0.9995
3377.930,-54.6110,0.9995
3379.395,-54.6364,0.9995
3380.859,-54.6102,0.9996
3382.324,-54.6086,0.9996
3383.789,-54.6164,0.9994
3385.254,-54.5783,0.9994
3386.719,-54.6045,0.9995
3388.184,-54.5766,0.9995
3389.648,-54.5736,0.9995
3391.113,-54.6113,0.9994
3392.578,-54.6044,0.9993
3394.043,-54.6013,0.9994
3395.508,-54.6121,0.9994
3396.973,-54.5896,0.9994
3398.438,-54.6060,0.9995
3399.902,-54.6054,0.9995
3401.367,-54.5661,0.9995
3402.832,-54.5836,0.9995
3404.297,-54.5608,0.9994
3405.762,-54.5704,0.9995
3407.227,-54.5885,0.9995
3408.691,-54.5966,0.9995
3410.156,-54.6037,0.9995
3411.621,-54.5721,0.9995
3413.086,-54.5753,0.9995
3414.551,-54.5871,0.9995
3416.016,-54.5939,0.9995
3417.480,-54.6023,0.9995
3418.945,-54.5648,0.9995
3420.410,-54.5593,0.9994
3421.875,-54.5787,0.9995
3423.340,-54.5724,0.9995
3424.805,-54.5837,0.9995
3426.270,-54.5809,0.9995
3427.734,-54.5925,0.9995
3429.199,-54.5837,0.9996
3430.664,-54.5741,0.9996
3432.129,-54.5529,0.9995
3433.594,-54.5314,0.9996
3435.059,-54.5484,0.9996
3436.523,-54.5715,0.9995
3437.988,-54.5844,0.9996
3439.453,-54.5813,0.9995
3440.918,-54.5926,0.9996
3442.383,-54.5905,0.9996
3443.848,-54.5861,0.9996
3445.312,-54.5551,0.9996
3446.777,-54.5578,0.9995
3448.242,-54.5745,0.9996
3449.707,-54.5665,0.9996
3451.172,-54.5750,0.9996
3452.637,-54.5690,0.9996
3454.102,-54.5836,0.9996
3455.566,-54.5795,0.9996
3457.031,-54.5634,0.9996
3458.496,-54.5757,0.9996
3459.961,-54.5892,0.9996
3461.426,-54.5648,0.9996
3462.891,-54.5789,0.9996
3464.355,-54.5781,0.9996
3465.820,-54.5761,0.9997
3467.285,-54.5712,0.9997
3468.750,-54.5578,0.9997
3470.215,-54.5643,0.9996
3471.680,-54.5560,0.9997
3473.145,-54.5707,0.9997
3474.609,-54.5714,0.9997
3476.074,-54.5563,0.9989
3477.539,-54.5638,0.9992
3479.004,-54.5746,0.9997
3480.469,-54.5676,0.9997
3481.934,-54.5716,0.9997
3483.398,-54.5655,0.9997
3484.863,-54.5819,0.9998
3486.328,-54.5780,0.9998
3487.793,-54.5839,0.9997
3489.258,-54.5895,0.9997
3490.723,-54.5859,0.9997
3492.188,-54.5767,0.9997
3493.652,-54.5787,0.9997
3495.117,-54.5706,0.9997
3496.582,-54.5612,0.9997
3498.047,-54.5698,0.9997
3499.512,-54.5805,0.9998
3500.977,-54.5715,0.9998
3502.441,-54.5819,0.9997
3503.906,-54.6101,0.9997
3505.371,-54.6121,0.9997
3506.836,-54.5918,0.9997
3508.301,-54.5870,0.9998
3509.766,-54.5843,0.9998
3511.230,-54.5881,0.9997
3512.695,-54.6061,0.9997
3514.160,-54.6114,0.9997
3515.625,-54.5939,0.9997
3517.090,-54.5764,0.9997
3518.555,-54.5830,0.9998
3520.020,-54.5983,0.9997
3521.484,-54.6075,0.9997
3522.949,-54.6034,0.9998
3524.414,-54.5976,0.9998
3525.879,-54.6008,0.9998
3527.344,-54.5975,0.9998
3528.809,-54.6011,0.9998
3530.273,-54.6087,0.9997
3531.738,-54.6014,0.9998
3533.203,-54.5944,0.9997
3534.668,-54.5998,0.9997
3536.133,-54.6060,0.9997
3537.598,-54.6052,0.9998
3539.062,-54.5904,0.9998
3540.527,-54.5827,0.9998
3541.992,-54.5981,0.9998
3543.457,-54.6137,0.9997
3544.922,-54.6258,0.9998
3546.387,-54.6243,0.9998
3547.852,-54.6131,0.9998
3549.316,-54.6100,0.9997
3550.781,-54.6188,0.9997
3552.246,-54.6349,0.9997
3553.711,-54.6359,0.9998
3555.176,-54.6239,0.9998
3556.641,-54.6186,0.9997
3558.105,-54.6220,0.9997
3559.570,-54.6245,0.9998
3561.035,-54.6233,0.9998
3562.500,-54.6258,0.9997
3563.965,-54.6214,0.9997
3565.430,-54.6126,0.9998
3566.895,-54.6182,0.9997
3568.359,-54.6225,0.9998
3569.824,-54.6190,0.9997
3571.289,-54.6360,0.9998
3572.754,-54.6465,0.9997
3574.219,-54.6333,0.9997
3575.684,-54.6196,0.9998
3577.148,-54.6173,0.9997
3578.613,-54.6247,0.9997
3580.078,-54.6208,0.9997
3581.543,-54.6204,0.9997
3583.008,-54.6315,0.9997
3584.473,-54.6213,0.9998
3585.938,-54.6147,0.9997
3587.402,-54.6278,0.9997
3588.867,-54.6343,0.9997
3590.332,-54.6453,0.9997
3591.797,-54.6280,0.9997
3593.262,-54.6238,0.9997
3594.727,-54.6026,0.9997
3596.191,-54.5971,0.9994
3597.656,-54.6135,0.9997
3599.121,-54.6345,0.9997
3600.586,-54.6466,0.9997
3602.051,-54.6312,0.9997
3603.516,-54.6228,0.9996
3604.980,-54.6203,0.9996
3606.445,-54.6314,0.9997
3607.910,-54.6403,0.9996
3609.375,-54.6283,0.9997
3610.840,-54.6253,0.9997
3612.305,-54.6346,0.9996
3613.770,-54.6224,0.9997
3615.234,-54.6413,0.9997
3616.699,-54.6542,0.9996
3618.164,-54.6127,0.9996
3619.629,-54.6343,0.9996
3621.094,-54.6503,0.9996
3622.559,-54.6280,0.9997
3624.023,-54.6288,0.9996
3625.488,-54.6320,0.9996
3626.953,-54.6389,0.9995
3628.418,-54.6466,0.9995
3629.883,-54.6427,0.9996
3631.348,-54.6309,0.9996
3632.812,-54.6469,0.9996
3634.277,-54.6442,0.9995
3635.742,-54.6409,0.9996
3637.207,-54.6442,0.9996
3638.672,-54.6290,0.9995
3640.137,-54.6307,0.9995
3641.602,-54.6287,0.9995
3643.066,-54.6123,0.9996
3644.531,-54.6287,0.9996
3645.996,-54.6556,0.9995
3647.461,-54.6324,0.9994
3648.926,-54.6153,0.9995
3650.391,-54.6219,0.9995
3651.855,-54.6472,0.9995
3653.320,-54.6431,0.9995
3654.785,-54.6301,0.9995
3656.250,-54.6222,0.9995
3657.715,-54.6367,0.9994
3659.180,-54.6278,0.9995
3660.645,-54.6181,0.9995
3662.109,-54.6280,0.9994
3663.574,-54.6371,0.9994
3665.039,-54.6356,0.9995
3666.504,-54.6143,0.9994
3667.969,-54.6056,0.9994
3669.434,-54.6243,0.9994
3670.898,-54.6116,0.9995
3672.363,-54.6239,0.9995
3673.828,-54.6361,0.9993
3675.293,-54.6053,0.9994
3676.758,-54.6362,0.9994
3678.223,-54.6182,0.9994
3679.688,-54.5717,0.9994
3681.152,-54.6089,0.9995
3682.617,-54.6155,0.9994
3684.082,-54.6393,0.9994
3685.547,-54.5969,0.9994
3687.012,-54.6065,0.9995
3688.477,-54.6084,0.9994
3689.941,-54.6057,0.9994
3691.406,-54.6125,0.9994
3692.871,-54.5895,0.9995
3694.336,-54.5890,0.9994
3695.801,-54.6000,0.9995
3697.266,-54.6071,0.9994
3698.730,-54.5960,0.9993
3700.195,-54.5882,0.9993
3701.660,-54.6113,0.9993
3703.125,-54.5659,0.9995
3704.590,-54.5623,0.9995
3706.055,-54.5980,0.9995
3707.520,-54.5958,0.9995
3708.984,-54.5779,0.9994
3710.449,-54.5645,0.9995
3711.914,-54.5666,0.9995
3713.379,-54.5734,0.9995
3714.844,-54.5943,0.9994
3716.309,-54.5942,0.9993
3717.773,-54.5711,0.9994
3719.238,-54.5494,0.9994
3720.703,-54.5915,0.9993
3722.168,-54.5711,0.9996
3723.633,-54.5985,0.9995
3725.098,-54.5957,0.9996
3726.562,-54.6031,0.9995
3728.027,-54.5983,0.9996
3729.492,-54.5856,0.9996
3730.957,-54.5701,0.9995
3732.422,-54.5466,0.9995
3733.887,-54.5930,0.9995
3735.352,-54.5789,0.9996
3736.816,-54.5595,0.9995
3738.281,-54.5771,0.9996
3739.746,-54.5976,0.9995
3741.211,-54.5784,0.9996
3742.676,-54.5709,0.9996
3744.141,-54.5624,0.9996
3745.605,-54.5840,0.9996
3747.070,-54.5758,0.9996
3748.535,-54.5571,0.9996
3750.000,-54.5764,0.9996
3751.465,-54.5814,0.9996
3752.930,-54.5730,0.9996
3754.395,-54.5821,0.9995
3755.859,-54.5605,0.9996
3757.324,-54.5699,0.9997
3758.789,-54.5774,0.9997
3760.254,-54.5849,0.9996
3761.719,-54.5681,0.9996
3763.184,-54.5656,0.9996
3764.648,-54.5852,0.9996
3766.113,-54.5740,0.9996
3767.578,-54.5705,0.9996
3769.043,-54.5724,0.9996
3770.508,-54.5716,0.9996
3771.973,-54.5796,0.9997
3773.438,-54.5719,0.9996
3774.902,-54.5760,0.9997
3776.367,-54.5997,0.9997
3777.832,-54.5886,0.9997
3779.297,-54.5821,0.9997
3780.762,-54.5971,0.9997
3782.227,-54.5973,0.9997
3783.691,-54.5942,0.9997
3785.156,-54.5876,0.9997
3786.621,-54.5716,0.9997
3788.086,-54.5708,0.9997
3789.551,-54.5936,0.9997
3791.016,-54.6070,0.9997
3792.480,-54.5983,0.9997
3793.945,-54.5917,0.9997
3795.410,-54.6036,0.9997
3796.875,-54.5918,0.9997
3798.340,-54.5817,0.9998
3799.805,-54.6003,0.9997
3801.270,-54.6107,0.9997
3802.734,-54.6099,0.9997
3804.199,-54.6053,0.9998
3805.664,-54.6011,0.9998
3807.129,-54.5986,0.9997
3808.594,-54.6140,0.9998
3810.059,-54.6118,0.9998
3811.523,-54.5937,0.9998
3812.988,-54.5943,0.9998
3814.453,-54.6112,0.9997
3815.918,-54.6127,0.9997
3817.383,-54.6056,0.9997
3818.848,-54.5939,0.9997
3820.312,-54.5838,0.9998
3821.777,-54.5957,0.9997
3823.242,-54.6000,0.9997
3824.707,-54.5965,0.9997
3826.172,-54.6054,0.9997
3827.637,-54.6077,0.9998
3829.102,-54.6087,0.9998
3830.566,-54.6085,0.9997
3832.031,-54.5957,0.9997
3833.496,-54.5874,0.9998
3834.961,-54.5844,0.9996
3836.426,-54.5832,0.9992
3837.891,-54.6015,0.9997
3839.355,-54.6260,0.9998
3840.820,-54.6197,0.9997
3842.285,-54.6018,0.9997
3843.750,-54.6005,0.9997
3845.215,-54.6036,0.9998
3846.680,-54.6175,0.9998
3848.145,-54.6320,0.9997
3849.609,-54.6294,0.9998
3851.074,-54.6208,0.9998
3852.539,-54.6071,0.9998
3854.004,-54.6048,0.9997
3855.469,-54.6114,0.9998
3856.934,-54.6158,0.9998
3858.398,-54.6305,0.9997
3859.863,-54.6352,0.9997
3861.328,-54.6278,0.9998
3862.793,-54.6188,0.9997
3864.258,-54.6190,0.9997
3865.723,-54.6269,0.9997
3867.188,-54.6228,0.9997
3868.652,-54.6051,0.9997
3870.117,-54.6071,0.9997
3871.582,-54.6326,0.9997
3873.047,-54.6398,0.9997
3874.512,-54.6259,0.9997
3875.977,-54.6321,0.9997
3877.441,-54.6407,0.9997
3878.906,-54.6259,0.9997
3880.371,-54.6187,0.9997
3881.836,-54.6259,0.9998
3883.301,-54.6358,0.9997
3884.766,-54.6339,0.9997
3886.230,-54.6242,0.9997
3887.695,-54.6307,0.9997
3889.160,-54.6316,0.9997
3890.625,-54.6187,0.9997
3892.090,-54.6378,0.9997
3893.555,-54.6556,0.9997
3895.020,-54.6486,0.9997
3896.484,-54.6500,0.9998
3897.949,-54.6416,0.9997
3899.414,-54.6305,0.9996
3900.879,-54.6409,0.9996
3902.344,-54.6290,0.9997
3903.809,-54.6308,0.9997
3905.273,-54.6401,0.9997
3906.738,-54.6527,0.9997
3908.203,-54.6505,0.9997
3909.668,-54.6417,0.9996
3911.133,-54.6264,0.9995
3912.598,-54.6389,0.9997
3914.062,-54.6529,0.9997
3915.527,-54.6416,0.9996
3916.992,-54.6566,0.9997
3918.457,-54.6706,0.9997
3919.922,-54.6804,0.9997
3921.387,-54.6582,0.9996
3922.852,-54.6410,0.9996
3924.316,-54.6365,0.9996
3925.781,-54.6513,0.9996
3927.246,-54.6680,0.9996
3928.711,-54.6459,0.9996
3930.176,-54.6237,0.9997
3931.641,-54.6199,0.9996
3933.105,-54.6418,0.9996
3934.570,-54.6315,0.9995
3936.035,-54.6393,0.9995
3937.500,-54.6339,0.9996
3938.965,-54.6228,0.9996
3940.430,-54.6519,0.9996
3941.895,-54.6425,0.9995
3943.359,-54.6452,0.9995
3944.824,-54.6746,0.9995
3946.289,-54.6588,0.9995
3947.754,-54.6460,0.9995
3949.219,-54.6413,0.9995
3950.684,-54.6178,0.9995
3952.148,-54.6210,0.9995
3953.613,-54.6424,0.9995
3955.078,-54.6843,0.9988
3956.543,-54.6851,0.9986
3958.008,-54.6194,0.9994
3959.473,-54.6350,0.9995
3960.938,-54.6395,0.9995
3962.402,-54.6372,0.9995
3963.867,-54.6389,0.9995
3965.332,-54.6368,0.9995
3966.797,-54.6544,0.9994
3968.262,-54.6557,0.9995
3969.727,-54.6562,0.9995
3971.191,-54.6502,0.9994
3972.656,-54.6498,0.9993
3974.121,-54.6560,0.9993
3975.586,-54.6291,0.9994
3977.051,-54.6281,0.9994
3978.516,-54.6207,0.9994
3979.980,-54.6374,0.9994
3981.445,-54.6107,0.9993
3982.910,-54.6494,0.9993
3984.375,-54.6273,0.9994
3985.840,-54.6135,0.9994
3987.305,-54.5877,0.9993
3988.770,-54.6188,0.9994
3990.234,-54.6205,0.9993
3991.699,-54.6303,0.9993
3993.164,-54.6143,0.9994
3994.629,-54.6345,0.9993
3996.094,-54.6223,0.9993
3997.559,-54.6181,0.9994
3999.023,-54.6188,0.9993
4000.488,-54.5811,0.9993
4001.953,-54.6003,0.9992
4003.418,-54.6225,0.9992
4004.883,-54.6156,0.9993
4006.348,-54.5861,0.9993
4007.812,-54.5788,0.9993
4009.277,-54.6006,0.9994
4010.742,-54.5951,0.9994
4012.207,-54.5820,0.9993
4013.672,-54.6072,0.9992
4015.137,-54.6056,0.9994
4016.602,-54.5784,0.9994
4018.066,-54.5777,0.9995
4019.531,-54.5841,0.9995
4020.996,-54.5796,0.9994
4022.461,-54.5878,0.9993
4023.926,-54.5695,0.9993
4025.391,-54.5690,0.9994
4026.855,-54.5917,0.9994
4028.320,-54.5952,0.9994
4029.785,-54.5731,0.9995
4031.250,-54.5745,0.9994
4032.715,-54.5902,0.9995
4034.180,-54.5994,0.9995
4035.645,-54.5854,0.9994
4037.109,-54.5835,0.9994
4038.574,-54.5947,0.9994
4040.039,-54.5698,0.9995
4041.504,-54.5668,0.9996
4042.969,-54.5919,0.9995
4044.434,-54.5911,0.9995
4045.898,-54.5941,0.9994
4047.363,-54.5594,0.9995
4048.828,-54.5638,0.9995
4050.293,-54.6152,0.9994
4051.758,-54.6183,0.9995
4053.223,-54.5709,0.9996
4054.688,-54.5725,0.9995
4056.152,-54.5771,0.9995
4057.617,-54.5691,0.9996
4059.082,-54.5854,0.9994
4060.547,-54.5776,0.9996
4062.012,-54.5725,0.9995
4063.477,-54.5696,0.9995
4064.941,-54.5474,0.9995
4066.406,-54.5562,0.9995
4067.871,-54.5882,0.9995
4069.336,-54.5969,0.9995
4070.801,-54.5842,0.9996
4072.266,-54.5717,0.9996
4073.730,-54.5677,0.9995
4075.195,-54.5386,0.9992
4076.660,-54.5620,0.9991
4078.125,-54.5549,0.9996
4079.590,-54.5695,0.9996
4081.055,-54.5848,0.9995
4082.520,-54.5834,0.9996
4083.984,-54.5741,0.9997
4085.449,-54.5730,0.9997
4086.914,-54.5811,0.9997
4088.379,-54.5637,0.9996
4089.844,-54.5767,0.9996
4091.309,-54.5902,0.9996
4092.773,-54.5728,0.9997
4094.238,-54.5633,0.9997
4095.703,-54.5861,0.9997
4097.168,-54.5929,0.9997
4098.633,-54.6014,0.9996
4100.098,-54.5964,0.9997
4101.562,-54.5889,0.9996
4103.027,-54.5827,0.9997
4104.492,-54.5826,0.9997
4105.957,-54.5930,0.9997
4107.422,-54.5783,0.9997
4108.887,-54.5711,0.9997
4110.352,-54.5839,0.9997
4111.816,-54.5861,0.9997
4113.281,-54.5847,0.9997
4114.746,-54.5761,0.9998
4116.211,-54.5916,0.9997
4117.676,-54.6008,0.9997
4119.141,-54.6098,0.9997
4120.605,-54.6245,0.9997
4122.070,-54.6097,0.9997
4123.535,-54.5926,0.9997
4125.000,-54.5851,0.9997
4126.465,-54.5902,0.9997
4127.930,-54.5994,0.9997
4129.395,-54.6008,0.9997
4130.859,-54.5965,0.9998
4132.324,-54.5993,0.9997
4133.789,-54.5982,0.9997
4135.254,-54.5891,0.9997
4136.719,-54.5888,0.9997
4138.184,-54.5976,0.9997
4139.648,-54.6164,0.9997
4141.113,-54.6256,0.9998
4142.578,-54.6187,0.9997
4144.043,-54.6098,0.9997
4145.508,-54.6003,0.9997
4146.973,-54.6057,0.9997
4148.438,-54.6147,0.9997
4149.902,-54.6112,0.9997
4151.367,-54.6088,0.9998
4152.832,-54.6165,0.9998
4154.297,-54.6279,0.9997
4155.762,-54.6408,0.9997
4157.227,-54.6396,0.9997
4158.691,-54.6173,0.9997
4160.156,-54.6171,0.9996
4161.621,-54.6266,0.9997
4163.086,-54.6148,0.9997
4164.551,-54.6060,0.9997
4166.016,-54.6063,0.9997
4167.480,-54.6064,0.9997
4168.945,-54.6052,0.9997
4170.410,-54.6102,0.9997
4171.875,-54.6143,0.9997
4173.340,-54.6084,0.9997
4174.805,-54.6063,0.9997
4176.270,-54.6223,0.9997
4177.734,-54.6327,0.9997
4179.199,-54.6235,0.9998
4180.664,-54.6156,0.9998
4182.129,-54.6081,0.9997
4183.594,-54.6113,0.9997
4185.059,-54.6305,0.9997
4186.523,-54.6344,0.9997
4187.988,-54.6218,0.9997
4189.453,-54.6289,0.9997
4190.918,-54.6335,0.9998
4192.383,-54.6232,0.9997
4193.848,-54.6294,0.9997
4195.312,-54.6352,0.9996
4196.777,-54.6182,0.9996
4198.242,-54.6207,0.9997
4199.707,-54.6278,0.9997
4201.172,-54.6153,0.9997
4202.637,-54.6216,0.9996
4204.102,-54.6379,0.9997
4205.566,-54.6341,0.9996
4207.031,-54.6284,0.9996
4208.496,-54.6266,0.9996
4209.961,-54.6208,0.9997
4211.426,-54.6292,0.9997
4212.891,-54.6520,0.9996
4214.355,-54.6363,0.9997
4215.820,-54.6275,0.9997
4217.285,-54.6436,0.9996
4218.750,-54.6396,0.9996
4220.215,-54.6257,0.9996
4221.680,-54.6414,0.9997
4223.145,-54.6391,0.9997
4224.609,-54.6297,0.9997
4226.074,-54.6319,0.9997
4227.539,-54.6470,0.9997
4229.004,-54.6459,0.9996
4230.469,-54.6490,0.9997
4231.934,-54.6535,0.9997
4233.398,-54.6403,0.9997
4234.863,-54.6352,0.9997
4236.328,-54.6459,0.9996
4237.793,-54.6511,0.9997
4239.258,-54.6439,0.9996
4240.723,-54.6679,0.9996
4242.188,-54.6665,0.9996
4243.652,-54.6515,0.9996
4245.117,-54.6354,0.9996
4246.582,-54.6346,0.9996
4248.047,-54.6339,0.9996
4249.512,-54.6419,0.9996
4250.977,-54.6360,0.9995
4252.441,-54.6571,0.9997
4253.906,-54.6666,0.9997
4255.371,-54.6403,0.9996
4256.836,-54.6348,0.9996
4258.301,-54.6365,0.9997
4259.766,-54.6521,0.9996
4261.230,-54.6609,0.9996
4262.695,-54.6473,0.9996
4264.160,-54.6469,0.9996
4265.625,-54.6451,0.9996
4267.090,-54.6488,0.9995
4268.555,-54.6535,0.9995
4270.020,-54.6384,0.9995
4271.484,-54.6432,0.9995
4272.949,-54.6579,0.9994
4274.414,-54.6648,0.9995
4275.879,-54.6263,0.9995
4277.344,-54.6387,0.9995
4278.809,-54.6507,0.9995
4280.273,-54.6448,0.9995
4281.738,-54.6477,0.9995
4283.203,-54.6390,0.9995
4284.668,-54.6618,0.9995
4286.133,-54.6328,0.9994
4287.598,-54.6438,0.9995
4289.062,-54.6563,0.9995
4290.527,-54.6364,0.9995
4291.992,-54.6433,0.9995
4293.457,-54.6481,0.9994
4294.922,-54.6513,0.9994
4296.387,-54.6516,0.9994
4297.852,-54.6608,0.9993
4299.316,-54.6008,0.9994
4300.781,-54.6286,0.9994
4302.246,-54.6488,0.9994
4303.711,-54.6544,0.9994
4305.176,-54.6412,0.9995
4306.641,-54.6447,0.9993
4308.105,-54.6696,0.9993
4309.570,-54.6397,0.9993
4311.035,-54.6088,0.9993
4312.500,-54.6271,0.9994
4313.965,-54.6275,0.9993
4315.430,-54.6493,0.9990
4316.895,-54.6242,0.9992
4318.359,-54.6406,0.9993
4319.824,-54.6387,0.9993
4321.289,-54.6419,0.9993
4322.754,-54.6450,0.9993
4324.219,-54.5982,0.9993
4325.684,-54.5957,0.9993
4327.148,-54.6253,0.9993
4328.613,-54.6294,0.9993
4330.078,-54.6197,0.9993
4331.543,-54.6032,0.9994
4333.008,-54.6409,0.9993
4334.473,-54.6418,0.9992
4335.938,-54.6198,0.9994
4337.402,-54.6181,0.9992
4338.867,-54.5820,0.9993
4340.332,-54.6149,0.9992
4341.797,-54.6374,0.9993
4343.262,-54.6191,0.9994
4344.727,-54.6217,0.9993
4346.191,-54.6152,0.9992
4347.656,-54.6314,0.9993
4349.121,-54.6093,0.9992
4350.586,-54.6387,0.9993
4352.051,-54.5912,0.9994
4353.516,-54.6383,0.9993
4354.980,-54.6086,0.9992
4356.445,-54.5584,0.9993
4357.910,-54.6118,0.9993
4359.375,-54.6228,0.9993
4360.840,-54.5858,0.9993
4362.305,-54.5752,0.9994
4363.770,-54.6043,0.9995
4365.234,-54.5750,0.9995
4366.699,-54.5817,0.9993
4368.164,-54.5549,0.9994
4369.629,-54.5939,0.9994
4371.094,-54.6265,0.9993
4372.559,-54.6031,0.9993
4374.023,-54.6025,0.9994
4375.488,-54.5937,0.9993
4376.953,-54.5679,0.9993
4378.418,-54.5833,0.9993
4379.883,-54.5775,0.9993
4381.348,-54.5726,0.9994
4382.812,-54.5866,0.9995
4384.277,-54.5652,0.9995
4385.742,-54.5411,0.9994
4387.207,-54.5570,0.9994
4388.672,-54.5698,0.9993
4390.137,-54.5583,0.9995
4391.602,-54.5926,0.9993
4393.066,-54.6100,0.9992
4394.531,-54.6017,0.9994
4395.996,-54.5956,0.9995
4397.461,-54.5747,0.9995
4398.926,-54.5663,0.9994
4400.391,-54.5899,0.9995
4401.855,-54.5860,0.9995
4403.320,-54.6006,0.9995
4404.785,-54.5850,0.9994
4406.250,-54.5721,0.9994
4407.715,-54.6128,0.9994
4409.180,-54.6011,0.9994
4410.645,-54.5780,0.9996
4412.109,-54.5817,0.9995
4413.574,-54.5725,0.9996
4415.039,-54.5705,0.9995
4416.504,-54.5700,0.9995
4417.969,-54.5958,0.9995
4419.434,-54.6071,0.9995
4420.898,-54.6026,0.9995
4422.363,-54.5822,0.9996
4423.828,-54.5899,0.9996
4425.293,-54.6001,0.9996
4426.758,-54.5887,0.9996
4428.223,-54.5825,0.9996
4429.688,-54.5680,0.9996
4431.152,-54.5518,0.9997
4432.617,-54.5791,0.9996
4434.082,-54.5648,0.9995
4435.547,-54.5398,0.9992
4437.012,-54.5732,0.9994
4438.477,-54.5886,0.9996
4439.941,-54.5966,0.9996
4441.406,-54.5930,0.9996
4442.871,-54.5851,0.9996
4444.336,-54.5838,0.9996
4445.801,-54.5893,0.9997
4447.266,-54.6098,0.9997
4448.730,-54.5965,0.9996
4450.195,-54.5838,0.9996
4451.660,-54.5790,0.9996
4453.125,-54.5766,0.9996
4454.590,-54.5884,0.9997
4456.055,-54.6148,0.9997
4457.520,-54.6117,0.9996
4458.984,-54.5929,0.9997
4460.449,-54.6118,0.9996
4461.914,-54.6000,0.9996
4463.379,-54.5727,0.9996
4464.844,-54.5882,0.9996
4466.309,-54.5955,0.9996
4467.773,-54.5882,0.9996
4469.238,-54.5893,0.9997
4470.703,-54.6013,0.9996
4472.168,-54.6184,0.9997
4473.633,-54.6243,0.9997
4475.098,-54.6114,0.9997
4476.562,-54.6018,0.9997
4478.027,-54.6055,0.9997
4479.492,-54.6012,0.9997
4480.957,-54.5985,0.9997
4482.422,-54.6111,0.9997
4483.887,-54.6109,0.9997
4485.352,-54.5924,0.9997
4486.816,-54.5923,0.9996
4488.281,-54.5990,0.9997
4489.746,-54.6010,0.9998
4491.211,-54.6047,0.9997
4492.676,-54.5975,0.9997
4494.141,-54.5993,0.9997
4495.605,-54.6176,0.9997
4497.070,-54.6164,0.9997
4498.535,-54.5980,0.9997
4500.000,-54.5929,0.9996
4501.465,-54.6136,0.9997
4502.930,-54.6220,0.9997
4504.395,-54.6133,0.9997
4505.859,-54.6252,0.9997
4507.324,-54.6230,0.9996
4508.789,-54.6030,0.9996
4510.254,-54.6030,0.9997
4511.719,-54.6170,0.9997
4513.184,-54.6313,0.9997
4514.648,-54.6249,0.9997
4516.113,-54.6101,0.9997
4517.578,-54.6017,0.9997
4519.043,-54.5907,0.9997
4520.508,-54.6008,0.9996
4521.973,-54.6176,0.9996
4523.438,-54.6216,0.9996
4524.902,-54.6248,0.9997
4526.367,-54.6235,0.9997
4527.832,-54.6294,0.9997
4529.297,-54.6354,0.9997
4530.762,-54.6260,0.9997
4532.227,-54.6219,0.9997
4533.691,-54.6287,0.9997
4535.156,-54.6240,0.9997
4536.621,-54.6082,0.9997
4538.086,-54.6069,0.9997
4539.551,-54.6107,0.9997
4541.016,-54.6105,0.9997
4542.480,-54.6157,0.9998
4543.945,-54.6164,0.9998
4545.410,-54.6087,0.9997
4546.875,-54.6031,0.9997
4548.340,-54.6147,0.9997
4549.805,-54.6388,0.9997
4551.270,-54.6456,0.9997
4552.734,-54.6285,0.9997
4554.199,-54.6163,0.9997
4555.664,-54.6228,0.9995
4557.129,-54.6343,0.9997
4558.594,-54.6330,0.9997
4560.059,-54.6360,0.9996
4561.523,-54.6400,0.9997
4562.988,-54.6414,0.9997
4564.453,-54.6409,0.9996
4565.918,-54.6398,0.9997
4567.383,-54.6381,0.9997
4568.848,-54.6260,0.9997
4570.312,-54.6215,0.9997
4571.777,-54.6193,0.9995
4573.242,-54.6328,0.9996
4574.707,-54.6584,0.9997
4576.172,-54.6524,0.9997
4577.637,-54.6456,0.9997
4579.102,-54.6307,0.9996
4580.566,-54.6330,0.9996
4582.031,-54.6502,0.9997
4583.496,-54.6487,0.9996
4584.961,-54.6394,0.9997
4586.426,-54.6377,0.9997
4587.891,-54.6359,0.9996
4589.355,-54.6442,0.9996
4590.820,-54.6489,0.9996
4592.285,-54.6295,0.9997
4593.750,-54.6151,0.9996
4595.215,-54.6506,0.9996
4596.680,-54.6586,0.9997
4598.145,-54.6557,0.9996
4599.609,-54.6445,0.9995
4601.074,-54.6404,0.9996
4602.539,-54.6356,0.9996
4604.004,-54.6358,0.9997
4605.469,-54.6381,0.9996
4606.934,-54.6519,0.9995
4608.398,-54.6845,0.9996
4609.863,-54.6683,0.9996
4611.328,-54.6464,0.9996
4612.793,-54.6409,0.9996
4614.258,-54.6364,0.9995
4615.723,-54.6538,0.9996
4617.188,-54.6549,0.9997
4618.652,-54.6239,0.9996
4620.117,-54.6305,0.9996
4621.582,-54.6391,0.9996
4623.047,-54.6140,0.9995
4624.512,-54.6069,0.9995
4625.977,-54.6399,0.9996
4627.441,-54.6402,0.9996
4628.906,-54.6487,0.9996
4630.371,-54.6498,0.9995
4631.836,-54.6591,0.9995
4633.301,-54.6470,0.9995
4634.766,-54.6288,0.9996
4636.230,-54.6473,0.9996
4637.695,-54.6478,0.9996
4639.160,-54.6439,0.9995
4640.625,-54.6357,0.9995
4642.090,-54.6236,0.9995
4643.555,-54.6388,0.9995
4645.020,-54.6660,0.9994
4646.484,-54.6405,0.9994
4647.949,-54.6196,0.9993
4649.414,-54.6369,0.9995
4650.879,-54.6199,0.9995
4652.344,-54.6282,0.9995
4653.809,-54.6380,0.9996
4655.273,-54.6466,0.9995
4656.738,-54.6058,0.9993
4658.203,-54.6152,0.9994
4659.668,-54.6602,0.9993
4661.133,-54.6631,0.9993
4662.598,-54.6336,0.9994
4664.062,-54.6465,0.9994
4665.527,-54.6496,0.9993
4666.992,-54.6405,0.9994
4668.457,-54.6392,0.9994
4669.922,-54.6646,0.9993
4671.387,-54.6469,0.9991
4672.852,-54.6362,0.9992
4674.316,-54.6332,0.9991
4675.781,-54.6051,0.9990
4677.246,-54.6441,0.9993
4678.711,-54.6235,0.9992
4680.176,-54.6126,0.9992
4681.641,-54.6031,0.9993
4683.105,-54.6352,0.9992
4684.570,-54.6470,0.9993
4686.035,-54.6503,0.9992
4687.500,-54.6502,0.9992
4688.965,-54.6194,0.9993
4690.430,-54.5937,0.9992
4691.895,-54.6198,0.9993
4693.359,-54.6425,0.9993
4694.824,-54.6350,0.9992
4696.289,-54.5945,0.9993
4697.754,-54.5648,0.9992
4699.219,-54.6169,0.9992
4700.684,-54.6118,0.9992
4702.148,-54.6051,0.9992
4703.613,-54.5754,0.9992
4705.078,-54.6442,0.9994
4706.543,-54.6088,0.9993
4708.008,-54.6101,0.9994
4709.473,-54.6149,0.9993
4710.938,-54.6231,0.9992
4712.402,-54.6185,0.9991
4713.867,-54.6409,0.9992
4715.332,-54.6208,0.9993
4716.797,-54.6022,0.9993
4718.262,-54.6388,0.9992
4719.727,-54.5813,0.9993
4721.191,-54.5838,0.9993
4722.656,-54.6082,0.9993
4724.121,-54.6168,0.9993
4725.586,-54.6152,0.9993
4727.051,-54.6085,0.9993
4728.516,-54.5822,0.9994
4729.980,-54.5987,0.9993
4731.445,-54.6066,0.9992
4732.910,-54.6133,0.9993
4734.375,-54.5798,0.9993
4735.840,-54.6040,0.9992
4737.305,-54.6014,0.9993
4738.770,-54.5879,0.9992
4740.234,-54.5696,0.9993
4741.699,-54.5847,0.9993
4743.164,-54.6088,0.9993
4744.629,-54.6143,0.9992
4746.094,-54.5496,0.9993
4747.559,-54.5551,0.9993
4749.023,-54.5795,0.9994
4750.488,-54.5866,0.9995
4751.953,-54.5660,0.9993
4753.418,-54.6021,0.9993
4754.883,-54.5881,0.9994
4756.348,-54.5873,0.9993
4757.812,-54.5928,0.9994
4759.277,-54.5627,0.9994
4760.742,-54.5622,0.9994
4762.207,-54.5826,0.9994
4763.672,-54.5945,0.9995
4765.137,-54.5740,0.9995
4766.602,-54.5946,0.9994
4768.066,-54.6460,0.9992
4769.531,-54.6047,0.9992
4770.996,-54.5909,0.9995
4772.461,-54.5592,0.9995
4773.926,-54.5773,0.9994
4775.391,-54.5962,0.9994
4776.855,-54.6041,0.9994
4778.320,-54.5751,0.9994
4779.785,-54.5792,0.9995
4781.250,-54.5746,0.9995
4782.715,-54.6091,0.9995
4784.180,-54.5821,0.9995
4785.645,-54.5738,0.9994
4787.109,-54.5644,0.9995
4788.574,-54.5819,0.9995
4790.039,-54.5637,0.9996
4791.504,-54.5700,0.9995
4792.969,-54.5845,0.9995
4794.434,-54.5825,0.9992
4795.898,-54.5931,0.9992
4797.363,-54.5985,0.9995
4798.828,-54.5826,0.9996
4800.293,-54.5826,0.9995
4801.758,-54.6002,0.9995
4803.223,-54.5840,0.9995
4804.688,-54.5730,0.9995
4806.152,-54.5753,0.9996
4807.617,-54.5847,0.9996
4809.082,-54.5977,0.9996
4810.547,-54.5986,0.9995
4812.012,-54.5873,0.9996
4813.477,-54.5817,0.9996
4814.941,-54.5879,0.9996
4816.406,-54.5954,0.9995
4817.871,-54.5811,0.9996
4819.336,-54.5840,0.9996
4820.801,-54.5879,0.9997
4822.266,-54.6156,0.9996
4823.730,-54.6018,0.9995
4825.195,-54.6051,0.9996
4826.660,-54.6119,0.9996
4828.125,-54.5850,0.9996
4829.590,-54.5831,0.9996
4831.055,-54.5930,0.9996
4832.520,-54.5737,0.9996
4833.984,-54.5794,0.9996
4835.449,-54.6066,0.9996
4836.914,-54.6033,0.9997
4838.379,-54.6151,0.9997
4839.844,-54.6184,0.9996
4841.309,-54.6127,0.9996
4842.773,-54.5875,0.9997
4844.238,-54.5971,0.9997
4845.703,-54.5931,0.9996
4847.168,-54.5757,0.9997
4848.633,-54.5970,0.9997
4850.098,-54.6195,0.9996
4851.562,-54.6149,0.9997
4853.027,-54.6023,0.9997
4854.492,-54.6081,0.9996
4855.957,-54.6117,0.9996
4857.422,-54.6129,0.9996
4858.887,-54.6198,0.9996
4860.352,-54.6156,0.9997
4861.816,-54.5958,0.9997
4863.281,-54.5942,0.9997
4864.746,-54.5985,0.9997
4866.211,-54.5857,0.9997
4867.676,-54.5800,0.9997
4869.141,-54.5929,0.9997
4870.605,-54.6015,0.9997
4872.070,-54.6058,0.9997
4873.535,-54.6116,0.9997
4875.000,-54.6125,0.9997
4876.465,-54.6167,0.9997
4877.930,-54.6197,0.9997
4879.395,-54.6168,0.9998
4880.859,-54.6015,0.9997
4882.324,-54.6017,0.9996
4883.789,-54.6305,0.9996
4885.254,-54.6330,0.9997
4886.719,-54.6119,0.9997
4888.184,-54.6091,0.9997
4889.648,-54.6166,0.9996
4891.113,-54.6251,0.9997
4892.578,-54.6364,0.9997
4894.043,-54.6254,0.9997
4895.508,-54.6038,0.9997
4896.973,-54.5965,0.9997
4898.438,-54.6054,0.9996
4899.902,-54.6234,0.9997
4901.367,-54.6269,0.9997
4902.832,-54.6265,0.9997
4904.297,-54.6259,0.9997
4905.762,-54.6203,0.9997
4907.227,-54.6258,0.9997
4908.691,-54.6302,0.9997
4910.156,-54.6226,0.9997
4911.621,-54.6152,0.9997
4913.086,-54.6151,0.9997
4914.551,-54.6213,0.9995
4916.016,-54.6264,0.9996
4917.480,-54.6156,0.9996
4918.945,-54.5979,0.9996
4920.410,-54.5995,0.9996
4921.875,-54.6112,0.9997
4923.340,-54.6175,0.9997
4924.805,-54.6219,0.9997
4926.270,-54.6278,0.9997
4927.734,-54.6344,0.9997
4929.199,-54.6289,0.9997
4930.664,-54.6246,0.9997
4932.129,-54.6357,0.9997
4933.594,-54.6277,0.9997
4935.059,-54.6236,0.9997
4936.523,-54.6453,0.9996
4937.988,-54.6525,0.9995
4939.453,-54.6389,0.9996
4940.918,-54.6354,0.9997
4942.383,-54.6255,0.9997
4943.848,-54.6195,0.9997
4945.312,-54.6238,0.9997
4946.777,-54.6273,0.9997
4948.242,-54.6480,0.9997
4949.707,-54.6574,0.9997
4951.172,-54.6450,0.9997
4952.637,-54.6328,0.9996
4954.102,-54.6370,0.9997
4955.566,-54.6368,0.9997
4957.031,-54.6299,0.9997
4958.496,-54.6340,0.9997
4959.961,-54.6457,0.9996
4961.426,-54.6539,0.9996
4962.891,-54.6420,0.9997
4964.355,-54.6394,0.9997
4965.820,-54.6244,0.9996
4967.285,-54.6140,0.9996
4968.750,-54.6275,0.9996
4970.215,-54.6601,0.9996
4971.680,-54.6560,0.9996
4973.145,-54.6327,0.9997
4974.609,-54.6265,0.9996
4976.074,-54.6473,0.9996
4977.539,-54.6473,0.9996
4979.004,-54.6466,0.9997
4980.469,-54.6598,0.9996
4981.934,-54.6628,0.9996
4983.398,-54.6451,0.9996
4984.863,-54.6341,0.9996
4986.328,-54.6298,0.9996
4987.793,-54.6411,0.9996
4989.258,-54.6557,0.9996
4990.723,-54.6481,0.9995
4992.188,-54.6351,0.9996
4993.652,-54.6422,0.9996
4995.117,-54.6348,0.9996
4996.582,-54.6385,0.9996
4998.047,-54.6606,0.9996
4999.512,-54.6559,0.9997
5000.977,-54.6482,0.9996
5002.441,-54.6499,0.9996
5003.906,-54.6331,0.9995
5005.371,-54.6352,0.9994
5006.836,-54.6443,0.9995
5008.301,-54.6428,0.9995
5009.766,-54.6199,0.9995
5011.230,-54.6213,0.9996
5012.695,-54.6456,0.9996
5014.160,-54.6506,0.9996
5015.625,-54.6496,0.9995
5017.090,-54.6567,0.9995
5018.555,-54.6584,0.9994
5020.020,-54.6502,0.9996
5021.484,-54.6376,0.9996
5022.949,-54.6747,0.9995
5024.414,-54.6523,0.9996
5025.879,-54.6404,0.9995
5027.344,-54.6618,0.9995
5028.809,-54.6606,0.9994
5030.273,-54.6590,0.9993
5031.738,-54.6652,0.9993
5033.203,-54.6463,0.9992
5034.668,-54.6442,0.9989
5036.133,-54.6338,0.9991
5037.598,-54.6409,0.9995
5039.062,-54.6538,0.9995
5040.527,-54.6511,0.9993
5041.992,-54.6518,0.9993
5043.457,-54.6682,0.9994
5044.922,-54.6716,0.9994
5046.387,-54.6463,0.9993
5047.852,-54.6446,0.9994
5049.316,-54.6581,0.9993
5050.781,-54.6403,0.9994
5052.246,-54.6622,0.9995
5053.711,-54.6566,0.9995
5055.176,-54.6443,0.9994
5056.641,-54.6355,0.9993
5058.105,-54.6541,0.9994
5059.570,-54.6403,0.9993
5061.035,-54.6317,0.9993
5062.500,-54.6489,0.9994
5063.965,-54.6500,0.9994
5065.430,-54.6490,0.9993
5066.895,-54.6324,0.9994
5068.359,-54.6042,0.9992
5069.824,-54.6581,0.9992
5071.289,-54.6673,0.9993
5072.754,-54.6395,0.9993
5074.219,-54.6473,0.9994
5075.684,-54.6451,0.9993
5077.148,-54.6113,0.9992
5078.613,-54.6544,0.9993
5080.078,-54.6494,0.9993
5081.543,-54.6231,0.9993
5083.008,-54.6207,0.9993
5084.473,-54.6577,0.9992
5085.938,-54.6610,0.9993
5087.402,-54.6387,0.9994
5088.867,-54.6335,0.9993
5090.332,-54.6450,0.9991
5091.797,-54.6734,0.9991
5093.262,-54.6557,0.9992
5094.727,-54.6315,0.9993
5096.191,-54.6200,0.9991
5097.656,-54.6188,0.9992
5099.121,-54.6597,0.9991
5100.586,-54.6620,0.9991
5102.051,-54.6024,0.9992
5103.516,-54.6675,0.9993
5104.980,-54.6391,0.9994
5106.445,-54.6375,0.9992
5107.910,-54.6135,0.9992
5109.375,-54.6252,0.9993
5110.840,-54.6283,0.9992
5112.305,-54.6280,0.9993
5113.770,-54.6040,0.9992
5115.234,-54.5853,0.9993
5116.699,-54.6128,0.9993
5118.164,-54.5975,0.9991
5119.629,-54.5789,0.9992
5121.094,-54.6375,0.9992
5122.559,-54.6129,0.9993
5124.023,-54.6272,0.9993
5125.488,-54.6163,0.9992
5126.953,-54.5801,0.9993
5128.418,-54.6021,0.9993
5129.883,-54.5844,0.9993
5131.348,-54.6081,0.9993
5132.812,-54.6282,0.9994
5134.277,-54.6272,0.9995
5135.742,-54.6040,0.9994
5137.207,-54.6034,0.9993
5138.672,-54.5975,0.9992
5140.137,-54.5984,0.9991
5141.602,-54.6387,0.9992
5143.066,-54.6266,0.9993
5144.531,-54.5807,0.9994
5145.996,-54.6240,0.9993
5147.461,-54.6260,0.9992
5148.926,-54.5994,0.9992
5150.391,-54.6023,0.9992
5151.855,-54.6235,0.9991
5153.320,-54.6069,0.9992
5154.785,-54.5572,0.9989
5156.250,-54.5881,0.9992
5157.715,-54.6082,0.9994
5159.180,-54.6204,0.9993
5160.645,-54.6219,0.9992
5162.109,-54.6159,0.9993
5163.574,-54.5788,0.9994
5165.039,-54.5749,0.9992
5166.504,-54.5696,0.9993
5167.969,-54.6051,0.9992
5169.434,-54.6036,0.9992
5170.898,-54.5875,0.9992
5172.363,-54.6035,0.9993
5173.828,-54.5932,0.9995
5175.293,-54.5693,0.9994
5176.758,-54.5833,0.9993
5178.223,-54.5880,0.9993
5179.688,-54.5895,0.9993
5181.152,-54.5662,0.9995
5182.617,-54.6016,0.9994
5184.082,-54.6076,0.9993
5185.547,-54.6049,0.9994
5187.012,-54.5895,0.9993
5188.477,-54.5750,0.9993
5189.941,-54.5828,0.9994
5191.406,-54.6133,0.9994
5192.871,-54.5933,0.9994
5194.336,-54.5933,0.9995
5195.801,-54.6110,0.9994
5197.266,-54.5784,0.9994
5198.730,-54.5869,0.9994
5200.195,-54.5960,0.9995
5201.660,-54.5951,0.9995
5203.125,-54.5937,0.9994
5204.590,-54.6148,0.9994
5206.055,-54.5912,0.9995
5207.520,-54.5813,0.9994
5208.984,-54.5825,0.9994
5210.449,-54.5986,0.9994
5211.914,-54.5909,0.9995
5213.379,-54.5798,0.9994
5214.844,-54.5739,0.9995
5216.309,-54.5847,0.9995
5217.773,-54.6030,0.9995
5219.238,-54.5982,0.9995
5220.703,-54.5947,0.9994
5222.168,-54.5957,0.9996
5223.633,-54.6061,0.9996
5225.098,-54.5773,0.9995
5226.562,-54.5930,0.9995
5228.027,-54.6008,0.9997
5229.492,-54.5922,0.9996
5230.957,-54.5849,0.9995
5232.422,-54.5923,0.9996
5233.887,-54.5883,0.9996
5235.352,-54.5765,0.9996
5236.816,-54.5736,0.9996
5238.281,-54.5945,0.9996
5239.746,-54.6133,0.9995
5241.211,-54.6054,0.9995
5242.676,-54.5850,0.9996
5244.141,-54.5819,0.9997
5245.605,-54.6111,0.9996
5247.070,-54.6010,0.9996
5248.535,-54.5891,0.9996
5250.000,-54.5813,0.9997
5251.465,-54.5935,0.9996
5252.930,-54.5943,0.9996
5254.395,-54.5926,0.9996
5255.859,-54.6056,0.9996
5257.324,-54.5902,0.9995
5258.789,-54.5788,0.9996
5260.254,-54.6035,0.9996
5261.719,-54.6107,0.9997
5263.184,-54.6050,0.9996
5264.648,-54.6094,0.9996
5266.113,-54.6134,0.9996
5267.578,-54.6220,0.9996
5269.043,-54.6174,0.9996
5270.508,-54.6001,0.9996
5271.973,-54.5869,0.9996
5273.438,-54.5817,0.9995
5274.902,-54.6030,0.9995
5276.367,-54.6180,0.9996
5277.832,-54.6263,0.9996
5279.297,-54.6314,0.9997
5280.762,-54.6147,0.9997
5282.227,-54.5923,0.9997
5283.691,-54.5980,0.9996
5285.156,-54.6146,0.9996
5286.621,-54.6236,0.9997
5288.086,-54.6228,0.9997
5289.551,-54.6159,0.9996
5291.016,-54.6033,0.9996
5292.480,-54.5920,0.9997
5293.945,-54.6082,0.9996
5295.410,-54.6214,0.9996
5296.875,-54.6137,0.9996
5298.340,-54.5899,0.9997
5299.805,-54.5844,0.9997
5301.270,-54.6040,0.9997
5302.734,-54.6018,0.9996
5304.199,-54.5989,0.9997
5305.664,-54.6005,0.9997
5307.129,-54.6040,0.9997
5308.594,-54.6153,0.9997
5310.059,-54.6136,0.9996
5311.523,-54.6037,0.9997
5312.988,-54.6102,0.9997
5314.453,-54.6159,0.9996
5315.918,-54.6159,0.9997
5317.383,-54.6207,0.9997
5318.848,-54.6183,0.9997
5320.312,-54.6262,0.9997
5321.777,-54.6392,0.9997
5323.242,-54.6321,0.9996
5324.707,-54.6214,0.9997
5326.172,-54.6209,0.9997
5327.637,-54.6198,0.9997
5329.102,-54.6129,0.9997
5330.566,-54.6106,0.9997
5332.031,-54.6135,0.9997
5333.496,-54.6128,0.9997
5334.961,-54.6096,0.9996
5336.426,-54.6152,0.9997
5337.891,-54.6228,0.9997
5339.355,-54.6256,0.9997
5340.820,-54.6313,0.9997
5342.285,-54.6355,0.9997
5343.750,-54.6266,0.9997
5345.215,-54.6163,0.9997
5346.680,-54.6119,0.9997
5348.145,-54.6116,0.9996
5349.609,-54.6207,0.9996
5351.074,-54.6186,0.9996
5352.539,-54.6075,0.9996
5354.004,-54.6124,0.9996
5355.469,-54.6282,0.9997
5356.934,-54.6324,0.9997
5358.398,-54.6247,0.9996
5359.863,-54.6226,0.9996
5361.328,-54.6339,0.9997
5362.793,-54.6420,0.9996
5364.258,-54.6359,0.9995
5365.723,-54.6262,0.9996
5367.188,-54.6284,0.9996
5368.652,-54.6337,0.9997
5370.117,-54.6284,0.9997
5371.582,-54.6346,0.9997
5373.047,-54.6472,0.9997
5374.512,-54.6454,0.9997
5375.977,-54.6311,0.9997
5377.441,-54.6270,0.9996
5378.906,-54.6380,0.9996
5380.371,-54.6415,0.9996
5381.836,-54.6285,0.9996
5383.301,-54.6305,0.9996
5384.766,-54.6240,0.9996
5386.230,-54.6339,0.9996
5387.695,-54.6517,0.9996
5389.160,-54.6260,0.9996
5390.625,-54.6324,0.9997
5392.090,-54.6511,0.9997
5393.555,-54.6427,0.9996
5395.020,-54.6477,0.9996
5396.484,-54.6469,0.9995
5397.949,-54.6511,0.9996
5399.414,-54.6442,0.9996
5400.879,-54.6463,0.9996
5402.344,-54.6411,0.9996
5403.809,-54.6333,0.9996
5405.273,-54.6620,0.9995
5406.738,-54.6473,0.9995
5408.203,-54.6205,0.9995
5409.668,-54.6316,0.9996
5411.133,-54.6479,0.9995
5412.598,-54.6427,0.9996
5414.062,-54.6340,0.9996
5415.527,-54.6325,0.9996
5416.992,-54.6368,0.9995
5418.457,-54.6401,0.9995
5419.922,-54.6469,0.9996
5421.387,-54.6391,0.9995
5422.852,-54.6311,0.9995
5424.316,-54.6496,0.9996
5425.781,-54.6545,0.9995
5427.246,-54.6489,0.9995
5428.711,-54.6387,0.9996
5430.176,-54.6435,0.9996
5431.641,-54.6486,0.9995
5433.105,-54.6614,0.9996
5434.570,-54.6565,0.9996
5436.035,-54.6626,0.9996
5437.500,-54.6600,0.9995
5438.965,-54.6639,0.9995
5440.430,-54.6552,0.9995
5441.895,-54.6511,0.9993
5443.359,-54.6562,0.9994
5444.824,-54.6614,0.9994
5446.289,-54.6697,0.9995
5447.754,-54.6378,0.9994
5449.219,-54.6589,0.9994
5450.684,-54.6148,0.9995
5452.148,-54.6264,0.9994
5453.613,-54.6475,0.9993
5455.078,-54.6753,0.9994
5456.543,-54.6858,0.9994
5458.008,-54.6695,0.9994
5459.473,-54.6625,0.9994
5460.938,-54.6599,0.9995
5462.402,-54.6670,0.9995
5463.867,-54.6394,0.9994
5465.332,-54.6389,0.9995
5466.797,-54.6654,0.9995
5468.262,-54.6441,0.9994
5469.727,-54.6528,0.9993
5471.191,-54.6217,0.9993
5472.656,-54.6422,0.9993
5474.121,-54.6586,0.9993
5475.586,-54.6668,0.9993
5477.051,-54.6504,0.9994
5478.516,-54.6432,0.9994
5479.980,-54.6584,0.9994
5481.445,-54.6124,0.9993
5482.910,-54.6596,0.9993
5484.375,-54.6146,0.9993
5485.840,-54.6283,0.9993
5487.305,-54.6441,0.9992
5488.770,-54.6509,0.9992
5490.234,-54.6687,0.9993
5491.699,-54.6385,0.9994
5493.164,-54.6721,0.9993
5494.629,-54.6294,0.9994
5496.094,-54.6161,0.9993
5497.559,-54.6436,0.9993
5499.023,-54.6506,0.9993
5500.488,-54.6431,0.9992
5501.953,-54.6209,0.9994
5503.418,-54.6576,0.9993
5504.883,-54.6312,0.9993
5506.348,-54.6197,0.9993
5507.812,-54.6391,0.9993
5509.277,-54.6281,0.9994
5510.742,-54.6496,0.9992
5512.207,-54.6279,0.9992
5513.672,-54.6487,0.9992
5515.137,-54.6723,0.9991
5516.602,-54.6291,0.9992
5518.066,-54.6602,0.9993
5519.531,-54.6250,0.9992
5520.996,-54.6407,0.9990
5522.461,-54.6558,0.9991
5523.926,-54.6352,0.9992
5525.391,-54.6423,0.9992
5526.855,-54.6291,0.9991
5528.320,-54.6384,0.9991
5529.785,-54.6328,0.9992
5531.250,-54.6016,0.9990
5532.715,-54.6482,0.9991
5534.180,-54.6488,0.9992
5535.645,-54.6270,0.9992
5537.109,-54.6229,0.9993
5538.574,-54.6608,0.9994
5540.039,-54.6246,0.9991
5541.504,-54.6286,0.9991
5542.969,-54.6382,0.9993
5544.434,-54.6244,0.9991
5545.898,-54.6143,0.9992
5547.363,-54.6167,0.9992
5548.828,-54.6099,0.9992
5550.293,-54.6003,0.9992
5551.758,-54.6121,0.9994
5553.223,-54.6115,0.9992
5554.688,-54.6080,0.9991
5556.152,-54.6110,0.9991
5557.617,-54.6525,0.9991
5559.082,-54.6200,0.9992
5560.547,-54.6019,0.9992
5562.012,-54.6272,0.9991
5563.477,-54.6109,0.9992
5564.941,-54.6253,0.9992
5566.406,-54.6181,0.9993
5567.871,-54.5918,0.9992
5569.336,-54.5837,0.9992
5570.801,-54.6134,0.9992
5572.266,-54.6129,0.9992
5573.730,-54.6346,0.9992
5575.195,-54.6401,0.9992
5576.660,-54.6121,0.9992
5578.125,-54.5814,0.9990
5579.590,-54.5921,0.9992
5581.055,-54.5857,0.9993
5582.520,-54.5928,0.9993
5583.984,-54.5820,0.9992
5585.449,-54.5851,0.9993
5586.914,-54.6087,0.9992
5588.379,-54.5913,0.9992
5589.844,-54.5976,0.9992
5591.309,-54.5964,0.9994
5592.773,-54.6159,0.9994
5594.238,-54.5939,0.9991
5595.703,-54.5973,0.9994
5597.168,-54.5694,0.9993
5598.633,-54.5789,0.9992
5600.098,-54.5915,0.9993
5601.562,-54.5821,0.9994
5603.027,-54.6511,0.9994
5604.492,-54.6268,0.9993
5605.957,-54.5772,0.9993
5607.422,-54.6029,0.9994
5608.887,-54.5931,0.9993
5610.352,-54.5943,0.9993
5611.816,-54.5705,0.9994
5613.281,-54.5706,0.9994
5614.746,-54.5950,0.9994
5616.211,-54.6051,0.9993
5617.676,-54.5929,0.9995
5619.141,-54.6172,0.9994
5620.605,-54.5985,0.9994
5622.070,-54.5907,0.9993
5623.535,-54.5801,0.9995
5625.000,-54.5637,0.9993
5626.465,-54.5782,0.9994
5627.930,-54.5757,0.9994
5629.395,-54.5646,0.9995
5630.859,-54.5650,0.9995
5632.324,-54.5815,0.9994
5633.789,-54.5732,0.9991
5635.254,-54.5708,0.9992
5636.719,-54.5984,0.9995
5638.184,-54.5888,0.9995
5639.648,-54.5680,0.9995
5641.113,-54.5799,0.9995
5642.578,-54.5867,0.9994
5644.043,-54.5693,0.9995
5645.508,-54.5709,0.9995
5646.973,-54.5861,0.9995
5648.438,-54.5978,0.9994
5649.902,-54.5819,0.9994
5651.367,-54.5798,0.9995
5652.832,-54.5942,0.9995
5654.297,-54.6059,0.9995
5655.762,-54.5611,0.9994
5657.227,-54.5723,0.9995
5658.691,-54.6025,0.9995
5660.156,-54.5469,0.9996
5661.621,-54.5778,0.9996
5663.086,-54.6124,0.9996
5664.551,-54.5774,0.9995
5666.016,-54.5803,0.9994
5667.480,-54.5759,0.9994
5668.945,-54.5884,0.9994
5670.410,-54.6101,0.9994
5671.875,-54.5957,0.9995
5673.340,-54.5840,0.9996
5674.805,-54.5749,0.9996
5676.270,-54.5677,0.9996
5677.734,-54.5937,0.9995
5679.199,-54.6015,0.9996
5680.664,-54.5825,0.9996
5682.129,-54.5606,0.9995
5683.594,-54.5512,0.9996
5685.059,-54.5740,0.9996
5686.523,-54.5865,0.9996
5687.988,-54.6026,0.9996
5689.453,-54.6073,0.9995
5690.918,-54.5978,0.9996
5692.383,-54.5946,0.9995
5693.848,-54.5915,0.9996
5695.312,-54.6002,0.9996
5696.777,-54.6053,0.9997
5698.242,-54.5983,0.9996
5699.707,-54.5767,0.9995
5701.172,-54.5857,0.9996
5702.637,-54.6003,0.9995
5704.102,-54.5794,0.9995
5705.566,-54.5787,0.9996
5707.031,-54.5903,0.9996
5708.496,-54.5953,0.9996
5709.961,-54.5983,0.9996
5711.426,-54.5941,0.9996
5712.891,-54.5982,0.9995
5714.355,-54.5896,0.9996
5715.820,-54.5986,0.9996
5717.285,-54.6132,0.9996
5718.750,-54.6094,0.9995
5720.215,-54.5990,0.9996
5721.680,-54.5801,0.9995
5723.145,-54.5775,0.9996
5724.609,-54.6095,0.9996
5726.074,-54.6224,0.9996
5727.539,-54.5999,0.9995
5729.004,-54.5888,0.9996
5730.469,-54.6099,0.9996
5731.934,-54.6311,0.9996
5733.398,-54.6257,0.9996
5734.863,-54.6058,0.9996
5736.328,-54.6003,0.9995
5737.793,-54.6008,0.9996
5739.258,-54.6125,0.9996
5740.723,-54.6251,0.9996
5742.188,-54.6276,0.9996
5743.652,-54.6272,0.9996
5745.117,-54.6210,0.9997
5746.582,-54.6078,0.9997
5748.047,-54.6012,0.9995
5749.512,-54.6081,0.9995
5750.977,-54.6096,0.9996
5752.441,-54.6042,0.9997
5753.906,-54.6240,0.9995
5755.371,-54.6413,0.9995
5756.836,-54.6265,0.9995
5758.301,-54.6125,0.9996
5759.766,-54.6249,0.9996
5761.230,-54.6396,0.9996
5762.695,-54.6289,0.9996
5764.160,-54.6060,0.9996
5765.625,-54.6053,0.9996
5767.090,-54.6193,0.9996
5768.555,-54.6082,0.9996
5770.020,-54.5940,0.9996
5771.484,-54.6098,0.9997
5772.949,-54.6297,0.9996
5774.414,-54.6408,0.9996
5775.879,-54.6532,0.9996
5777.344,-54.6475,0.9996
5778.809,-54.6275,0.9996
5780.273,-54.6219,0.9996
5781.738,-54.6256,0.9997
5783.203,-54.6173,0.9995
5784.668,-54.6130,0.9996
5786.133,-54.6253,0.9996
5787.598,-54.6339,0.9996
5789.062,-54.6352,0.9997
5790.527,-54.6228,0.9996
5791.992,-54.6152,0.9996
5793.457,-54.6176,0.9997
5794.922,-54.6040,0.9996
5796.387,-54.5939,0.9996
5797.852,-54.6145,0.9996
5799.316,-54.6228,0.9997
5800.781,-54.6084,0.9997
5802.246,-54.6202,0.9997
5803.711,-54.6333,0.9996
5805.176,-54.6201,0.9996
5806.641,-54.6149,0.9996
5808.105,-54.6456,0.9997
5809.570,-54.6541,0.9997
5811.035,-54.6331,0.9996
5812.500,-54.6360,0.9996
5813.965,-54.6501,0.9996
5815.430,-54.6432,0.9997
5816.895,-54.6476,0.9996
5818.359,-54.6623,0.9996
5819.824,-54.6508,0.9997
5821.289,-54.6485,0.9996
5822.754,-54.6542,0.9996
5824.219,-54.6276,0.9996
5825.684,-54.6077,0.9996
5827.148,-54.6257,0.9996
5828.613,-54.6533,0.9996
5830.078,-54.6516,0.9996
5831.543,-54.6380,0.9996
5833.008,-54.6366,0.9995
5834.473,-54.6386,0.9995
5835.938,-54.6422,0.9996
5837.402,-54.6347,0.9995
5838.867,-54.6320,0.9995
5840.332,-54.6395,0.9996
5841.797,-54.6325,0.9996
5843.262,-54.6226,0.9996
5844.727,-54.6229,0.9996
5846.191,-54.6222,0.9996
5847.656,-54.6244,0.9995
5849.121,-54.6343,0.9995
5850.586,-54.6345,0.9995
5852.051,-54.6264,0.9996
5853.516,-54.6314,0.9996
5854.980,-54.6212,0.9996
5856.445,-54.6310,0.9996
5857.910,-54.6560,0.9996
5859.375,-54.6428,0.9996
5860.840,-54.6362,0.9995
5862.305,-54.6537,0.9995
5863.770,-54.6528,0.9996
5865.234,-54.6293,0.9996
5866.699,-54.6340,0.9995
5868.164,-54.6485,0.9995
5869.629,-54.6290,0.9996
5871.094,-54.6328,0.9995
5872.559,-54.6546,0.9995
5874.023,-54.6831,0.9994
5875.488,-54.6681,0.9994
5876.953,-54.6529,0.9995
5878.418,-54.6522,0.9995
5879.883,-54.6529,0.9994
5881.348,-54.6657,0.9995
5882.812,-54.6612,0.9996
5884.277,-54.6624,0.9996
5885.742,-54.6530,0.9996
5887.207,-54.6379,0.9995
5888.672,-54.6418,0.9996
5890.137,-54.6399,0.9995
5891.602,-54.6495,0.9995
5893.066,-54.6655,0.9995
5894.531,-54.6525,0.9994
5895.996,-54.6586,0.9995
5897.461,-54.6513,0.9995
5898.926,-54.6339,0.9996
5900.391,-54.6455,0.9995
5901.855,-54.6650,0.9995
5903.320,-54.6252,0.9995
5904.785,-54.6301,0.9995
5906.250,-54.6896,0.9994
5907.715,-54.6805,0.9994
5909.180,-54.6562,0.9994
5910.645,-54.6229,0.9995
5912.109,-54.6456,0.9996
5913.574,-54.6496,0.9995
5915.039,-54.6193,0.9995
5916.504,-54.6493,0.9993
5917.969,-54.6564,0.9992
5919.434,-54.6343,0.9993
5920.898,-54.6243,0.9993
5922.363,-54.6140,0.9992
5923.828,-54.6473,0.9993
5925.293,-54.6408,0.9993
5926.758,-54.6722,0.9993
5928.223,-54.6791,0.9994
5929.688,-54.6615,0.9994
5931.152,-54.6414,0.9994
5932.617,-54.6430,0.9993
5934.082,-54.6397,0.9993
5935.547,-54.6409,0.9994
5937.012,-54.6172,0.9993
5938.477,-54.6199,0.9993
5939.941,-54.6471,0.9994
5941.406,-54.6161,0.9992
5942.871,-54.6602,0.9993
5944.336,-54.6775,0.9993
5945.801,-54.6495,0.9993
5947.266,-54.6641,0.9994
5948.730,-54.6376,0.9992
5950.195,-54.6431,0.9993
5951.660,-54.6561,0.9994
5953.125,-54.6454,0.9993
5954.590,-54.6464,0.9992
5956.055,-54.6239,0.9992
5957.520,-54.6506,0.9993
5958.984,-54.6271,0.9992
5960.449,-54.6553,0.9992
5961.914,-54.6465,0.9993
5963.379,-54.6537,0.9992
5964.844,-54.6584,0.9992
5966.309,-54.6381,0.9992
5967.773,-54.6367,0.9991
5969.238,-54.6544,0.9991
5970.703,-54.6533,0.9992
5972.168,-54.6643,0.9992
5973.633,-54.6496,0.9990
5975.098,-54.6346,0.9991
5976.562,-54.6261,0.9993
5978.027,-54.6564,0.9992
5979.492,-54.6338,0.9992
5980.957,-54.6274,0.9993
5982.422,-54.6615,0.9992
5983.887,-54.6603,0.9991
5985.352,-54.6462,0.9992
5986.816,-54.6504,0.9993
5988.281,-54.6333,0.9993
5989.746,-54.6110,0.9993
5991.211,-54.6393,0.9991
5992.676,-54.6443,0.9991
5994.141,-54.6286,0.9990
5995.605,-54.6061,0.9991
5997.070,-54.6487,0.9991
5998.535,-54.6438,0.9991
6000.000,-54.6148,0.9990
6001.465,-54.6183,0.9990
6002.930,-54.6624,0.9991
6004.395,-54.6226,0.9991
6005.859,-54.6268,0.9992
6007.324,-54.6428,0.9991
6008.789,-54.6043,0.9991
6010.254,-54.6280,0.9992
6011.719,-54.6460,0.9992
6013.184,-54.6238,0.9993
6014.648,-54.6203,0.9992
6016.113,-54.6006,0.9991
6017.578,-54.6268,0.9989
6019.043,-54.6058,0.9992
6020.508,-54.5914,0.9992
6021.973,-54.5946,0.9992
6023.438,-54.6340,0.9992
6024.902,-54.6173,0.9992
6026.367,-54.5980,0.9991
6027.832,-54.6212,0.9992
6029.297,-54.6222,0.9991
6030.762,-54.5909,0.9990
6032.227,-54.6013,0.9989
6033.691,-54.6236,0.9991
6035.156,-54.6045,0.9992
6036.621,-54.5968,0.9992
6038.086,-54.6360,0.9992
6039.551,-54.6084,0.9992
6041.016,-54.6121,0.9991
6042.480,-54.5794,0.9993
6043.945,-54.5724,0.9993
6045.410,-54.6050,0.9991
6046.875,-54.6210,0.9991
6048.340,-54.6191,0.9991
6049.805,-54.5804,0.9990
6051.270,-54.5782,0.9992
6052.734,-54.6183,0.9993
6054.199,-54.6133,0.9992
6055.664,-54.6024,0.9992
6057.129,-54.5779,0.9992
6058.594,-54.5914,0.9991
6060.059,-54.5921,0.9992
6061.523,-54.5947,0.9990
6062.988,-54.6324,0.9990
6064.453,-54.6225,0.9993
6065.918,-54.5971,0.9994
6067.383,-54.5884,0.9993
6068.848,-54.5889,0.9993
6070.312,-54.6073,0.9992
6071.777,-54.5831,0.9993
6073.242,-54.6093,0.9992
6074.707,-54.6010,0.9992
6076.172,-54.6107,0.9991
6077.637,-54.6077,0.9991
6079.102,-54.5887,0.9994
6080.566,-54.6018,0.9993
6082.031,-54.5924,0.9993
6083.496,-54.5734,0.9993
6084.961,-54.6025,0.9992
6086.426,-54.5899,0.9991
6087.891,-54.5998,0.9993
6089.355,-54.6002,0.9993
6090.820,-54.6191,0.9992
6092.285,-54.6138,0.9993
6093.750,-54.5846,0.9994
6095.215,-54.5782,0.9994
6096.680,-54.5967,0.9994
6098.145,-54.5734,0.9993
6099.609,-54.5607,0.9993
6101.074,-54.5949,0.9993
6102.539,-54.6118,0.9992
6104.004,-54.6103,0.9993
6105.469,-54.5965,0.9993
6106.934,-54.5964,0.9993
6108.398,-54.5919,0.9992
6109.863,-54.5741,0.9993
6111.328,-54.5880,0.9994
6112.793,-54.5924,0.9994
6114.258,-54.5632,0.9994
6115.723,-54.6024,0.9994
6117.188,-54.6191,0.9993
6118.652,-54.5765,0.9994
6120.117,-54.6057,0.9994
6121.582,-54.6065,0.9994
6123.047,-54.6001,0.9994
6124.512,-54.5949,0.9994
6125.977,-54.6012,0.9995
6127.441,-54.5975,0.9994
6128.906,-54.6168,0.9994
6130.371,-54.5979,0.9995
6131.836,-54.5825,0.9995
6133.301,-54.5980,0.9995
6134.766,-54.5740,0.9994
6136.230,-54.5593,0.9995
6137.695,-54.6113,0.9995
6139.160,-54.6020,0.9995
6140.625,-54.5925,0.9994
6142.090,-54.6083,0.9993
6143.555,-54.5950,0.9995
6145.020,-54.6097,0.9995
6146.484,-54.5888,0.9995
6147.949,-54.5779,0.9995
6149.414,-54.5909,0.9993
6150.879,-54.5696,0.9994
6152.344,-54.5660,0.9995
6153.809,-54.5939,0.9995
6155.273,-54.6044,0.9995
6156.738,-54.5895,0.9995
6158.203,-54.5856,0.9995
6159.668,-54.6044,0.9995
6161.133,-54.6070,0.9996
6162.598,-54.5988,0.9996
6164.062,-54.5984,0.9994
6165.527,-54.5993,0.9996
6166.992,-54.5871,0.9995
6168.457,-54.6046,0.9995
6169.922,-54.6061,0.9996
6171.387,-54.6021,0.9995
6172.852,-54.6023,0.9995
6174.316,-54.5882,0.9996
6175.781,-54.5912,0.9996
6177.246,-54.5903,0.9995
6178.711,-54.6084,0.9995
6180.176,-54.6024,0.9995
6181.641,-54.5853,0.9995
6183.105,-54.5851,0.9995
6184.570,-54.5941,0.9995
6186.035,-54.6071,0.9995
6187.500,-54.5928,0.9995
6188.965,-54.5819,0.9995
6190.430,-54.5777,0.9995
6191.895,-54.5874,0.9995
6193.359,-54.6092,0.9996
6194.824,-54.6165,0.9996
6196.289,-54.6242,0.9996
6197.754,-54.6168,0.9995
6199.219,-54.6045,0.9994
6200.684,-54.6099,0.9995
6202.148,-54.6224,0.9995
6203.613,-54.6251,0.9995
6205.078,-54.6207,0.9996
6206.543,-54.6264,0.9995
6208.008,-54.6084,0.9995
6209.473,-54.5830,0.9995
6210.938,-54.5728,0.9995
6212.402,-54.5824,0.9996
6213.867,-54.6005,0.9996
6215.332,-54.6141,0.9996
6216.797,-54.6207,0.9996
6218.262,-54.6160,0.9995
6219.727,-54.6111,0.9996
6221.191,-54.6039,0.9996
6222.656,-54.6063,0.9996
6224.121,-54.6210,0.9995
6225.586,-54.6125,0.9996
6227.051,-54.5941,0.9996
6228.516,-54.6075,0.9995
6229.980,-54.6165,0.9995
6231.445,-54.6003,0.9996
6232.910,-54.5920,0.9996
6234.375,-54.6049,0.9996
6235.840,-54.6191,0.9997
6237.305,-54.6313,0.9997
6238.770,-54.6339,0.9996
6240.234,-54.6184,0.9997
6241.699,-54.6146,0.9997
6243.164,-54.6064,0.9996
6244.629,-54.6085,0.9996
6246.094,-54.6231,0.9996
6247.559,-54.6203,0.9996
6249.023,-54.5987,0.9996
6250.488,-54.5758,0.9996
6251.953,-54.5849,0.9996
6253.418,-54.6104,0.9996
6254.883,-54.6272,0.9996
6256.348,-54.6269,0.9996
6257.812,-54.6157,0.9996
6259.277,-54.6222,0.9996
6260.742,-54.6376,0.9996
6262.207,-54.6453,0.9996
6263.672,-54.6483,0.9996
6265.137,-54.6511,0.9996
6266.602,-54.6417,0.9997
6268.066,-54.6137,0.9997
6269.531,-54.5972,0.9997
6270.996,-54.6140,0.9997
6272.461,-54.6365,0.9996
6273.926,-54.6336,0.9996
6275.391,-54.6224,0.9996
6276.855,-54.6104,0.9996
6278.320,-54.5977,0.9996
6279.785,-54.6051,0.9996
6281.250,-54.6172,0.9996
6282.715,-54.6198,0.9996
6284.180,-54.6259,0.9997
6285.645,-54.6349,0.9997
6287.109,-54.6373,0.9995
6288.574,-54.6182,0.9995
6290.039,-54.5964,0.9995
6291.504,-54.6017,0.9996
6292.969,-54.6124,0.9996
6294.434,-54.6104,0.9996
6295.898,-54.6092,0.9995
6297.363,-54.6191,0.9996
6298.828,-54.6370,0.9997
6300.293,-54.6423,0.9996
6301.758,-54.6310,0.9995
6303.223,-54.6153,0.9996
6304.688,-54.6156,0.9996
6306.152,-54.6292,0.9996
6307.617,-54.6396,0.9996
6309.082,-54.6463,0.9996
6310.547,-54.6339,0.9996
6312.012,-54.6084,0.9997
6313.477,-54.6097,0.9995
6314.941,-54.6333,0.9995
6316.406,-54.6424,0.9996
6317.871,-54.6369,0.9996
6319.336,-54.6183,0.9996
6320.801,-54.6198,0.9996
6322.266,-54.6418,0.9996
6323.730,-54.6536,0.9996
6325.195,-54.6528,0.9995
6326.660,-54.6323,0.9995
6328.125,-54.6107,0.9995
6329.590,-54.6145,0.9995
6331.055,-54.6285,0.9996
6332.520,-54.6442,0.9996
6333.984,-54.6527,0.9997
6335.449,-54.6415,0.9996
6336.914,-54.6361,0.9996
6338.379,-54.6379,0.9996
6339.844,-54.6351,0.9996
6341.309,-54.6447,0.9996
6342.773,-54.6662,0.9996
6344.238,-54.6522,0.9996
6345.703,-54.6428,0.9997
6347.168,-54.6556,0.9996
6348.633,-54.6537,0.9995
6350.098,-54.6253,0.9995
6351.562,-54.6149,0.9995
6353.027,-54.6276,0.9996
6354.492,-54.6378,0.9996
6355.957,-54.6316,0.9995
6357.422,-54.6330,0.9995
6358.887,-54.6372,0.9995
6360.352,-54.6408,0.9996
6361.816,-54.6416,0.9996
6363.281,-54.6351,0.9996
6364.746,-54.6286,0.9996
6366.211,-54.6296,0.9996
6367.676,-54.6337,0.9996
6369.141,-54.6358,0.9995
6370.605,-54.6409,0.9995
6372.070,-54.6505,0.9995
6373.535,-54.6431,0.9994
6375.000,-54.6405,0.9995
6376.465,-54.6594,0.9996
6377.930,-54.6533,0.9996
6379.395,-54.6428,0.9995
6380.859,-54.6466,0.9994
6382.324,-54.6218,0.9993
6383.789,-54.6260,0.9994
6385.254,-54.6453,0.9994
6386.719,-54.6604,0.9994
6388.184,-54.6731,0.9995
6389.648,-54.6508,0.9995
6391.113,-54.6537,0.9993
6392.578,-54.6550,0.9993
6394.043,-54.6585,0.9993
6395.508,-54.6766,0.9994
6396.973,-54.6784,0.9994
6398.438,-54.6393,0.9994
6399.902,-54.6233,0.9994
6401.367,-54.6525,0.9994
6402.832,-54.6491,0.9995
6404.297,-54.6437,0.9995
6405.762,-54.6508,0.9995
6407.227,-54.6541,0.9995
6408.691,-54.6564,0.9994
6410.156,-54.6664,0.9993
6411.621,-54.6476,0.9994
6413.086,-54.6464,0.9994
6414.551,-54.6537,0.9993
6416.016,-54.6608,0.9994
6417.480,-54.6837,0.9993
6418.945,-54.6780,0.9993
6420.410,-54.6408,0.9993
6421.875,-54.6648,0.9994
6423.340,-54.6748,0.9994
6424.805,-54.6750,0.9994
6426.270,-54.6899,0.9994
6427.734,-54.6612,0.9993
6429.199,-54.6454,0.9993
6430.664,-54.6462,0.9993
6432.129,-54.6235,0.9993
6433.594,-54.6435,0.9994
6435.059,-54.6620,0.9993
6436.523,-54.6470,0.9992
6437.988,-54.6429,0.9993
6439.453,-54.6521,0.9992
6440.918,-54.6740,0.9992
6442.383,-54.6551,0.9992
6443.848,-54.6396,0.9993
6445.312,-54.6411,0.9993
6446.777,-54.6266,0.9992
6448.242,-54.6452,0.9992
6449.707,-54.6373,0.9991
6451.172,-54.6641,0.9992
6452.637,-54.6511,0.9992
6454.102,-54.6639,0.9992
6455.566,-54.6596,0.9994
6457.031,-54.6693,0.9994
6458.496,-54.6513,0.9993
6459.961,-54.6419,0.9993
6461.426,-54.6633,0.9992
6462.891,-54.6425,0.9992
6464.355,-54.6471,0.9993
6465.820,-54.6500,0.9992
6467.285,-54.6442,0.9991
6468.750,-54.6300,0.9991
6470.215,-54.6312,0.9989
6471.680,-54.6513,0.9990
6473.145,-54.6562,0.9991
6474.609,-54.6235,0.9992
6476.074,-54.6240,0.9991
6477.539,-54.6720,0.9992
6479.004,-54.6579,0.9991
6480.469,-54.6448,0.9991
6481.934,-54.6732,0.9992
6483.398,-54.6563,0.9992
6484.863,-54.6361,0.9992
6486.328,-54.6228,0.9991
6487.793,-54.6373,0.9993
6489.258,-54.6469,0.9993
6490.723,-54.6550,0.9991
6492.188,-54.6401,0.9990
6493.652,-54.5995,0.9991
6495.117,-54.6180,0.9991
6496.582,-54.6088,0.9992
6498.047,-54.6095,0.9990
6499.512,-54.6544,0.9990
6500.977,-54.6230,0.9990
6502.441,-54.6565,0.9990
6503.906,-54.6126,0.9991
6505.371,-54.6354,0.9991
6506.836,-54.6357,0.9992
6508.301,-54.6240,0.9992
6509.766,-54.6369,0.9991
6511.230,-54.6168,0.9991
6512.695,-54.6076,0.9991
6514.160,-54.6322,0.9989
6515.625,-54.6530,0.9991
6517.090,-54.6321,0.9989
6518.555,-54.6531,0.9992
6520.020,-54.6495,0.9991
6521.484,-54.6357,0.9992
6522.949,-54.6314,0.9992
6524.414,-54.5982,0.9992
6525.879,-54.6018,0.9991
6527.344,-54.5888,0.9991
6528.809,-54.5983,0.9990
6530.273,-54.6373,0.9991
6531.738,-54.6325,0.9991
6533.203,-54.6613,0.9992
6534.668,-54.6549,0.9992
6536.133,-54.6493,0.9990
6537.598,-54.6233,0.9990
6539.062,-54.6280,0.9992
6540.527,-54.6385,0.9993
6541.992,-54.6099,0.9991
6543.457,-54.6314,0.9991
6544.922,-54.5850,0.9991
6546.387,-54.6187,0.9991
6547.852,-54.6416,0.9991
6549.316,-54.6298,0.9992
6550.781,-54.6353,0.9990
6552.246,-54.6095,0.9990
6553.711,-54.6009,0.9991
6555.176,-54.6132,0.9992
6556.641,-54.5992,0.9991
6558.105,-54.6183,0.9992
6559.570,-54.6187,0.9991
6561.035,-54.6345,0.9990
6562.500,-54.6108,0.9991
6563.965,-54.6396,0.9989
6565.430,-54.6274,0.9991
6566.895,-54.6434,0.9990
6568.359,-54.6303,0.9991
6569.824,-54.6381,0.9991
6571.289,-54.6009,0.9991
6572.754,-54.5894,0.9992
6574.219,-54.5921,0.9991
6575.684,-54.6217,0.9992
6577.148,-54.6127,0.9992
6578.613,-54.6250,0.9991
6580.078,-54.5784,0.9992
6581.543,-54.6008,0.9990
6583.008,-54.6024,0.9993
6584.473,-54.6090,0.9992
6585.938,-54.6129,0.9991
6587.402,-54.6101,0.9992
6588.867,-54.6191,0.9992
6590.332,-54.5937,0.9992
6591.797,-54.6063,0.9993
6593.262,-54.6233,0.9992
6594.727,-54.5967,0.9993
6596.191,-54.5607,0.9994
6597.656,-54.5774,0.9992
6599.121,-54.6045,0.9992
6600.586,-54.6007,0.9992
6602.051,-54.5770,0.9991
6603.516,-54.5956,0.9992
6604.980,-54.5933,0.9994
6606.445,-54.5796,0.9992
6607.910,-54.5842,0.9992
6609.375,-54.5924,0.9993
6610.840,-54.5924,0.9991
6612.305,-54.6117,0.9993
6613.770,-54.6041,0.9991
6615.234,-54.5723,0.9993
6616.699,-54.5789,0.9993
6618.164,-54.5877,0.9994
6619.629,-54.6143,0.9992
6621.094,-54.5725,0.9992
6622.559,-54.5747,0.9993
6624.023,-54.5724,0.9994
6625.488,-54.5861,0.9993
6626.953,-54.6065,0.9994
6628.418,-54.5746,0.9994
6629.883,-54.5897,0.9992
6631.348,-54.5934,0.9992
6632.812,-54.6069,0.9993
6634.277,-54.6023,0.9993
6635.742,-54.5712,0.9993
6637.207,-54.5556,0.9992
6638.672,-54.5688,0.9992
6640.137,-54.5880,0.9994
6641.602,-54.6105,0.9994
6643.066,-54.5955,0.9993
6644.531,-54.6156,0.9994
6645.996,-54.5906,0.9994
6647.461,-54.5950,0.9994
6648.926,-54.6019,0.9994
6650.391,-54.5864,0.9992
6651.855,-54.5855,0.9993
6653.320,-54.6055,0.9994
6654.785,-54.6118,0.9994
6656.250,-54.5996,0.9995
6657.715,-54.5975,0.9995
6659.180,-54.5890,0.9994
6660.645,-54.5853,0.9994
6662.109,-54.6029,0.9995
6663.574,-54.5908,0.9995
6665.039,-54.6120,0.9994
6666.504,-54.6072,0.9994
6667.969,-54.6011,0.9994
6669.434,-54.5898,0.9995
6670.898,-54.6043,0.9994
6672.363,-54.6070,0.9994
6673.828,-54.6009,0.9994
6675.293,-54.6000,0.9993
6676.758,-54.5870,0.9994
6678.223,-54.5983,0.9993
6679.688,-54.5875,0.9995
6681.152,-54.5755,0.9995
6682.617,-54.5788,0.9994
6684.082,-54.5894,0.9994
6685.547,-54.5937,0.9994
6687.012,-54.6167,0.9994
6688.477,-54.6158,0.9994
6689.941,-54.6187,0.9994
6691.406,-54.6160,0.9994
6692.871,-54.5933,0.9994
6694.336,-54.5884,0.9994
6695.801,-54.6030,0.9995
6697.266,-54.5879,0.9995
6698.730,-54.5844,0.9995
6700.195,-54.6167,0.9995
6701.660,-54.6121,0.9995
6703.125,-54.6057,0.9995
6704.590,-54.5965,0.9995
6706.055,-54.6050,0.9995
6707.520,-54.6052,0.9995
6708.984,-54.5912,0.9995
6710.449,-54.5975,0.9995
6711.914,-54.6112,0.9995
6713.379,-54.6030,0.9994
6714.844,-54.6073,0.9995
6716.309,-54.5980,0.9995
6717.773,-54.5891,0.9995
6719.238,-54.6039,0.9994
6720.703,-54.6212,0.9995
6722.168,-54.6138,0.9996
6723.633,-54.6089,0.9995
6725.098,-54.6026,0.9995
6726.562,-54.6086,0.9995
6728.027,-54.6052,0.9996
6729.492,-54.5791,0.9995
6730.957,-54.5870,0.9995
6732.422,-54.5954,0.9996
6733.887,-54.6026,0.9996
6735.352,-54.6290,0.9996
6736.816,-54.6223,0.9995
6738.281,-54.6079,0.9995
6739.746,-54.5955,0.9995
6741.211,-54.6049,0.9996
6742.676,-54.6215,0.9996
6744.141,-54.6165,0.9996
6745.605,-54.6180,0.9995
6747.070,-54.6080,0.9996
6748.535,-54.6026,0.9995
6750.000,-54.6170,0.9995
6751.465,-54.6322,0.9995
6752.930,-54.6384,0.9995
6754.395,-54.6179,0.9995
6755.859,-54.5950,0.9995
6757.324,-54.5957,0.9995
6758.789,-54.6012,0.9996
6760.254,-54.5967,0.9997
6761.719,-54.5899,0.9996
6763.184,-54.5938,0.9996
6764.648,-54.6042,0.9996
6766.113,-54.6010,0.9996
6767.578,-54.5933,0.9995
6769.043,-54.6036,0.9995
6770.508,-54.6082,0.9996
6771.973,-54.6083,0.9996
6773.438,-54.6197,0.9996
6774.902,-54.6272,0.9997
6776.367,-54.6223,0.9996
6777.832,-54.6275,0.9996
6779.297,-54.6363,0.9996
6780.762,-54.6256,0.9996
6782.227,-54.6107,0.9996
6783.691,-54.6135,0.9996
6785.156,-54.6147,0.9996
6786.621,-54.6088,0.9995
6788.086,-54.6115,0.9996
6789.551,-54.6121,0.9996
6791.016,-54.6069,0.9995
6792.480,-54.6158,0.9996
6793.945,-54.6253,0.9996
6795.410,-54.6156,0.9995
6796.875,-54.6036,0.9996
6798.340,-54.5986,0.9995
6799.805,-54.6107,0.9995
6801.270,-54.6248,0.9996
6802.734,-54.6149,0.9996
6804.199,-54.6051,0.9996
6805.664,-54.6138,0.9996
6807.129,-54.6133,0.9996
6808.594,-54.6028,0.9995
6810.059,-54.6049,0.9995
6811.523,-54.6126,0.9995
6812.988,-54.6251,0.9995
6814.453,-54.6339,0.9995
6815.918,-54.6242,0.9996
6817.383,-54.6121,0.9996
6818.848,-54.6077,0.9996
6820.312,-54.6015,0.9996
6821.777,-54.6063,0.9996
6823.242,-54.6219,0.9996
6824.707,-54.6205,0.9996
6826.172,-54.6136,0.9996
6827.637,-54.6290,0.9995
6829.102,-54.6424,0.9995
6830.566,-54.6282,0.9995
6832.031,-54.6201,0.9996
6833.496,-54.6143,0.9995
6834.961,-54.6003,0.9994
6836.426,-54.6072,0.9996
6837.891,-54.6339,0.9996
6839.355,-54.6398,0.9996
6840.820,-54.6196,0.9996
6842.285,-54.6120,0.9997
6843.750,-54.6285,0.9996
6845.215,-54.6428,0.9996
6846.680,-54.6476,0.9995
6848.145,-54.6508,0.9995
6849.609,-54.6438,0.9995
6851.074,-54.6343,0.9997
6852.539,-54.6378,0.9995
6854.004,-54.6476,0.9995
6855.469,-54.6288,0.9996
6856.934,-54.6145,0.9996
6858.398,-54.6222,0.9996
6859.863,-54.6456,0.9996
6861.328,-54.6555,0.9995
6862.793,-54.6279,0.9995
6864.258,-54.6064,0.9995
6865.723,-54.6328,0.9995
6867.188,-54.6532,0.9995
6868.652,-54.6508,0.9995
6870.117,-54.6480,0.9996
6871.582,-54.6340,0.9996
6873.047,-54.6416,0.9996
6874.512,-54.6451,0.9995
6875.977,-54.6277,0.9995
6877.441,-54.6302,0.9994
6878.906,-54.6635,0.9995
6880.371,-54.6705,0.9996
6881.836,-54.6487,0.9995
6883.301,-54.6211,0.9995
6884.766,-54.6207,0.9996
6886.230,-54.6287,0.9995
6887.695,-54.6394,0.9995
6889.160,-54.6482,0.9996
6890.625,-54.6213,0.9995
6892.090,-54.6006,0.9994
6893.555,-54.6251,0.9995
6895.020,-54.6298,0.9994
6896.484,-54.6267,0.9995
6897.949,-54.6397,0.9994
6899.414,-54.6252,0.9995
6900.879,-54.6213,0.9995
6902.344,-54.6443,0.9995
6903.809,-54.6553,0.9995
6905.273,-54.6589,0.9995
6906.738,-54.6536,0.9995
6908.203,-54.6422,0.9994
6909.668,-54.6539,0.9995
6911.133,-54.6683,0.9995
6912.598,-54.6564,0.9995
6914.062,-54.6608,0.9995
6915.527,-54.6941,0.9995
6916.992,-54.6820,0.9995
6918.457,-54.6639,0.9995
6919.922,-54.6619,0.9995
6921.387,-54.6290,0.9995
6922.852,-54.6273,0.9993
6924.316,-54.6624,0.9993
6925.781,-54.6406,0.9994
6927.246,-54.6373,0.9994
6928.711,-54.6591,0.9994
6930.176,-54.6427,0.9994
6931.641,-54.6358,0.9994
6933.105,-54.6553,0.9995
6934.570,-54.6530,0.9995
6936.035,-54.6432,0.9994
6937.500,-54.6665,0.9994
6938.965,-54.6749,0.9994
6940.430,-54.6541,0.9994
6941.895,-54.6554,0.9993
6943.359,-54.6648,0.9994
6944.824,-54.6742,0.9993
6946.289,-54.6826,0.9994
6947.754,-54.6306,0.9992
6949.219,-54.6353,0.9993
6950.684,-54.6444,0.9994
6952.148,-54.6825,0.9994
6953.613,-54.6867,0.9994
6955.078,-54.6356,0.9992
6956.543,-54.6605,0.9992
6958.008,-54.6855,0.9993
6959.473,-54.6648,0.9993
6960.938,-54.6591,0.9994
6962.402,-54.6397,0.9994
6963.867,-54.6347,0.9993
6965.332,-54.6375,0.9992
6966.797,-54.6509,0.9993
6968.262,-54.6711,0.9994
6969.727,-54.6743,0.9993
6971.191,-54.6619,0.9993
6972.656,-54.6712,0.9994
6974.121,-54.6673,0.9994
6975.586,-54.6580,0.9994
6977.051,-54.6609,0.9992
6978.516,-54.6718,0.9992
6979.980,-54.6622,0.9993
6981.445,-54.6363,0.9993
6982.910,-54.6132,0.9993
6984.375,-54.6387,0.9993
6985.840,-54.6089,0.9992
6987.305,-54.6231,0.9993
6988.770,-54.6458,0.9993
6990.234,-54.6579,0.9994
6991.699,-54.6855,0.9992
6993.164,-54.6537,0.9991
6994.629,-54.6304,0.9993
6996.094,-54.6301,0.9992
6997.559,-54.6561,0.9993
6999.023,-54.6611,0.9992
7000.488,-54.6612,0.9992
7001.953,-54.6631,0.9992
7003.418,-54.6257,0.9990
7004.883,-54.6354,0.9992
7006.348,-54.6524,0.9993
7007.812,-54.6465,0.9992
7009.277,-54.6542,0.9992
7010.742,-54.6944,0.9994
7012.207,-54.6386,0.9991
7013.672,-54.6420,0.9990
7015.137,-54.6792,0.9991
7016.602,-54.6722,0.9992
7018.066,-54.6555,0.9993
7019.531,-54.6676,0.9992
7020.996,-54.6777,0.9991
7022.461,-54.6599,0.9991
7023.926,-54.6752,0.9992
7025.391,-54.6537,0.9993
7026.855,-54.6350,0.9991
7028.320,-54.6519,0.9990
7029.785,-54.6544,0.9988
7031.250,-54.6380,0.9991
7032.715,-54.6127,0.9991
7034.180,-54.6713,0.9991
7035.645,-54.6157,0.9990
7037.109,-54.6536,0.9990
7038.574,-54.6694,0.9989
7040.039,-54.6304,0.9990
7041.504,-54.6531,0.9991
7042.969,-54.6809,0.9990
7044.434,-54.7100,0.9991
7045.898,-54.6530,0.9991
7047.363,-54.6860,0.9991
7048.828,-54.6228,0.9990
7050.293,-54.6452,0.9990
7051.758,-54.6333,0.9992
7053.223,-54.5967,0.9990
7054.688,-54.6192,0.9989
7056.152,-54.6081,0.9990
7057.617,-54.6459,0.9990
7059.082,-54.6362,0.9989
7060.547,-54.6677,0.9988
7062.012,-54.5956,0.9990
7063.477,-54.6400,0.9989
7064.941,-54.6786,0.9988
7066.406,-54.6609,0.9990
7067.871,-54.6334,0.9988
7069.336,-54.6337,0.9991
7070.801,-54.6562,0.9990
7072.266,-54.6368,0.9989
7073.730,-54.6309,0.9990
7075.195,-54.5998,0.9989
7076.660,-54.6539,0.9990
7078.125,-54.6539,0.9992
7079.590,-54.6389,0.9990
7081.055,-54.6268,0.9989
7082.520,-54.6784,0.9992
7083.984,-54.6323,0.9991
7085.449,-54.6126,0.9991
7086.914,-54.6100,0.9990
7088.379,-54.6083,0.9988
7089.844,-54.6131,0.9990
7091.309,-54.6380,0.9990
7092.773,-54.6264,0.9991
7094.238,-54.5919,0.9989
7095.703,-54.5746,0.9990
7097.168,-54.5932,0.9990
7098.633,-54.6050,0.9992
7100.098,-54.5973,0.9992
7101.562,-54.6293,0.9989
7103.027,-54.6314,0.9988
7104.492,-54.6058,0.9990
7105.957,-54.6147,0.9990
7107.422,-54.6068,0.9990
7108.887,-54.5975,0.9989
7110.352,-54.6152,0.9991
7111.816,-54.5951,0.9991
7113.281,-54.5982,0.9992
7114.746,-54.6472,0.9990
7116.211,-54.6036,0.9990
7117.676,-54.5969,0.9991
7119.141,-54.6162,0.9990
7120.605,-54.5956,0.9992
7122.070,-54.5781,0.9992
7123.535,-54.6308,0.9991
7125.000,-54.6221,0.9991
7126.465,-54.6336,0.9990
7127.930,-54.5856,0.9991
7129.395,-54.6074,0.9991
7130.859,-54.5961,0.9992
7132.324,-54.6229,0.9991
7133.789,-54.6007,0.9992
7135.254,-54.6058,0.9990
7136.719,-54.6078,0.9989
7138.184,-54.5787,0.9992
7139.648,-54.6016,0.9991
7141.113,-54.6176,0.9990
7142.578,-54.6113,0.9992
7144.043,-54.5917,0.9992
7145.508,-54.5950,0.9991
7146.973,-54.6158,0.9990
7148.438,-54.5729,0.9990
7149.902,-54.5857,0.9991
7151.367,-54.6398,0.9991
7152.832,-54.5956,0.9991
7154.297,-54.5858,0.9991
7155.762,-54.6021,0.9992
7157.227,-54.6075,0.9991
7158.691,-54.5934,0.9990
7160.156,-54.6214,0.9991
7161.621,-54.5975,0.9991
7163.086,-54.5997,0.9991
7164.551,-54.5891,0.9991
7166.016,-54.5892,0.9990
7167.480,-54.6024,0.9993
7168.945,-54.5945,0.9994
7170.410,-54.6128,0.9992
7171.875,-54.6127,0.9990
7173.340,-54.5750,0.9992
7174.805,-54.6221,0.9991
7176.270,-54.6097,0.9991
7177.734,-54.5678,0.9991
7179.199,-54.5588,0.9992
7180.664,-54.5793,0.9992
7182.129,-54.5636,0.9993
7183.594,-54.6082,0.9994
7185.059,-54.6286,0.9993
7186.523,-54.5967,0.9994
7187.988,-54.5749,0.9993
7189.453,-54.5866,0.9991
7190.918,-54.5908,0.9991
7192.383,-54.6060,0.9992
7193.848,-54.5808,0.9993
7195.312,-54.5592,0.9993
7196.777,-54.5861,0.9993
7198.242,-54.5941,0.9991
7199.707,-54.5746,0.9992
7201.172,-54.5861,0.9992
7202.637,-54.6075,0.9991
7204.102,-54.5930,0.9993
7205.566,-54.6089,0.9992
7207.031,-54.6287,0.9992
7208.496,-54.6091,0.9993
7209.961,-54.5862,0.9993
7211.426,-54.5986,0.9994
7212.891,-54.6204,0.9993
7214.355,-54.5884,0.9992
7215.820,-54.5873,0.9991
7217.285,-54.5790,0.9992
7218.750,-54.5728,0.9993
7220.215,-54.5949,0.9994
7221.680,-54.6110,0.9994
7223.145,-54.5844,0.9993
7224.609,-54.5735,0.9994
7226.074,-54.5688,0.9994
7227.539,-54.6119,0.9993
7229.004,-54.6191,0.9993
7230.469,-54.5835,0.9994
7231.934,-54.6000,0.9994
7233.398,-54.6129,0.9993
7234.863,-54.6005,0.9994
7236.328,-54.5949,0.9995
7237.793,-54.5690,0.9994
7239.258,-54.5887,0.9993
7240.723,-54.6222,0.9994
7242.188,-54.5986,0.9995
7243.652,-54.6026,0.9994
7245.117,-54.5938,0.9995
7246.582,-54.5721,0.9995
7248.047,-54.5805,0.9994
7249.512,-54.5967,0.9994
7250.977,-54.5905,0.9994
7252.441,-54.5892,0.9995
7253.906,-54.5970,0.9994
7255.371,-54.6048,0.9994
7256.836,-54.5892,0.9994
7258.301,-54.5599,0.9994
7259.766,-54.5987,0.9993
7261.230,-54.6043,0.9995
7262.695,-54.6032,0.9995
7264.160,-54.6197,0.9993
7265.625,-54.6023,0.9995
7267.090,-54.6010,0.9995
7268.555,-54.6034,0.9994
7270.020,-54.5985,0.9994
7271.484,-54.6176,0.9994
7272.949,-54.6015,0.9995
7274.414,-54.5655,0.9994
7275.879,-54.5773,0.9994
7277.344,-54.6030,0.9995
7278.809,-54.5893,0.9996
7280.273,-54.5880,0.9995
7281.738,-54.6101,0.9994
7283.203,-54.5977,0.9995
7284.668,-54.6068,0.9995
7286.133,-54.6004,0.9995
7287.598,-54.5853,0.9994
7289.062,-54.6002,0.9994
7290.527,-54.6002,0.9994
7291.992,-54.6086,0.9995
7293.457,-54.5976,0.9995
7294.922,-54.5836,0.9995
7296.387,-54.6100,0.9994
7297.852,-54.6212,0.9995
7299.316,-54.6128,0.9995
7300.781,-54.5877,0.9995
7302.246,-54.5705,0.9995
7303.711,-54.5881,0.9996
7305.176,-54.6148,0.9995
7306.641,-54.6152,0.9994
7308.105,-54.5968,0.9994
7309.570,-54.5893,0.9995
7311.035,-54.6039,0.9995
7312.500,-54.6144,0.9995
7313.965,-54.6240,0.9996
7315.430,-54.6320,0.9995
7316.895,-54.6161,0.9995
7318.359,-54.6026,0.9995
7319.824,-54.6102,0.9995
7321.289,-54.6096,0.9995
7322.754,-54.5867,0.9996
7324.219,-54.5692,0.9995
7325.684,-54.5943,0.9995
7327.148,-54.6239,0.9995
7328.613,-54.6263,0.9995
7330.078,-54.5907,0.9995
7331.543,-54.5750,0.9996
7333.008,-54.6079,0.9996
7334.473,-54.6168,0.9996
7335.938,-54.6151,0.9995
7337.402,-54.6332,0.9995
7338.867,-54.6199,0.9995
7340.332,-54.6024,0.9995
7341.797,-54.6113,0.9995
7343.262,-54.6158,0.9995
7344.727,-54.6084,0.9995
7346.191,-54.5985,0.9995
7347.656,-54.6024,0.9996
7349.121,-54.5998,0.9995
7350.586,-54.6066,0.9995
7352.051,-54.6245,0.9995
7353.516,-54.6240,0.9996
7354.980,-54.6167,0.9995
7356.445,-54.6152,0.9996
7357.910,-54.6071,0.9996
7359.375,-54.6028,0.9995
7360.840,-54.6115,0.9996
7362.305,-54.6146,0.9995
7363.770,-54.6126,0.9995
7365.234,-54.6215,0.9996
7366.699,-54.6246,0.9994
7368.164,-54.6053,0.9995
7369.629,-54.6050,0.9996
7371.094,-54.6264,0.9996
7372.559,-54.6353,0.9996
7374.023,-54.6348,0.9995
7375.488,-54.6269,0.9995
7376.953,-54.6264,0.9995
7378.418,-54.6301,0.9995
7379.883,-54.6258,0.9995
7381.348,-54.6217,0.9996
7382.812,-54.6136,0.9995
7384.277,-54.6171,0.9995
7385.742,-54.6194,0.9995
7387.207,-54.6030,0.9995
7388.672,-54.6014,0.9995
7390.137,-54.6152,0.9995
7391.602,-54.6161,0.9995
7393.066,-54.6136,0.9995
7394.531,-54.6226,0.9996
7395.996,-54.6371,0.9996
7397.461,-54.6304,0.9996
7398.926,-54.6202,0.9997
7400.391,-54.6227,0.9996
7401.855,-54.6128,0.9994
7403.320,-54.6142,0.9995
7404.785,-54.6351,0.9995
7406.250,-54.6395,0.9995
7407.715,-54.6306,0.9996
7409.180,-54.6295,0.9996
7410.645,-54.6340,0.9995
7412.109,-54.6425,0.9995
7413.574,-54.6395,0.9995
7415.039,-54.6146,0.9995
7416.504,-54.5914,0.9996
7417.969,-54.5919,0.9995
7419.434,-54.6299,0.9995
7420.898,-54.6475,0.9996
7422.363,-54.6226,0.9996
7423.828,-54.6071,0.9996
7425.293,-54.6243,0.9995
7426.758,-54.6455,0.9994
7428.223,-54.6404,0.9995
7429.688,-54.6431,0.9996
7431.152,-54.6493,0.9995
7432.617,-54.6277,0.9994
7434.082,-54.6221,0.9995
7435.547,-54.6374,0.9996
7437.012,-54.6481,0.9995
7438.477,-54.6443,0.9995
7439.941,-54.6297,0.9995
7441.406,-54.6338,0.9995
7442.871,-54.6257,0.9995
7444.336,-54.6323,0.9996
7445.801,-54.6616,0.9996
7447.266,-54.6545,0.9995
7448.730,-54.6451,0.9995
7450.195,-54.6304,0.9996
7451.660,-54.6075,0.9996
7453.125,-54.6104,0.9995
7454.590,-54.6416,0.9994
7456.055,-54.6578,0.9995
7457.520,-54.6550,0.9996
7458.984,-54.6514,0.9995
7460.449,-54.6489,0.9995
7461.914,-54.6731,0.9996
7463.379,-54.6609,0.9994
7464.844,-54.6337,0.9995
7466.309,-54.6271,0.9996
7467.773,-54.6190,0.9996
7469.238,-54.6148,0.9995
7470.703,-54.6279,0.9995
7472.168,-54.6380,0.9995
7473.633,-54.6376,0.9995
7475.098,-54.6420,0.9995
7476.562,-54.6572,0.9996
7478.027,-54.6604,0.9995
7479.492,-54.6468,0.9994
7480.957,-54.6550,0.9994
7482.422,-54.6653,0.9994
7483.887,-54.6745,0.9992
7485.352,-54.6860,0.9993
7486.816,-54.6524,0.9994
7488.281,-54.6327,0.9995
7489.746,-54.6307,0.9994
7491.211,-54.6343,0.9994
7492.676,-54.6435,0.9994
7494.141,-54.6757,0.9994
7495.605,-54.6728,0.9994
7497.070,-54.6640,0.9993
7498.535,-54.6648,0.9994
7500.000,-54.6383,0.9993
7501.465,-54.6595,0.9994
7502.930,-54.6741,0.9993
7504.395,-54.6593,0.9994
7505.859,-54.6627,0.9995
7507.324,-54.6599,0.9995
7508.789,-54.6432,0.9994
7510.254,-54.6453,0.9994
7511.719,-54.6636,0.9993
7513.184,-54.6528,0.9992
7514.648,-54.6508,0.9993
7516.113,-54.6588,0.9994
7517.578,-54.6633,0.9994
7519.043,-54.6646,0.9993
7520.508,-54.6565,0.9994
7521.973,-54.6432,0.9995
7523.438,-54.6472,0.9995
7524.902,-54.6741,0.9994
7526.367,-54.6642,0.9994
7527.832,-54.6485,0.9994
7529.297,-54.6559,0.9995
7530.762,-54.6388,0.9995
7532.227,-54.6565,0.9995
7533.691,-54.6734,0.9994
7535.156,-54.6581,0.9994
7536.621,-54.6565,0.9993
7538.086,-54.6340,0.9993
7539.551,-54.6665,0.9994
7541.016,-54.6624,0.9993
7542.480,-54.6614,0.9994
7543.945,-54.6660,0.9994
7545.410,-54.6408,0.9993
7546.875,-54.6652,0.9992
7548.340,-54.6857,0.9993
7549.805,-54.6592,0.9992
7551.270,-54.6332,0.9992
7552.734,-54.6376,0.9993
7554.199,-54.6432,0.9992
7555.664,-54.6364,0.9994
7557.129,-54.6443,0.9993
7558.594,-54.6812,0.9993
7560.059,-54.6533,0.9992
7561.523,-54.6508,0.9993
7562.988,-54.6930,0.9993
7564.453,-54.6849,0.9991
7565.918,-54.6495,0.9991
7567.383,-54.6255,0.9993
7568.848,-54.6218,0.9991
7570.312,-54.6720,0.9991
7571.777,-54.6664,0.9991
7573.242,-54.6385,0.9992
7574.707,-54.6728,0.9993
7576.172,-54.6734,0.9992
7577.637,-54.6334,0.9992
7579.102,-54.6751,0.9993
7580.566,-54.6517,0.9992
7582.031,-54.6658,0.9991
7583.496,-54.6375,0.9991
7584.961,-54.6324,0.9991
7586.426,-54.6665,0.9993
7587.891,-54.6589,0.9992
7589.355,-54.6415,0.9991
7590.820,-54.6466,0.9993
7592.285,-54.6395,0.9994
7593.750,-54.6799,0.9991
7595.215,-54.6960,0.9991
7596.680,-54.6546,0.9991
7598.145,-54.6262,0.9990
7599.609,-54.6441,0.9991
7601.074,-54.6420,0.9990
7602.539,-54.6640,0.9991
7604.004,-54.6737,0.9991
7605.469,-54.7399,0.9991
7606.934,-54.6873,0.9991
7608.398,-54.6293,0.9992
7609.863,-54.6102,0.9992
7611.328,-54.6346,0.9993
7612.793,-54.6476,0.9991
7614.258,-54.6604,0.9992
7615.723,-54.6240,0.9991
7617.188,-54.6685,0.9990
7618.652,-54.6580,0.9990
7620.117,-54.6482,0.9993
7621.582,-54.6533,0.9989
7623.047,-54.6525,0.9989
7624.512,-54.6709,0.9991
7625.977,-54.6574,0.9991
7627.441,-54.6482,0.9991
7628.906,-54.6489,0.9991
7630.371,-54.6293,0.9992
7631.836,-54.6244,0.9993
7633.301,-54.6433,0.9992
7634.766,-54.6570,0.9991
7636.230,-54.6489,0.9990
7637.695,-54.6708,0.9988
7639.160,-54.6564,0.9989
7640.625,-54.6137,0.9990
7642.090,-54.5806,0.9990
7643.555,-54.6183,0.9988
7645.020,-54.6955,0.9989
7646.484,-54.6828,0.9989
7647.949,-54.6640,0.9990
7649.414,-54.6296,0.9989
7650.879,-54.6563,0.9989
7652.344,-54.6395,0.9990
7653.809,-54.6351,0.9990
7655.273,-54.6658,0.9990
7656.738,-54.6277,0.9991
7658.203,-54.6233,0.9991
7659.668,-54.6024,0.9988
7661.133,-54.6231,0.9990
7662.598,-54.6426,0.9991
7664.062,-54.6535,0.9989
7665.527,-54.6680,0.9989
7666.992,-54.6300,0.9990
7668.457,-54.6184,0.9990
7669.922,-54.6050,0.9991
7671.387,-54.6634,0.9991
7672.852,-54.6244,0.9988
7674.316,-54.6175,0.9988
7675.781,-54.6328,0.9990
7677.246,-54.6332,0.9990
7678.711,-54.6021,0.9990
7680.176,-54.6544,0.9991
7681.641,-54.6453,0.9990
7683.105,-54.6374,0.9988
7684.570,-54.6299,0.9987
7686.035,-54.6213,0.9990
7687.500,-54.6412,0.9990
7688.965,-54.6286,0.9991
7690.430,-54.6049,0.9991
7691.895,-54.6294,0.9989
7693.359,-54.6205,0.9989
7694.824,-54.6456,0.9987
7696.289,-54.6450,0.9987
7697.754,-54.6432,0.9987
7699.219,-54.6517,0.9989
7700.684,-54.6056,0.9990
7702.148,-54.6046,0.9990
7703.613,-54.6372,0.9990
7705.078,-54.6339,0.9989
7706.543,-54.6121,0.9989
7708.008,-54.6486,0.9987
7709.473,-54.5879,0.9989
7710.938,-54.6319,0.9989
7712.402,-54.6586,0.9987
7713.867,-54.5884,0.9989
7715.332,-54.6103,0.9991
7716.797,-54.6012,0.9991
7718.262,-54.6180,0.9990
7719.727,-54.5938,0.9989
7721.191,-54.6179,0.9988
7722.656,-54.6165,0.9990
7724.121,-54.6377,0.9990
7725.586,-54.6019,0.9991
7727.051,-54.6250,0.9990
7728.516,-54.5700,0.9989
7729.980,-54.6012,0.9990
7731.445,-54.6190,0.9991
7732.910,-54.6439,0.9990
7734.375,-54.6373,0.9992
7735.840,-54.6199,0.9990
7737.305,-54.6002,0.9991
7738.770,-54.5924,0.9988
7740.234,-54.6571,0.9991
7741.699,-54.6188,0.9991
7743.164,-54.5894,0.9988
7744.629,-54.5902,0.9990
7746.094,-54.6052,0.9991
7747.559,-54.5730,0.9992
7749.023,-54.5931,0.9990
7750.488,-54.5833,0.9989
7751.953,-54.6084,0.9990
7753.418,-54.5915,0.9991
7754.883,-54.5791,0.9991
7756.348,-54.5692,0.9991
7757.812,-54.6146,0.9990
7759.277,-54.5863,0.9991
7760.742,-54.6245,0.9990
7762.207,-54.5841,0.9992
7763.672,-54.6230,0.9990
7765.137,-54.6047,0.9992
7766.602,-54.5747,0.9990
7768.066,-54.6036,0.9990
7769.531,-54.5607,0.9991
7770.996,-54.6084,0.9992
7772.461,-54.6119,0.9993
7773.926,-54.6156,0.9991
7775.391,-54.5759,0.9991
7776.855,-54.5602,0.9991
7778.320,-54.6163,0.9992
7779.785,-54.5859,0.9993
7781.250,-54.5948,0.9992
7782.715,-54.6137,0.9990
7784.180,-54.5824,0.9992
7785.645,-54.6195,0.9991
7787.109,-54.5958,0.9993
7788.574,-54.6056,0.9992
7790.039,-54.6070,0.9991
7791.504,-54.5790,0.9991
7792.969,-54.5748,0.9991
7794.434,-54.5814,0.9992
7795.898,-54.5838,0.9990
7797.363,-54.5909,0.9992
7798.828,-54.5955,0.9994
7800.293,-54.6089,0.9992
7801.758,-54.5875,0.9993
7803.223,-54.5530,0.9991
7804.688,-54.5482,0.9992
7806.152,-54.5853,0.9993
7807.617,-54.6226,0.9992
7809.082,-54.6588,0.9993
7810.547,-54.6358,0.9991
7812.012,-54.5991,0.9991
7813.477,-54.5796,0.9992
7814.941,-54.5737,0.9993
7816.406,-54.5771,0.9993
7817.871,-54.5887,0.9992
7819.336,-54.5987,0.9992
7820.801,-54.6075,0.9993
7822.266,-54.5849,0.9994
7823.730,-54.5824,0.9995
7825.195,-54.5912,0.9994
7826.660,-54.5799,0.9992
7828.125,-54.5805,0.9992
7829.590,-54.5844,0.9992
7831.055,-54.5902,0.9994
7832.520,-54.6040,0.9993
7833.984,-54.6084,0.9993
7835.449,-54.5853,0.9993
7836.914,-54.6135,0.9994
7838.379,-54.6059,0.9993
7839.844,-54.5771,0.9993
7841.309,-54.5917,0.9993
7842.773,-54.6155,0.9994
7844.238,-54.6302,0.9993
7845.703,-54.5914,0.9992
7847.168,-54.6073,0.9992
7848.633,-54.6086,0.9994
7850.098,-54.6039,0.9994
7851.562,-54.5922,0.9994
7853.027,-54.6024,0.9993
7854.492,-54.5807,0.9994
7855.957,-54.5751,0.9994
7857.422,-54.5761,0.9994
7858.887,-54.5814,0.9994
7860.352,-54.6046,0.9993
7861.816,-54.5947,0.9994
7863.281,-54.6104,0.9994
7864.746,-54.6166,0.9994
7866.211,-54.6205,0.9994
7867.676,-54.6102,0.9995
7869.141,-54.6050,0.9994
7870.605,-54.6306,0.9992
7872.070,-54.6202,0.9993
7873.535,-54.6134,0.9993
7875.000,-54.5983,0.9994
7876.465,-54.5935,0.9994
7877.930,-54.6033,0.9993
7879.395,-54.6093,0.9994
7880.859,-54.6266,0.9994
7882.324,-54.6441,0.9994
7883.789,-54.6308,0.9994
7885.254,-54.6163,0.9994
7886.719,-54.6218,0.9994
7888.184,-54.6305,0.9994
7889.648,-54.6313,0.9994
7891.113,-54.6306,0.9994
7892.578,-54.6131,0.9994
7894.043,-54.5896,0.9995
7895.508,-54.6035,0.9994
7896.973,-54.6083,0.9994
7898.438,-54.6110,0.9994
7899.902,-54.6036,0.9994
7901.367,-54.5935,0.9993
7902.832,-54.5975,0.9993
7904.297,-54.6114,0.9994
7905.762,-54.6255,0.9994
7907.227,-54.6061,0.9995
7908.691,-54.5955,0.9995
7910.156,-54.6094,0.9995
7911.621,-54.6230,0.9993
7913.086,-54.6200,0.9993
7914.551,-54.5980,0.9995
7916.016,-54.5852,0.9995
7917.480,-54.6045,0.9995
7918.945,-54.6028,0.9995
7920.410,-54.6080,0.9994
7921.875,-54.6143,0.9995
7923.340,-54.5875,0.9996
7924.805,-54.5929,0.9995
7926.270,-54.6163,0.9994
7927.734,-54.6077,0.9994
7929.199,-54.6129,0.9995
7930.664,-54.6324,0.9993
7932.129,-54.6236,0.9994
7933.594,-54.6091,0.9994
7935.059,-54.6104,0.9993
7936.523,-54.6022,0.9993
7937.988,-54.5983,0.9994
7939.453,-54.6132,0.9994
7940.918,-54.6191,0.9994
7942.383,-54.5994,0.9995
7943.848,-54.5973,0.9995
7945.312,-54.6093,0.9994
7946.777,-54.6032,0.9994
7948.242,-54.6184,0.9994
7949.707,-54.6205,0.9994
7951.172,-54.6054,0.9994
7952.637,-54.6113,0.9994
7954.102,-54.6288,0.9993
7955.566,-54.6257,0.9994
7957.031,-54.6208,0.9993
7958.496,-54.6254,0.9994
7959.961,-54.6236,0.9994
7961.426,-54.6320,0.9994
7962.891,-54.6471,0.9996
7964.355,-54.6396,0.9996
7965.820,-54.6168,0.9995
7967.285,-54.6112,0.9996
7968.750,-54.6170,0.9996
7970.215,-54.6206,0.9996
7971.680,-54.6057,0.9995
7973.145,-54.6051,0.9995
7974.609,-54.6283,0.9996
7976.074,-54.6321,0.9995
7977.539,-54.6317,0.9995
7979.004,-54.6409,0.9996
7980.469,-54.6461,0.9995
7981.934,-54.6399,0.9994
7983.398,-54.6426,0.9995
7984.863,-54.6406,0.9995
7986.328,-54.6408,0.9994
7987.793,-54.6461,0.9994
7989.258,-54.6359,0.9995
7990.723,-54.6337,0.9995
7992.188,-54.6382,0.9995
7993.652,-54.6253,0.9995
7995.117,-54.6174,0.9996
7996.582,-54.6302,0.9995
7998.047,-54.6368,0.9996
7999.512,-54.6336,0.9996
8000.977,-54.6380,0.9995
8002.441,-54.6307,0.9996
8003.906,-54.6112,0.9996
8005.371,-54.6198,0.9995
8006.836,-54.6331,0.9994
8008.301,-54.6278,0.9995
8009.766,-54.6378,0.9995
8011.230,-54.6549,0.9996
8012.695,-54.6651,0.9995
8014.160,-54.6599,0.9995
8015.625,-54.6339,0.9995
8017.090,-54.6365,0.9995
8018.555,-54.6595,0.9994
8020.020,-54.6541,0.9995
8021.484,-54.6338,0.9995
8022.949,-54.6276,0.9995
8024.414,-54.6350,0.9995
8025.879,-54.6443,0.9995
8027.344,-54.6480,0.9996
8028.809,-54.6545,0.9994
8030.273,-54.6655,0.9994
8031.738,-54.6557,0.9995
8033.203,-54.6322,0.9995
8034.668,-54.6322,0.9995
8036.133,-54.6528,0.9995
8037.598,-54.6515,0.9995
8039.062,-54.6312,0.9994
8040.527,-54.6346,0.9995
8041.992,-54.6420,0.9995
8043.457,-54.6155,0.9995
8044.922,-54.6011,0.9995
8046.387,-54.6317,0.9995
8047.852,-54.6432,0.9995
8049.316,-54.6032,0.9995
8050.781,-54.6022,0.9995
8052.246,-54.6434,0.9995
8053.711,-54.6435,0.9995
8055.176,-54.6195,0.9995
8056.641,-54.6163,0.9995
8058.105,-54.6283,0.9994
8059.570,-54.6402,0.9994
8061.035,-54.6498,0.9995
8062.500,-54.6613,0.9995
8063.965,-54.6831,0.9994
8065.430,-54.6822,0.9994
8066.895,-54.6571,0.9995
8068.359,-54.6499,0.9995
8069.824,-54.6535,0.9995
8071.289,-54.6533,0.9995
8072.754,-54.6512,0.9995
8074.219,-54.6503,0.9994
8075.684,-54.6517,0.9995
8077.148,-54.6615,0.9995
8078.613,-54.6643,0.9993
8080.078,-54.6503,0.9993
8081.543,-54.6515,0.9995
8083.008,-54.6542,0.9994
8084.473,-54.6531,0.9995
8085.938,-54.6660,0.9995
8087.402,-54.6551,0.9995
8088.867,-54.6431,0.9995
8090.332,-54.6722,0.9995
8091.797,-54.6931,0.9994
8093.262,-54.6842,0.9994
8094.727,-54.6608,0.9994
8096.191,-54.6471,0.9994
8097.656,-54.6544,0.9995
8099.121,-54.6571,0.9995
8100.586,-54.6315,0.9994
8102.051,-54.6433,0.9994
8103.516,-54.6609,0.9993
8104.980,-54.6587,0.9994
8106.445,-54.6578,0.9994
8107.910,-54.6657,0.9994
8109.375,-54.6703,0.9995
8110.840,-54.6729,0.9994
8112.305,-54.6508,0.9995
8113.770,-54.6616,0.9995
8115.234,-54.6702,0.9994
8116.699,-54.6630,0.9993
8118.164,-54.6529,0.9994
8119.629,-54.6537,0.9995
8121.094,-54.6591,0.9994
8122.559,-54.6745,0.9994
8124.023,-54.6723,0.9994
8125.488,-54.6657,0.9995
8126.953,-54.6712,0.9994
8128.418,-54.6801,0.9994
8129.883,-54.6679,0.9994
8131.348,-54.6442,0.9994
8132.812,-54.6502,0.9994
8134.277,-54.6728,0.9995
8135.742,-54.6810,0.9995
8137.207,-54.6402,0.9992
8138.672,-54.6213,0.9992
8140.137,-54.6186,0.9993
8141.602,-54.6118,0.9994
8143.066,-54.6316,0.9993
8144.531,-54.6424,0.9992
8145.996,-54.6722,0.9993
8147.461,-54.6705,0.9992
8148.926,-54.6733,0.9994
8150.391,-54.6581,0.9994
8151.855,-54.6718,0.9992
8153.320,-54.6981,0.9994
8154.785,-54.6845,0.9994
8156.250,-54.6698,0.9993
8157.715,-54.6698,0.9993
8159.180,-54.6629,0.9993
8160.645,-54.6583,0.9993
8162.109,-54.6585,0.9993
8163.574,-54.6641,0.9992
8165.039,-54.6435,0.9992
8166.504,-54.6344,0.9992
8167.969,-54.6435,0.9994
8169.434,-54.6698,0.9995
8170.898,-54.6618,0.9994
8172.363,-54.6601,0.9994
8173.828,-54.6470,0.9993
8175.293,-54.6590,0.9992
8176.758,-54.6775,0.9993
8178.223,-54.6787,0.9992
8179.688,-54.6798,0.9993
8181.152,-54.6647,0.9993
8182.617,-54.6817,0.9993
8184.082,-54.6922,0.9994
8185.547,-54.6732,0.9993
8187.012,-54.6579,0.9993
8188.477,-54.6645,0.9993
8189.941,-54.6722,0.9992
8191.406,-54.7042,0.9993
8192.871,-54.6959,0.9993
8194.336,-54.6806,0.9993
8195.801,-54.6959,0.9993
8197.266,-54.6765,0.9993
8198.730,-54.6854,0.9993
8200.195,-54.6698,0.9992
8201.660,-54.6560,0.9991
8203.125,-54.6722,0.9990
8204.590,-54.6671,0.9991
8206.055,-54.6483,0.9992
8207.520,-54.6401,0.9993
8208.984,-54.6337,0.9993
8210.449,-54.6465,0.9992
8211.914,-54.6769,0.9991
8213.379,-54.6871,0.9990
8214.844,-54.6674,0.9991
8216.309,-54.6794,0.9993
8217.773,-54.6525,0.9992
8219.238,-54.6704,0.9991
8220.703,-54.6847,0.9992
8222.168,-54.6451,0.9993
8223.633,-54.6144,0.9993
8225.098,-54.6813,0.9994
8226.562,-54.6899,0.9993
8228.027,-54.6388,0.9994
8229.492,-54.6500,0.9992
8230.957,-54.6930,0.9990
8232.422,-54.6873,0.9991
8233.887,-54.6809,0.9990
8235.352,-54.6813,0.9989
8236.816,-54.6659,0.9990
8238.281,-54.6691,0.9991
8239.746,-54.6633,0.9992
8241.211,-54.6414,0.9992
8242.676,-54.6223,0.9991
8244.141,-54.6761,0.9991
8245.605,-54.6876,0.9990
8247.070,-54.6466,0.9992
8248.535,-54.6926,0.9992
8250.000,-54.6739,0.9991
8251.465,-54.6448,0.9991
8252.930,-54.6318,0.9993
8254.395,-54.6525,0.9992
8255.859,-54.6526,0.9992
8257.324,-54.6778,0.9992
8258.789,-54.6566,0.9990
8260.254,-54.6606,0.9991
8261.719,-54.6939,0.9991
8263.184,-54.6652,0.9991
8264.648,-54.6281,0.9989
8266.113,-54.6540,0.9989
8267.578,-54.6990,0.9991
8269.043,-54.6470,0.9991
8270.508,-54.6529,0.9990
8271.973,-54.6421,0.9988
8273.438,-54.7054,0.9990
8274.902,-54.6815,0.9990
8276.367,-54.7081,0.9989
8277.832,-54.6905,0.9988
8279.297,-54.6537,0.9990
8280.762,-54.7023,0.9991
8282.227,-54.6504,0.9990
8283.691,-54.6506,0.9990
8285.156,-54.6888,0.9990
8286.621,-54.6205,0.9989
8288.086,-54.6300,0.9990
8289.551,-54.6570,0.9990
8291.016,-54.6752,0.9988
8292.480,-54.6682,0.9991
8293.945,-54.6686,0.9989
8295.410,-54.6609,0.9989
8296.875,-54.6583,0.9990
8298.340,-54.6575,0.9989
8299.805,-54.6830,0.9989
8301.270,-54.6699,0.9989
8302.734,-54.6732,0.9990
8304.199,-54.6892,0.9990
8305.664,-54.6583,0.9990
8307.129,-54.6612,0.9989
8308.594,-54.6912,0.9991
8310.059,-54.6482,0.9990
8311.523,-54.6561,0.9990
8312.988,-54.6482,0.9991
8314.453,-54.6497,0.9990
8315.918,-54.6641,0.9989
8317.383,-54.6943,0.9989
8318.848,-54.6638,0.9988
8320.312,-54.6148,0.9990
8321.777,-54.6406,0.9989
8323.242,-54.6564,0.9989
8324.707,-54.6767,0.9987
8326.172,-54.6253,0.9988
8327.637,-54.6294,0.9989
8329.102,-54.6596,0.9988
8330.566,-54.6820,0.9989
8332.031,-54.6499,0.9990
8333.496,-54.6602,0.9990
8334.961,-54.6662,0.9988
8336.426,-54.6280,0.9987
8337.891,-54.6826,0.9989
8339.355,-54.6471,0.9989
8340.820,-54.6060,0.9989
8342.285,-54.6446,0.9989
8343.750,-54.6569,0.9990
8345.215,-54.5995,0.9986
8346.680,-54.6605,0.9988
8348.145,-54.6666,0.9990
8349.609,-54.6351,0.9989
8351.074,-54.6279,0.9987
8352.539,-54.6463,0.9989
8354.004,-54.6525,0.9987
8355.469,-54.6940,0.9987
8356.934,-54.6420,0.9988
8358.398,-54.6550,0.9988
8359.863,-54.6009,0.9989
8361.328,-54.6234,0.9987
8362.793,-54.6519,0.9990
8364.258,-54.6251,0.9988
8365.723,-54.6356,0.9986
8367.188,-54.6635,0.9990
8368.652,-54.6610,0.9989
8370.117,-54.6261,0.9989
8371.582,-54.6486,0.9988
8373.047,-54.6442,0.9987
8374.512,-54.6362,0.9987
8375.977,-54.6154,0.9989
8377.441,-54.6030,0.9991
8378.906,-54.6322,0.9991
8380.371,-54.6244,0.9989
8381.836,-54.6262,0.9988
8383.301,-54.6228,0.9988
8384.766,-54.6547,0.9987
8386.230,-54.6227,0.9991
8387.695,-54.6461,0.9991
8389.160,-54.6392,0.9989
8390.625,-54.5950,0.9986
8392.090,-54.5898,0.9989
8393.555,-54.6201,0.9987
8395.020,-54.6131,0.9987
8396.484,-54.6402,0.9990
8397.949,-54.6523,0.9988
8399.414,-54.6211,0.9988
8400.879,-54.6073,0.9990
8402.344,-54.6249,0.9991
8403.809,-54.6328,0.9990
8405.273,-54.6203,0.9988
8406.738,-54.5812,0.9989
8408.203,-54.6040,0.9990
8409.668,-54.6579,0.9987
8411.133,-54.6083,0.9988
8412.598,-54.6106,0.9989
8414.062,-54.6635,0.9989
8415.527,-54.6471,0.9989
8416.992,-54.6315,0.9990
8418.457,-54.6626,0.9990
8419.922,-54.5976,0.9992
8421.387,-54.5853,0.9992
8422.852,-54.5920,0.9991
8424.316,-54.5855,0.9990
8425.781,-54.6530,0.9990
8427.246,-54.6319,0.9990
8428.711,-54.6020,0.9991
8430.176,-54.5598,0.9991
8431.641,-54.5920,0.9990
8433.105,-54.5913,0.9991
8434.570,-54.6247,0.9990
8436.035,-54.6245,0.9989
8437.500,-54.5958,0.9990
8438.965,-54.6071,0.9991
8440.430,-54.6287,0.9991
8441.895,-54.6340,0.9992
8443.359,-54.5613,0.9992
8444.824,-54.5811,0.9990
8446.289,-54.6141,0.9990
8447.754,-54.6031,0.9991
8449.219,-54.6322,0.9990
8450.684,-54.6017,0.9990
8452.148,-54.6360,0.9991
8453.613,-54.6089,0.9992
8455.078,-54.6295,0.9993
8456.543,-54.6275,0.9993
8458.008,-54.6024,0.9991
8459.473,-54.6096,0.9991
8460.938,-54.5945,0.9992
8462.402,-54.6228,0.9991
8463.867,-54.6262,0.9992
8465.332,-54.6119,0.9992
8466.797,-54.5981,0.9992
8468.262,-54.6171,0.9991
8469.727,-54.5845,0.9992
8471.191,-54.5644,0.9991
8472.656,-54.5911,0.9992
8474.121,-54.6249,0.9991
8475.586,-54.5984,0.9991
8477.051,-54.6015,0.9992
8478.516,-54.6153,0.9990
8479.980,-54.5976,0.9991
8481.445,-54.6263,0.9992
8482.910,-54.6093,0.9992
8484.375,-54.5937,0.9992
8485.840,-54.6064,0.9992
8487.305,-54.6107,0.9991
8488.770,-54.6600,0.9991
8490.234,-54.6306,0.9993
8491.699,-54.6066,0.9992
8493.164,-54.6014,0.9993
8494.629,-54.5810,0.9993
8496.094,-54.6064,0.9993
8497.559,-54.5989,0.9993
8499.023,-54.5979,0.9993
8500.488,-54.6069,0.9993
8501.953,-54.6160,0.9992
8503.418,-54.6065,0.9992
8504.883,-54.6347,0.9993
8506.348,-54.6341,0.9993
8507.812,-54.6156,0.9992
8509.277,-54.6621,0.9992
8510.742,-54.6435,0.9991
8512.207,-54.6141,0.9991
8513.672,-54.6026,0.9992
8515.137,-54.6280,0.9993
8516.602,-54.6230,0.9994
8518.066,-54.6162,0.9992
8519.531,-54.6469,0.9990
8520.996,-54.6343,0.9991
8522.461,-54.6070,0.9992
8523.926,-54.6049,0.9993
8525.391,-54.6010,0.9993
8526.855,-54.6093,0.9993
8528.320,-54.6282,0.9994
8529.785,-54.6275,0.9993
8531.250,-54.6082,0.9992
8532.715,-54.5873,0.9993
8534.180,-54.5923,0.9993
8535.645,-54.6033,0.9993
8537.109,-54.6207,0.9993
8538.574,-54.6125,0.9992
8540.039,-54.6048,0.9993
8541.504,-54.6078,0.9995
8542.969,-54.6208,0.9993
8544.434,-54.6077,0.9993
8545.898,-54.6026,0.9993
8547.363,-54.6193,0.9993
8548.828,-54.6117,0.9993
8550.293,-54.6061,0.9993
8551.758,-54.5918,0.9993
8553.223,-54.6040,0.9994
8554.688,-54.6318,0.9993
8556.152,-54.6225,0.9993
8557.617,-54.6125,0.9994
8559.082,-54.6056,0.9994
8560.547,-54.5931,0.9994
8562.012,-54.6013,0.9993
8563.477,-54.6254,0.9994
8564.941,-54.6475,0.9994
8566.406,-54.6202,0.9993
8567.871,-54.6130,0.9992
8569.336,-54.6195,0.9992
8570.801,-54.6278,0.9993
8572.266,-54.6338,0.9994
8573.730,-54.5987,0.9994
8575.195,-54.6035,0.9993
8576.660,-54.6196,0.9993
8578.125,-54.6114,0.9994
8579.590,-54.6288,0.9994
8581.055,-54.6321,0.9993
8582.520,-54.6152,0.9993
8583.984,-54.6148,0.9994
8585.449,-54.6260,0.9994
8586.914,-54.6329,0.9993
8588.379,-54.6275,0.9993
8589.844,-54.6288,0.9994
8591.309,-54.6047,0.9994
8592.773,-54.6169,0.9995
8594.238,-54.6145,0.9995
8595.703,-54.5965,0.9994
8597.168,-54.5809,0.9994
8598.633,-54.5789,0.9995
8600.098,-54.5910,0.9995
8601.562,-54.5954,0.9995
8603.027,-54.6126,0.9995
8604.492,-54.6298,0.9995
8605.957,-54.6251,0.9995
8607.422,-54.6127,0.9995
8608.887,-54.6162,0.9995
8610.352,-54.6293,0.9994
8611.816,-54.6208,0.9996
8613.281,-54.6027,0.9994
8614.746,-54.6242,0.9994
8616.211,-54.6445,0.9994
8617.676,-54.6302,0.9995
8619.141,-54.6136,0.9995
8620.605,-54.5931,0.9994
8622.070,-54.5998,0.9994
8623.535,-54.6096,0.9994
8625.000,-54.6200,0.9995
8626.465,-54.6297,0.9994
8627.930,-54.6179,0.9994
8629.395,-54.6219,0.9994
8630.859,-54.6116,0.9994
8632.324,-54.6092,0.9995
8633.789,-54.6194,0.9995
8635.254,-54.6252,0.9995
8636.719,-54.6439,0.9994
8638.184,-54.6422,0.9994
8639.648,-54.6300,0.9995
8641.113,-54.6271,0.9994
8642.578,-54.6277,0.9995
8644.043,-54.6468,0.9995
8645.508,-54.6645,0.9994
8646.973,-54.6432,0.9994
8648.438,-54.6175,0.9995
8649.902,-54.6172,0.9995
8651.367,-54.6233,0.9994
8652.832,-54.6198,0.9995
8654.297,-54.6174,0.9995
8655.762,-54.6166,0.9994
8657.227,-54.5909,0.9994
8658.691,-54.5961,0.9994
8660.156,-54.6345,0.9993
8661.621,-54.6429,0.9993
8663.086,-54.6437,0.9995
8664.551,-54.6395,0.9995
8666.016,-54.6368,0.9995
8667.480,-54.6380,0.9995
8668.945,-54.6331,0.9996
8670.410,-54.6428,0.9996
8671.875,-54.6556,0.9994
8673.340,-54.6468,0.9994
8674.805,-54.6383,0.9994
8676.270,-54.6458,0.9993
8677.734,-54.6454,0.9993
8679.199,-54.6397,0.9994
8680.664,-54.6285,0.9994
8682.129,-54.6295,0.9995
8683.594,-54.6502,0.9994
8685.059,-54.6489,0.9994
8686.523,-54.6323,0.9995
8687.988,-54.6415,0.9995
8689.453,-54.6499,0.9995
8690.918,-54.6413,0.9995
8692.383,-54.6419,0.9994
8693.848,-54.6482,0.9994
8695.312,-54.6558,0.9995
8696.777,-54.6560,0.9995
8698.242,-54.6448,0.9995
8699.707,-54.6344,0.9995
8701.172,-54.6337,0.9994
8702.637,-54.6366,0.9994
8704.102,-54.6297,0.9995
8705.566,-54.6311,0.9994
8707.031,-54.6319,0.9994
8708.496,-54.6227,0.9995
8709.961,-54.6279,0.9995
8711.426,-54.6436,0.9994
8712.891,-54.6639,0.9995
8714.355,-54.6698,0.9996
8715.820,-54.6492,0.9995
8717.285,-54.6287,0.9994
8718.750,-54.6340,0.9995
8720.215,-54.6369,0.9994
8721.680,-54.6221,0.9994
8723.145,-54.6286,0.9994
8724.609,-54.6544,0.9995
8726.074,-54.6649,0.9995
8727.539,-54.6592,0.9996
8729.004,-54.6521,0.9996
8730.469,-54.6393,0.9995
8731.934,-54.6453,0.9996
8733.398,-54.6613,0.9995
8734.863,-54.6552,0.9996
8736.328,-54.6609,0.9994
8737.793,-54.6769,0.9995
8739.258,-54.6781,0.9994
8740.723,-54.6770,0.9994
8742.188,-54.6630,0.9995
8743.652,-54.6397,0.9995
8745.117,-54.6362,0.9994
8746.582,-54.6585,0.9994
8748.047,-54.6838,0.9994
8749.512,-54.6669,0.9993
8750.977,-54.6587,0.9994
8752.441,-54.6711,0.9994
8753.906,-54.6558,0.9993
8755.371,-54.6566,0.9995
8756.836,-54.6531,0.9995
8758.301,-54.6390,0.9994
8759.766,-54.6507,0.9994
8761.230,-54.6611,0.9994
8762.695,-54.6567,0.9993
8764.160,-54.6585,0.9994
8765.625,-54.6475,0.9995
8767.090,-54.6434,0.9996
8768.555,-54.6588,0.9995
8770.020,-54.6806,0.9994
8771.484,-54.6891,0.9993
8772.949,-54.6749,0.9994
8774.414,-54.6620,0.9994
8775.879,-54.6577,0.9994
8777.344,-54.6538,0.9994
8778.809,-54.6474,0.9994
8780.273,-54.6570,0.9994
8781.738,-54.6631,0.9993
8783.203,-54.6619,0.9994
8784.668,-54.6529,0.9994
8786.133,-54.6386,0.9994
8787.598,-54.6456,0.9994
8789.062,-54.6559,0.9993
8790.527,-54.6666,0.9994
8791.992,-54.6636,0.9994
8793.457,-54.6530,0.9994
8794.922,-54.6626,0.9993
8796.387,-54.6770,0.9994
8797.852,-54.6782,0.9994
8799.316,-54.6778,0.9993
8800.781,-54.6795,0.9995
8802.246,-54.6716,0.9995
8803.711,-54.6497,0.9994
8805.176,-54.6566,0.9994
8806.641,-54.6658,0.9993
8808.105,-54.6750,0.9993
8809.570,-54.6675,0.9993
8811.035,-54.6458,0.9992
8812.500,-54.6391,0.9992
8813.965,-54.6511,0.9993
8815.430,-54.6402,0.9993
8816.895,-54.6508,0.9994
8818.359,-54.6606,0.9993
8819.824,-54.6723,0.9994
8821.289,-54.6684,0.9993
8822.754,-54.6597,0.9994
8824.219,-54.6572,0.9994
8825.684,-54.6655,0.9993
8827.148,-54.6678,0.9993
8828.613,-54.6647,0.9994
8830.078,-54.6685,0.9993
8831.543,-54.7010,0.9993
8833.008,-54.7260,0.9993
8834.473,-54.7137,0.9994
8835.938,-54.6688,0.9995
8837.402,-54.6747,0.9994
8838.867,-54.6753,0.9993
8840.332,-54.6536,0.9993
8841.797,-54.7050,0.9994
8843.262,-54.7050,0.9993
8844.727,-54.6777,0.9992
8846.191,-54.6884,0.9992
8847.656,-54.6685,0.9993
8849.121,-54.6627,0.9992
8850.586,-54.6806,0.9992
8852.051,-54.6673,0.9994
8853.516,-54.6761,0.9993
8854.980,-54.7076,0.9993
8856.445,-54.6967,0.9991
8857.910,-54.6782,0.9991
8859.375,-54.6912,0.9994
8860.840,-54.6645,0.9993
8862.305,-54.6605,0.9993
8863.770,-54.6657,0.9993
8865.234,-54.6640,0.9992
8866.699,-54.6739,0.9992
8868.164,-54.6666,0.9993
8869.629,-54.6517,0.9991
8871.094,-54.6796,0.9993
8872.559,-54.6605,0.9991
8874.023,-54.6511,0.9991
8875.488,-54.6391,0.9992
8876.953,-54.6140,0.9991
8878.418,-54.6680,0.9993
8879.883,-54.7049,0.9993
8881.348,-54.6796,0.9992
8882.812,-54.6677,0.9991
8884.277,-54.6892,0.9993
8885.742,-54.6632,0.9992
8887.207,-54.6717,0.9991
8888.672,-54.6893,0.9991
8890.137,-54.6869,0.9992
8891.602,-54.6647,0.9992
8893.066,-54.6751,0.9993
8894.531,-54.6875,0.9993
8895.996,-54.6639,0.9992
8897.461,-54.6708,0.9991
8898.926,-54.7077,0.9992
8900.391,-54.7040,0.9994
8901.855,-54.6851,0.9992
8903.320,-54.6849,0.9990
8904.785,-54.6874,0.9990
8906.250,-54.6654,0.9990
8907.715,-54.6656,0.9991
8909.180,-54.6540,0.9992
8910.645,-54.6672,0.9991
8912.109,-54.7025,0.9992
8913.574,-54.7132,0.9993
8915.039,-54.7079,0.9992
8916.504,-54.6987,0.9991
8917.969,-54.6979,0.9992
8919.434,-54.6883,0.9992
8920.898,-54.6826,0.9991
8922.363,-54.7130,0.9990
8923.828,-54.6921,0.9994
8925.293,-54.6853,0.9992
8926.758,-54.6842,0.9989
8928.223,-54.6624,0.9988
8929.688,-54.6341,0.9989
8931.152,-54.6427,0.9990
8932.617,-54.7105,0.9991
8934.082,-54.7284,0.9990
8935.547,-54.6938,0.9992
8937.012,-54.6703,0.9992
8938.477,-54.6739,0.9991
8939.941,-54.6552,0.9990
8941.406,-54.6871,0.9990
8942.871,-54.6967,0.9990
8944.336,-54.6791,0.9992
8945.801,-54.6552,0.9993
8947.266,-54.6710,0.9990
8948.730,-54.6888,0.9990
8950.195,-54.6781,0.9991
8951.660,-54.6834,0.9991
8953.125,-54.6863,0.9990
8954.590,-54.6878,0.9990
8956.055,-54.6717,0.9991
8957.520,-54.6956,0.9990
8958.984,-54.7037,0.9989
8960.449,-54.6771,0.9990
8961.914,-54.6801,0.9992
8963.379,-54.6790,0.9991
8964.844,-54.6526,0.9989
8966.309,-54.6886,0.9989
8967.773,-54.6587,0.9992
8969.238,-54.6672,0.9990
8970.703,-54.6426,0.9990
8972.168,-54.6767,0.9990
8973.633,-54.6672,0.9990
8975.098,-54.6437,0.9989
8976.562,-54.6661,0.9990
8978.027,-54.6743,0.9989
8979.492,-54.6776,0.9989
8980.957,-54.7486,0.9988
8982.422,-54.7425,0.9990
8983.887,-54.6622,0.9988
8985.352,-54.6835,0.9990
8986.816,-54.6671,0.9990
8988.281,-54.6541,0.9990
8989.746,-54.7175,0.9989
8991.211,-54.7036,0.9988
8992.676,-54.6414,0.9988
8994.141,-54.6947,0.9987
8995.605,-54.6801,0.9989
8997.070,-54.6785,0.9989
8998.535,-54.7183,0.9987
9000.000,-54.6973,0.9986
9001.465,-54.6746,0.9986
9002.930,-54.6672,0.9989
9004.395,-54.6516,0.9991
9005.859,-54.6619,0.9989
9007.324,-54.6676,0.9988
9008.789,-54.7016,0.9987
9010.254,-54.6739,0.9987
9011.719,-54.6409,0.9988
9013.184,-54.6719,0.9989
9014.648,-54.7124,0.9988
9016.113,-54.6846,0.9987
9017.578,-54.6453,0.9989
9019.043,-54.6853,0.9986
9020.508,-54.6891,0.9985
9021.973,-54.6285,0.9988
9023.438,-54.6969,0.9988
9024.902,-54.6892,0.9987
9026.367,-54.6618,0.9989
9027.832,-54.6210,0.9989
9029.297,-54.6518,0.9987
9030.762,-54.6292,0.9989
9032.227,-54.6433,0.9990
9033.691,-54.6750,0.9987
9035.156,-54.6360,0.9984
9036.621,-54.6659,0.9987
9038.086,-54.6677,0.9989
9039.551,-54.6557,0.9987
9041.016,-54.6748,0.9987
9042.480,-54.6573,0.9988
9043.945,-54.5992,0.9986
9045.410,-54.6623,0.9986
9046.875,-54.6683,0.9989
9048.340,-54.6572,0.9989
9049.805,-54.6612,0.9988
9051.270,-54.6899,0.9987
9052.734,-54.6559,0.9986
9054.199,-54.6361,0.9988
9055.664,-54.6532,0.9988
9057.129,-54.6409,0.9987
9058.594,-54.6495,0.9987
9060.059,-54.6511,0.9987
9061.523,-54.6692,0.9988
9062.988,-54.6578,0.9987
9064.453,-54.6457,0.9988
9065.918,-54.6395,0.9987
9067.383,-54.6501,0.9987
9068.848,-54.6537,0.9988
9070.312,-54.6408,0.9988
9071.777,-54.6366,0.9989
9073.242,-54.5988,0.9987
9074.707,-54.6364,0.9987
9076.172,-54.6625,0.9987
9077.637,-54.6452,0.9987
9079.102,-54.6138,0.9986
9080.566,-54.6498,0.9988
9082.031,-54.6774,0.9989
9083.496,-54.6086,0.9989
9084.961,-54.6344,0.9988
9086.426,-54.6841,0.9990
9087.891,-54.6206,0.9988
9089.355,-54.6378,0.9984
9090.820,-54.6637,0.9986
9092.285,-54.6459,0.9989
9093.750,-54.6152,0.9988
9095.215,-54.6291,0.9988
9096.680,-54.6318,0.9986
9098.145,-54.6069,0.9985
9099.609,-54.6181,0.9986
9101.074,-54.6197,0.9988
9102.539,-54.6269,0.9988
9104.004,-54.6120,0.9989
9105.469,-54.6234,0.9988
9106.934,-54.6309,0.9987
9108.398,-54.6096,0.9988
9109.863,-54.6025,0.9988
9111.328,-54.5917,0.9989
9112.793,-54.6233,0.9989
9114.258,-54.6143,0.9989
9115.723,-54.5962,0.9989
9117.188,-54.6180,0.9992
9118.652,-54.6370,0.9990
9120.117,-54.6023,0.9989
9121.582,-54.6132,0.9989
9123.047,-54.6344,0.9988
9124.512,-54.5795,0.9990
9125.977,-54.5978,0.9991
9127.441,-54.6344,0.9990
9128.906,-54.5824,0.9990
9130.371,-54.6154,0.9991
9131.836,-54.6239,0.9989
9133.301,-54.5755,0.9990
9134.766,-54.6136,0.9990
9136.230,-54.6492,0.9987
9137.695,-54.6022,0.9990
9139.160,-54.6252,0.9988
9140.625,-54.6047,0.9989
9142.090,-54.6193,0.9988
9143.555,-54.5986,0.9988
9145.020,-54.6166,0.9987
9146.484,-54.6020,0.9990
9147.949,-54.5887,0.9990
9149.414,-54.5966,0.9989
9150.879,-54.6120,0.9986
9152.344,-54.6753,0.9986
9153.809,-54.5897,0.9989
9155.273,-54.5771,0.9988
9156.738,-54.6035,0.9989
9158.203,-54.6240,0.9989
9159.668,-54.6423,0.9990
9161.133,-54.6293,0.9988
9162.598,-54.5717,0.9992
9164.062,-54.5924,0.9991
9165.527,-54.6196,0.9991
9166.992,-54.5932,0.9991
9168.457,-54.6137,0.9990
9169.922,-54.6121,0.9990
9171.387,-54.6156,0.9990
9172.852,-54.6133,0.9990
9174.316,-54.6074,0.9989
9175.781,-54.6127,0.9990
9177.246,-54.6041,0.9991
9178.711,-54.5977,0.9991
9180.176,-54.6000,0.9991
9181.641,-54.6105,0.9991
9183.105,-54.6129,0.9991
9184.570,-54.6232,0.9990
9186.035,-54.6212,0.9990
9187.500,-54.6076,0.9990
9188.965,-54.6181,0.9991
9190.430,-54.6052,0.9989
9191.895,-54.6282,0.9991
9193.359,-54.6241,0.9992
9194.824,-54.6168,0.9990
9196.289,-54.6219,0.9989
9197.754,-54.6426,0.9991
9199.219,-54.6388,0.9990
9200.684,-54.6268,0.9992
9202.148,-54.6205,0.9990
9203.613,-54.6284,0.9990
9205.078,-54.6316,0.9992
9206.543,-54.6113,0.9991
9208.008,-54.6398,0.9990
9209.473,-54.6490,0.9991
9210.938,-54.5866,0.9991
9212.402,-54.6016,0.9990
9213.867,-54.6155,0.9991
9215.332,-54.6262,0.9992
9216.797,-54.6092,0.9992
9218.262,-54.6127,0.9992
9219.727,-54.6377,0.9991
9221.191,-54.5975,0.9992
9222.656,-54.5795,0.9991
9224.121,-54.5984,0.9990
9225.586,-54.6396,0.9992
9227.051,-54.6417,0.9992
9228.516,-54.5971,0.9992
9229.980,-54.6104,0.9992
9231.445,-54.6282,0.9992
9232.910,-54.6364,0.9992
9234.375,-54.6157,0.9994
9235.840,-54.6265,0.9993
9237.305,-54.6058,0.9992
9238.770,-54.6085,0.9992
9240.234,-54.6398,0.9990
9241.699,-54.6488,0.9991
9243.164,-54.6235,0.9992
9244.629,-54.6091,0.9992
9246.094,-54.6239,0.9992
9247.559,-54.6040,0.9993
9249.023,-54.5916,0.9993
9250.488,-54.6101,0.9993
9251.953,-54.6108,0.9993
9253.418,-54.5978,0.9992
9254.883,-54.5942,0.9991
9256.348,-54.6139,0.9990
9257.812,-54.6346,0.9991
9259.277,-54.6124,0.9992
9260.742,-54.5851,0.9991
9262.207,-54.6028,0.9992
9263.672,-54.6358,0.9994
9265.137,-54.6250,0.9994
9266.602,-54.6290,0.9993
9268.066,-54.6265,0.9993
9269.531,-54.6112,0.9992
9270.996,-54.5977,0.9992
9272.461,-54.6055,0.9991
9273.926,-54.6316,0.9993
9275.391,-54.6247,0.9994
9276.855,-54.6110,0.9993
9278.320,-54.6128,0.9993
9279.785,-54.6219,0.9994
9281.250,-54.6159,0.9995
9282.715,-54.6372,0.9994
9284.180,-54.6296,0.9993
9285.645,-54.6215,0.9992
9287.109,-54.6084,0.9993
9288.574,-54.5916,0.9994
9290.039,-54.6244,0.9993
9291.504,-54.6298,0.9993
9292.969,-54.6087,0.9995
9294.434,-54.6032,0.9993
9295.898,-54.5920,0.9992
9297.363,-54.6018,0.9993
9298.828,-54.6045,0.9993
9300.293,-54.6396,0.9993
9301.758,-54.6268,0.9993
9303.223,-54.6118,0.9992
9304.688,-54.6152,0.9994
9306.152,-54.6319,0.9993
9307.617,-54.6560,0.9993
9309.082,-54.6559,0.9993
9310.547,-54.6403,0.9993
9312.012,-54.6102,0.9993
9313.477,-54.6066,0.9994
9314.941,-54.6365,0.9994
9316.406,-54.6497,0.9994
9317.871,-54.6563,0.9994
9319.336,-54.6215,0.9995
9320.801,-54.6050,0.9994
9322.266,-54.6313,0.9994
9323.730,-54.6621,0.9993
9325.195,-54.6520,0.9993
9326.660,-54.6426,0.9993
9328.125,-54.6458,0.9993
9329.590,-54.6363,0.9994
9331.055,-54.6316,0.9994
9332.520,-54.6391,0.9994
9333.984,-54.6358,0.9994
9335.449,-54.6168,0.9994
9336.914,-54.6221,0.9994
9338.379,-54.6382,0.9994
9339.844,-54.6523,0.9994
9341.309,-54.6505,0.9994
9342.773,-54.6415,0.9994
9344.238,-54.6358,0.9994
9345.703,-54.6273,0.9994
9347.168,-54.6246,0.9994
9348.633,-54.6227,0.9992
9350.098,-54.6128,0.9993
9351.562,-54.6317,0.9993
9353.027,-54.6312,0.9993
9354.492,-54.6361,0.9995
9355.957,-54.6612,0.9993
9357.422,-54.6493,0.9992
9358.887,-54.6336,0.9992
9360.352,-54.6141,0.9993
9361.816,-54.6171,0.9993
9363.281,-54.6179,0.9994
9364.746,-54.6314,0.9994
9366.211,-54.6488,0.9993
9367.676,-54.6274,0.9994
9369.141,-54.6142,0.9995
9370.605,-54.6275,0.9994
9372.070,-54.6324,0.9994
9373.535,-54.6229,0.9993
9375.000,-54.6300,0.9994
9376.465,-54.6277,0.9993
9377.930,-54.6280,0.9993
9379.395,-54.6581,0.9994
9380.859,-54.6612,0.9995
9382.324,-54.6400,0.9995
9383.789,-54.6282,0.9994
9385.254,-54.6240,0.9995
9386.719,-54.6236,0.9994
9388.184,-54.6432,0.9994
9389.648,-54.6478,0.9994
9391.113,-54.6504,0.9993
9392.578,-54.6594,0.9995
9394.043,-54.6455,0.9995
9395.508,-54.6253,0.9993
9396.973,-54.6309,0.9993
9398.438,-54.6455,0.9993
9399.902,-54.6328,0.9995
9401.367,-54.6103,0.9996
9402.832,-54.6101,0.9995
9404.297,-54.6179,0.9995
9405.762,-54.6303,0.9995
9407.227,-54.6524,0.9993
9408.691,-54.6555,0.9993
9410.156,-54.6514,0.9993
9411.621,-54.6523,0.9993
9413.086,-54.6500,0.9994
9414.551,-54.6360,0.9995
9416.016,-54.6272,0.9994
9417.480,-54.6273,0.9995
9418.945,-54.6273,0.9994
9420.410,-54.6293,0.9994
9421.875,-54.6412,0.9995
9423.340,-54.6718,0.9994
9424.805,-54.6778,0.9994
9426.270,-54.6617,0.9993
9427.734,-54.6638,0.9993
9429.199,-54.6639,0.9993
9430.664,-54.6576,0.9995
9432.129,-54.6549,0.9995
9433.594,-54.6493,0.9995
9435.059,-54.6431,0.9994
9436.523,-54.6453,0.9994
9437.988,-54.6562,0.9994
9439.453,-54.6570,0.9994
9440.918,-54.6471,0.9994
9442.383,-54.6426,0.9994
9443.848,-54.6529,0.9993
9445.312,-54.6656,0.9993
9446.777,-54.6727,0.9994
9448.242,-54.6706,0.9994
9449.707,-54.6499,0.9994
9451.172,-54.6443,0.9994
9452.637,-54.6639,0.9994
9454.102,-54.6738,0.9994
9455.566,-54.6743,0.9993
9457.031,-54.6742,0.9994
9458.496,-54.6619,0.9995
9459.961,-54.6418,0.9995
9461.426,-54.6319,0.9995
9462.891,-54.6344,0.9994
9464.355,-54.6468,0.9994
9465.820,-54.6685,0.9995
9467.285,-54.6766,0.9995
9468.750,-54.6656,0.9995
9470.215,-54.6547,0.9992
9471.680,-54.6594,0.9992
9473.145,-54.6632,0.9992
9474.609,-54.6397,0.9993
9476.074,-54.6364,0.9994
9477.539,-54.6525,0.9994
9479.004,-54.6576,0.9994
9480.469,-54.6591,0.9994
9481.934,-54.6448,0.9994
9483.398,-54.6574,0.9994
9484.863,-54.6811,0.9994
9486.328,-54.6692,0.9993
9487.793,-54.6643,0.9994
9489.258,-54.6702,0.9994
9490.723,-54.6765,0.9993
9492.188,-54.6743,0.9994
9493.652,-54.6558,0.9995
9495.117,-54.6515,0.9994
9496.582,-54.6513,0.9995
9498.047,-54.6464,0.9995
9499.512,-54.6418,0.9995
9500.977,-54.6564,0.9994
9502.441,-54.6801,0.9994
9503.906,-54.6921,0.9994
9505.371,-54.6983,0.9994
9506.836,-54.6934,0.9994
9508.301,-54.6943,0.9994
9509.766,-54.6647,0.9993
9511.230,-54.6313,0.9994
9512.695,-54.6394,0.9993
9514.160,-54.6408,0.9993
9515.625,-54.6438,0.9992
9517.090,-54.6566,0.9993
9518.555,-54.6804,0.9993
9520.020,-54.6807,0.9994
9521.484,-54.6764,0.9993
9522.949,-54.6935,0.9994
9524.414,-54.6932,0.9994
9525.879,-54.6721,0.9993
9527.344,-54.6406,0.9992
9528.809,-54.6552,0.9992
9530.273,-54.6758,0.9993
9531.738,-54.6776,0.9993
9533.203,-54.6756,0.9994
9534.668,-54.6643,0.9994
9536.133,-54.6757,0.9994
9537.598,-54.6887,0.9993
9539.062,-54.6823,0.9993
9540.527,-54.6593,0.9993
9541.992,-54.6564,0.9994
9543.457,-54.6710,0.9994
9544.922,-54.6799,0.9994
9546.387,-54.6654,0.9993
9547.852,-54.6574,0.9992
9549.316,-54.6691,0.9993
9550.781,-54.6876,0.9994
9552.246,-54.6844,0.9994
9553.711,-54.6841,0.9994
9555.176,-54.6910,0.9993
9556.641,-54.6777,0.9994
9558.105,-54.6819,0.9994
9559.570,-54.6967,0.9995
9561.035,-54.6939,0.9994
9562.500,-54.6680,0.9993
9563.965,-54.6592,0.9993
9565.430,-54.6872,0.9993
9566.895,-54.6767,0.9991
9568.359,-54.6526,0.9993
9569.824,-54.6441,0.9994
9571.289,-54.6321,0.9993
9572.754,-54.6613,0.9994
9574.219,-54.6649,0.9993
9575.684,-54.6621,0.9993
9577.148,-54.6872,0.9994
9578.613,-54.6953,0.9994
9580.078,-54.7040,0.9992
9581.543,-54.7093,0.9992
9583.008,-54.7100,0.9994
9584.473,-54.6939,0.9994
9585.938,-54.6950,0.9993
9587.402,-54.6838,0.9992
9588.867,-54.6727,0.9992
9590.332,-54.6795,0.9991
9591.797,-54.6505,0.9991
9593.262,-54.6494,0.9992
9594.727,-54.6584,0.9993
9596.191,-54.6486,0.9992
9597.656,-54.6599,0.9993
9599.121,-54.6615,0.9994
9600.586,-54.6838,0.9992
9602.051,-54.6935,0.9993
9603.516,-54.6710,0.9993
9604.980,-54.6884,0.9992
9606.445,-54.6941,0.9992
9607.910,-54.6732,0.9992
9609.375,-54.6861,0.9991
9610.840,-54.6734,0.9991
9612.305,-54.6769,0.9992
9613.770,-54.7038,0.9991
9615.234,-54.7081,0.9990
9616.699,-54.6422,0.9993
9618.164,-54.6423,0.9993
9619.629,-54.6992,0.9993
9621.094,-54.6794,0.9993
9622.559,-54.6577,0.9992
9624.023,-54.6517,0.9992
9625.488,-54.6495,0.9993
9626.953,-54.6622,0.9992
9628.418,-54.6953,0.9991
9629.883,-54.6675,0.9992
9631.348,-54.6635,0.9991
9632.812,-54.6836,0.9991
9634.277,-54.6710,0.9991
9635.742,-54.6804,0.9991
9637.207,-54.6959,0.9992
9638.672,-54.6808,0.9991
9640.137,-54.6827,0.9991
9641.602,-54.6949,0.9991
9643.066,-54.6929,0.9990
9644.531,-54.6794,0.9990
9645.996,-54.7071,0.9991
9647.461,-54.6962,0.9990
9648.926,-54.7167,0.9991
9650.391,-54.7042,0.9991
9651.855,-54.6876,0.9991
9653.320,-54.6808,0.9992
9654.785,-54.7164,0.9992
9656.250,-54.6904,0.9991
9657.715,-54.7040,0.9991
9659.180,-54.7054,0.9991
9660.645,-54.6950,0.9991
9662.109,-54.6784,0.9991
9663.574,-54.6605,0.9991
9665.039,-54.6851,0.9992
9666.504,-54.6869,0.9990
9667.969,-54.6894,0.9992
9669.434,-54.6821,0.9992
9670.898,-54.6764,0.9991
9672.363,-54.6915,0.9990
9673.828,-54.6767,0.9990
9675.293,-54.6825,0.9989
9676.758,-54.6891,0.9991
9678.223,-54.6658,0.9989
9679.688,-54.6785,0.9989
9681.152,-54.6652,0.9989
9682.617,-54.7018,0.9990
9684.082,-54.6932,0.9991
9685.547,-54.6522,0.9992
9687.012,-54.6729,0.9991
9688.477,-54.6996,0.9991
9689.941,-54.6914,0.9990
9691.406,-54.6536,0.9990
9692.871,-54.6792,0.9992
9694.336,-54.6862,0.9990
9695.801,-54.6663,0.9989
9697.266,-54.7211,0.9988
9698.730,-54.7399,0.9987
9700.195,-54.7182,0.9989
9701.660,-54.6719,0.9992
9703.125,-54.6722,0.9990
9704.590,-54.7125,0.9990
9706.055,-54.6871,0.9991
9707.520,-54.6608,0.9990
9708.984,-54.6823,0.9990
9710.449,-54.7038,0.9990
9711.914,-54.6976,0.9989
9713.379,-54.6784,0.9988
9714.844,-54.7035,0.9989
9716.309,-54.7649,0.9989
9717.773,-54.7160,0.9990
9719.238,-54.7117,0.9989
9720.703,-54.6853,0.9989
9722.168,-54.6596,0.9989
9723.633,-54.6467,0.9988
9725.098,-54.6669,0.9988
9726.562,-54.6870,0.9989
9728.027,-54.6747,0.9989
9729.492,-54.6612,0.9990
9730.957,-54.6388,0.9990
9732.422,-54.6800,0.9987
9733.887,-54.6767,0.9987
9735.352,-54.6945,0.9987
9736.816,-54.7012,0.9987
9738.281,-54.6682,0.9987
9739.746,-54.6609,0.9988
9741.211,-54.6556,0.9989
9742.676,-54.6882,0.9987
9744.141,-54.6881,0.9988
9745.605,-54.6463,0.9990
9747.070,-54.6782,0.9991
9748.535,-54.6820,0.9988
9750.000,-54.6549,0.9990
9751.465,-54.6505,0.9988
9752.930,-54.6862,0.9987
9754.395,-54.6708,0.9988
9755.859,-54.7015,0.9990
9757.324,-54.6810,0.9989
9758.789,-54.6670,0.9989
9760.254,-54.6847,0.9988
9761.719,-54.7082,0.9988
9763.184,-54.6934,0.9989
9764.648,-54.6841,0.9990
9766.113,-54.6553,0.9990
9767.578,-54.6464,0.9987
9769.043,-54.6928,0.9985
9770.508,-54.6591,0.9988
9771.973,-54.6884,0.9987
9773.438,-54.6650,0.9986
9774.902,-54.6116,0.9986
9776.367,-54.6505,0.9987
9777.832,-54.6771,0.9985
9779.297,-54.7080,0.9986
9780.762,-54.6934,0.9987
9782.227,-54.6476,0.9989
9783.691,-54.6501,0.9989
9785.156,-54.7313,0.9989
9786.621,-54.7274,0.9986
9788.086,-54.6612,0.9986
9789.551,-54.6335,0.9985
9791.016,-54.6368,0.9985
9792.480,-54.6634,0.9987
9793.945,-54.6535,0.9986
9795.410,-54.6356,0.9987
9796.875,-54.6748,0.9988
9798.340,-54.6513,0.9988
9799.805,-54.6739,0.9990
9801.270,-54.6318,0.9990
9802.734,-54.6900,0.9985
9804.199,-54.6633,0.9987
9805.664,-54.6330,0.9986
9807.129,-54.6162,0.9986
9808.594,-54.6440,0.9989
9810.059,-54.6491,0.9987
9811.523,-54.6622,0.9986
9812.988,-54.6097,0.9988
9814.453,-54.6476,0.9986
9815.918,-54.6491,0.9984
9817.383,-54.6048,0.9988
9818.848,-54.6013,0.9990
9820.312,-54.6491,0.9986
9821.777,-54.6915,0.9986
9823.242,-54.6507,0.9988
9824.707,-54.6307,0.9988
9826.172,-54.6795,0.9987
9827.637,-54.6517,0.9986
9829.102,-54.6366,0.9986
9830.566,-54.6486,0.9985
9832.031,-54.6429,0.9988
9833.496,-54.6757,0.9987
9834.961,-54.6572,0.9985
9836.426,-54.6514,0.9986
9837.891,-54.6870,0.9986
9839.355,-54.6317,0.9986
9840.820,-54.6198,0.9988
9842.285,-54.6279,0.9987
9843.750,-54.6678,0.9985
9845.215,-54.6434,0.9984
9846.680,-54.6703,0.9988
9848.145,-54.6746,0.9987
9849.609,-54.6743,0.9986
9851.074,-54.6467,0.9986
9852.539,-54.6458,0.9986
9854.004,-54.6496,0.9985
9855.469,-54.6124,0.9984
9856.934,-54.6643,0.9987
9858.398,-54.6189,0.9990
9859.863,-54.6833,0.9989
9861.328,-54.6444,0.9988
9862.793,-54.6438,0.9988
9864.258,-54.6141,0.9989
9865.723,-54.6231,0.9989
9867.188,-54.6320,0.9988
9868.652,-54.6318,0.9988
9870.117,-54.6494,0.9986
9871.582,-54.5999,0.9988
9873.047,-54.6329,0.9988
9874.512,-54.6461,0.9989
9875.977,-54.6427,0.9987
9877.441,-54.6360,0.9986
9878.906,-54.6581,0.9987
9880.371,-54.6397,0.9989
9881.836,-54.6176,0.9987
9883.301,-54.6328,0.9988
9884.766,-54.6528,0.9988
9886.230,-54.6119,0.9986
9887.695,-54.5979,0.9989
9889.160,-54.6220,0.9990
9890.625,-54.6289,0.9989
9892.090,-54.6432,0.9989
9893.555,-54.6208,0.9986
9895.020,-54.6634,0.9986
9896.484,-54.6336,0.9988
9897.949,-54.6062,0.9987
9899.414,-54.6283,0.9988
9900.879,-54.6216,0.9987
9902.344,-54.5953,0.9987
9903.809,-54.6149,0.9988
9905.273,-54.6284,0.9987
9906.738,-54.5826,0.9988
9908.203,-54.5809,0.9989
9909.668,-54.6425,0.9989
9911.133,-54.5903,0.9988
9912.598,-54.6124,0.9989
9914.062,-54.6291,0.9990
9915.527,-54.6444,0.9987
9916.992,-54.6537,0.9986
9918.457,-54.6047,0.9989
9919.922,-54.6773,0.9988
9921.387,-54.6344,0.9989
9922.852,-54.6691,0.9987
9924.316,-54.6866,0.9989
9925.781,-54.6678,0.9989
9927.246,-54.6551,0.9989
9928.711,-54.6272,0.9990
9930.176,-54.6136,0.9989
9931.641,-54.6226,0.9988
9933.105,-54.6165,0.9986
9934.570,-54.5802,0.9991
9936.035,-54.5846,0.9989
9937.500,-54.5960,0.9989
9938.965,-54.6026,0.9990
9940.430,-54.5941,0.9989
9941.895,-54.6158,0.9990
9943.359,-54.5873,0.9991
9944.824,-54.5798,0.9989
9946.289,-54.6347,0.9990
9947.754,-54.6462,0.9990
9949.219,-54.6231,0.9989
9950.684,-54.6459,0.9987
9952.148,-54.5965,0.9988
9953.613,-54.6112,0.9990
9955.078,-54.5991,0.9990
9956.543,-54.5873,0.9989
9958.008,-54.6246,0.9989
9959.473,-54.6445,0.9990
9960.938,-54.6210,0.9990
9962.402,-54.6016,0.9989
9963.867,-54.5918,0.9988
9965.332,-54.5986,0.9989
9966.797,-54.6237,0.9990
9968.262,-54.6014,0.9991
9969.727,-54.5858,0.9989
9971.191,-54.6062,0.9990
9972.656,-54.6293,0.9990
9974.121,-54.6225,0.9987
9975.586,-54.6142,0.9991
9977.051,-54.6210,0.9990
9978.516,-54.6219,0.9990
9979.980,-54.6230,0.9992
9981.445,-54.6292,0.9990
9982.910,-54.6615,0.9989
9984.375,-54.6532,0.9989
9985.840,-54.6008,0.9989
9987.305,-54.6462,0.9989
9988.770,-54.6336,0.9988
9990.234,-54.6112,0.9990
9991.699,-54.6169,0.9992
9993.164,-54.6148,0.9990
9994.629,-54.6337,0.9992
9996.094,-54.6633,0.9990
9997.559,-54.6426,0.9989
9999.023,-54.6052,0.9990
10000.488,-54.6106,0.9990
10001.953,-54.6039,0.9990
10003.418,-54.5963,0.9990
10004.883,-54.6461,0.9989
10006.348,-54.6406,0.9990
10007.812,-54.6079,0.9991
10009.277,-54.6013,0.9990
10010.742,-54.5789,0.9991
10012.207,-54.5936,0.9991
10013.672,-54.6014,0.9991
10015.137,-54.5833,0.9991
10016.602,-54.6124,0.9991
10018.066,-54.6383,0.9992
10019.531,-54.6331,0.9993
10020.996,-54.6198,0.9991
10022.461,-54.5809,0.9991
10023.926,-54.5932,0.9991
10025.391,-54.6178,0.9991
10026.855,-54.6320,0.9993
10028.320,-54.6157,0.9992
10029.785,-54.6117,0.9992
10031.250,-54.6018,0.9991
10032.715,-54.5936,0.9992
10034.180,-54.5879,0.9993
10035.645,-54.6078,0.9991
10037.109,-54.6298,0.9991
10038.574,-54.5809,0.9991
10040.039,-54.5821,0.9990
10041.504,-54.5763,0.9990
10042.969,-54.6190,0.9990
10044.434,-54.6363,0.9990
10045.898,-54.6326,0.9992
10047.363,-54.5926,0.9991
10048.828,-54.5809,0.9992
10050.293,-54.6088,0.9991
10051.758,-54.6230,0.9991
10053.223,-54.6318,0.9992
10054.688,-54.6221,0.9991
10056.152,-54.5831,0.9992
10057.617,-54.6234,0.9992
10059.082,-54.6461,0.9992
10060.547,-54.6292,0.9993
10062.012,-54.6205,0.9993
10063.477,-54.6281,0.9992
10064.941,-54.6235,0.9991
10066.406,-54.6083,0.9992
10067.871,-54.6027,0.9994
10069.336,-54.6088,0.9994
10070.801,-54.6115,0.9993
10072.266,-54.6128,0.9991
10073.730,-54.6176,0.9990
10075.195,-54.5938,0.9993
10076.660,-54.6144,0.9993
10078.125,-54.6158,0.9993
10079.590,-54.6116,0.9994
10081.055,-54.6123,0.9993
10082.520,-54.6174,0.9994
10083.984,-54.6359,0.9992
10085.449,-54.6446,0.9993
10086.914,-54.6500,0.9994
10088.379,-54.6197,0.9994
10089.844,-54.5996,0.9991
10091.309,-54.5939,0.9992
10092.773,-54.6134,0.9993
10094.238,-54.6324,0.9993
10095.703,-54.6292,0.9994
10097.168,-54.6103,0.9993
10098.633,-54.5935,0.9991
10100.098,-54.6070,0.9992
10101.562,-54.6204,0.9993
10103.027,-54.6229,0.9992
10104.492,-54.6366,0.9992
10105.957,-54.6409,0.9992
10107.422,-54.6482,0.9992
10108.887,-54.6437,0.9991
10110.352,-54.6381,0.9990
10111.816,-54.6278,0.9992
10113.281,-54.6060,0.9994
10114.746,-54.6315,0.9992
10116.211,-54.6442,0.9992
10117.676,-54.6310,0.9993
10119.141,-54.6409,0.9992
10120.605,-54.6559,0.9992
10122.070,-54.6480,0.9992
10123.535,-54.6464,0.9993
10125.000,-54.6232,0.9993
10126.465,-54.6282,0.9993
10127.930,-54.6585,0.9993
10129.395,-54.6402,0.9993
10130.859,-54.6215,0.9994
10132.324,-54.6545,0.9994
10133.789,-54.6516,0.9993
10135.254,-54.6254,0.9993
10136.719,-54.6202,0.9994
10138.184,-54.6313,0.9994
10139.648,-54.6293,0.9993
10141.113,-54.6316,0.9994
10142.578,-54.6252,0.9993
10144.043,-54.6153,0.9993
10145.508,-54.6352,0.9993
10146.973,-54.6660,0.9993
10148.438,-54.6557,0.9993
10149.902,-54.6420,0.9993
10151.367,-54.6411,0.9993
10152.832,-54.6168,0.9992
10154.297,-54.6160,0.9991
10155.762,-54.6298,0.9993
10157.227,-54.6328,0.9994
10158.691,-54.6359,0.9994
10160.156,-54.6355,0.9993
10161.621,-54.6209,0.9993
10163.086,-54.6098,0.9994
10164.551,-54.6129,0.9993
10166.016,-54.5956,0.9993
10167.480,-54.6081,0.9993
10168.945,-54.6512,0.9994
10170.410,-54.6628,0.9994
10171.875,-54.6382,0.9994
10173.340,-54.6072,0.9993
10174.805,-54.6190,0.9994
10176.270,-54.6565,0.9994
10177.734,-54.6737,0.9993
10179.199,-54.6614,0.9993
10180.664,-54.6548,0.9994
10182.129,-54.6522,0.9993
10183.594,-54.6450,0.9994
10185.059,-54.6382,0.9992
10186.523,-54.6468,0.9994
10187.988,-54.6526,0.9994
10189.453,-54.6464,0.9994
10190.918,-54.6484,0.9994
10192.383,-54.6306,0.9992
10193.848,-54.6199,0.9993
10195.312,-54.6351,0.9994
10196.777,-54.6329,0.9993
10198.242,-54.6358,0.9993
10199.707,-54.6470,0.9993
10201.172,-54.6397,0.9994
10202.637,-54.6351,0.9993
10204.102,-54.6476,0.9994
10205.566,-54.6439,0.9995
10207.031,-54.6390,0.9995
10208.496,-54.6536,0.9993
10209.961,-54.6658,0.9994
10211.426,-54.6629,0.9994
10212.891,-54.6603,0.9995
10214.355,-54.6431,0.9993
10215.820,-54.6288,0.9994
10217.285,-54.6517,0.9994
10218.750,-54.6556,0.9995
10220.215,-54.6399,0.9994
10221.680,-54.6442,0.9995
10223.145,-54.6597,0.9994
10224.609,-54.6663,0.9993
10226.074,-54.6539,0.9994
10227.539,-54.6542,0.9994
10229.004,-54.6687,0.9993
10230.469,-54.6589,0.9993
10231.934,-54.6367,0.9992
10233.398,-54.6425,0.9993
10234.863,-54.6813,0.9994
10236.328,-54.6933,0.9993
10237.793,-54.6792,0.9993
10239.258,-54.6793,0.9993
10240.723,-54.6586,0.9994
10242.188,-54.6351,0.9994
10243.652,-54.6413,0.9994
10245.117,-54.6452,0.9995
10246.582,-54.6411,0.9994
10248.047,-54.6365,0.9994
10249.512,-54.6323,0.9993
10250.977,-54.6424,0.9993
10252.441,-54.6576,0.9993
10253.906,-54.6555,0.9993
10255.371,-54.6496,0.9994
10256.836,-54.6472,0.9994
10258.301,-54.6500,0.9994
10259.766,-54.6467,0.9993
10261.230,-54.6393,0.9992
10262.695,-54.6537,0.9993
10264.160,-54.6703,0.9994
10265.625,-54.6753,0.9993
10267.090,-54.6757,0.9993
10268.555,-54.6766,0.9993
10270.020,-54.6638,0.9993
10271.484,-54.6483,0.9994
10272.949,-54.6584,0.9994
10274.414,-54.6780,0.9993
10275.879,-54.6880,0.9994
10277.344,-54.6881,0.9994
10278.809,-54.6692,0.9994
10280.273,-54.6513,0.9994
10281.738,-54.6548,0.9993
10283.203,-54.6588,0.9993
10284.668,-54.6515,0.9993
10286.133,-54.6303,0.9993
10287.598,-54.6436,0.9994
10289.062,-54.6786,0.9995
10290.527,-54.6591,0.9994
10291.992,-54.6510,0.9993
10293.457,-54.6803,0.9993
10294.922,-54.6772,0.9993
10296.387,-54.6582,0.9991
10297.852,-54.6456,0.9992
10299.316,-54.6529,0.9993
10300.781,-54.6635,0.9993
10302.246,-54.6553,0.9993
10303.711,-54.6424,0.9994
10305.176,-54.6403,0.9994
10306.641,-54.6665,0.9993
10308.105,-54.6688,0.9993
10309.570,-54.6571,0.9993
10311.035,-54.6627,0.9994
10312.500,-54.6601,0.9993
10313.965,-54.6605,0.9993
10315.430,-54.6655,0.9994
10316.895,-54.6725,0.9994
10318.359,-54.6788,0.9992
10319.824,-54.6704,0.9992
10321.289,-54.6653,0.9992
10322.754,-54.6646,0.9993
10324.219,-54.6638,0.9994
10325.684,-54.6619,0.9994
10327.148,-54.6610,0.9994
10328.613,-54.6558,0.9992
10330.078,-54.6575,0.9992
10331.543,-54.6669,0.9993
10333.008,-54.6812,0.9994
10334.473,-54.6877,0.9994
10335.938,-54.6622,0.9994
10337.402,-54.6437,0.9994
10338.867,-54.6406,0.9993
10340.332,-54.6640,0.9993
10341.797,-54.6951,0.9993
10343.262,-54.7155,0.9993
10344.727,-54.6729,0.9991
10346.191,-54.6321,0.9992
10347.656,-54.6478,0.9994
10349.121,-54.6782,0.9993
10350.586,-54.6835,0.9993
10352.051,-54.6793,0.9994
10353.516,-54.6990,0.9993
10354.980,-54.6940,0.9993
10356.445,-54.6580,0.9993
10357.910,-54.6553,0.9992
10359.375,-54.6777,0.9993
10360.840,-54.6790,0.9994
10362.305,-54.6516,0.9992
10363.770,-54.6569,0.9993
10365.234,-54.6793,0.9994
10366.699,-54.6621,0.9993
10368.164,-54.6587,0.9993
10369.629,-54.6550,0.9993
10371.094,-54.6457,0.9993
10372.559,-54.6550,0.9993
10374.023,-54.6506,0.9994
10375.488,-54.6712,0.9993
10376.953,-54.6899,0.9992
10378.418,-54.6982,0.9993
10379.883,-54.7069,0.9994
10381.348,-54.6984,0.9992
10382.812,-54.6873,0.9993
10384.277,-54.6697,0.9993
10385.742,-54.6699,0.9992
10387.207,-54.6857,0.9994
10388.672,-54.6884,0.9994
10390.137,-54.6794,0.9993
10391.602,-54.6816,0.9993
10393.066,-54.6919,0.9993
10394.531,-54.6977,0.9992
10395.996,-54.6742,0.9991
10397.461,-54.6797,0.9991
10398.926,-54.6802,0.9992
10400.391,-54.6809,0.9993
10401.855,-54.6879,0.9993
10403.320,-54.6755,0.9993
10404.785,-54.6808,0.9993
10406.250,-54.6719,0.9991
10407.715,-54.6683,0.9991
10409.180,-54.6795,0.9992
10410.645,-54.6712,0.9991
10412.109,-54.6790,0.9992
10413.574,-54.6646,0.9993
10415.039,-54.6718,0.9994
10416.504,-54.6573,0.9992
10417.969,-54.6496,0.9993
10419.434,-54.6687,0.9993
10420.898,-54.6885,0.9992
10422.363,-54.6820,0.9991
10423.828,-54.6728,0.9992
10425.293,-54.6877,0.9992
10426.758,-54.7084,0.9992
10428.223,-54.7046,0.9992
10429.688,-54.6873,0.9991
10431.152,-54.6901,0.9991
10432.617,-54.7068,0.9992
10434.082,-54.7120,0.9991
10435.547,-54.6616,0.9991
10437.012,-54.6479,0.9992
10438.477,-54.6703,0.9991
10439.941,-54.6768,0.9992
10441.406,-54.6734,0.9991
10442.871,-54.7038,0.9990
10444.336,-54.7106,0.9991
10445.801,-54.6733,0.9991
10447.266,-54.6504,0.9992
10448.730,-54.6909,0.9994
10450.195,-54.7111,0.9993
10451.660,-54.6820,0.9990
10453.125,-54.6887,0.9992
10454.590,-54.7260,0.9993
10456.055,-54.6937,0.9992
10457.520,-54.6549,0.9992
10458.984,-54.6483,0.9992
10460.449,-54.6660,0.9992
10461.914,-54.6709,0.9990
10463.379,-54.6700,0.9989
10464.844,-54.6662,0.9990
10466.309,-54.6914,0.9990
10467.773,-54.7057,0.9990
10469.238,-54.7083,0.9991
10470.703,-54.7090,0.9992
10472.168,-54.7040,0.9991
10473.633,-54.6824,0.9991
10475.098,-54.6842,0.9991
10476.562,-54.6936,0.9991
10478.027,-54.6634,0.9992
10479.492,-54.6790,0.9991
10480.957,-54.6998,0.9989
10482.422,-54.6693,0.9989
10483.887,-54.6795,0.9990
10485.352,-54.6995,0.9989
10486.816,-54.6916,0.9990
10488.281,-54.7169,0.9988
10489.746,-54.7225,0.9990
10491.211,-54.7043,0.9990
10492.676,-54.6809,0.9990
10494.141,-54.7155,0.9991
10495.605,-54.7083,0.9992
10497.070,-54.6941,0.9992
10498.535,-54.6980,0.9991
10500.000,-54.6905,0.9989
10501.465,-54.6869,0.9989
10502.930,-54.6572,0.9989
10504.395,-54.6932,0.9990
10505.859,-54.6740,0.9989
10507.324,-54.7011,0.9990
10508.789,-54.6895,0.9989
10510.254,-54.6811,0.9989
10511.719,-54.6584,0.9989
10513.184,-54.6791,0.9989
10514.648,-54.6892,0.9991
10516.113,-54.6887,0.9990
10517.578,-54.6934,0.9989
10519.043,-54.6780,0.9990
10520.508,-54.6865,0.9989
10521.973,-54.6912,0.9988
10523.438,-54.6801,0.9989
10524.902,-54.6499,0.9990
10526.367,-54.6970,0.9989
10527.832,-54.7360,0.9989
10529.297,-54.6759,0.9989
10530.762,-54.6544,0.9988
10532.227,-54.6571,0.9987
10533.691,-54.7120,0.9988
10535.156,-54.6950,0.9988
10536.621,-54.7116,0.9989
10538.086,-54.7082,0.9988
10539.551,-54.6902,0.9989
10541.016,-54.6782,0.9989
10542.480,-54.7299,0.9989
10543.945,-54.6920,0.9988
10545.410,-54.7102,0.9988
10546.875,-54.6944,0.9989
10548.340,-54.6729,0.9988
10549.805,-54.7241,0.9988
10551.270,-54.6955,0.9989
10552.734,-54.6912,0.9991
10554.199,-54.7074,0.9991
10555.664,-54.6874,0.9987
10557.129,-54.6850,0.9987
10558.594,-54.6917,0.9986
10560.059,-54.6801,0.9987
10561.523,-54.6674,0.9987
10562.988,-54.7050,0.9984
10564.453,-54.6752,0.9987
10565.918,-54.6609,0.9988
10567.383,-54.7079,0.9987
10568.848,-54.7120,0.9987
10570.312,-54.6978,0.9990
10571.777,-54.6415,0.9988
10573.242,-54.7077,0.9987
10574.707,-54.6980,0.9987
10576.172,-54.6866,0.9987
10577.637,-54.7017,0.9987
10579.102,-54.6416,0.9985
10580.566,-54.6157,0.9986
10582.031,-54.6614,0.9989
10583.496,-54.6860,0.9989
10584.961,-54.6503,0.9987
10586.426,-54.6704,0.9986
10587.891,-54.6425,0.9989
10589.355,-54.6911,0.9988
10590.820,-54.7026,0.9986
10592.285,-54.7022,0.9985
10593.750,-54.6630,0.9983
10595.215,-54.7008,0.9987
10596.680,-54.6554,0.9988
10598.145,-54.6622,0.9987
10599.609,-54.6945,0.9988
10601.074,-54.6784,0.9985
10602.539,-54.6950,0.9986
10604.004,-54.7104,0.9987
10605.469,-54.7340,0.9987
10606.934,-54.6971,0.9988
10608.398,-54.6196,0.9989
10609.863,-54.6955,0.9988
10611.328,-54.6873,0.9986
10612.793,-54.6625,0.9987
10614.258,-54.6617,0.9987
10615.723,-54.6748,0.9987
10617.188,-54.7346,0.9989
10618.652,-54.6674,0.9988
10620.117,-54.5921,0.9987
10621.582,-54.6691,0.9988
10623.047,-54.6902,0.9987
10624.512,-54.6461,0.9987
10625.977,-54.6468,0.9987
10627.441,-54.6869,0.9986
10628.906,-54.7276,0.9984
10630.371,-54.6224,0.9983
10631.836,-54.6576,0.9985
10633.301,-54.6846,0.9986
10634.766,-54.6485,0.9984
10636.230,-54.6494,0.9984
10637.695,-54.6591,0.9984
10639.160,-54.6169,0.9982
10640.625,-54.6357,0.9986
10642.090,-54.6576,0.9986
10643.555,-54.6986,0.9988
10645.020,-54.6911,0.9988
10646.484,-54.6592,0.9986
10647.949,-54.6473,0.9989
10649.414,-54.6491,0.9987
10650.879,-54.6815,0.9986
10652.344,-54.6793,0.9985
10653.809,-54.6220,0.9984
10655.273,-54.6267,0.9983
10656.738,-54.6066,0.9985
10658.203,-54.6711,0.9986
10659.668,-54.6314,0.9985
10661.133,-54.6567,0.9988
10662.598,-54.7006,0.9985
10664.062,-54.6442,0.9985
10665.527,-54.6446,0.9986
10666.992,-54.7249,0.9986
10668.457,-54.6850,0.9985
10669.922,-54.6587,0.9985
10671.387,-54.6262,0.9986
10672.852,-54.6544,0.9988
10674.316,-54.6452,0.9986
10675.781,-54.6389,0.9987
10677.246,-54.6668,0.9986
10678.711,-54.6563,0.9983
10680.176,-54.6275,0.9985
10681.641,-54.6538,0.9986
10683.105,-54.6752,0.9988
10684.570,-54.6486,0.9987
10686.035,-54.6128,0.9988
10687.500,-54.6757,0.9987
10688.965,-54.6500,0.9984
10690.430,-54.6280,0.9984
10691.895,-54.6395,0.9983
10693.359,-54.6621,0.9985
10694.824,-54.6687,0.9984
10696.289,-54.6220,0.9987
10697.754,-54.6397,0.9986
10699.219,-54.6526,0.9988
10700.684,-54.6358,0.9987
10702.148,-54.6648,0.9986
10703.613,-54.6283,0.9987
10705.078,-54.6389,0.9986
10706.543,-54.6409,0.9984
10708.008,-54.6052,0.9984
10709.473,-54.6486,0.9985
10710.938,-54.6667,0.9983
10712.402,-54.6587,0.9984
10713.867,-54.6762,0.9985
10715.332,-54.5879,0.9987
10716.797,-54.6434,0.9984
10718.262,-54.6608,0.9986
10719.727,-54.6718,0.9988
10721.191,-54.6206,0.9987
10722.656,-54.6127,0.9986
10724.121,-54.6773,0.9984
10725.586,-54.6579,0.9986
10727.051,-54.6354,0.9987
10728.516,-54.6417,0.9988
10729.980,-54.6394,0.9989
10731.445,-54.6654,0.9986
10732.910,-54.6006,0.9985
10734.375,-54.6292,0.9986
10735.840,-54.5991,0.9985
10737.305,-54.6276,0.9987
10738.770,-54.6846,0.9987
10740.234,-54.6398,0.9987
10741.699,-54.6458,0.9985
10743.164,-54.6226,0.9987
10744.629,-54.6166,0.9985
10746.094,-54.6315,0.9986
10747.559,-54.6754,0.9986
10749.023,-54.7000,0.9989
10750.488,-54.6334,0.9988
10751.953,-54.6324,0.9988
10753.418,-54.6353,0.9987
10754.883,-54.6299,0.9988
10756.348,-54.6371,0.9987
10757.812,-54.6262,0.9988
10759.277,-54.6382,0.9986
10760.742,-54.6578,0.9985
10762.207,-54.6302,0.9987
10763.672,-54.6422,0.9988
10765.137,-54.5925,0.9990
10766.602,-54.6370,0.9988
10768.066,-54.6192,0.9989
10769.531,-54.6317,0.9988
10770.996,-54.6243,0.9989
10772.461,-54.5977,0.9986
10773.926,-54.6251,0.9986
10775.391,-54.6402,0.9987
10776.855,-54.6322,0.9988
10778.320,-54.6135,0.9987
10779.785,-54.6148,0.9988
10781.250,-54.6530,0.9989
10782.715,-54.6322,0.9989
10784.180,-54.5930,0.9989
10785.645,-54.6198,0.9988
10787.109,-54.6018,0.9988
10788.574,-54.5750,0.9988
10790.039,-54.6168,0.9988
10791.504,-54.6645,0.9985
10792.969,-54.6155,0.9986
10794.434,-54.5956,0.9988
10795.898,-54.5853,0.9988
10797.363,-54.6436,0.9988
10798.828,-54.6680,0.9988
10800.293,-54.6664,0.9989
10801.758,-54.6245,0.9988
10803.223,-54.5924,0.9988
10804.688,-54.6220,0.9988
10806.152,-54.6086,0.9990
10807.617,-54.6113,0.9990
10809.082,-54.6026,0.9988
10810.547,-54.6222,0.9986
10812.012,-54.6334,0.9988
10813.477,-54.6555,0.9989
10814.941,-54.6560,0.9990
10816.406,-54.6209,0.9990
10817.871,-54.6230,0.9987
10819.336,-54.6338,0.9987
10820.801,-54.6109,0.9991
10822.266,-54.6163,0.9989
10823.730,-54.6478,0.9988
10825.195,-54.6170,0.9989
10826.660,-54.5827,0.9989
10828.125,-54.6005,0.9991
10829.590,-54.6315,0.9990
10831.055,-54.6386,0.9988
10832.520,-54.6397,0.9989
10833.984,-54.6241,0.9988
10835.449,-54.6147,0.9989
10836.914,-54.6188,0.9989
10838.379,-54.6184,0.9987
10839.844,-54.5974,0.9987
10841.309,-54.6411,0.9987
10842.773,-54.6189,0.9989
10844.238,-54.6542,0.9990
10845.703,-54.6161,0.9991
10847.168,-54.5911,0.9989
10848.633,-54.5975,0.9990
10850.098,-54.6383,0.9989
10851.562,-54.6299,0.9990
10853.027,-54.6230,0.9991
10854.492,-54.6250,0.9991
10855.957,-54.6163,0.9991
10857.422,-54.6505,0.9989
10858.887,-54.6287,0.9990
10860.352,-54.6084,0.9989
10861.816,-54.6575,0.9989
10863.281,-54.6516,0.9990
10864.746,-54.6444,0.9989
10866.211,-54.6319,0.9990
10867.676,-54.6275,0.9989
10869.141,-54.5979,0.9991
10870.605,-54.6005,0.9992
10872.070,-54.6207,0.9991
10873.535,-54.5834,0.9992
10875.000,-54.5871,0.9991
10876.465,-54.6193,0.9992
10877.930,-54.6148,0.9991
10879.395,-54.6058,0.9991
10880.859,-54.6105,0.9991
10882.324,-54.6240,0.9991
10883.789,-54.6201,0.9989
10885.254,-54.6113,0.9990
10886.719,-54.6119,0.9992
10888.184,-54.6186,0.9991
10889.648,-54.6302,0.9990
10891.113,-54.6175,0.9991
10892.578,-54.5906,0.9990
10894.043,-54.6108,0.9991
10895.508,-54.6556,0.9991
10896.973,-54.6330,0.9991
10898.438,-54.6064,0.9990
10899.902,-54.6036,0.9992
10901.367,-54.6003,0.9991
10902.832,-54.6165,0.9992
10904.297,-54.6455,0.9991
10905.762,-54.6458,0.9991
10907.227,-54.6291,0.9993
10908.691,-54.6360,0.9992
10910.156,-54.6409,0.9991
10911.621,-54.6257,0.9993
10913.086,-54.6059,0.9993
10914.551,-54.6021,0.9993
10916.016,-54.6242,0.9993
10917.480,-54.6208,0.9992
10918.945,-54.6440,0.9991
10920.410,-54.6438,0.9991
10921.875,-54.6203,0.9991
10923.340,-54.6241,0.9991
10924.805,-54.6102,0.9993
10926.270,-54.6121,0.9993
10927.734,-54.6317,0.9992
10929.199,-54.6184,0.9991
10930.664,-54.6178,0.9991
10932.129,-54.6347,0.9993
10933.594,-54.6487,0.9993
10935.059,-54.6410,0.9991
10936.523,-54.6081,0.9989
10937.988,-54.6179,0.9990
10939.453,-54.6373,0.9993
10940.918,-54.6254,0.9994
10942.383,-54.6110,0.9992
10943.848,-54.5993,0.9991
10945.312,-54.6073,0.9991
10946.777,-54.6144,0.9991
10948.242,-54.5957,0.9990
10949.707,-54.6037,0.9992
10951.172,-54.6306,0.9992
10952.637,-54.6145,0.9992
10954.102,-54.6234,0.9991
10955.566,-54.6495,0.9993
10957.031,-54.6473,0.9992
10958.496,-54.6335,0.9993
10959.961,-54.6373,0.9993
10961.426,-54.6452,0.9991
10962.891,-54.6690,0.9990
10964.355,-54.6615,0.9991
10965.820,-54.6300,0.9993
10967.285,-54.6318,0.9993
10968.750,-54.6428,0.9992
10970.215,-54.6243,0.9991
10971.680,-54.6273,0.9990
10973.145,-54.6215,0.9990
10974.609,-54.6206,0.9992
10976.074,-54.6338,0.9992
10977.539,-54.6268,0.9992
10979.004,-54.6260,0.9992
10980.469,-54.6465,0.9993
10981.934,-54.6482,0.9993
10983.398,-54.6194,0.9991
10984.863,-54.6155,0.9991
10986.328,-54.6524,0.9992
10987.793,-54.6511,0.9992
10989.258,-54.6325,0.9992
10990.723,-54.6323,0.9993
10992.188,-54.6439,0.9992
10993.652,-54.6408,0.9993
10995.117,-54.6414,0.9992
10996.582,-54.6582,0.9993
10998.047,-54.6433,0.9994
10999.512,-54.6188,0.9994
11000.977,-54.6178,0.9994
11002.441,-54.6299,0.9993
11003.906,-54.6438,0.9992
11005.371,-54.6536,0.9993
11006.836,-54.6468,0.9993
11008.301,-54.6368,0.9993
11009.766,-54.6256,0.9993
11011.230,-54.6305,0.9993
11012.695,-54.6437,0.9993
11014.160,-54.6501,0.9993
11015.625,-54.6546,0.9993
11017.090,-54.6478,0.9994
11018.555,-54.6579,0.9993
11020.020,-54.6623,0.9993
11021.484,-54.6711,0.9994
11022.949,-54.6775,0.9994
11024.414,-54.6474,0.9994
11025.879,-54.6262,0.9992
11027.344,-54.6160,0.9992
11028.809,-54.6205,0.9994
11030.273,-54.6497,0.9993
11031.738,-54.6612,0.9993
11033.203,-54.6328,0.9994
11034.668,-54.6144,0.9993
11036.133,-54.6371,0.9992
11037.598,-54.6516,0.9993
11039.062,-54.6363,0.9993
11040.527,-54.6379,0.9992
11041.992,-54.6515,0.9993
11043.457,-54.6364,0.9993
11044.922,-54.6109,0.9994
11046.387,-54.6068,0.9993
11047.852,-54.6271,0.9993
11049.316,-54.6429,0.9993
11050.781,-54.6474,0.9993
11052.246,-54.6475,0.9994
11053.711,-54.6398,0.9994
11055.176,-54.6413,0.9994
11056.641,-54.6388,0.9994
11058.105,-54.6274,0.9994
11059.570,-54.6349,0.9994
11061.035,-54.6460,0.9993
11062.500,-54.6434,0.9991
11063.965,-54.6496,0.9992
11065.430,-54.6532,0.9993
11066.895,-54.6585,0.9993
11068.359,-54.6545,0.9993
11069.824,-54.6456,0.9993
11071.289,-54.6464,0.9993
11072.754,-54.6503,0.9993
11074.219,-54.6436,0.9993
11075.684,-54.6357,0.9993
11077.148,-54.6456,0.9992
11078.613,-54.6362,0.9992
11080.078,-54.6180,0.9992
11081.543,-54.6173,0.9993
11083.008,-54.6332,0.9993
11084.473,-54.6467,0.9993
11085.938,-54.6360,0.9993
11087.402,-54.6190,0.9993
11088.867,-54.6190,0.9993
11090.332,-54.6377,0.9993
11091.797,-54.6454,0.9992
11093.262,-54.6324,0.9992
11094.727,-54.6355,0.9993
11096.191,-54.6547,0.9993
11097.656,-54.6589,0.9993
11099.121,-54.6461,0.9993
11100.586,-54.6343,0.9992
11102.051,-54.6356,0.9994
11103.516,-54.6539,0.9994
11104.980,-54.6620,0.9994
11106.445,-54.6373,0.9992
11107.910,-54.6252,0.9993
11109.375,-54.6454,0.9993
11110.840,-54.6457,0.9993
11112.305,-54.6254,0.9994
11113.770,-54.6180,0.9995
11115.234,-54.6277,0.9994
11116.699,-54.6446,0.9993
11118.164,-54.6584,0.9993
11119.629,-54.6629,0.9994
11121.094,-54.6583,0.9994
11122.559,-54.6654,0.9994
11124.023,-54.6577,0.9994
11125.488,-54.6484,0.9993
11126.953,-54.6769,0.9993
11128.418,-54.6819,0.9994
11129.883,-54.6660,0.9995
11131.348,-54.6697,0.9993
11132.812,-54.6635,0.9993
11134.277,-54.6551,0.9993
11135.742,-54.6669,0.9993
11137.207,-54.6682,0.9993
11138.672,-54.6519,0.9992
11140.137,-54.6502,0.9992
11141.602,-54.6646,0.9993
11143.066,-54.6643,0.9994
11144.531,-54.6546,0.9993
11145.996,-54.6591,0.9993
11147.461,-54.6517,0.9994
11148.926,-54.6392,0.9994
11150.391,-54.6350,0.9994
11151.855,-54.6426,0.9994
11153.320,-54.6753,0.9995
11154.785,-54.6927,0.9994
11156.250,-54.6715,0.9994
11157.715,-54.6464,0.9993
11159.180,-54.6475,0.9993
11160.645,-54.6658,0.9993
11162.109,-54.6720,0.9993
11163.574,-54.6662,0.9993
11165.039,-54.6578,0.9993
11166.504,-54.6489,0.9994
11167.969,-54.6611,0.9994
11169.434,-54.6610,0.9993
11170.898,-54.6413,0.9992
11172.363,-54.6542,0.9992
11173.828,-54.6704,0.9994
11175.293,-54.6652,0.9994
11176.758,-54.6599,0.9993
11178.223,-54.6621,0.9992
11179.688,-54.6555,0.9992
11181.152,-54.6593,0.9992
11182.617,-54.6780,0.9992
11184.082,-54.6796,0.9992
11185.547,-54.6590,0.9994
11187.012,-54.6503,0.9993
11188.477,-54.6845,0.9992
11189.941,-54.6941,0.9991
11191.406,-54.6933,0.9992
11192.871,-54.7033,0.9993
11194.336,-54.6735,0.9992
11195.801,-54.6607,0.9991
11197.266,-54.6739,0.9993
11198.730,-54.6704,0.9993
11200.195,-54.6826,0.9993
11201.660,-54.6858,0.9993
11203.125,-54.6685,0.9994
11204.590,-54.6722,0.9994
11206.055,-54.6714,0.9993
11207.520,-54.6605,0.9991
11208.984,-54.6869,0.9990
11210.449,-54.7099,0.9991
11211.914,-54.6852,0.9991
11213.379,-54.6760,0.9992
11214.844,-54.6905,0.9992
11216.309,-54.6810,0.9993
11217.773,-54.6752,0.9993
11219.238,-54.6582,0.9994
11220.703,-54.6447,0.9992
11222.168,-54.6589,0.9992
11223.633,-54.6651,0.9993
11225.098,-54.6775,0.9994
11226.562,-54.6847,0.9993
11228.027,-54.6705,0.9993
11229.492,-54.6692,0.9993
11230.957,-54.6788,0.9992
11232.422,-54.6675,0.9992
11233.887,-54.6439,0.9991
11235.352,-54.6480,0.9992
11236.816,-54.6707,0.9991
11238.281,-54.6679,0.9991
11239.746,-54.6678,0.9992
11241.211,-54.6605,0.9990
11242.676,-54.6870,0.9992
11244.141,-54.6911,0.9993
11245.605,-54.6686,0.9993
11247.070,-54.6712,0.9993
11248.535,-54.6679,0.9993
11250.000,-54.6629,0.9993
11251.465,-54.6804,0.9993
11252.930,-54.6776,0.9993
11254.395,-54.6589,0.9992
11255.859,-54.6506,0.9991
11257.324,-54.6845,0.9993
11258.789,-54.7021,0.9992
11260.254,-54.6957,0.9992
11261.719,-54.6784,0.9993
11263.184,-54.7042,0.9994
11264.648,-54.7347,0.9993
11266.113,-54.7203,0.9992
11267.578,-54.7234,0.9992
11269.043,-54.6931,0.9992
11270.508,-54.6509,0.9992
11271.973,-54.6565,0.9993
11273.438,-54.6838,0.9993
11274.902,-54.6768,0.9993
11276.367,-54.6691,0.9992
11277.832,-54.6720,0.9992
11279.297,-54.6814,0.9992
11280.762,-54.6902,0.9992
11282.227,-54.7010,0.9992
11283.691,-54.6920,0.9992
11285.156,-54.6498,0.9992
11286.621,-54.6515,0.9992
11288.086,-54.6599,0.9992
11289.551,-54.6595,0.9990
11291.016,-54.6917,0.9990
11292.480,-54.6824,0.9993
11293.945,-54.6699,0.9993
11295.410,-54.6818,0.9993
11296.875,-54.6792,0.9990
11298.340,-54.6808,0.9991
11299.805,-54.7221,0.9992
11301.270,-54.7178,0.9992
11302.734,-54.6825,0.9990
11304.199,-54.6687,0.9990
11305.664,-54.6915,0.9992
11307.129,-54.7010,0.9992
11308.594,-54.6920,0.9992
11310.059,-54.7178,0.9990
11311.523,-54.7028,0.9990
11312.988,-54.6685,0.9992
11314.453,-54.6626,0.9992
11315.918,-54.6743,0.9991
11317.383,-54.6917,0.9991
11318.848,-54.7156,0.9991
11320.312,-54.6854,0.9990
11321.777,-54.6787,0.9992
11323.242,-54.6936,0.9992
11324.707,-54.6906,0.9991
11326.172,-54.6956,0.9990
11327.637,-54.6800,0.9992
11329.102,-54.6979,0.9992
11330.566,-54.7430,0.9992
11332.031,-54.7406,0.9992
11333.496,-54.7161,0.9991
11334.961,-54.6900,0.9990
11336.426,-54.7057,0.9990
11337.891,-54.7391,0.9991
11339.355,-54.7203,0.9991
11340.820,-54.6929,0.9991
11342.285,-54.6783,0.9990
11343.750,-54.6609,0.9992
11345.215,-54.6693,0.9991
11346.680,-54.6998,0.9990
11348.145,-54.7111,0.9990
11349.609,-54.6857,0.9992
11351.074,-54.6550,0.9990
11352.539,-54.6498,0.9990
11354.004,-54.6858,0.9992
11355.469,-54.6929,0.9992
11356.934,-54.6961,0.9991
11358.398,-54.6625,0.9988
11359.863,-54.6491,0.9991
11361.328,-54.6442,0.9992
11362.793,-54.6769,0.9992
11364.258,-54.7175,0.9991
11365.723,-54.7036,0.9988
11367.188,-54.6739,0.9990
11368.652,-54.7013,0.9992
11370.117,-54.7053,0.9990
11371.582,-54.6944,0.9991
11373.047,-54.6816,0.9990
11374.512,-54.6890,0.9990
11375.977,-54.7145,0.9991
11377.441,-54.7198,0.9992
11378.906,-54.6988,0.9990
11380.371,-54.6876,0.9990
11381.836,-54.6959,0.9990
11383.301,-54.7110,0.9991
11384.766,-54.6754,0.9989
11386.230,-54.7027,0.9988
11387.695,-54.7271,0.9989
11389.160,-54.7124,0.9989
11390.625,-54.7151,0.9987
11392.090,-54.7040,0.9989
11393.555,-54.6582,0.9988
11395.020,-54.6857,0.9988
11396.484,-54.6744,0.9988
11397.949,-54.6882,0.9989
11399.414,-54.6684,0.9987
11400.879,-54.6876,0.9988
11402.344,-54.6767,0.9988
11403.809,-54.6694,0.9989
11405.273,-54.6679,0.9989
11406.738,-54.7048,0.9988
11408.203,-54.6977,0.9986
11409.668,-54.6742,0.9987
11411.133,-54.6976,0.9988
11412.598,-54.7020,0.9987
11414.062,-54.6979,0.9989
11415.527,-54.7166,0.9989
11416.992,-54.7032,0.9988
11418.457,-54.6767,0.9989
11419.922,-54.6811,0.9989
11421.387,-54.7041,0.9989
11422.852,-54.7106,0.9986
11424.316,-54.6883,0.9989
11425.781,-54.7014,0.9991
11427.246,-54.6806,0.9987
11428.711,-54.6787,0.9988
11430.176,-54.7071,0.9986
11431.641,-54.7420,0.9987
11433.105,-54.6800,0.9987
11434.570,-54.6652,0.9985
11436.035,-54.6862,0.9984
11437.500,-54.6980,0.9989
11438.965,-54.6824,0.9988
11440.430,-54.7307,0.9989
11441.895,-54.7186,0.9989
11443.359,-54.7042,0.9986
11444.824,-54.6695,0.9986
11446.289,-54.6639,0.9988
11447.754,-54.6597,0.9989
11449.219,-54.6853,0.9988
11450.684,-54.7114,0.9989
11452.148,-54.6303,0.9987
11453.613,-54.6464,0.9987
11455.078,-54.7000,0.9990
11456.543,-54.6916,0.9989
11458.008,-54.6989,0.9986
11459.473,-54.6881,0.9983
11460.938,-54.7053,0.9986
11462.402,-54.6752,0.9986
11463.867,-54.7072,0.9987
11465.332,-54.6603,0.9988
11466.797,-54.6772,0.9987
11468.262,-54.6681,0.9988
11469.727,-54.6633,0.9987
11471.191,-54.7213,0.9986
11472.656,-54.6814,0.9986
11474.121,-54.6669,0.9988
11475.586,-54.6934,0.9988
11477.051,-54.6836,0.9988
11478.516,-54.7134,0.9987
11479.980,-54.7036,0.9987
11481.445,-54.7004,0.9985
11482.910,-54.7215,0.9987
11484.375,-54.6496,0.9986
11485.840,-54.6763,0.9986
11487.305,-54.6900,0.9987
11488.770,-54.6831,0.9985
11490.234,-54.6087,0.9986
11491.699,-54.6535,0.9987
11493.164,-54.7235,0.9989
11494.629,-54.6834,0.9988
11496.094,-54.6759,0.9985
11497.559,-54.6774,0.9985
11499.023,-54.7033,0.9987
11500.488,-54.6709,0.9987
11501.953,-54.7091,0.9987
11503.418,-54.6590,0.9985
11504.883,-54.6597,0.9985
11506.348,-54.6726,0.9983
11507.812,-54.6436,0.9984
11509.277,-54.6802,0.9986
11510.742,-54.6916,0.9987
11512.207,-54.6653,0.9988
11513.672,-54.6828,0.9987
11515.137,-54.6939,0.9985
11516.602,-54.7215,0.9986
11518.066,-54.6986,0.9987
11519.531,-54.7019,0.9986
11520.996,-54.6854,0.9985
11522.461,-54.6780,0.9984
11523.926,-54.6800,0.9985
11525.391,-54.6600,0.9987
11526.855,-54.6773,0.9986
11528.320,-54.6633,0.9985
11529.785,-54.6638,0.9987
11531.250,-54.6647,0.9984
11532.715,-54.6862,0.9986
11534.180,-54.6818,0.9986
11535.645,-54.6442,0.9986
11537.109,-54.6476,0.9988
11538.574,-54.6831,0.9986
11540.039,-54.6095,0.9986
11541.504,-54.6704,0.9986
11542.969,-54.6975,0.9984
11544.434,-54.6669,0.9983
11545.898,-54.6646,0.9980
11547.363,-54.6458,0.9981
11548.828,-54.6740,0.9986
11550.293,-54.6881,0.9986
11551.758,-54.6612,0.9988
11553.223,-54.6303,0.9986
11554.688,-54.6905,0.9983
11556.152,-54.6643,0.9988
11557.617,-54.6451,0.9985
11559.082,-54.6183,0.9987
11560.547,-54.6874,0.9986
11562.012,-54.6444,0.9984
11563.477,-54.6531,0.9983
11564.941,-54.6457,0.9984
11566.406,-54.6741,0.9984
11567.871,-54.6791,0.9984
11569.336,-54.6570,0.9985
11570.801,-54.6864,0.9987
11572.266,-54.6728,0.9988
11573.730,-54.7133,0.9985
11575.195,-54.6757,0.9985
11576.660,-54.6234,0.9987
11578.125,-54.6583,0.9986
11579.590,-54.6642,0.9981
11581.055,-54.6739,0.9980
11582.520,-54.6992,0.9983
11583.984,-54.6795,0.9985
11585.449,-54.6666,0.9979
11586.914,-54.7043,0.9984
11588.379,-54.7050,0.9984
11589.844,-54.6885,0.9985
11591.309,-54.6983,0.9983
11592.773,-54.6638,0.9987
11594.238,-54.6677,0.9988
11595.703,-54.6578,0.9989
11597.168,-54.6707,0.9986
11598.633,-54.7202,0.9985
11600.098,-54.6611,0.9986
11601.562,-54.6871,0.9985
11603.027,-54.6472,0.9984
11604.492,-54.6617,0.9985
11605.957,-54.6468,0.9982
11607.422,-54.6135,0.9983
11608.887,-54.6406,0.9984
11610.352,-54.6514,0.9987
11611.816,-54.6740,0.9983
11613.281,-54.6507,0.9985
11614.746,-54.6465,0.9985
11616.211,-54.6596,0.9984
11617.676,-54.6445,0.9983
11619.141,-54.6163,0.9984
11620.605,-54.6432,0.9985
11622.070,-54.6149,0.9984
11623.535,-54.5881,0.9983
11625.000,-54.6317,0.9981
11626.465,-54.6586,0.9985
11627.930,-54.6689,0.9984
11629.395,-54.6587,0.9984
11630.859,-54.6001,0.9987
11632.324,-54.6488,0.9987
11633.789,-54.6703,0.9988
11635.254,-54.5369,0.9986
11636.719,-54.6005,0.9985
11638.184,-54.6452,0.9987
11639.648,-54.6733,0.9987
11641.113,-54.6793,0.9986
11642.578,-54.6396,0.9985
11644.043,-54.6816,0.9986
11645.508,-54.6463,0.9989
11646.973,-54.6783,0.9986
11648.438,-54.6855,0.9988
11649.902,-54.6243,0.9988
11651.367,-54.6215,0.9987
11652.832,-54.6376,0.9987
11654.297,-54.6075,0.9987
11655.762,-54.6168,0.9984
11657.227,-54.6400,0.9981
11658.691,-54.6253,0.9984
11660.156,-54.6441,0.9986
11661.621,-54.6749,0.9985
11663.086,-54.6118,0.9987
11664.551,-54.6185,0.9984
11666.016,-54.6217,0.9988
11667.480,-54.6332,0.9988
11668.945,-54.6069,0.9984
11670.410,-54.6415,0.9987
11671.875,-54.6384,0.9987
11673.340,-54.6082,0.9988
11674.805,-54.5962,0.9988
11676.270,-54.6511,0.9988
11677.734,-54.6616,0.9987
11679.199,-54.6161,0.9988
11680.664,-54.6535,0.9989
11682.129,-54.6597,0.9989
11683.594,-54.6285,0.9989
11685.059,-54.6327,0.9988
11686.523,-54.5827,0.9987
11687.988,-54.6634,0.9985
11689.453,-54.6465,0.9988
11690.918,-54.6587,0.9987
11692.383,-54.6455,0.9987
11693.848,-54.6175,0.9987
11695.312,-54.6259,0.9987
11696.777,-54.6132,0.9987
11698.242,-54.6206,0.9987
11699.707,-54.6091,0.9988
11701.172,-54.6355,0.9987
11702.637,-54.6312,0.9985
11704.102,-54.6509,0.9987
11705.566,-54.6192,0.9989
11707.031,-54.5848,0.9990
11708.496,-54.6434,0.9985
11709.961,-54.6606,0.9985
11711.426,-54.6328,0.9988
11712.891,-54.6561,0.9987
11714.355,-54.5879,0.9987
11715.820,-54.6331,0.9986
11717.285,-54.6467,0.9989
11718.750,-54.6276,0.9988
11720.215,-54.6430,0.9987
11721.680,-54.6633,0.9987
11723.145,-54.6383,0.9987
11724.609,-54.6404,0.9988
11726.074,-54.6307,0.9988
11727.539,-54.6324,0.9986
11729.004,-54.6073,0.9986
11730.469,-54.6308,0.9986
11731.934,-54.6044,0.9989
11733.398,-54.5872,0.9989
11734.863,-54.6289,0.9989
11736.328,-54.6323,0.9989
11737.793,-54.6180,0.9990
11739.258,-54.6376,0.9990
11740.723,-54.6161,0.9988
11742.188,-54.6155,0.9989
11743.652,-54.6566,0.9987
11745.117,-54.6446,0.9989
11746.582,-54.6326,0.9989
11748.047,-54.6375,0.9989
11749.512,-54.6151,0.9987
11750.977,-54.6294,0.9986
11752.441,-54.6254,0.9989
11753.906,-54.6317,0.9990
11755.371,-54.6097,0.9990
11756.836,-54.6056,0.9990
11758.301,-54.6092,0.9988
11759.766,-54.5941,0.9990
11761.230,-54.6045,0.9989
11762.695,-54.5843,0.9989
11764.160,-54.6004,0.9988
11765.625,-54.6358,0.9987
11767.090,-54.6456,0.9986
11768.555,-54.6151,0.9986
11770.020,-54.6206,0.9988
11771.484,-54.6337,0.9989
11772.949,-54.6321,0.9988
11774.414,-54.6526,0.9988
11775.879,-54.6482,0.9988
11777.344,-54.6578,0.9989
11778.809,-54.6391,0.9988
11780.273,-54.5837,0.9989
11781.738,-54.6179,0.9989
11783.203,-54.6437,0.9990
11784.668,-54.6333,0.9988
11786.133,-54.6321,0.9988
11787.598,-54.6561,0.9989
11789.062,-54.6812,0.9990
11790.527,-54.6751,0.9990
11791.992,-54.6526,0.9991
11793.457,-54.6010,0.9990
11794.922,-54.6202,0.9989
11796.387,-54.6312,0.9988
11797.852,-54.6360,0.9990
11799.316,-54.6453,0.9990
11800.781,-54.6313,0.9989
11802.246,-54.6593,0.9990
11803.711,-54.6258,0.9989
11805.176,-54.6155,0.9990
11806.641,-54.6509,0.9989
11808.105,-54.6373,0.9989
11809.570,-54.6303,0.9991
11811.035,-54.6324,0.9992
11812.500,-54.6388,0.9990
11813.965,-54.6626,0.9990
11815.430,-54.6544,0.9989
11816.895,-54.6555,0.9988
11818.359,-54.6269,0.9988
11819.824,-54.6521,0.9990
11821.289,-54.6338,0.9991
11822.754,-54.6272,0.9991
11824.219,-54.6155,0.9990
11825.684,-54.6022,0.9991
11827.148,-54.6379,0.9990
11828.613,-54.6281,0.9990
11830.078,-54.6321,0.9992
11831.543,-54.6412,0.9992
11833.008,-54.6694,0.9991
11834.473,-54.6466,0.9990
11835.938,-54.6397,0.9989
11837.402,-54.6251,0.9990
11838.867,-54.6104,0.9991
11840.332,-54.6204,0.9991
11841.797,-54.6359,0.9992
11843.262,-54.6228,0.9990
11844.727,-54.6401,0.9990
11846.191,-54.6467,0.9991
11847.656,-54.6574,0.9992
11849.121,-54.6495,0.9992
11850.586,-54.6203,0.9991
11852.051,-54.5818,0.9991
11853.516,-54.6068,0.9991
11854.980,-54.6311,0.9991
11856.445,-54.6065,0.9992
11857.910,-54.6243,0.9992
11859.375,-54.6379,0.9993
11860.840,-54.6399,0.9992
11862.305,-54.6698,0.9989
11863.770,-54.6423,0.9990
11865.234,-54.6180,0.9992
11866.699,-54.6222,0.9991
11868.164,-54.6308,0.9990
11869.629,-54.6359,0.9992
11871.094,-54.6264,0.9991
11872.559,-54.6460,0.9991
11874.023,-54.6489,0.9990
11875.488,-54.6317,0.9990
11876.953,-54.6424,0.9991
11878.418,-54.6601,0.9991
11879.883,-54.6755,0.9992
11881.348,-54.6406,0.9993
11882.812,-54.6305,0.9993
11884.277,-54.6315,0.9991
11885.742,-54.5878,0.9992
11887.207,-54.6032,0.9991
11888.672,-54.6535,0.9990
11890.137,-54.6461,0.9991
11891.602,-54.6462,0.9991
11893.066,-54.6275,0.9990
11894.531,-54.6120,0.9992
11895.996,-54.6169,0.9992
11897.461,-54.6363,0.9992
11898.926,-54.6450,0.9992
11900.391,-54.6431,0.9993
11901.855,-54.6386,0.9992
11903.320,-54.6322,0.9991
11904.785,-54.6431,0.9991
11906.250,-54.6482,0.9988
11907.715,-54.6309,0.9990
11909.180,-54.6242,0.9991
11910.645,-54.6398,0.9991
11912.109,-54.6692,0.9990
11913.574,-54.6564,0.9992
11915.039,-54.6445,0.9992
11916.504,-54.6597,0.9992
11917.969,-54.6908,0.9991
11919.434,-54.6713,0.9991
11920.898,-54.6429,0.9992
11922.363,-54.6326,0.9992
11923.828,-54.6317,0.9993
11925.293,-54.6234,0.9993
11926.758,-54.6527,0.9993
11928.223,-54.6686,0.9992
11929.688,-54.6471,0.9991
11931.152,-54.6699,0.9990
11932.617,-54.6866,0.9992
11934.082,-54.6553,0.9992
11935.547,-54.6221,0.9993
11937.012,-54.6242,0.9992
11938.477,-54.6556,0.9992
11939.941,-54.6638,0.9993
11941.406,-54.6537,0.9993
11942.871,-54.6488,0.9993
11944.336,-54.6487,0.9991
11945.801,-54.6446,0.9992
11947.266,-54.6265,0.9991
11948.730,-54.6269,0.9992
11950.195,-54.6563,0.9992
11951.660,-54.6537,0.9993
11953.125,-54.6240,0.9992
11954.590,-54.6204,0.9992
11956.055,-54.6226,0.9993
11957.520,-54.6405,0.9992
11958.984,-54.6581,0.9992
11960.449,-54.6587,0.9992
11961.914,-54.6706,0.9991
11963.379,-54.6737,0.9991
11964.844,-54.6753,0.9992
11966.309,-54.6735,0.9991
11967.773,-54.6508,0.9992
11969.238,-54.6371,0.9992
11970.703,-54.6437,0.9992
11972.168,-54.6612,0.9991
11973.633,-54.6788,0.9992
11975.098,-54.6781,0.9993
11976.562,-54.6428,0.9993
11978.027,-54.6489,0.9993
11979.492,-54.6704,0.9993
11980.957,-54.6492,0.9994
11982.422,-54.6621,0.9992
11983.887,-54.6881,0.9993
11985.352,-54.6831,0.9993
11986.816,-54.6832,0.9992
11988.281,-54.6900,0.9992
11989.746,-54.6866,0.9993
11991.211,-54.6785,0.9992
11992.676,-54.6579,0.9992
11994.141,-54.6382,0.9993
11995.605,-54.6436,0.9993
11997.070,-54.6501,0.9993
11998.535,-54.6589,0.9992
12000.000,-54.6817,0.9993
12001.465,-54.6765,0.9993
12002.930,-54.6639,0.9993
12004.395,-54.6625,0.9994
12005.859,-54.6679,0.9993
12007.324,-54.6748,0.9992
12008.789,-54.6830,0.9993
12010.254,-54.6852,0.9994
12011.719,-54.6702,0.9993
12013.184,-54.6590,0.9994
12014.648,-54.6592,0.9993
12016.113,-54.6648,0.9992
12017.578,-54.6819,0.9992
12019.043,-54.7086,0.9992
12020.508,-54.7009,0.9992
12021.973,-54.6674,0.9992
12023.438,-54.6570,0.9993
12024.902,-54.6709,0.9993
12026.367,-54.6728,0.9993
12027.832,-54.6556,0.9992
12029.297,-54.6562,0.9993
12030.762,-54.6735,0.9994
12032.227,-54.6786,0.9994
12033.691,-54.6524,0.9993
12035.156,-54.6200,0.9992
12036.621,-54.6289,0.9992
12038.086,-54.6550,0.9991
12039.551,-54.6673,0.9993
12041.016,-54.6692,0.9993
12042.480,-54.6649,0.9992
12043.945,-54.6730,0.9994
12045.410,-54.6792,0.9993
12046.875,-54.6734,0.9994
12048.340,-54.6912,0.9994
12049.805,-54.7044,0.9993
12051.270,-54.6747,0.9993
12052.734,-54.6533,0.9993
12054.199,-54.6701,0.9994
12055.664,-54.6957,0.9994
12057.129,-54.6792,0.9993
12058.594,-54.6453,0.9992
12060.059,-54.6631,0.9992
12061.523,-54.6826,0.9992
12062.988,-54.6650,0.9994
12064.453,-54.6541,0.9994
12065.918,-54.6622,0.9992
12067.383,-54.6644,0.9992
12068.848,-54.6540,0.9993
12070.312,-54.6511,0.9992
12071.777,-54.6521,0.9993
12073.242,-54.6573,0.9994
12074.707,-54.6721,0.9994
12076.172,-54.6659,0.9993
12077.637,-54.6555,0.9994
12079.102,-54.6630,0.9994
12080.566,-54.6722,0.9994
12082.031,-54.6850,0.9993
12083.496,-54.6856,0.9992
12084.961,-54.6765,0.9992
12086.426,-54.6764,0.9992
12087.891,-54.6799,0.9993
12089.355,-54.6841,0.9993
12090.820,-54.6758,0.9993
12092.285,-54.6670,0.9993
12093.750,-54.6689,0.9993
12095.215,-54.6743,0.9993
12096.680,-54.6960,0.9992
12098.145,-54.7062,0.9992
12099.609,-54.6819,0.9994
12101.074,-54.6717,0.9994
12102.539,-54.6758,0.9992
12104.004,-54.6556,0.9992
12105.469,-54.6602,0.9991
12106.934,-54.6753,0.9993
12108.398,-54.6776,0.9992
12109.863,-54.6969,0.9992
12111.328,-54.6985,0.9992
12112.793,-54.6955,0.9992
12114.258,-54.6847,0.9992
12115.723,-54.6515,0.9993
12117.188,-54.6449,0.9993
12118.652,-54.6519,0.9993
12120.117,-54.6550,0.9993
12121.582,-54.6875,0.9993
12123.047,-54.7148,0.9993
12124.512,-54.7002,0.9994
12125.977,-54.6819,0.9993
12127.441,-54.6856,0.9991
12128.906,-54.6966,0.9993
12130.371,-54.6855,0.9993
12131.836,-54.6694,0.9992
12133.301,-54.6847,0.9993
12134.766,-54.6961,0.9992
12136.230,-54.6845,0.9990
12137.695,-54.6811,0.9992
12139.160,-54.6854,0.9993
12140.625,-54.6814,0.9992
12142.090,-54.6793,0.9993
12143.555,-54.6831,0.9993
12145.020,-54.6968,0.9993
12146.484,-54.6944,0.9993
12147.949,-54.6769,0.9993
12149.414,-54.6687,0.9992
12150.879,-54.6818,0.9991
12152.344,-54.6827,0.9993
12153.809,-54.6677,0.9993
12155.273,-54.6777,0.9992
12156.738,-54.7110,0.9991
12158.203,-54.7251,0.9991
12159.668,-54.7016,0.9992
12161.133,-54.6985,0.9992
12162.598,-54.7183,0.9992
12164.062,-54.7050,0.9993
12165.527,-54.6978,0.9993
12166.992,-54.6930,0.9993
12168.457,-54.6663,0.9993
12169.922,-54.6808,0.9993
12171.387,-54.7021,0.9993
12172.852,-54.6834,0.9992
12174.316,-54.6803,0.9991
12175.781,-54.6747,0.9992
12177.246,-54.6560,0.9992
12178.711,-54.6799,0.9992
12180.176,-54.7016,0.9993
12181.641,-54.6782,0.9992
12183.105,-54.6689,0.9992
12184.570,-54.6740,0.9993
12186.035,-54.6807,0.9992
12187.500,-54.6922,0.9991
12188.965,-54.7014,0.9991
12190.430,-54.7144,0.9992
12191.895,-54.7228,0.9991
12193.359,-54.7154,0.9991
12194.824,-54.7114,0.9991
12196.289,-54.6978,0.9992
12197.754,-54.6809,0.9992
12199.219,-54.6821,0.9991
12200.684,-54.6749,0.9992
12202.148,-54.6639,0.9993
12203.613,-54.6694,0.9993
12205.078,-54.6775,0.9993
12206.543,-54.7013,0.9993
12208.008,-54.7286,0.9993
12209.473,-54.7077,0.9993
12210.938,-54.6825,0.9992
12212.402,-54.6947,0.9991
12213.867,-54.6884,0.9990
12215.332,-54.6854,0.9991
12216.797,-54.7067,0.9991
12218.262,-54.7104,0.9990
12219.727,-54.7232,0.9990
12221.191,-54.7023,0.9991
12222.656,-54.6955,0.9992
12224.121,-54.7159,0.9993
12225.586,-54.6971,0.9990
12227.051,-54.6867,0.9990
12228.516,-54.7045,0.9993
12229.980,-54.7167,0.9993
12231.445,-54.7228,0.9993
12232.910,-54.7357,0.9991
12234.375,-54.7338,0.9991
12235.840,-54.6892,0.9992
12237.305,-54.6594,0.9991
12238.770,-54.6800,0.9990
12240.234,-54.7110,0.9990
12241.699,-54.7132,0.9991
12243.164,-54.6800,0.9991
12244.629,-54.6986,0.9992
12246.094,-54.6929,0.9991
12247.559,-54.6914,0.9990
12249.023,-54.7137,0.9991
12250.488,-54.6986,0.9990
12251.953,-54.6544,0.9990
12253.418,-54.6689,0.9990
12254.883,-54.6997,0.9991
12256.348,-54.6923,0.9991
12257.812,-54.7126,0.9991
12259.277,-54.7153,0.9991
12260.742,-54.7227,0.9991
12262.207,-54.7435,0.9991
12263.672,-54.7181,0.9990
12265.137,-54.6845,0.9989
12266.602,-54.6639,0.9991
12268.066,-54.6781,0.9991
12269.531,-54.7150,0.9991
12270.996,-54.6991,0.9990
12272.461,-54.7145,0.9991
12273.926,-54.7065,0.9990
12275.391,-54.7089,0.9992
12276.855,-54.6985,0.9991
12278.320,-54.7091,0.9990
12279.785,-54.7415,0.9989
12281.250,-54.7092,0.9987
12282.715,-54.6966,0.9987
12284.180,-54.7247,0.9991
12285.645,-54.7207,0.9989
12287.109,-54.7194,0.9990
12288.574,-54.6887,0.9989
12290.039,-54.6829,0.9989
12291.504,-54.6943,0.9991
12292.969,-54.7185,0.9989
12294.434,-54.7248,0.9988
12295.898,-54.7107,0.9990
12297.363,-54.6936,0.9989
12298.828,-54.6700,0.9989
12300.293,-54.6795,0.9990
12301.758,-54.7260,0.9992
12303.223,-54.7278,0.9991
12304.688,-54.7060,0.9990
12306.152,-54.7220,0.9988
12307.617,-54.7355,0.9987
12309.082,-54.6778,0.9988
12310.547,-54.6801,0.9990
12312.012,-54.7179,0.9991
12313.477,-54.6913,0.9990
12314.941,-54.6720,0.9990
12316.406,-54.6955,0.9991
12317.871,-54.7227,0.9990
12319.336,-54.7692,0.9989
12320.801,-54.7342,0.9988
12322.266,-54.7130,0.9989
12323.730,-54.7422,0.9990
12325.195,-54.7260,0.9990
12326.660,-54.7285,0.9989
12328.125,-54.7050,0.9990
12329.590,-54.6949,0.9990
12331.055,-54.6858,0.9989
12332.520,-54.7007,0.9989
12333.984,-54.7111,0.9988
12335.449,-54.7232,0.9990
12336.914,-54.7124,0.9990
12338.379,-54.6861,0.9990
12339.844,-54.6640,0.9989
12341.309,-54.6857,0.9987
12342.773,-54.7238,0.9989
12344.238,-54.7393,0.9989
12345.703,-54.6837,0.9990
12347.168,-54.6814,0.9991
12348.633,-54.6815,0.9989
12350.098,-54.7162,0.9987
12351.562,-54.7137,0.9985
12353.027,-54.7092,0.9985
12354.492,-54.7094,0.9988
12355.957,-54.6696,0.9987
12357.422,-54.7214,0.9988
12358.887,-54.7176,0.9988
12360.352,-54.7434,0.9989
12361.816,-54.7603,0.9988
12363.281,-54.7156,0.9988
12364.746,-54.7245,0.9987
12366.211,-54.7152,0.9987
12367.676,-54.7456,0.9988
12369.141,-54.7292,0.9988
12370.605,-54.7239,0.9989
12372.070,-54.7074,0.9989
12373.535,-54.6823,0.9988
12375.000,-54.7065,0.9989
12376.465,-54.6955,0.9989
12377.930,-54.6988,0.9989
12379.395,-54.7015,0.9987
12380.859,-54.6915,0.9988
12382.324,-54.6800,0.9988
12383.789,-54.7345,0.9986
12385.254,-54.7127,0.9986
12386.719,-54.6854,0.9987
12388.184,-54.7203,0.9991
12389.648,-54.6953,0.9989
12391.113,-54.7236,0.9986
12392.578,-54.7114,0.9988
12394.043,-54.7137,0.9986
12395.508,-54.6886,0.9986
12396.973,-54.7418,0.9985
12398.438,-54.7579,0.9985
12399.902,-54.7171,0.9988
12401.367,-54.6987,0.9988
12402.832,-54.6978,0.9987
12404.297,-54.7398,0.9984
12405.762,-54.7327,0.9985
12407.227,-54.6795,0.9988
12408.691,-54.6986,0.9989
12410.156,-54.6805,0.9989
12411.621,-54.7063,0.9987
12413.086,-54.7059,0.9983
12414.551,-54.7370,0.9987
12416.016,-54.7297,0.9986
12417.480,-54.6836,0.9985
12418.945,-54.7031,0.9987
12420.410,-54.7051,0.9987
12421.875,-54.7027,0.9988
12423.340,-54.7127,0.9986
12424.805,-54.6665,0.9984
12426.270,-54.7034,0.9987
12427.734,-54.7300,0.9985
12429.199,-54.6878,0.9983
12430.664,-54.6947,0.9984
12432.129,-54.7346,0.9986
12433.594,-54.7016,0.9984
12435.059,-54.7136,0.9985
12436.523,-54.7085,0.9985
12437.988,-54.6567,0.9984
12439.453,-54.6998,0.9987
12440.918,-54.7005,0.9986
12442.383,-54.6764,0.9987
12443.848,-54.6962,0.9986
12445.312,-54.6761,0.9983
12446.777,-54.6910,0.9986
12448.242,-54.7262,0.9984
12449.707,-54.7407,0.9985
12451.172,-54.7235,0.9986
12452.637,-54.7047,0.9986
12454.102,-54.7110,0.9986
12455.566,-54.7074,0.9986
12457.031,-54.6819,0.9984
12458.496,-54.6424,0.9984
12459.961,-54.7262,0.9983
12461.426,-54.7301,0.9986
12462.891,-54.6829,0.9985
12464.355,-54.6709,0.9982
12465.820,-54.7172,0.9986
12467.285,-54.7243,0.9984
12468.750,-54.7018,0.9985
12470.215,-54.6725,0.9988
12471.680,-54.7116,0.9988
12473.145,-54.6779,0.9986
12474.609,-54.6509,0.9984
12476.074,-54.6924,0.9985
12477.539,-54.6874,0.9981
12479.004,-54.6989,0.9983
12480.469,-54.6470,0.9987
12481.934,-54.7131,0.9987
12483.398,-54.6949,0.9985
12484.863,-54.6711,0.9985
12486.328,-54.6864,0.9985
12487.793,-54.6831,0.9984
12489.258,-54.7454,0.9984
12490.723,-54.6944,0.9984
12492.188,-54.6554,0.9985
12493.652,-54.6860,0.9984
12495.117,-54.6611,0.9984
12496.582,-54.7085,0.9984
12498.047,-54.6721,0.9984
12499.512,-54.7166,0.9981
12500.977,-54.6976,0.9983
12502.441,-54.7108,0.9980
12503.906,-54.7133,0.9982
12505.371,-54.6942,0.9983
12506.836,-54.7244,0.9985
12508.301,-54.7001,0.9986
12509.766,-54.6934,0.9984
12511.230,-54.6973,0.9982
12512.695,-54.6749,0.9982
12514.160,-54.6283,0.9980
12515.625,-54.6532,0.9984
12517.090,-54.6502,0.9984
12518.555,-54.7274,0.9982
12520.020,-54.7276,0.9983
12521.484,-54.7099,0.9984
12522.949,-54.7048,0.9983
12524.414,-54.6607,0.9982
12525.879,-54.6825,0.9980
12527.344,-54.7013,0.9980
12528.809,-54.6815,0.9981
12530.273,-54.6739,0.9986
12531.738,-54.7138,0.9987
12533.203,-54.6507,0.9987
12534.668,-54.6208,0.9985
12536.133,-54.6879,0.9981
12537.598,-54.7520,0.9980
12539.062,-54.6811,0.9982
12540.527,-54.6728,0.9985
12541.992,-54.7148,0.9985
12543.457,-54.6692,0.9983
12544.922,-54.6615,0.9982
12546.387,-54.7270,0.9983
12547.852,-54.6854,0.9983
12549.316,-54.6827,0.9982
12550.781,-54.6904,0.9982
12552.246,-54.6465,0.9985
12553.711,-54.6706,0.9983
12555.176,-54.7217,0.9982
12556.641,-54.7215,0.9982
12558.105,-54.6369,0.9984
12559.570,-54.6777,0.9982
12561.035,-54.7321,0.9982
12562.500,-54.6962,0.9983
12563.965,-54.6341,0.9984
12565.430,-54.6885,0.9985
12566.895,-54.6173,0.9984
12568.359,-54.7190,0.9982
12569.824,-54.6986,0.9984
12571.289,-54.6885,0.9986
12572.754,-54.7127,0.9986
12574.219,-54.6740,0.9984
12575.684,-54.6793,0.9983
12577.148,-54.6717,0.9985
12578.613,-54.6822,0.9984
12580.078,-54.6476,0.9986
12581.543,-54.6692,0.9987
12583.008,-54.7552,0.9983
12584.473,-54.7077,0.9981
12585.938,-54.6353,0.9984
12587.402,-54.6698,0.9982
12588.867,-54.6650,0.9982
12590.332,-54.6749,0.9985
12591.797,-54.6735,0.9982
12593.262,-54.6439,0.9982
12594.727,-54.6837,0.9983
12596.191,-54.6305,0.9984
12597.656,-54.6811,0.9979
12599.121,-54.6419,0.9985
12600.586,-54.6623,0.9984
12602.051,-54.6614,0.9982
12603.516,-54.6999,0.9985
12604.980,-54.7110,0.9984
12606.445,-54.6423,0.9984
12607.910,-54.6266,0.9984
12609.375,-54.6641,0.9981
12610.840,-54.6715,0.9981
12612.305,-54.6607,0.9983
12613.770,-54.6457,0.9984
12615.234,-54.6946,0.9985
12616.699,-54.6864,0.9984
12618.164,-54.6505,0.9983
12619.629,-54.6266,0.9986
12621.094,-54.6667,0.9983
12622.559,-54.6514,0.9982
12624.023,-54.6738,0.9984
12625.488,-54.6732,0.9983
12626.953,-54.6572,0.9982
12628.418,-54.6807,0.9983
12629.883,-54.6424,0.9983
12631.348,-54.6257,0.9982
12632.812,-54.6780,0.9983
12634.277,-54.7088,0.9984
12635.742,-54.6904,0.9983
12637.207,-54.6250,0.9982
12638.672,-54.6495,0.9982
12640.137,-54.6418,0.9980
12641.602,-54.6632,0.9979
12643.066,-54.6537,0.9986
12644.531,-54.6860,0.9987
12645.996,-54.6418,0.9984
12647.461,-54.6686,0.9981
12648.926,-54.6313,0.9981
12650.391,-54.7002,0.9984
12651.855,-54.6395,0.9985
12653.320,-54.6229,0.9986
12654.785,-54.6555,0.9985
12656.250,-54.6805,0.9983
12657.715,-54.6765,0.9983
12659.180,-54.7163,0.9984
12660.645,-54.6330,0.9987
12662.109,-54.6360,0.9984
12663.574,-54.6796,0.9985
12665.039,-54.6765,0.9987
12666.504,-54.6332,0.9984
12667.969,-54.6405,0.9985
12669.434,-54.6750,0.9985
12670.898,-54.6791,0.9986
12672.363,-54.6673,0.9984
12673.828,-54.5889,0.9986
12675.293,-54.6233,0.9987
12676.758,-54.6758,0.9984
12678.223,-54.6333,0.9982
12679.688,-54.6029,0.9983
12681.152,-54.6727,0.9983
12682.617,-54.6482,0.9986
12684.082,-54.5939,0.9986
12685.547,-54.6198,0.9988
12687.012,-54.7158,0.9985
12688.477,-54.6855,0.9985
12689.941,-54.6601,0.9987
12691.406,-54.6205,0.9988
12692.871,-54.6708,0.9986
12694.336,-54.6821,0.9985
12695.801,-54.6445,0.9985
12697.266,-54.6338,0.9981
12698.730,-54.6576,0.9983
12700.195,-54.6221,0.9985
12701.660,-54.7084,0.9984
12703.125,-54.6842,0.9986
12704.590,-54.6899,0.9987
12706.055,-54.6802,0.9986
12707.520,-54.6293,0.9986
12708.984,-54.6630,0.9986
12710.449,-54.6468,0.9987
12711.914,-54.6725,0.9989
12713.379,-54.6480,0.9987
12714.844,-54.6399,0.9985
12716.309,-54.7038,0.9984
12717.773,-54.6485,0.9982
12719.238,-54.6673,0.9983
12720.703,-54.6704,0.9985
12722.168,-54.6805,0.9986
12723.633,-54.6469,0.9985
12725.098,-54.6631,0.9983
12726.562,-54.6453,0.9988
12728.027,-54.6186,0.9988
12729.492,-54.6025,0.9988
12730.957,-54.6284,0.9987
12732.422,-54.6482,0.9984
12733.887,-54.6636,0.9984
12735.352,-54.6484,0.9986
12736.816,-54.6535,0.9987
12738.281,-54.6362,0.9987
12739.746,-54.6518,0.9988
12741.211,-54.6856,0.9986
12742.676,-54.6363,0.9986
12744.141,-54.6198,0.9987
12745.605,-54.6846,0.9988
12747.070,-54.6769,0.9987
12748.535,-54.6762,0.9986
12750.000,-54.6692,0.9986
12751.465,-54.6870,0.9988
12752.930,-54.6618,0.9988
12754.395,-54.6451,0.9989
12755.859,-54.6072,0.9990
12757.324,-54.6170,0.9986
12758.789,-54.6274,0.9987
12760.254,-54.6510,0.9988
12761.719,-54.6394,0.9988
12763.184,-54.6850,0.9987
12764.648,-54.6630,0.9988
12766.113,-54.6619,0.9988
12767.578,-54.6322,0.9988
12769.043,-54.6487,0.9988
12770.508,-54.6648,0.9991
12771.973,-54.6517,0.9990
12773.438,-54.6246,0.9988
12774.902,-54.6267,0.9988
12776.367,-54.6395,0.9989
12777.832,-54.6585,0.9989
12779.297,-54.6742,0.9988
12780.762,-54.6848,0.9986
12782.227,-54.6934,0.9988
12783.691,-54.6972,0.9988
12785.156,-54.6694,0.9988
12786.621,-54.6633,0.9989
12788.086,-54.6400,0.9991
12789.551,-54.6731,0.9989
12791.016,-54.6554,0.9989
12792.480,-54.6680,0.9989
12793.945,-54.6744,0.9988
12795.410,-54.6822,0.9990
12796.875,-54.6283,0.9990
12798.340,-54.5816,0.9990
12799.805,-54.6446,0.9987
12801.270,-54.6324,0.9989
12802.734,-54.6263,0.9987
12804.199,-54.6374,0.9988
12805.664,-54.6772,0.9989
12807.129,-54.6537,0.9990
12808.594,-54.6503,0.9989
12810.059,-54.6350,0.9988
12811.523,-54.6165,0.9989
12812.988,-54.6600,0.9988
12814.453,-54.6712,0.9988
12815.918,-54.6622,0.9989
12817.383,-54.6277,0.9990
12818.848,-54.6422,0.9990
12820.312,-54.6582,0.9988
12821.777,-54.6285,0.9989
12823.242,-54.6494,0.9989
12824.707,-54.6246,0.9987
12826.172,-54.6132,0.9990
12827.637,-54.6150,0.9990
12829.102,-54.6110,0.9989
12830.566,-54.6652,0.9990
12832.031,-54.6661,0.9992
12833.496,-54.6436,0.9991
12834.961,-54.6459,0.9988
12836.426,-54.6531,0.9989
12837.891,-54.6328,0.9991
12839.355,-54.6494,0.9990
12840.820,-54.6757,0.9991
12842.285,-54.6501,0.9991
12843.750,-54.6445,0.9990
12845.215,-54.6327,0.9987
12846.680,-54.6339,0.9988
12848.145,-54.6524,0.9989
12849.609,-54.6572,0.9989
12851.074,-54.6732,0.9991
12852.539,-54.6695,0.9991
12854.004,-54.6547,0.9991
12855.469,-54.6679,0.9989
12856.934,-54.6720,0.9988
12858.398,-54.6638,0.9990
12859.863,-54.6400,0.9991
12861.328,-54.6161,0.9991
12862.793,-54.6258,0.9990
12864.258,-54.6334,0.9989
12865.723,-54.6573,0.9991
12867.188,-54.6372,0.9991
12868.652,-54.6269,0.9991
12870.117,-54.6554,0.9991
12871.582,-54.6483,0.9990
12873.047,-54.6507,0.9991
12874.512,-54.6654,0.9991
12875.977,-54.6469,0.9992
12877.441,-54.6426,0.9990
12878.906,-54.6627,0.9990
12880.371,-54.6748,0.9990
12881.836,-54.6551,0.9989
12883.301,-54.6656,0.9987
12884.766,-54.6404,0.9990
12886.230,-54.6521,0.9990
12887.695,-54.6538,0.9990
12889.160,-54.6756,0.9990
12890.625,-54.6835,0.9990
12892.090,-54.6604,0.9990
12893.555,-54.6510,0.9991
12895.020,-54.6574,0.9991
12896.484,-54.6702,0.9990
12897.949,-54.6719,0.9992
12899.414,-54.6510,0.9992
12900.879,-54.6737,0.9990
12902.344,-54.7014,0.9991
12903.809,-54.6740,0.9992
12905.273,-54.6454,0.9991
12906.738,-54.6161,0.9989
12908.203,-54.5805,0.9989
12909.668,-54.6296,0.9989
12911.133,-54.6776,0.9990
12912.598,-54.6730,0.9991
12914.062,-54.6581,0.9991
12915.527,-54.6542,0.9992
12916.992,-54.6649,0.9993
12918.457,-54.6756,0.9990
12919.922,-54.6793,0.9990
12921.387,-54.6646,0.9991
12922.852,-54.6413,0.9992
12924.316,-54.6614,0.9992
12925.781,-54.6734,0.9993
12927.246,-54.6487,0.9992
12928.711,-54.6615,0.9991
12930.176,-54.6644,0.9992
12931.641,-54.6165,0.9993
12933.105,-54.6149,0.9993
12934.570,-54.6411,0.9992
12936.035,-54.6420,0.9992
12937.500,-54.6422,0.9991
12938.965,-54.6588,0.9991
12940.430,-54.6599,0.9992
12941.895,-54.6642,0.9991
12943.359,-54.6832,0.9991
12944.824,-54.6654,0.9992
12946.289,-54.6442,0.9991
12947.754,-54.6500,0.9991
12949.219,-54.6850,0.9991
12950.684,-54.6867,0.9991
12952.148,-54.6274,0.9993
12953.613,-54.6166,0.9992
12955.078,-54.6448,0.9992
12956.543,-54.6654,0.9993
12958.008,-54.6493,0.9992
12959.473,-54.6406,0.9991
12960.938,-54.6505,0.9993
12962.402,-54.6403,0.9992
12963.867,-54.6584,0.9991
12965.332,-54.6858,0.9990
12966.797,-54.6747,0.9990
12968.262,-54.6760,0.9990
12969.727,-54.6900,0.9990
12971.191,-54.6757,0.9990
12972.656,-54.6307,0.9991
12974.121,-54.6142,0.9991
12975.586,-54.6237,0.9991
12977.051,-54.6517,0.9991
12978.516,-54.6572,0.9991
12979.980,-54.6550,0.9991
12981.445,-54.6628,0.9991
12982.910,-54.6526,0.9991
12984.375,-54.6643,0.9991
12985.840,-54.6742,0.9993
12987.305,-54.6627,0.9991
12988.770,-54.6536,0.9991
12990.234,-54.6713,0.9992
12991.699,-54.7018,0.9992
12993.164,-54.7038,0.9992
12994.629,-54.6865,0.9993
12996.094,-54.6744,0.9993
12997.559,-54.6763,0.9992
12999.023,-54.6797,0.9993
13000.488,-54.6663,0.9993
13001.953,-54.6495,0.9992
13003.418,-54.6463,0.9993
13004.883,-54.6527,0.9992
13006.348,-54.6590,0.9993
13007.812,-54.6596,0.9992
13009.277,-54.6705,0.9991
13010.742,-54.6926,0.9992
13012.207,-54.7044,0.9992
13013.672,-54.6968,0.9992
13015.137,-54.6785,0.9993
13016.602,-54.6846,0.9992
13018.066,-54.6926,0.9991
13019.531,-54.6896,0.9991
13020.996,-54.6858,0.9993
13022.461,-54.6901,0.9992
13023.926,-54.6887,0.9992
13025.391,-54.6878,0.9992
13026.855,-54.7018,0.9992
13028.320,-54.7143,0.9992
13029.785,-54.7197,0.9992
13031.250,-54.7025,0.9992
13032.715,-54.6680,0.9991
13034.180,-54.6522,0.9992
13035.645,-54.6697,0.9993
13037.109,-54.6659,0.9993
13038.574,-54.6487,0.9992
13040.039,-54.6778,0.9992
13041.504,-54.6997,0.9993
13042.969,-54.6951,0.9993
13044.434,-54.6970,0.9991
13045.898,-54.6993,0.9991
13047.363,-54.6990,0.9992
13048.828,-54.6924,0.9993
13050.293,-54.6826,0.9993
13051.758,-54.6892,0.9992
13053.223,-54.6730,0.9992
13054.688,-54.6556,0.9992
13056.152,-54.6833,0.9991
13057.617,-54.6999,0.9991
13059.082,-54.7040,0.9992
13060.547,-54.6969,0.9991
13062.012,-54.6776,0.9992
13063.477,-54.6692,0.9992
13064.941,-54.6619,0.9993
13066.406,-54.6674,0.9992
13067.871,-54.6703,0.9992
13069.336,-54.6514,0.9992
13070.801,-54.6600,0.9992
13072.266,-54.6974,0.9991
13073.730,-54.6929,0.9990
13075.195,-54.6618,0.9992
13076.660,-54.6699,0.9993
13078.125,-54.6908,0.9991
13079.590,-54.6900,0.9992
13081.055,-54.6801,0.9992
13082.520,-54.6727,0.9992
13083.984,-54.6765,0.9992
13085.449,-54.6953,0.9992
13086.914,-54.6978,0.9992
13088.379,-54.6739,0.9992
13089.844,-54.6706,0.9992
13091.309,-54.6820,0.9993
13092.773,-54.6846,0.9992
13094.238,-54.6887,0.9991
13095.703,-54.6896,0.9990
13097.168,-54.6838,0.9991
13098.633,-54.6805,0.9993
13100.098,-54.6731,0.9992
13101.562,-54.6660,0.9992
13103.027,-54.6794,0.9992
13104.492,-54.6986,0.9991
13105.957,-54.6947,0.9992
13107.422,-54.6828,0.9992
13108.887,-54.6662,0.9992
13110.352,-54.6536,0.9993
13111.816,-54.6710,0.9992
13113.281,-54.6799,0.9993
13114.746,-54.6704,0.9992
13116.211,-54.6675,0.9992
13117.676,-54.6720,0.9992
13119.141,-54.6831,0.9989
13120.605,-54.6990,0.9992
13122.070,-54.6963,0.9992
13123.535,-54.6733,0.9990
13125.000,-54.6649,0.9991
13126.465,-54.6692,0.9992
13127.930,-54.6766,0.9991
13129.395,-54.6913,0.9991
13130.859,-54.6955,0.9991
13132.324,-54.6854,0.9990
13133.789,-54.6827,0.9991
13135.254,-54.6828,0.9992
13136.719,-54.6735,0.9991
13138.184,-54.6619,0.9990
13139.648,-54.6670,0.9991
13141.113,-54.6928,0.9994
13142.578,-54.6978,0.9993
13144.043,-54.6761,0.9993
13145.508,-54.6823,0.9993
13146.973,-54.7052,0.9993
13148.438,-54.6984,0.9993
13149.902,-54.6988,0.9992
13151.367,-54.7060,0.9992
13152.832,-54.6847,0.9992
13154.297,-54.6886,0.9990
13155.762,-54.6977,0.9991
13157.227,-54.6897,0.9993
13158.691,-54.7127,0.9992
13160.156,-54.7284,0.9992
13161.621,-54.7221,0.9991
13163.086,-54.6990,0.9992
13164.551,-54.6807,0.9991
13166.016,-54.6956,0.9991
13167.480,-54.6982,0.9991
13168.945,-54.7041,0.9992
13170.410,-54.7035,0.9992
13171.875,-54.6837,0.9992
13173.340,-54.6921,0.9991
13174.805,-54.7010,0.9990
13176.270,-54.7046,0.9991
13177.734,-54.7067,0.9991
13179.199,-54.6857,0.9991
13180.664,-54.6665,0.9991
13182.129,-54.6856,0.9992
13183.594,-54.6987,0.9993
13185.059,-54.6942,0.9992
13186.523,-54.7083,0.9991
13187.988,-54.7174,0.9991
13189.453,-54.7069,0.9991
13190.918,-54.6981,0.9992
13192.383,-54.6963,0.9991
13193.848,-54.6957,0.9990
13195.312,-54.6928,0.9991
13196.777,-54.6731,0.9992
13198.242,-54.6488,0.9992
13199.707,-54.6448,0.9990
13201.172,-54.6654,0.9991
13202.637,-54.6979,0.9992
13204.102,-54.7200,0.9991
13205.566,-54.7234,0.9992
13207.031,-54.6996,0.9993
13208.496,-54.6831,0.9992
13209.961,-54.6992,0.9990
13211.426,-54.7172,0.9989
13212.891,-54.7163,0.9989
13214.355,-54.6965,0.9990
13215.820,-54.7043,0.9990
13217.285,-54.6951,0.9991
13218.750,-54.6879,0.9992
13220.215,-54.6916,0.9994
13221.680,-54.6860,0.9992
13223.145,-54.6778,0.9990
13224.609,-54.6946,0.9990
13226.074,-54.6847,0.9990
13227.539,-54.6752,0.9989
13229.004,-54.7163,0.9989
13230.469,-54.7087,0.9990
13231.934,-54.7148,0.9990
13233.398,-54.7174,0.9991
13234.863,-54.7058,0.9992
13236.328,-54.6833,0.9991
13237.793,-54.7030,0.9990
13239.258,-54.7239,0.9990
13240.723,-54.7131,0.9990
13242.188,-54.6967,0.9991
13243.652,-54.6914,0.9989
13245.117,-54.6728,0.9990
13246.582,-54.6576,0.9991
13248.047,-54.6827,0.9992
13249.512,-54.7210,0.9992
13250.977,-54.7332,0.9992
13252.441,-54.7582,0.9990
13253.906,-54.7605,0.9990
13255.371,-54.7695,0.9991
13256.836,-54.7490,0.9990
13258.301,-54.6967,0.9991
13259.766,-54.6741,0.9992
13261.230,-54.6984,0.9992
13262.695,-54.7015,0.9993
13264.160,-54.6913,0.9992
13265.625,-54.6972,0.9991
13267.090,-54.7064,0.9990
13268.555,-54.6975,0.9992
13270.020,-54.6920,0.9992
13271.484,-54.7093,0.9992
13272.949,-54.6666,0.9991
13274.414,-54.6662,0.9991
13275.879,-54.6904,0.9991
13277.344,-54.6920,0.9990
13278.809,-54.7043,0.9990
13280.273,-54.7452,0.9990
13281.738,-54.7546,0.9989
13283.203,-54.7250,0.9990
13284.668,-54.7331,0.9990
13286.133,-54.7273,0.9990
13287.598,-54.7011,0.9993
13289.062,-54.7152,0.9993
13290.527,-54.7197,0.9992
13291.992,-54.7278,0.9990
13293.457,-54.7224,0.9988
13294.922,-54.7226,0.9989
13296.387,-54.7403,0.9990
13297.852,-54.7320,0.9990
13299.316,-54.7168,0.9991
13300.781,-54.7113,0.9990
13302.246,-54.7181,0.9990
13303.711,-54.7528,0.9991
13305.176,-54.7603,0.9991
13306.641,-54.7579,0.9990
13308.105,-54.7421,0.9989
13309.570,-54.7338,0.9991
13311.035,-54.7303,0.9989
13312.500,-54.7328,0.9990
13313.965,-54.7116,0.9993
13315.430,-54.7088,0.9992
13316.895,-54.7311,0.9989
13318.359,-54.7290,0.9989
13319.824,-54.7346,0.9990
13321.289,-54.7189,0.9990
13322.754,-54.7114,0.9991
13324.219,-54.7346,0.9991
13325.684,-54.7267,0.9991
13327.148,-54.7413,0.9991
13328.613,-54.7512,0.9991
13330.078,-54.7277,0.9989
13331.543,-54.7236,0.9989
13333.008,-54.7212,0.9988
13334.473,-54.7735,0.9989
13335.938,-54.7507,0.9991
13337.402,-54.7141,0.9991
13338.867,-54.7037,0.9990
13340.332,-54.7316,0.9988
13341.797,-54.7299,0.9988
13343.262,-54.6610,0.9987
13344.727,-54.6830,0.9988
13346.191,-54.6938,0.9989
13347.656,-54.6852,0.9990
13349.121,-54.7193,0.9992
13350.586,-54.7175,0.9993
13352.051,-54.6872,0.9992
13353.516,-54.6837,0.9991
13354.980,-54.7125,0.9990
13356.445,-54.7348,0.9989
13357.910,-54.7475,0.9987
13359.375,-54.7574,0.9989
13360.840,-54.7430,0.9990
13362.305,-54.7487,0.9991
13363.770,-54.7486,0.9991
13365.234,-54.7651,0.9990
13366.699,-54.7251,0.9988
13368.164,-54.6977,0.9989
13369.629,-54.7035,0.9988
13371.094,-54.7279,0.9989
13372.559,-54.7459,0.9989
13374.023,-54.7390,0.9988
13375.488,-54.7326,0.9990
13376.953,-54.7314,0.9989
13378.418,-54.7286,0.9989
13379.883,-54.7455,0.9990
13381.348,-54.7526,0.9988
13382.812,-54.7563,0.9987
13384.277,-54.7638,0.9989
13385.742,-54.7583,0.9988
13387.207,-54.7457,0.9987
13388.672,-54.7359,0.9989
13390.137,-54.7152,0.9989
13391.602,-54.7167,0.9989
13393.066,-54.6948,0.9986
13394.531,-54.7071,0.9986
13395.996,-54.7051,0.9987
13397.461,-54.6829,0.9987
13398.926,-54.7488,0.9987
13400.391,-54.7427,0.9986
13401.855,-54.7579,0.9987
13403.320,-54.7704,0.9987
13404.785,-54.7817,0.9985
13406.250,-54.7053,0.9984
13407.715,-54.7046,0.9984
13409.180,-54.7380,0.9984
13410.645,-54.7118,0.9987
13412.109,-54.7111,0.9988
13413.574,-54.7323,0.9987
13415.039,-54.7574,0.9987
13416.504,-54.7418,0.9987
13417.969,-54.7360,0.9987
13419.434,-54.7285,0.9987
13420.898,-54.7109,0.9986
13422.363,-54.7149,0.9986
13423.828,-54.7350,0.9984
13425.293,-54.7385,0.9986
13426.758,-54.7658,0.9986
13428.223,-54.7620,0.9989
13429.688,-54.7122,0.9987
13431.152,-54.7029,0.9983
13432.617,-54.7375,0.9986
13434.082,-54.7594,0.9988
13435.547,-54.7417,0.9989
13437.012,-54.7287,0.9986
13438.477,-54.7579,0.9987
13439.941,-54.7437,0.9985
13441.406,-54.6911,0.9984
13442.871,-54.7146,0.9989
13444.336,-54.6956,0.9986
13445.801,-54.7460,0.9988
13447.266,-54.7566,0.9988
13448.730,-54.7723,0.9986
13450.195,-54.7609,0.9988
13451.660,-54.7310,0.9990
13453.125,-54.7928,0.9987
13454.590,-54.7381,0.9985
13456.055,-54.7199,0.9985
13457.520,-54.7177,0.9987
13458.984,-54.6893,0.9987
13460.449,-54.7253,0.9985
13461.914,-54.6937,0.9986
13463.379,-54.7015,0.9988
13464.844,-54.6942,0.9988
13466.309,-54.7251,0.9987
13467.773,-54.7353,0.9985
13469.238,-54.7323,0.9980
13470.703,-54.7843,0.9981
13472.168,-54.7752,0.9983
13473.633,-54.7116,0.9985
13475.098,-54.6998,0.9985
13476.562,-54.7180,0.9986
13478.027,-54.7334,0.9984
13479.492,-54.7348,0.9985
13480.957,-54.7292,0.9987
13482.422,-54.7038,0.9985
13483.887,-54.7223,0.9986
13485.352,-54.7021,0.9988
13486.816,-54.6957,0.9987
13488.281,-54.7267,0.9986
13489.746,-54.7519,0.9985
13491.211,-54.7503,0.9986
13492.676,-54.7147,0.9987
13494.141,-54.6878,0.9988
13495.605,-54.7178,0.9986
13497.070,-54.7293,0.9986
13498.535,-54.7469,0.9986
13500.000,-54.7108,0.9986
13501.465,-54.7333,0.9987
13502.930,-54.7174,0.9986
13504.395,-54.6972,0.9987
13505.859,-54.7273,0.9987
13507.324,-54.7286,0.9986
13508.789,-54.7442,0.9985
13510.254,-54.6871,0.9985
13511.719,-54.7155,0.9982
13513.184,-54.7513,0.9981
13514.648,-54.7358,0.9982
13516.113,-54.7465,0.9985
13517.578,-54.7430,0.9986
13519.043,-54.6980,0.9985
13520.508,-54.7593,0.9986
13521.973,-54.7884,0.9984
13523.438,-54.7467,0.9981
13524.902,-54.7536,0.9984
13526.367,-54.7351,0.9987
13527.832,-54.7330,0.9985
13529.297,-54.7259,0.9985
13530.762,-54.7401,0.9983
13532.227,-54.7338,0.9983
13533.691,-54.7084,0.9983
13535.156,-54.7075,0.9984
13536.621,-54.7411,0.9984
13538.086,-54.7846,0.9984
13539.551,-54.7118,0.9985
13541.016,-54.7266,0.9984
13542.480,-54.6543,0.9984
13543.945,-54.6736,0.9985
13545.410,-54.7468,0.9984
13546.875,-54.7623,0.9981
13548.340,-54.7186,0.9982
13549.805,-54.7018,0.9983
13551.270,-54.7317,0.9981
13552.734,-54.7094,0.9982
13554.199,-54.7205,0.9985
13555.664,-54.7056,0.9983
13557.129,-54.7291,0.9984
13558.594,-54.7049,0.9984
13560.059,-54.7155,0.9982
13561.523,-54.7379,0.9983
13562.988,-54.6975,0.9987
13564.453,-54.6701,0.9983
13565.918,-54.7041,0.9982
13567.383,-54.7472,0.9981
13568.848,-54.7705,0.9982
13570.312,-54.7102,0.9981
13571.777,-54.6860,0.9983
13573.242,-54.7097,0.9982
13574.707,-54.7053,0.9981
13576.172,-54.7076,0.9980
13577.637,-54.6977,0.9983
13579.102,-54.7544,0.9984
13580.566,-54.7046,0.9980
13582.031,-54.7355,0.9980
13583.496,-54.7392,0.9981
13584.961,-54.7370,0.9985
13586.426,-54.6805,0.9985
13587.891,-54.7111,0.9987
13589.355,-54.6935,0.9982
13590.820,-54.7176,0.9982
13592.285,-54.7074,0.9981
13593.750,-54.7100,0.9983
13595.215,-54.7169,0.9985
13596.680,-54.6936,0.9986
13598.145,-54.6621,0.9983
13599.609,-54.7040,0.9984
13601.074,-54.7194,0.9987
13602.539,-54.7303,0.9982
13604.004,-54.6935,0.9980
13605.469,-54.6869,0.9982
13606.934,-54.6785,0.9982
13608.398,-54.7190,0.9983
13609.863,-54.6874,0.9984
13611.328,-54.7023,0.9985
13612.793,-54.7110,0.9986
13614.258,-54.7363,0.9984
13615.723,-54.6743,0.9982
13617.188,-54.7507,0.9978
13618.652,-54.7169,0.9978
13620.117,-54.7755,0.9980
13621.582,-54.6936,0.9981
13623.047,-54.6136,0.9982
13624.512,-54.7014,0.9984
13625.977,-54.7181,0.9983
13627.441,-54.6888,0.9982
13628.906,-54.6584,0.9983
13630.371,-54.6754,0.9982
13631.836,-54.6976,0.9981
13633.301,-54.6943,0.9982
13634.766,-54.6939,0.9981
13636.230,-54.6750,0.9983
13637.695,-54.6333,0.9986
13639.160,-54.7084,0.9981
13640.625,-54.7396,0.9982
13642.090,-54.7305,0.9981
13643.555,-54.6673,0.9980
13645.020,-54.6874,0.9980
13646.484,-54.7171,0.9983
13647.949,-54.6959,0.9986
13649.414,-54.6553,0.9984
13650.879,-54.6954,0.9983
13652.344,-54.6711,0.9980
13653.809,-54.7363,0.9984
13655.273,-54.6721,0.9985
13656.738,-54.6850,0.9986
13658.203,-54.6980,0.9986
13659.668,-54.7247,0.9985
13661.133,-54.7194,0.9987
13662.598,-54.6575,0.9986
13664.062,-54.6749,0.9986
13665.527,-54.7871,0.9982
13666.992,-54.7582,0.9982
13668.457,-54.6767,0.9983
13669.922,-54.6450,0.9982
13671.387,-54.6967,0.9980
13672.852,-54.7074,0.9983
13674.316,-54.6547,0.9982
13675.781,-54.7285,0.9981
13677.246,-54.7282,0.9979
13678.711,-54.7139,0.9983
13680.176,-54.7537,0.9986
13681.641,-54.6945,0.9986
13683.105,-54.6498,0.9984
13684.570,-54.6732,0.9981
13686.035,-54.6653,0.9983
13687.500,-54.6933,0.9982
13688.965,-54.7240,0.9977
13690.430,-54.6377,0.9980
13691.895,-54.7304,0.9980
13693.359,-54.7027,0.9983
13694.824,-54.6930,0.9982
13696.289,-54.6305,0.9981
13697.754,-54.6869,0.9983
13699.219,-54.6725,0.9982
13700.684,-54.6546,0.9982
13702.148,-54.6733,0.9982
13703.613,-54.7229,0.9979
13705.078,-54.6896,0.9981
13706.543,-54.7189,0.9983
13708.008,-54.6880,0.9986
13709.473,-54.7068,0.9982
13710.938,-54.6964,0.9984
13712.402,-54.6579,0.9984
13713.867,-54.6612,0.9985
13715.332,-54.7074,0.9983
13716.797,-54.7302,0.9983
13718.262,-54.6695,0.9981
13719.727,-54.6843,0.9981
13721.191,-54.6659,0.9984
13722.656,-54.6856,0.9981
13724.121,-54.6922,0.9982
13725.586,-54.6751,0.9984
13727.051,-54.6632,0.9984
13728.516,-54.7209,0.9981
13729.980,-54.6865,0.9983
13731.445,-54.6806,0.9984
13732.910,-54.7132,0.9982
13734.375,-54.6322,0.9985
13735.840,-54.7081,0.9985
13737.305,-54.6764,0.9984
13738.770,-54.5931,0.9985
13740.234,-54.7099,0.9983
13741.699,-54.7073,0.9981
13743.164,-54.6894,0.9984
13744.629,-54.6915,0.9985
13746.094,-54.6943,0.9985
13747.559,-54.6647,0.9983
13749.023,-54.6483,0.9982
13750.488,-54.6710,0.9986
13751.953,-54.7417,0.9983
13753.418,-54.6978,0.9983
13754.883,-54.7007,0.9985
13756.348,-54.6653,0.9984
13757.812,-54.7054,0.9985
13759.277,-54.6475,0.9987
13760.742,-54.6351,0.9984
13762.207,-54.6449,0.9986
13763.672,-54.6788,0.9986
13765.137,-54.6864,0.9985
13766.602,-54.6623,0.9985
13768.066,-54.6506,0.9985
13769.531,-54.7205,0.9980
13770.996,-54.7366,0.9983
13772.461,-54.6860,0.9984
13773.926,-54.6948,0.9987
13775.391,-54.6704,0.9985
13776.855,-54.6295,0.9986
13778.320,-54.6376,0.9984
13779.785,-54.6488,0.9985
13781.250,-54.6684,0.9985
13782.715,-54.6955,0.9984
13784.180,-54.6760,0.9985
13785.645,-54.6434,0.9987
13787.109,-54.6733,0.9984
13788.574,-54.7158,0.9984
13790.039,-54.6490,0.9985
13791.504,-54.6859,0.9984
13792.969,-54.7051,0.9986
13794.434,-54.7075,0.9987
13795.898,-54.6658,0.9987
13797.363,-54.6555,0.9986
13798.828,-54.6711,0.9985
13800.293,-54.6444,0.9987
13801.758,-54.6681,0.9988
13803.223,-54.6547,0.9985
13804.688,-54.6392,0.9987
13806.152,-54.6674,0.9986
13807.617,-54.6695,0.9987
13809.082,-54.6760,0.9987
13810.547,-54.6492,0.9985
13812.012,-54.6804,0.9986
13813.477,-54.6457,0.9987
13814.941,-54.6327,0.9988
13816.406,-54.6592,0.9987
13817.871,-54.6908,0.9986
13819.336,-54.6242,0.9986
13820.801,-54.6350,0.9985
13822.266,-54.6726,0.9985
13823.730,-54.6698,0.9986
13825.195,-54.6229,0.9988
13826.660,-54.6460,0.9986
13828.125,-54.6622,0.9986
13829.590,-54.7149,0.9985
13831.055,-54.6844,0.9986
13832.520,-54.6727,0.9985
13833.984,-54.6474,0.9986
13835.449,-54.6844,0.9986
13836.914,-54.6585,0.9988
13838.379,-54.6344,0.9987
13839.844,-54.6197,0.9987
13841.309,-54.6720,0.9988
13842.773,-54.6419,0.9986
13844.238,-54.6364,0.9984
13845.703,-54.6087,0.9986
13847.168,-54.6589,0.9987
13848.633,-54.6694,0.9987
13850.098,-54.6421,0.9987
13851.562,-54.6310,0.9986
13853.027,-54.6403,0.9987
13854.492,-54.6780,0.9988
13855.957,-54.6696,0.9988
13857.422,-54.6660,0.9988
13858.887,-54.6481,0.9987
13860.352,-54.6113,0.9986
13861.816,-54.6626,0.9988
13863.281,-54.6829,0.9987
13864.746,-54.6933,0.9987
13866.211,-54.6691,0.9985
13867.676,-54.6798,0.9986
13869.141,-54.6608,0.9986
13870.605,-54.6455,0.9987
13872.070,-54.6605,0.9990
13873.535,-54.6714,0.9990
13875.000,-54.6885,0.9986
13876.465,-54.6690,0.9986
13877.930,-54.6931,0.9984
13879.395,-54.6583,0.9986
13880.859,-54.6565,0.9988
13882.324,-54.6629,0.9989
13883.789,-54.6519,0.9987
13885.254,-54.6483,0.9988
13886.719,-54.6990,0.9988
13888.184,-54.6729,0.9988
13889.648,-54.6588,0.9989
13891.113,-54.6357,0.9988
13892.578,-54.6421,0.9987
13894.043,-54.6583,0.9989
13895.508,-54.6183,0.9991
13896.973,-54.6521,0.9989
13898.438,-54.6963,0.9986
13899.902,-54.6582,0.9989
13901.367,-54.6523,0.9988
13902.832,-54.6506,0.9989
13904.297,-54.6256,0.9990
13905.762,-54.6518,0.9989
13907.227,-54.6791,0.9988
13908.691,-54.6702,0.9989
13910.156,-54.6842,0.9988
13911.621,-54.6504,0.9988
13913.086,-54.6698,0.9985
13914.551,-54.6515,0.9987
13916.016,-54.6939,0.9989
13917.480,-54.6620,0.9992
13918.945,-54.6722,0.9990
13920.410,-54.7066,0.9988
13921.875,-54.6641,0.9989
13923.340,-54.6376,0.9990
13924.805,-54.6697,0.9991
13926.270,-54.6854,0.9990
13927.734,-54.6608,0.9989
13929.199,-54.6853,0.9989
13930.664,-54.7050,0.9989
13932.129,-54.6697,0.9991
13933.594,-54.6596,0.9991
13935.059,-54.6323,0.9990
13936.523,-54.6418,0.9988
13937.988,-54.6352,0.9989
13939.453,-54.6628,0.9989
13940.918,-54.6894,0.9987
13942.383,-54.6695,0.9988
13943.848,-54.6811,0.9987
13945.312,-54.7168,0.9987
13946.777,-54.6782,0.9989
13948.242,-54.6415,0.9989
13949.707,-54.6430,0.9987
13951.172,-54.6093,0.9988
13952.637,-54.6390,0.9990
13954.102,-54.6867,0.9989
13955.566,-54.6689,0.9987
13957.031,-54.6196,0.9988
13958.496,-54.6224,0.9990
13959.961,-54.6769,0.9988
13961.426,-54.6774,0.9990
13962.891,-54.6672,0.9990
13964.355,-54.6514,0.9989
13965.820,-54.6308,0.9987
13967.285,-54.6410,0.9990
13968.750,-54.6780,0.9990
13970.215,-54.6588,0.9990
13971.680,-54.6661,0.9991
13973.145,-54.6539,0.9989
13974.609,-54.6578,0.9989
13976.074,-54.6542,0.9989
13977.539,-54.6498,0.9989
13979.004,-54.6595,0.9988
13980.469,-54.6796,0.9989
13981.934,-54.6821,0.9991
13983.398,-54.6723,0.9990
13984.863,-54.6666,0.9989
13986.328,-54.6765,0.9990
13987.793,-54.6750,0.9990
13989.258,-54.6528,0.9990
13990.723,-54.6614,0.9991
13992.188,-54.6824,0.9991
13993.652,-54.6915,0.9991
13995.117,-54.7161,0.9989
13996.582,-54.7045,0.9990
13998.047,-54.6825,0.9990
13999.512,-54.6256,0.9990
14000.977,-54.6363,0.9989
14002.441,-54.6928,0.9991
14003.906,-54.7079,0.9991
14005.371,-54.7125,0.9990
14006.836,-54.6853,0.9990
14008.301,-54.6383,0.9990
14009.766,-54.6408,0.9990
14011.230,-54.6784,0.9990
14012.695,-54.6714,0.9988
14014.160,-54.6601,0.9990
14015.625,-54.6673,0.9990
14017.090,-54.7000,0.9989
14018.555,-54.7101,0.9989
14020.020,-54.7236,0.9989
14021.484,-54.7020,0.9989
14022.949,-54.6865,0.9990
14024.414,-54.6710,0.9990
14025.879,-54.6575,0.9990
14027.344,-54.6394,0.9990
14028.809,-54.6454,0.9989
14030.273,-54.6660,0.9989
14031.738,-54.6724,0.9991
14033.203,-54.6882,0.9992
14034.668,-54.6910,0.9991
14036.133,-54.6622,0.9989
14037.598,-54.6587,0.9989
14039.062,-54.6776,0.9989
14040.527,-54.7025,0.9993
14041.992,-54.7247,0.9993
14043.457,-54.7034,0.9992
14044.922,-54.6726,0.9990
14046.387,-54.6746,0.9989
14047.852,-54.6968,0.9991
14049.316,-54.7069,0.9991
14050.781,-54.7157,0.9990
14052.246,-54.7116,0.9991
14053.711,-54.6992,0.9992
14055.176,-54.6688,0.9991
14056.641,-54.6605,0.9990
14058.105,-54.6622,0.9990
14059.570,-54.6603,0.9990
14061.035,-54.6613,0.9991
14062.500,-54.6766,0.9990
14063.965,-54.6957,0.9991
14065.430,-54.6793,0.9991
14066.895,-54.6531,0.9991
14068.359,-54.6530,0.9991
14069.824,-54.6772,0.9992
14071.289,-54.7101,0.9991
14072.754,-54.7084,0.9991
14074.219,-54.6994,0.9991
14075.684,-54.6972,0.9991
14077.148,-54.7025,0.9991
14078.613,-54.6947,0.9991
14080.078,-54.6582,0.9991
14081.543,-54.6345,0.9990
14083.008,-54.6599,0.9991
14084.473,-54.6989,0.9992
14085.938,-54.7015,0.9990
14087.402,-54.6908,0.9990
14088.867,-54.6972,0.9991
14090.332,-54.6988,0.9991
14091.797,-54.7061,0.9989
14093.262,-54.6854,0.9990
14094.727,-54.6770,0.9991
14096.191,-54.7037,0.9991
14097.656,-54.7105,0.9991
14099.121,-54.7127,0.9992
14100.586,-54.7301,0.9992
14102.051,-54.7183,0.9992
14103.516,-54.6890,0.9992
14104.980,-54.6671,0.9992
14106.445,-54.6442,0.9992
14107.910,-54.6529,0.9992
14109.375,-54.6968,0.9993
14110.840,-54.7128,0.9991
14112.305,-54.6997,0.9991
14113.770,-54.6891,0.9993
14115.234,-54.6953,0.9990
14116.699,-54.6940,0.9990
14118.164,-54.6758,0.9992
14119.629,-54.6946,0.9991
14121.094,-54.7218,0.9991
14122.559,-54.7210,0.9992
14124.023,-54.6875,0.9991
14125.488,-54.6704,0.9992
14126.953,-54.6883,0.9990
14128.418,-54.6907,0.9990
14129.883,-54.6734,0.9990
14131.348,-54.6741,0.9990
14132.812,-54.7067,0.9990
14134.277,-54.7252,0.9991
14135.742,-54.7161,0.9990
14137.207,-54.7021,0.9990
14138.672,-54.6909,0.9992
14140.137,-54.6976,0.9991
14141.602,-54.7133,0.9989
14143.066,-54.7111,0.9989
14144.531,-54.6945,0.9991
14145.996,-54.7065,0.9993
14147.461,-54.7225,0.9992
14148.926,-54.7111,0.9990
14150.391,-54.6934,0.9993
14151.855,-54.6812,0.9993
14153.320,-54.6777,0.9992
14154.785,-54.6809,0.9993
14156.250,-54.6807,0.9993
14157.715,-54.7000,0.9993
14159.180,-54.7204,0.9993
14160.645,-54.7194,0.9993
14162.109,-54.7221,0.9992
14163.574,-54.7221,0.9992
14165.039,-54.7204,0.9992
14166.504,-54.7106,0.9990
14167.969,-54.7044,0.9990
14169.434,-54.7109,0.9992
14170.898,-54.7022,0.9993
14172.363,-54.6895,0.9990
14173.828,-54.6921,0.9989
14175.293,-54.6880,0.9989
14176.758,-54.6948,0.9990
14178.223,-54.7118,0.9991
14179.688,-54.7181,0.9992
14181.152,-54.7216,0.9990
14182.617,-54.7021,0.9990
14184.082,-54.6753,0.9991
14185.547,-54.6633,0.9992
14187.012,-54.6573,0.9991
14188.477,-54.6721,0.9991
14189.941,-54.7109,0.9991
14191.406,-54.7282,0.9992
14192.871,-54.7099,0.9992
14194.336,-54.6991,0.9992
14195.801,-54.6879,0.9989
14197.266,-54.6652,0.9990
14198.730,-54.6821,0.9991
14200.195,-54.7068,0.9991
14201.660,-54.6948,0.9990
14203.125,-54.6868,0.9989
14204.590,-54.6825,0.9990
14206.055,-54.6809,0.9992
14207.520,-54.6912,0.9991
14208.984,-54.6957,0.9990
14210.449,-54.6979,0.9991
14211.914,-54.6894,0.9993
14213.379,-54.6831,0.9992
14214.844,-54.6946,0.9991
14216.309,-54.7001,0.9991
14217.773,-54.7011,0.9990
14219.238,-54.7164,0.9990
14220.703,-54.7289,0.9990
14222.168,-54.7166,0.9990
14223.633,-54.7119,0.9991
14225.098,-54.7261,0.9992
14226.562,-54.7067,0.9992
14228.027,-54.6788,0.9993
14229.492,-54.6978,0.9990
14230.957,-54.7143,0.9990
14232.422,-54.7006,0.9990
14233.887,-54.6760,0.9991
14235.352,-54.6751,0.9992
14236.816,-54.6928,0.9992
14238.281,-54.6855,0.9992
14239.746,-54.6875,0.9991
14241.211,-54.6918,0.9991
14242.676,-54.6825,0.9991
14244.141,-54.6864,0.9990
14245.605,-54.6928,0.9990
14247.070,-54.7072,0.9991
14248.535,-54.7151,0.9991
14250.000,-54.7061,0.9990
14251.465,-54.6990,0.9990
14252.930,-54.6889,0.9989
14254.395,-54.7030,0.9991
14255.859,-54.7266,0.9990
14257.324,-54.7211,0.9992
14258.789,-54.7163,0.9992
14260.254,-54.7244,0.9991
14261.719,-54.7283,0.9991
14263.184,-54.7195,0.9991
14264.648,-54.7194,0.9991
14266.113,-54.7276,0.9990
14267.578,-54.7111,0.9991
14269.043,-54.6898,0.9991
14270.508,-54.7001,0.9990
14271.973,-54.7242,0.9991
14273.438,-54.7216,0.9991
14274.902,-54.7159,0.9992
14276.367,-54.7235,0.9992
14277.832,-54.7157,0.9992
14279.297,-54.7004,0.9992
14280.762,-54.7118,0.9992
14282.227,-54.7258,0.9991
14283.691,-54.7214,0.9990
14285.156,-54.7269,0.9991
14286.621,-54.7350,0.9991
14288.086,-54.7232,0.9991
14289.551,-54.7197,0.9993
14291.016,-54.7179,0.9992
14292.480,-54.7010,0.9990
14293.945,-54.7136,0.9989
14295.410,-54.7341,0.9991
14296.875,-54.7237,0.9991
14298.340,-54.7256,0.9991
14299.805,-54.7173,0.9991
14301.270,-54.7053,0.9990
14302.734,-54.7081,0.9989
14304.199,-54.7144,0.9990
14305.664,-54.7288,0.9990
14307.129,-54.7414,0.9991
14308.594,-54.7379,0.9987
14310.059,-54.7174,0.9991
14311.523,-54.6847,0.9991
14312.988,-54.6810,0.9992
14314.453,-54.7134,0.9992
14315.918,-54.7474,0.9991
14317.383,-54.7433,0.9990
14318.848,-54.7090,0.9992
14320.312,-54.7151,0.9991
14321.777,-54.7319,0.9991
14323.242,-54.7412,0.9991
14324.707,-54.7572,0.9991
14326.172,-54.7636,0.9990
14327.637,-54.7569,0.9991
14329.102,-54.7225,0.9991
14330.566,-54.7060,0.9990
14332.031,-54.7292,0.9990
14333.496,-54.7340,0.9991
14334.961,-54.7113,0.9991
14336.426,-54.6869,0.9992
14337.891,-54.6886,0.9991
14339.355,-54.7009,0.9991
14340.820,-54.7074,0.9991
14342.285,-54.7105,0.9990
14343.750,-54.7023,0.9990
14345.215,-54.7167,0.9991
14346.680,-54.7076,0.9990
14348.145,-54.6959,0.9991
14349.609,-54.7191,0.9990
14351.074,-54.7383,0.9989
14352.539,-54.7406,0.9989
14354.004,-54.7487,0.9990
14355.469,-54.7383,0.9989
14356.934,-54.7199,0.9991
14358.398,-54.7186,0.9991
14359.863,-54.7135,0.9991
14361.328,-54.7140,0.9991
14362.793,-54.6990,0.9991
14364.258,-54.7191,0.9991
14365.723,-54.7464,0.9991
14367.188,-54.7373,0.9991
14368.652,-54.7215,0.9989
14370.117,-54.7302,0.9989
14371.582,-54.7399,0.9991
14373.047,-54.7276,0.9991
14374.512,-54.7374,0.9989
14375.977,-54.7420,0.9988
14377.441,-54.7447,0.9988
14378.906,-54.7309,0.9988
14380.371,-54.7366,0.9989
14381.836,-54.7376,0.9988
14383.301,-54.7249,0.9991
14384.766,-54.7250,0.9992
14386.230,-54.7045,0.9991
14387.695,-54.7254,0.9989
14389.160,-54.7577,0.9989
14390.625,-54.7690,0.9989
14392.090,-54.7362,0.9990
14393.555,-54.6999,0.9990
14395.020,-54.7077,0.9989
14396.484,-54.7522,0.9989
14397.949,-54.7623,0.9988
14399.414,-54.7433,0.9989
14400.879,-54.7423,0.9988
14402.344,-54.7487,0.9989
14403.809,-54.7307,0.9991
14405.273,-54.7309,0.9990
14406.738,-54.7059,0.9988
14408.203,-54.7337,0.9989
14409.668,-54.7759,0.9991
14411.133,-54.7552,0.9990
14412.598,-54.7130,0.9988
14414.062,-54.7306,0.9991
14415.527,-54.7410,0.9990
14416.992,-54.7200,0.9990
14418.457,-54.7381,0.9990
14419.922,-54.7395,0.9989
14421.387,-54.7211,0.9990
14422.852,-54.7178,0.9990
14424.316,-54.7352,0.9991
14425.781,-54.7200,0.9988
14427.246,-54.7169,0.9986
14428.711,-54.7264,0.9990
14430.176,-54.7296,0.9989
14431.641,-54.7499,0.9989
14433.105,-54.7356,0.9989
14434.570,-54.7395,0.9989
14436.035,-54.7209,0.9991
14437.500,-54.7455,0.9991
14438.965,-54.7384,0.9990
14440.430,-54.7171,0.9989
14441.895,-54.7492,0.9989
14443.359,-54.7461,0.9990
14444.824,-54.7578,0.9989
14446.289,-54.7456,0.9989
14447.754,-54.7246,0.9990
14449.219,-54.7099,0.9990
14450.684,-54.7409,0.9990
14452.148,-54.7259,0.9990
14453.613,-54.7092,0.9989
14455.078,-54.7376,0.9990
14456.543,-54.7636,0.9990
14458.008,-54.7875,0.9989
14459.473,-54.7639,0.9987
14460.938,-54.7310,0.9987
14462.402,-54.7451,0.9987
14463.867,-54.7529,0.9989
14465.332,-54.7702,0.9989
14466.797,-54.7741,0.9986
14468.262,-54.7823,0.9986
14469.727,-54.7991,0.9989
14471.191,-54.7623,0.9990
14472.656,-54.7679,0.9990
14474.121,-54.7729,0.9989
14475.586,-54.7327,0.9989
14477.051,-54.7208,0.9989
14478.516,-54.7550,0.9986
14479.980,-54.7848,0.9988
14481.445,-54.7837,0.9988
14482.910,-54.7520,0.9989
14484.375,-54.7768,0.9988
14485.840,-54.7872,0.9988
14487.305,-54.7415,0.9988
14488.770,-54.7185,0.9987
14490.234,-54.7250,0.9988
14491.699,-54.7240,0.9985
14493.164,-54.7453,0.9988
14494.629,-54.7491,0.9989
14496.094,-54.7022,0.9987
14497.559,-54.7391,0.9988
14499.023,-54.7277,0.9988
14500.488,-54.7344,0.9987
14501.953,-54.7433,0.9984
14503.418,-54.7640,0.9985
14504.883,-54.7895,0.9987
14506.348,-54.7714,0.9990
14507.812,-54.7208,0.9992
14509.277,-54.7252,0.9989
14510.742,-54.7476,0.9986
14512.207,-54.7537,0.9985
14513.672,-54.7549,0.9987
14515.137,-54.7378,0.9987
14516.602,-54.7316,0.9989
14518.066,-54.7188,0.9986
14519.531,-54.7275,0.9985
14520.996,-54.7380,0.9989
14522.461,-54.7263,0.9988
14523.926,-54.7568,0.9988
14525.391,-54.7339,0.9989
14526.855,-54.7232,0.9988
14528.320,-54.7737,0.9986
14529.785,-54.7391,0.9985
14531.250,-54.7206,0.9988
14532.715,-54.7422,0.9989
14534.180,-54.7307,0.9987
14535.645,-54.7160,0.9987
14537.109,-54.7037,0.9988
14538.574,-54.6921,0.9988
14540.039,-54.7132,0.9988
14541.504,-54.7591,0.9988
14542.969,-54.8001,0.9988
14544.434,-54.7661,0.9987
14545.898,-54.7474,0.9984
14547.363,-54.7406,0.9986
14548.828,-54.7415,0.9988
14550.293,-54.7325,0.9989
14551.758,-54.7172,0.9987
14553.223,-54.7479,0.9987
14554.688,-54.7180,0.9987
14556.152,-54.7114,0.9987
14557.617,-54.7158,0.9987
14559.082,-54.7561,0.9985
14560.547,-54.7420,0.9985
14562.012,-54.7089,0.9989
14563.477,-54.7551,0.9989
14564.941,-54.7755,0.9985
14566.406,-54.7809,0.9984
14567.871,-54.7201,0.9987
14569.336,-54.7610,0.9987
14570.801,-54.7660,0.9983
14572.266,-54.7202,0.9982
14573.730,-54.7620,0.9986
14575.195,-54.7483,0.9987
14576.660,-54.7424,0.9987
14578.125,-54.7227,0.9987
14579.590,-54.7026,0.9988
14581.055,-54.7158,0.9987
14582.520,-54.7175,0.9986
14583.984,-54.7421,0.9987
14585.449,-54.7826,0.9984
14586.914,-54.7630,0.9985
14588.379,-54.7308,0.9985
14589.844,-54.7697,0.9987
14591.309,-54.7330,0.9987
14592.773,-54.8019,0.9986
14594.238,-54.8220,0.9986
14595.703,-54.7592,0.9985
14597.168,-54.7050,0.9985
14598.633,-54.7393,0.9985
14600.098,-54.7214,0.9985
14601.562,-54.6985,0.9987
14603.027,-54.7100,0.9985
14604.492,-54.7195,0.9985
14605.957,-54.7396,0.9982
14607.422,-54.7320,0.9981
14608.887,-54.7692,0.9984
14610.352,-54.7519,0.9983
14611.816,-54.7720,0.9986
14613.281,-54.7231,0.9986
14614.746,-54.7333,0.9986
14616.211,-54.7565,0.9986
14617.676,-54.7491,0.9986
14619.141,-54.7487,0.9985
14620.605,-54.7371,0.9985
14622.070,-54.7611,0.9984
14623.535,-54.7433,0.9983
14625.000,-54.7487,0.9985
14626.465,-54.7547,0.9985
14627.930,-54.7133,0.9985
14629.395,-54.7428,0.9984
14630.859,-54.7629,0.9980
14632.324,-54.6966,0.9984
14633.789,-54.6915,0.9985
14635.254,-54.6819,0.9986
14636.719,-54.7288,0.9989
14638.184,-54.7444,0.9986
14639.648,-54.7406,0.9984
14641.113,-54.7741,0.9984
14642.578,-54.7481,0.9985
14644.043,-54.7134,0.9983
14645.508,-54.8183,0.9982
14646.973,-54.7610,0.9983
14648.438,-54.7429,0.9985
14649.902,-54.7562,0.9985
14651.367,-54.7515,0.9981
14652.832,-54.7233,0.9983
14654.297,-54.7432,0.9983
14655.762,-54.7196,0.9979
14657.227,-54.7917,0.9983
14658.691,-54.7696,0.9984
14660.156,-54.7997,0.9983
14661.621,-54.7717,0.9986
14663.086,-54.7386,0.9985
14664.551,-54.7735,0.9979
14666.016,-54.7008,0.9979
14667.480,-54.7203,0.9982
14668.945,-54.7657,0.9984
14670.410,-54.7747,0.9986
14671.875,-54.7492,0.9986
14673.340,-54.7283,0.9980
14674.805,-54.7126,0.9979
14676.270,-54.7174,0.9977
14677.734,-54.7153,0.9982
14679.199,-54.7219,0.9982
14680.664,-54.7369,0.9982
14682.129,-54.7443,0.9982
14683.594,-54.7250,0.9982
14685.059,-54.7048,0.9983
14686.523,-54.7990,0.9982
14687.988,-54.7467,0.9980
14689.453,-54.7860,0.9980
14690.918,-54.7789,0.9982
14692.383,-54.7300,0.9981
14693.848,-54.7194,0.9981
14695.312,-54.7566,0.9982
14696.777,-54.7587,0.9980
14698.242,-54.7483,0.9983
14699.707,-54.7246,0.9984
14701.172,-54.6879,0.9982
14702.637,-54.6583,0.9979
14704.102,-54.6988,0.9982
14705.566,-54.7325,0.9981
14707.031,-54.7406,0.9981
14708.496,-54.7285,0.9984
14709.961,-54.7671,0.9981
14711.426,-54.7146,0.9983
14712.891,-54.7266,0.9981
14714.355,-54.7691,0.9980
14715.820,-54.7643,0.9984
14717.285,-54.7677,0.9982
14718.750,-54.7536,0.9982
14720.215,-54.7114,0.9983
14721.680,-54.6701,0.9983
14723.145,-54.6891,0.9985
14724.609,-54.6782,0.9985
14726.074,-54.7066,0.9983
14727.539,-54.7042,0.9982
14729.004,-54.7838,0.9985
14730.469,-54.7250,0.9984
14731.934,-54.7249,0.9983
14733.398,-54.7017,0.9981
14734.863,-54.7517,0.9982
14736.328,-54.7650,0.9984
14737.793,-54.7105,0.9984
14739.258,-54.7092,0.9979
14740.723,-54.7247,0.9979
14742.188,-54.7579,0.9983
14743.652,-54.7930,0.9982
14745.117,-54.7565,0.9982
14746.582,-54.7281,0.9981
14748.047,-54.7971,0.9983
14749.512,-54.7860,0.9982
14750.977,-54.7023,0.9981
14752.441,-54.6930,0.9983
14753.906,-54.7090,0.9983
14755.371,-54.7225,0.9982
14756.836,-54.7364,0.9983
14758.301,-54.7557,0.9980
14759.766,-54.7007,0.9981
14761.230,-54.6947,0.9980
14762.695,-54.7583,0.9982
14764.160,-54.7091,0.9982
14765.625,-54.7163,0.9982
14767.090,-54.6972,0.9980
14768.555,-54.6995,0.9979
14770.020,-54.7362,0.9979
14771.484,-54.6977,0.9980
14772.949,-54.6892,0.9981
14774.414,-54.6981,0.9982
14775.879,-54.7347,0.9979
14777.344,-54.6593,0.9976
14778.809,-54.6873,0.9978
14780.273,-54.7111,0.9976
14781.738,-54.7061,0.9978
14783.203,-54.7499,0.9981
14784.668,-54.7422,0.9985
14786.133,-54.7057,0.9983
14787.598,-54.6622,0.9983
14789.062,-54.7166,0.9978
14790.527,-54.7428,0.9977
14791.992,-54.6485,0.9983
14793.457,-54.7224,0.9983
14794.922,-54.7144,0.9978
14796.387,-54.6920,0.9980
14797.852,-54.6936,0.9981
14799.316,-54.7108,0.9980
14800.781,-54.6476,0.9983
14802.246,-54.7471,0.9984
14803.711,-54.7057,0.9982
14805.176,-54.7415,0.9978
14806.641,-54.6432,0.9985
14808.105,-54.7143,0.9978
14809.570,-54.6945,0.9976
14811.035,-54.7065,0.9977
14812.500,-54.7119,0.9982
14813.965,-54.7059,0.9980
14815.430,-54.7254,0.9979
14816.895,-54.7221,0.9980
14818.359,-54.6729,0.9978
14819.824,-54.6295,0.9978
14821.289,-54.6635,0.9985
14822.754,-54.6970,0.9983
14824.219,-54.7269,0.9975
14825.684,-54.6998,0.9980
14827.148,-54.7192,0.9983
14828.613,-54.7053,0.9980
14830.078,-54.7088,0.9976
14831.543,-54.6932,0.9978
14833.008,-54.7007,0.9983
14834.473,-54.7280,0.9982
14835.938,-54.7182,0.9980
14837.402,-54.7227,0.9980
14838.867,-54.7533,0.9984
14840.332,-54.6666,0.9981
14841.797,-54.6825,0.9979
14843.262,-54.7046,0.9982
14844.727,-54.6922,0.9980
14846.191,-54.6951,0.9978
14847.656,-54.6754,0.9983
14849.121,-54.7193,0.9982
14850.586,-54.6680,0.9981
14852.051,-54.6911,0.9981
14853.516,-54.7002,0.9984
14854.980,-54.7487,0.9984
14856.445,-54.6917,0.9981
14857.910,-54.6987,0.9983
14859.375,-54.7060,0.9984
14860.840,-54.6789,0.9981
14862.305,-54.6976,0.9982
14863.770,-54.6985,0.9981
14865.234,-54.6833,0.9983
14866.699,-54.7021,0.9979
14868.164,-54.6881,0.9981
14869.629,-54.6656,0.9982
14871.094,-54.6721,0.9983
14872.559,-54.6757,0.9985
14874.023,-54.6624,0.9985
14875.488,-54.6911,0.9983
14876.953,-54.6366,0.9981
14878.418,-54.7245,0.9980
14879.883,-54.6908,0.9980
14881.348,-54.6816,0.9979
14882.812,-54.6844,0.9982
14884.277,-54.7154,0.9980
14885.742,-54.7007,0.9978
14887.207,-54.6766,0.9982
14888.672,-54.7211,0.9985
14890.137,-54.6683,0.9983
14891.602,-54.6794,0.9981
14893.066,-54.6669,0.9980
14894.531,-54.6780,0.9981
14895.996,-54.6935,0.9984
14897.461,-54.7483,0.9985
14898.926,-54.6952,0.9983
14900.391,-54.6950,0.9981
14901.855,-54.6713,0.9984
14903.320,-54.6749,0.9984
14904.785,-54.7009,0.9981
14906.250,-54.6871,0.9982
14907.715,-54.6714,0.9980
14909.180,-54.6799,0.9982
14910.645,-54.7384,0.9984
14912.109,-54.6701,0.9983
14913.574,-54.6868,0.9983
14915.039,-54.7100,0.9983
14916.504,-54.7177,0.9983
14917.969,-54.7222,0.9984
14919.434,-54.6724,0.9982
14920.898,-54.6675,0.9983
14922.363,-54.6834,0.9981
14923.828,-54.7119,0.9981
14925.293,-54.6665,0.9982
14926.758,-54.6339,0.9983
14928.223,-54.6808,0.9984
14929.688,-54.6917,0.9983
14931.152,-54.6871,0.9981
14932.617,-54.6440,0.9984
14934.082,-54.6517,0.9986
14935.547,-54.6664,0.9987
14937.012,-54.6712,0.9985
14938.477,-54.7025,0.9985
14939.941,-54.7387,0.9984
14941.406,-54.6871,0.9981
14942.871,-54.6341,0.9984
14944.336,-54.6585,0.9985
14945.801,-54.7339,0.9982
14947.266,-54.6973,0.9982
14948.730,-54.6803,0.9981
14950.195,-54.7163,0.9983
14951.660,-54.6622,0.9984
14953.125,-54.6555,0.9983
14954.590,-54.6814,0.9982
14956.055,-54.6562,0.9982
14957.520,-54.6651,0.9984
14958.984,-54.6945,0.9982
14960.449,-54.6311,0.9983
14961.914,-54.6589,0.9981
14963.379,-54.7422,0.9982
14964.844,-54.6912,0.9986
14966.309,-54.7081,0.9985
14967.773,-54.7118,0.9985
14969.238,-54.6951,0.9984
14970.703,-54.7639,0.9981
14972.168,-54.7179,0.9983
14973.633,-54.6868,0.9985
14975.098,-54.6552,0.9986
14976.562,-54.6328,0.9986
14978.027,-54.6396,0.9982
14979.492,-54.6535,0.9983
14980.957,-54.7073,0.9981
14982.422,-54.6714,0.9983
14983.887,-54.7079,0.9982
14985.352,-54.7269,0.9985
14986.816,-54.7005,0.9986
14988.281,-54.6595,0.9982
14989.746,-54.6828,0.9983
14991.211,-54.7060,0.9982
14992.676,-54.6779,0.9981
14994.141,-54.6429,0.9984
14995.605,-54.6896,0.9985
14997.070,-54.6980,0.9984
14998.535,-54.6644,0.9986
15000.000,-54.6853,0.9982
15001.465,-54.6710,0.9983
15002.930,-54.6986,0.9985
15004.395,-54.6859,0.9984
15005.859,-54.6931,0.9986
15007.324,-54.7263,0.9987
15008.789,-54.6767,0.9986
15010.254,-54.6698,0.9987
15011.719,-54.6671,0.9987
15013.184,-54.6491,0.9986
15014.648,-54.6811,0.9985
15016.113,-54.6623,0.9984
15017.578,-54.6835,0.9985
15019.043,-54.6718,0.9985
15020.508,-54.6928,0.9986
15021.973,-54.6939,0.9986
15023.438,-54.6535,0.9986
15024.902,-54.6563,0.9987
15026.367,-54.6652,0.9988
15027.832,-54.6482,0.9987
15029.297,-54.6491,0.9986
15030.762,-54.7112,0.9985
15032.227,-54.7284,0.9985
15033.691,-54.6973,0.9984
15035.156,-54.6896,0.9985
15036.621,-54.6371,0.9984
15038.086,-54.6599,0.9986
15039.551,-54.6752,0.9985
15041.016,-54.7014,0.9986
15042.480,-54.7034,0.9986
15043.945,-54.6712,0.9984
15045.410,-54.6353,0.9986
15046.875,-54.6354,0.9987
15048.340,-54.7172,0.9987
15049.805,-54.7098,0.9988
15051.270,-54.7141,0.9986
15052.734,-54.6777,0.9987
15054.199,-54.6869,0.9986
15055.664,-54.6581,0.9987
15057.129,-54.6759,0.9981
15058.594,-54.6661,0.9983
15060.059,-54.6645,0.9982
15061.523,-54.6622,0.9987
15062.988,-54.6766,0.9988
15064.453,-54.7112,0.9983
15065.918,-54.6729,0.9985
15067.383,-54.6818,0.9989
15068.848,-54.6931,0.9985
15070.312,-54.6706,0.9985
15071.777,-54.6293,0.9988
15073.242,-54.7057,0.9988
15074.707,-54.6551,0.9987
15076.172,-54.7076,0.9987
15077.637,-54.6803,0.9987
15079.102,-54.6462,0.9985
15080.566,-54.6493,0.9986
15082.031,-54.6727,0.9987
15083.496,-54.6743,0.9988
15084.961,-54.6736,0.9987
15086.426,-54.7011,0.9988
15087.891,-54.6759,0.9989
15089.355,-54.7011,0.9989
15090.820,-54.6869,0.9989
15092.285,-54.6657,0.9989
15093.750,-54.6699,0.9989
15095.215,-54.6668,0.9986
15096.680,-54.6856,0.9988
15098.145,-54.7056,0.9988
15099.609,-54.6912,0.9988
15101.074,-54.6823,0.9986
15102.539,-54.6702,0.9987
15104.004,-54.6535,0.9987
15105.469,-54.6531,0.9986
15106.934,-54.6933,0.9986
15108.398,-54.6630,0.9985
15109.863,-54.6787,0.9986
15111.328,-54.7093,0.9986
15112.793,-54.7254,0.9987
15114.258,-54.6937,0.9989
15115.723,-54.7024,0.9986
15117.188,-54.6739,0.9987
15118.652,-54.6654,0.9987
15120.117,-54.6976,0.9988
15121.582,-54.6943,0.9985
15123.047,-54.6907,0.9988
15124.512,-54.6801,0.9989
15125.977,-54.6938,0.9989
15127.441,-54.6801,0.9988
15128.906,-54.6606,0.9989
15130.371,-54.6756,0.9989
15131.836,-54.6976,0.9989
15133.301,-54.6918,0.9989
15134.766,-54.6808,0.9988
15136.230,-54.7262,0.9988
15137.695,-54.7196,0.9989
15139.160,-54.6983,0.9988
15140.625,-54.6954,0.9987
15142.090,-54.6883,0.9987
15143.555,-54.6564,0.9989
15145.020,-54.6688,0.9990
15146.484,-54.7316,0.9988
15147.949,-54.7408,0.9985
15149.414,-54.7325,0.9985
15150.879,-54.7278,0.9988
15152.344,-54.6960,0.9990
15153.809,-54.6999,0.9991
15155.273,-54.6883,0.9991
15156.738,-54.6340,0.9990
15158.203,-54.6205,0.9990
15159.668,-54.6590,0.9989
15161.133,-54.6652,0.9987
15162.598,-54.6965,0.9984
15164.062,-54.6977,0.9988
15165.527,-54.6819,0.9988
15166.992,-54.6901,0.9988
15168.457,-54.6774,0.9986
15169.922,-54.6522,0.9987
15171.387,-54.6583,0.9990
15172.852,-54.6930,0.9990
15174.316,-54.6662,0.9988
15175.781,-54.6608,0.9988
15177.246,-54.6948,0.9991
15178.711,-54.6927,0.9989
15180.176,-54.7065,0.9988
15181.641,-54.6938,0.9988
15183.105,-54.6967,0.9989
15184.570,-54.6937,0.9989
15186.035,-54.6406,0.9988
15187.500,-54.6581,0.9989
15188.965,-54.6658,0.9988
15190.430,-54.6736,0.9989
15191.895,-54.7074,0.9989
15193.359,-54.7187,0.9989
15194.824,-54.6870,0.9990
15196.289,-54.7058,0.9989
15197.754,-54.7316,0.9990
15199.219,-54.7284,0.9988
15200.684,-54.7273,0.9989
15202.148,-54.6963,0.9991
15203.613,-54.6469,0.9991
15205.078,-54.6445,0.9989
15206.543,-54.6679,0.9991
15208.008,-54.7047,0.9992
15209.473,-54.7000,0.9991
15210.938,-54.6705,0.9989
15212.402,-54.6513,0.9989
15213.867,-54.6735,0.9990
15215.332,-54.7015,0.9990
15216.797,-54.7046,0.9988
15218.262,-54.6743,0.9989
15219.727,-54.6651,0.9991
15221.191,-54.6449,0.9990
15222.656,-54.6332,0.9990
15224.121,-54.6674,0.9990
15225.586,-54.6926,0.9989
15227.051,-54.6978,0.9990
15228.516,-54.6649,0.9991
15229.980,-54.7070,0.9991
15231.445,-54.7440,0.9990
15232.910,-54.7193,0.9988
15234.375,-54.6743,0.9990
15235.840,-54.6771,0.9991
15237.305,-54.7075,0.9990
15238.770,-54.7265,0.9989
15240.234,-54.7179,0.9990
15241.699,-54.7020,0.9990
15243.164,-54.6873,0.9990
15244.629,-54.7015,0.9991
15246.094,-54.7152,0.9990
15247.559,-54.6824,0.9990
15249.023,-54.6828,0.9989
15250.488,-54.7219,0.9989
15251.953,-54.7160,0.9991
15253.418,-54.7083,0.9990
15254.883,-54.6987,0.9990
15256.348,-54.6801,0.9991
15257.812,-54.6951,0.9990
15259.277,-54.7025,0.9990
15260.742,-54.7125,0.9990
15262.207,-54.7097,0.9991
15263.672,-54.6746,0.9991
15265.137,-54.6600,0.9991
15266.602,-54.6747,0.9991
15268.066,-54.7158,0.9989
15269.531,-54.7096,0.9990
15270.996,-54.6645,0.9990
15272.461,-54.6734,0.9989
15273.926,-54.6896,0.9989
15275.391,-54.6788,0.9989
15276.855,-54.6846,0.9990
15278.320,-54.7014,0.9991
15279.785,-54.6938,0.9991
15281.250,-54.6658,0.9991
15282.715,-54.6593,0.9991
15284.180,-54.6722,0.9991
15285.645,-54.6712,0.9988
15287.109,-54.6667,0.9988
15288.574,-54.6675,0.9987
15290.039,-54.6739,0.9989
15291.504,-54.6763,0.9991
15292.969,-54.7085,0.9990
15294.434,-54.7310,0.9990
15295.898,-54.7265,0.9990
15297.363,-54.7025,0.9991
15298.828,-54.6884,0.9993
15300.293,-54.7110,0.9991
15301.758,-54.7230,0.9990
15303.223,-54.6980,0.9989
15304.688,-54.6983,0.9989
15306.152,-54.7032,0.9990
15307.617,-54.6863,0.9990
15309.082,-54.6824,0.9990
15310.547,-54.6933,0.9990
15312.012,-54.6841,0.9990
15313.477,-54.6700,0.9989
15314.941,-54.6928,0.9990
15316.406,-54.6991,0.9989
15317.871,-54.6980,0.9990
15319.336,-54.6858,0.9992
15320.801,-54.6417,0.9990
15322.266,-54.6178,0.9990
15323.730,-54.6358,0.9989
15325.195,-54.6684,0.9988
15326.660,-54.6780,0.9991
15328.125,-54.6648,0.9991
15329.590,-54.6484,0.9990
15331.055,-54.6483,0.9991
15332.520,-54.6467,0.9990
15333.984,-54.6627,0.9990
15335.449,-54.7052,0.9991
15336.914,-54.7198,0.9991
15338.379,-54.7079,0.9991
15339.844,-54.7114,0.9992
15341.309,-54.7113,0.9993
15342.773,-54.7139,0.9991
15344.238,-54.7203,0.9989
15345.703,-54.7052,0.9991
15347.168,-54.6877,0.9991
15348.633,-54.6712,0.9992
15350.098,-54.6714,0.9991
15351.562,-54.6734,0.9992
15353.027,-54.6662,0.9992
15354.492,-54.6606,0.9991
15355.957,-54.6665,0.9992
15357.422,-54.6906,0.9991
15358.887,-54.7006,0.9991
15360.352,-54.7092,0.9991
15361.816,-54.7270,0.9991
15363.281,-54.7309,0.9989
15364.746,-54.7311,0.9992
15366.211,-54.7195,0.9991
15367.676,-54.7057,0.9990
15369.141,-54.7169,0.9990
15370.605,-54.7214,0.9990
15372.070,-54.6997,0.9991
15373.535,-54.6810,0.9990
15375.000,-54.6798,0.9990
15376.465,-54.6934,0.9991
15377.930,-54.7169,0.9991
15379.395,-54.7295,0.9991
15380.859,-54.7031,0.9990
15382.324,-54.6697,0.9990
15383.789,-54.6760,0.9990
15385.254,-54.6991,0.9990
15386.719,-54.6990,0.9990
15388.184,-54.6800,0.9990
15389.648,-54.6785,0.9989
15391.113,-54.6920,0.9990
15392.578,-54.6960,0.9990
15394.043,-54.6883,0.9989
15395.508,-54.6838,0.9990
15396.973,-54.7041,0.9991
15398.438,-54.7200,0.9992
15399.902,-54.6967,0.9991
15401.367,-54.6814,0.9991
15402.832,-54.6812,0.9991
15404.297,-54.6960,0.9989
15405.762,-54.7320,0.9988
15407.227,-54.7285,0.9989
15408.691,-54.6903,0.9991
15410.156,-54.6684,0.9993
15411.621,-54.6669,0.9992
15413.086,-54.6750,0.9990
15414.551,-54.6788,0.9991
15416.016,-54.6756,0.9991
15417.480,-54.6891,0.9990
15418.945,-54.7043,0.9988
15420.410,-54.6973,0.9989
15421.875,-54.6991,0.9989
15423.340,-54.7011,0.9988
15424.805,-54.6891,0.9991
15426.270,-54.6892,0.9992
15427.734,-54.6980,0.9990
15429.199,-54.6975,0.9992
15430.664,-54.6885,0.9991
15432.129,-54.6962,0.9991
15433.594,-54.7062,0.9992
15435.059,-54.7064,0.9991
15436.523,-54.7045,0.9990
15437.988,-54.6889,0.9992
15439.453,-54.6629,0.9992
15440.918,-54.6690,0.9990
15442.383,-54.7109,0.9990
15443.848,-54.7189,0.9990
15445.312,-54.6883,0.9991
15446.777,-54.6650,0.9991
15448.242,-54.6622,0.9991
15449.707,-54.6861,0.9989
15451.172,-54.7084,0.9991
15452.637,-54.6913,0.9992
15454.102,-54.6702,0.9990
15455.566,-54.6825,0.9990
15457.031,-54.6953,0.9990
15458.496,-54.6889,0.9991
15459.961,-54.6966,0.9991
15461.426,-54.7266,0.9990
15462.891,-54.7421,0.9991
15464.355,-54.7126,0.9989
15465.820,-54.6877,0.9988
15467.285,-54.6896,0.9989
15468.750,-54.6991,0.9989
15470.215,-54.7136,0.9990
15471.680,-54.7088,0.9992
15473.145,-54.7043,0.9991
15474.609,-54.6871,0.9991
15476.074,-54.6643,0.9991
15477.539,-54.6679,0.9991
15479.004,-54.6638,0.9992
15480.469,-54.6763,0.9991
15481.934,-54.7125,0.9991
15483.398,-54.7038,0.9990
15484.863,-54.6793,0.9990
15486.328,-54.6782,0.9991
15487.793,-54.6585,0.9991
15489.258,-54.6487,0.9991
15490.723,-54.6706,0.9990
15492.188,-54.7008,0.9990
15493.652,-54.7133,0.9988
15495.117,-54.7091,0.9989
15496.582,-54.7022,0.9990
15498.047,-54.7025,0.9989
15499.512,-54.6949,0.9989
15500.977,-54.6857,0.9990
15502.441,-54.7083,0.9991
15503.906,-54.7087,0.9991
15505.371,-54.6882,0.9990
15506.836,-54.6812,0.9991
15508.301,-54.6759,0.9991
15509.766,-54.7070,0.9991
15511.230,-54.7346,0.9990
15512.695,-54.7189,0.9991
15514.160,-54.7015,0.9991
15515.625,-54.7057,0.9990
15517.090,-54.7065,0.9991
15518.555,-54.7021,0.9991
15520.020,-54.6939,0.9992
15521.484,-54.6962,0.9990
15522.949,-54.7011,0.9990
15524.414,-54.6981,0.9990
15525.879,-54.7216,0.9991
15527.344,-54.7162,0.9990
15528.809,-54.7023,0.9991
15530.273,-54.7234,0.9990
15531.738,-54.7293,0.9991
15533.203,-54.7093,0.9990
15534.668,-54.7017,0.9988
15536.133,-54.7072,0.9988
15537.598,-54.7168,0.9990
15539.062,-54.7013,0.9990
15540.527,-54.7018,0.9989
15541.992,-54.7483,0.9991
15543.457,-54.7386,0.9990
15544.922,-54.7122,0.9989
15546.387,-54.7257,0.9989
15547.852,-54.7193,0.9987
15549.316,-54.7252,0.9990
15550.781,-54.7441,0.9990
15552.246,-54.7351,0.9992
15553.711,-54.7319,0.9991
15555.176,-54.7263,0.9991
15556.641,-54.7277,0.9992
15558.105,-54.7169,0.9992
15559.570,-54.6903,0.9991
15561.035,-54.6790,0.9990
15562.500,-54.6854,0.9991
15563.965,-54.6889,0.9990
15565.430,-54.6918,0.9991
15566.895,-54.6706,0.9990
15568.359,-54.6721,0.9990
15569.824,-54.6975,0.9991
15571.289,-54.7024,0.9990
15572.754,-54.6995,0.9989
15574.219,-54.7082,0.9991
15575.684,-54.7085,0.9990
15577.148,-54.7026,0.9989
15578.613,-54.7123,0.9990
15580.078,-54.7108,0.9991
15581.543,-54.7152,0.9990
15583.008,-54.7006,0.9989
15584.473,-54.6846,0.9990
15585.938,-54.7028,0.9993
15587.402,-54.7001,0.9992
15588.867,-54.6832,0.9990
15590.332,-54.6966,0.9990
15591.797,-54.7219,0.9991
15593.262,-54.6916,0.9992
15594.727,-54.6850,0.9992
15596.191,-54.7143,0.9989
15597.656,-54.7384,0.9989
15599.121,-54.7497,0.9987
15600.586,-54.7412,0.9986
15602.051,-54.7146,0.9990
15603.516,-54.7424,0.9989
15604.980,-54.7762,0.9990
15606.445,-54.7144,0.9991
15607.910,-54.6976,0.9987
15609.375,-54.7214,0.9988
15610.840,-54.7095,0.9990
15612.305,-54.7200,0.9991
15613.770,-54.7363,0.9990
15615.234,-54.7538,0.9991
15616.699,-54.7484,0.9991
15618.164,-54.7126,0.9991
15619.629,-54.7325,0.9990
15621.094,-54.7649,0.9990
15622.559,-54.7558,0.9992
15624.023,-54.7406,0.9989
15625.488,-54.7164,0.9988
15626.953,-54.7171,0.9987
15628.418,-54.7308,0.9988
15629.883,-54.7347,0.9989
15631.348,-54.7171,0.9988
15632.812,-54.7297,0.9986
15634.277,-54.7507,0.9986
15635.742,-54.7730,0.9989
15637.207,-54.7600,0.9991
15638.672,-54.7484,0.9991
15640.137,-54.7334,0.9989
15641.602,-54.7260,0.9989
15643.066,-54.7183,0.9988
15644.531,-54.6857,0.9988
15645.996,-54.7054,0.9989
15647.461,-54.7566,0.9989
15648.926,-54.7218,0.9990
15650.391,-54.7005,0.9989
15651.855,-54.7051,0.9989
15653.320,-54.7148,0.9988
15654.785,-54.7074,0.9989
15656.250,-54.7108,0.9988
15657.715,-54.7321,0.9989
15659.180,-54.7218,0.9989
15660.645,-54.7206,0.9989
15662.109,-54.7121,0.9990
15663.574,-54.6937,0.9991
15665.039,-54.6881,0.9991
15666.504,-54.6998,0.9991
15667.969,-54.7282,0.9990
15669.434,-54.7467,0.9990
15670.898,-54.7427,0.9991
15672.363,-54.7052,0.9991
15673.828,-54.7411,0.9988
15675.293,-54.7862,0.9986
15676.758,-54.7729,0.9988
15678.223,-54.7565,0.9988
15679.688,-54.7336,0.9985
15681.152,-54.7235,0.9986
15682.617,-54.7261,0.9988
15684.082,-54.7539,0.9989
15685.547,-54.7399,0.9989
15687.012,-54.6889,0.9990
15688.477,-54.6958,0.9991
15689.941,-54.7240,0.9990
15691.406,-54.7359,0.9987
15692.871,-54.7150,0.9988
15694.336,-54.7247,0.9986
15695.801,-54.7317,0.9986
15697.266,-54.6979,0.9988
15698.730,-54.7044,0.9989
15700.195,-54.7390,0.9988
15701.660,-54.7429,0.9988
15703.125,-54.7450,0.9989
15704.590,-54.7175,0.9988
15706.055,-54.7402,0.9988
15707.520,-54.7518,0.9987
15708.984,-54.7565,0.9987
15710.449,-54.7556,0.9989
15711.914,-54.7424,0.9990
15713.379,-54.7119,0.9989
15714.844,-54.7008,0.9990
15716.309,-54.7377,0.9988
15717.773,-54.7255,0.9985
15719.238,-54.7397,0.9987
15720.703,-54.7558,0.9988
15722.168,-54.7506,0.9986
15723.633,-54.7417,0.9987
15725.098,-54.7176,0.9987
15726.562,-54.7074,0.9986
15728.027,-54.7237,0.9988
15729.492,-54.7303,0.9989
15730.957,-54.7470,0.9989
15732.422,-54.7467,0.9986
15733.887,-54.7300,0.9986
15735.352,-54.6824,0.9987
15736.816,-54.7459,0.9988
15738.281,-54.7488,0.9986
15739.746,-54.7127,0.9986
15741.211,-54.6964,0.9986
15742.676,-54.6894,0.9987
15744.141,-54.7603,0.9987
15745.605,-54.7714,0.9986
15747.070,-54.7641,0.9984
15748.535,-54.8022,0.9984
15750.000,-54.7680,0.9983
15751.465,-54.7437,0.9981
15752.930,-54.7315,0.9984
15754.395,-54.7325,0.9987
15755.859,-54.7391,0.9986
15757.324,-54.7509,0.9984
15758.789,-54.7538,0.9984
15760.254,-54.7258,0.9986
15761.719,-54.7225,0.9987
15763.184,-54.7263,0.9986
15764.648,-54.7295,0.9986
15766.113,-54.7456,0.9987
15767.578,-54.7074,0.9987
15769.043,-54.6806,0.9984
15770.508,-54.7224,0.9986
15771.973,-54.6983,0.9984
15773.438,-54.7221,0.9984
15774.902,-54.7598,0.9984
15776.367,-54.7824,0.9986
15777.832,-54.7401,0.9985
15779.297,-54.7109,0.9987
15780.762,-54.7205,0.9986
15782.227,-54.7462,0.9986
15783.691,-54.7757,0.9988
15785.156,-54.7257,0.9986
15786.621,-54.7071,0.9988
15788.086,-54.7626,0.9986
15789.551,-54.7763,0.9985
15791.016,-54.7591,0.9985
15792.480,-54.7740,0.9984
15793.945,-54.7396,0.9985
15795.410,-54.7498,0.9988
15796.875,-54.7267,0.9987
15798.340,-54.7199,0.9987
15799.805,-54.7390,0.9985
15801.270,-54.7462,0.9985
15802.734,-54.7519,0.9985
15804.199,-54.7601,0.9983
15805.664,-54.7408,0.9986
15807.129,-54.7310,0.9986
15808.594,-54.7505,0.9987
15810.059,-54.7122,0.9987
15811.523,-54.7481,0.9985
15812.988,-54.7784,0.9985
15814.453,-54.7366,0.9986
15815.918,-54.6681,0.9987
15817.383,-54.6963,0.9988
15818.848,-54.7595,0.9983
15820.312,-54.7494,0.9982
15821.777,-54.7460,0.9984
15823.242,-54.7744,0.9984
15824.707,-54.7693,0.9984
15826.172,-54.7476,0.9981
15827.637,-54.7227,0.9981
15829.102,-54.7549,0.9983
15830.566,-54.7243,0.9984
15832.031,-54.7327,0.9984
15833.496,-54.7229,0.9985
15834.961,-54.7324,0.9984
15836.426,-54.7720,0.9982
15837.891,-54.7733,0.9982
15839.355,-54.7321,0.9982
15840.820,-54.7209,0.9983
15842.285,-54.7757,0.9983
15843.750,-54.7926,0.9982
15845.215,-54.7365,0.9983
15846.680,-54.7309,0.9985
15848.145,-54.7082,0.9984
15849.609,-54.7273,0.9984
15851.074,-54.7505,0.9984
15852.539,-54.7547,0.9983
15854.004,-54.8153,0.9985
15855.469,-54.7221,0.9983
15856.934,-54.7035,0.9984
15858.398,-54.7559,0.9986
15859.863,-54.7679,0.9987
15861.328,-54.7733,0.9984
15862.793,-54.7315,0.9984
15864.258,-54.7493,0.9985
15865.723,-54.7074,0.9981
15867.188,-54.7266,0.9982
15868.652,-54.7552,0.9983
15870.117,-54.7818,0.9983
15871.582,-54.7402,0.9984
15873.047,-54.7597,0.9984
15874.512,-54.7393,0.9987
15875.977,-54.7427,0.9985
15877.441,-54.7176,0.9981
15878.906,-54.7282,0.9983
15880.371,-54.7273,0.9982
15881.836,-54.7878,0.9982
15883.301,-54.7418,0.9984
15884.766,-54.7277,0.9983
15886.230,-54.7166,0.9983
15887.695,-54.7245,0.9982
15889.160,-54.7140,0.9983
15890.625,-54.7125,0.9982
15892.090,-54.7582,0.9983
15893.555,-54.7811,0.9982
15895.020,-54.7143,0.9981
15896.484,-54.7639,0.9984
15897.949,-54.7492,0.9985
15899.414,-54.7568,0.9986
15900.879,-54.7430,0.9982
15902.344,-54.7328,0.9979
15903.809,-54.7418,0.9984
15905.273,-54.7265,0.9978
15906.738,-54.7384,0.9981
15908.203,-54.7958,0.9982
15909.668,-54.7460,0.9979
15911.133,-54.7224,0.9981
15912.598,-54.7356,0.9982
15914.062,-54.7449,0.9982
15915.527,-54.7291,0.9979
15916.992,-54.7570,0.9982
15918.457,-54.7481,0.9983
15919.922,-54.7502,0.9982
15921.387,-54.7165,0.9981
15922.852,-54.6723,0.9983
15924.316,-54.7153,0.9983
15925.781,-54.7525,0.9984
15927.246,-54.7652,0.9983
15928.711,-54.7155,0.9982
15930.176,-54.7033,0.9984
15931.641,-54.8021,0.9980
15933.105,-54.7991,0.9980
15934.570,-54.7169,0.9981
15936.035,-54.7271,0.9983
15937.500,-54.7336,0.9982
15938.965,-54.7316,0.9979
15940.430,-54.7218,0.9980
15941.895,-54.7754,0.9982
15943.359,-54.7704,0.9983
15944.824,-54.7279,0.9982
15946.289,-54.7638,0.9981
15947.754,-54.7468,0.9981
15949.219,-54.7201,0.9983
15950.684,-54.6718,0.9984
15952.148,-54.6891,0.9983
15953.613,-54.7416,0.9982
15955.078,-54.7699,0.9981
15956.543,-54.7645,0.9981
15958.008,-54.7486,0.9982
15959.473,-54.7421,0.9980
15960.938,-54.6969,0.9979
15962.402,-54.7876,0.9980
15963.867,-54.6996,0.9983
15965.332,-54.6535,0.9978
15966.797,-54.7450,0.9978
15968.262,-54.7040,0.9979
15969.727,-54.6970,0.9980
15971.191,-54.6899,0.9983
15972.656,-54.6884,0.9978
15974.121,-54.7023,0.9982
15975.586,-54.7505,0.9980
15977.051,-54.7039,0.9981
15978.516,-54.7021,0.9977
15979.980,-54.7349,0.9982
15981.445,-54.7008,0.9984
15982.910,-54.7459,0.9978
15984.375,-54.7527,0.9978
15985.840,-54.6753,0.9983
15987.305,-54.7381,0.9985
15988.770,-54.6592,0.9982
15990.234,-54.7321,0.9982
15991.699,-54.7248,0.9980
15993.164,-54.7220,0.9977
15994.629,-54.7332,0.9981
15996.094,-54.7175,0.9982
15997.559,-54.7886,0.9982
15999.023,-54.7113,0.9983
16000.488,-54.7303,0.9982
16001.953,-54.7251,0.9981
16003.418,-54.7509,0.9978
16004.883,-54.7782,0.9979
16006.348,-54.7361,0.9981
16007.812,-54.6559,0.9981
16009.277,-54.7112,0.9980
16010.742,-54.7383,0.9982
16012.207,-54.6969,0.9979
16013.672,-54.6701,0.9975
16015.137,-54.7397,0.9977
16016.602,-54.7553,0.9982
16018.066,-54.7037,0.9979
16019.531,-54.7127,0.9977
16020.996,-54.6938,0.9981
16022.461,-54.7523,0.9979
16023.926,-54.7490,0.9977
16025.391,-54.7302,0.9978
16026.855,-54.6893,0.9977
16028.320,-54.7043,0.9981
16029.785,-54.7146,0.9980
16031.250,-54.6875,0.9979
16032.715,-54.7091,0.9982
16034.180,-54.6646,0.9981
16035.645,-54.7075,0.9980
16037.109,-54.7624,0.9974
16038.574,-54.7102,0.9977
16040.039,-54.6974,0.9980
16041.504,-54.7549,0.9978
16042.969,-54.7590,0.9980
16044.434,-54.7008,0.9982
16045.898,-54.6825,0.9979
16047.363,-54.7325,0.9976
16048.828,-54.7278,0.9980
16050.293,-54.7098,0.9977
16051.758,-54.7385,0.9980
16053.223,-54.7745,0.9980
16054.688,-54.7773,0.9978
16056.152,-54.6885,0.9978
16057.617,-54.6987,0.9979
16059.082,-54.7246,0.9981
16060.547,-54.7443,0.9979
16062.012,-54.6719,0.9978
16063.477,-54.7549,0.9977
16064.941,-54.7277,0.9977
16066.406,-54.6178,0.9980
16067.871,-54.7024,0.9978
16069.336,-54.6696,0.9980
16070.801,-54.7014,0.9980
16072.266,-54.7026,0.9982
16073.730,-54.6947,0.9980
16075.195,-54.6875,0.9976
16076.660,-54.6871,0.9976
16078.125,-54.6803,0.9981
16079.590,-54.6975,0.9983
16081.055,-54.7410,0.9978
16082.520,-54.7681,0.9976
16083.984,-54.6496,0.9980
16085.449,-54.7175,0.9978
16086.914,-54.7451,0.9979
16088.379,-54.7010,0.9980
16089.844,-54.6719,0.9981
16091.309,-54.7267,0.9978
16092.773,-54.7508,0.9978
16094.238,-54.6919,0.9980
16095.703,-54.7005,0.9980
16097.168,-54.7661,0.9979
16098.633,-54.7452,0.9979
16100.098,-54.7277,0.9980
16101.562,-54.6667,0.9979
16103.027,-54.6685,0.9976
16104.492,-54.6952,0.9982
16105.957,-54.6814,0.9982
16107.422,-54.7318,0.9978
16108.887,-54.7116,0.9977
16110.352,-54.6607,0.9976
16111.816,-54.6948,0.9976
16113.281,-54.7011,0.9980
16114.746,-54.6819,0.9979
16116.211,-54.6926,0.9978
16117.676,-54.6774,0.9981
16119.141,-54.6910,0.9984
16120.605,-54.6683,0.9982
16122.070,-54.6837,0.9984
16123.535,-54.6687,0.9981
16125.000,-54.6727,0.9984
16126.465,-54.7017,0.9980
16127.930,-54.7026,0.9979
16129.395,-54.7142,0.9979
16130.859,-54.6825,0.9980
16132.324,-54.7048,0.9979
16133.789,-54.7121,0.9979
16135.254,-54.6808,0.9981
16136.719,-54.6874,0.9981
16138.184,-54.6934,0.9981
16139.648,-54.7089,0.9979
16141.113,-54.7350,0.9980
16142.578,-54.6445,0.9984
16144.043,-54.6807,0.9981
16145.508,-54.7159,0.9977
16146.973,-54.6732,0.9981
16148.438,-54.7141,0.9980
16149.902,-54.6955,0.9979
16151.367,-54.6694,0.9978
16152.832,-54.6962,0.9981
16154.297,-54.6763,0.9982
16155.762,-54.6591,0.9980
16157.227,-54.6412,0.9982
16158.691,-54.6476,0.9983
16160.156,-54.6772,0.9983
16161.621,-54.6404,0.9983
16163.086,-54.7167,0.9978
16164.551,-54.7085,0.9980
16166.016,-54.6922,0.9979
16167.480,-54.6773,0.9981
16168.945,-54.6880,0.9981
16170.410,-54.6298,0.9977
16171.875,-54.6794,0.9977
16173.340,-54.6853,0.9977
16174.805,-54.6643,0.9979
16176.270,-54.6559,0.9982
16177.734,-54.7302,0.9980
16179.199,-54.7476,0.9980
16180.664,-54.6885,0.9980
16182.129,-54.7135,0.9986
16183.594,-54.7248,0.9984
16185.059,-54.6916,0.9981
16186.523,-54.7080,0.9981
16187.988,-54.7530,0.9979
16189.453,-54.6751,0.9981
16190.918,-54.7055,0.9983
16192.383,-54.6264,0.9984
16193.848,-54.6413,0.9983
16195.312,-54.6913,0.9984
16196.777,-54.6897,0.9985
16198.242,-54.6207,0.9986
16199.707,-54.6299,0.9980
16201.172,-54.6796,0.9983
16202.637,-54.6258,0.9985
16204.102,-54.6821,0.9984
16205.566,-54.6667,0.9983
16207.031,-54.6324,0.9983
16208.496,-54.6322,0.9983
16209.961,-54.6998,0.9982
16211.426,-54.6210,0.9983
16212.891,-54.6561,0.9981
16214.355,-54.6728,0.9979
16215.820,-54.6408,0.9981
16217.285,-54.6403,0.9980
16218.750,-54.7215,0.9979
16220.215,-54.7489,0.9979
16221.680,-54.7121,0.9983
16223.145,-54.7069,0.9984
16224.609,-54.7522,0.9983
16226.074,-54.6840,0.9980
16227.539,-54.6815,0.9978
16229.004,-54.6962,0.9981
16230.469,-54.6702,0.9983
16231.934,-54.6876,0.9984
16233.398,-54.6908,0.9983
16234.863,-54.6949,0.9985
16236.328,-54.6838,0.9982
16237.793,-54.6940,0.9981
16239.258,-54.6844,0.9985
16240.723,-54.6617,0.9984
16242.188,-54.6546,0.9982
16243.652,-54.7136,0.9982
16245.117,-54.6639,0.9983
16246.582,-54.6635,0.9981
16248.047,-54.6715,0.9985
16249.512,-54.6479,0.9988
16250.977,-54.6882,0.9985
16252.441,-54.6481,0.9984
16253.906,-54.6667,0.9984
16255.371,-54.6736,0.9984
16256.836,-54.6386,0.9982
16258.301,-54.7399,0.9982
16259.766,-54.6936,0.9983
16261.230,-54.6453,0.9982
16262.695,-54.6527,0.9986
16264.160,-54.6476,0.9987
16265.625,-54.7237,0.9984
16267.090,-54.6439,0.9984
16268.555,-54.6589,0.9984
16270.020,-54.6470,0.9984
16271.484,-54.6506,0.9984
16272.949,-54.6526,0.9983
16274.414,-54.6789,0.9983
16275.879,-54.6404,0.9983
16277.344,-54.6402,0.9983
16278.809,-54.7586,0.9981
16280.273,-54.6756,0.9981
16281.738,-54.6500,0.9983
16283.203,-54.7165,0.9984
16284.668,-54.6744,0.9984
16286.133,-54.6112,0.9984
16287.598,-54.6610,0.9982
16289.062,-54.6568,0.9982
16290.527,-54.6848,0.9985
16291.992,-54.6815,0.9987
16293.457,-54.6845,0.9984
16294.922,-54.6554,0.9981
16296.387,-54.6687,0.9984
16297.852,-54.6835,0.9985
16299.316,-54.6584,0.9984
16300.781,-54.6567,0.9982
16302.246,-54.6320,0.9983
16303.711,-54.6756,0.9985
16305.176,-54.6756,0.9985
16306.641,-54.6352,0.9985
16308.105,-54.6570,0.9987
16309.570,-54.6686,0.9986
16311.035,-54.6532,0.9985
16312.500,-54.6486,0.9984
16313.965,-54.6882,0.9986
16315.430,-54.7075,0.9987
16316.895,-54.6874,0.9988
16318.359,-54.6782,0.9988
16319.824,-54.6782,0.9986
16321.289,-54.6629,0.9985
16322.754,-54.6633,0.9985
16324.219,-54.6739,0.9985
16325.684,-54.6286,0.9984
16327.148,-54.6700,0.9985
16328.613,-54.7278,0.9987
16330.078,-54.6814,0.9987
16331.543,-54.6267,0.9985
16333.008,-54.6064,0.9987
16334.473,-54.7365,0.9987
16335.938,-54.6952,0.9988
16337.402,-54.6741,0.9988
16338.867,-54.6991,0.9988
16340.332,-54.6925,0.9987
16341.797,-54.6986,0.9985
16343.262,-54.7005,0.9983
16344.727,-54.7135,0.9985
16346.191,-54.6540,0.9986
16347.656,-54.6285,0.9984
16349.121,-54.6858,0.9987
16350.586,-54.6612,0.9989
16352.051,-54.6934,0.9986
16353.516,-54.6808,0.9984
16354.980,-54.6442,0.9985
16356.445,-54.6132,0.9988
16357.910,-54.6634,0.9985
16359.375,-54.7140,0.9984
16360.840,-54.7276,0.9985
16362.305,-54.7377,0.9985
16363.770,-54.7113,0.9990
16365.234,-54.6736,0.9987
16366.699,-54.6851,0.9987
16368.164,-54.6969,0.9988
16369.629,-54.6296,0.9985
16371.094,-54.6524,0.9985
16372.559,-54.6385,0.9987
16374.023,-54.6336,0.9986
16375.488,-54.6720,0.9982
16376.953,-54.6380,0.9986
16378.418,-54.6684,0.9985
16379.883,-54.6966,0.9984
16381.348,-54.6693,0.9986
16382.812,-54.6882,0.9987
16384.277,-54.6915,0.9987
16385.742,-54.6836,0.9988
16387.207,-54.6781,0.9986
16388.672,-54.6644,0.9986
16390.137,-54.6847,0.9985
16391.602,-54.6524,0.9986
16393.066,-54.6324,0.9987
16394.531,-54.6933,0.9985
16395.996,-54.6869,0.9986
16397.461,-54.6879,0.9985
16398.926,-54.7020,0.9986
16400.391,-54.6811,0.9985
16401.855,-54.6671,0.9986
16403.320,-54.6733,0.9989
16404.785,-54.6795,0.9988
16406.250,-54.6645,0.9987
16407.715,-54.6447,0.9986
16409.180,-54.6448,0.9987
16410.645,-54.6766,0.9988
16412.109,-54.6708,0.9987
16413.574,-54.6203,0.9987
16415.039,-54.6520,0.9985
16416.504,-54.6927,0.9985
16417.969,-54.6841,0.9989
16419.434,-54.6749,0.9986
16420.898,-54.6722,0.9987
16422.363,-54.6848,0.9987
16423.828,-54.7089,0.9986
16425.293,-54.7037,0.9985
16426.758,-54.6949,0.9986
16428.223,-54.6910,0.9989
16429.688,-54.6899,0.9988
16431.152,-54.6632,0.9986
16432.617,-54.6582,0.9988
16434.082,-54.6431,0.9987
16435.547,-54.6442,0.9988
16437.012,-54.6776,0.9988
16438.477,-54.6946,0.9987
16439.941,-54.6794,0.9988
16441.406,-54.6900,0.9987
16442.871,-54.6930,0.9986
16444.336,-54.6761,0.9989
16445.801,-54.6662,0.9990
16447.266,-54.6814,0.9989
16448.730,-54.6920,0.9988
16450.195,-54.6566,0.9989
16451.660,-54.6564,0.9988
16453.125,-54.6715,0.9989
16454.590,-54.6455,0.9990
16456.055,-54.6567,0.9989
16457.520,-54.7006,0.9986
16458.984,-54.6720,0.9987
16460.449,-54.6579,0.9987
16461.914,-54.6750,0.9989
16463.379,-54.6741,0.9989
16464.844,-54.6704,0.9987
16466.309,-54.6983,0.9987
16467.773,-54.7131,0.9986
16469.238,-54.7045,0.9988
16470.703,-54.6734,0.9989
16472.168,-54.6583,0.9989
16473.633,-54.6702,0.9989
16475.098,-54.6840,0.9988
16476.562,-54.6934,0.9988
16478.027,-54.6887,0.9987
16479.492,-54.6983,0.9989
16480.957,-54.6609,0.9990
16482.422,-54.6677,0.9989
16483.887,-54.6929,0.9989
16485.352,-54.7031,0.9989
16486.816,-54.6761,0.9990
16488.281,-54.6707,0.9989
16489.746,-54.6670,0.9989
16491.211,-54.6649,0.9990
16492.676,-54.6787,0.9990
16494.141,-54.6737,0.9990
16495.605,-54.6737,0.9989
16497.070,-54.7199,0.9988
16498.535,-54.7180,0.9988
16500.000,-54.7233,0.9988
16501.465,-54.7177,0.9988
16502.930,-54.6702,0.9988
16504.395,-54.6545,0.9989
16505.859,-54.6688,0.9989
16507.324,-54.6682,0.9988
16508.789,-54.6663,0.9988
16510.254,-54.6699,0.9989
16511.719,-54.7101,0.9990
16513.184,-54.7391,0.9989
16514.648,-54.7010,0.9989
16516.113,-54.6638,0.9988
16517.578,-54.6489,0.9987
16519.043,-54.6756,0.9987
16520.508,-54.7105,0.9990
16521.973,-54.6933,0.9990
16523.438,-54.6896,0.9987
16524.902,-54.6937,0.9985
16526.367,-54.6965,0.9988
16527.832,-54.6963,0.9990
16529.297,-54.6926,0.9990
16530.762,-54.6919,0.9990
16532.227,-54.7038,0.9989
16533.691,-54.6966,0.9989
16535.156,-54.6928,0.9989
16536.621,-54.6940,0.9989
16538.086,-54.6964,0.9988
16539.551,-54.6975,0.9989
16541.016,-54.6818,0.9990
16542.480,-54.6978,0.9988
16543.945,-54.6746,0.9989
16545.410,-54.6597,0.9990
16546.875,-54.6970,0.9990
16548.340,-54.7142,0.9990
16549.805,-54.6935,0.9991
16551.270,-54.7041,0.9989
16552.734,-54.7169,0.9989
16554.199,-54.6894,0.9987
16555.664,-54.6799,0.9986
16557.129,-54.7193,0.9990
16558.594,-54.7275,0.9990
16560.059,-54.7012,0.9990
16561.523,-54.7074,0.9990
16562.988,-54.7074,0.9988
16564.453,-54.7058,0.9989
16565.918,-54.6926,0.9988
16567.383,-54.6815,0.9989
16568.848,-54.7002,0.9989
16570.312,-54.7281,0.9990
16571.777,-54.7445,0.9989
16573.242,-54.7196,0.9989
16574.707,-54.6806,0.9990
16576.172,-54.6864,0.9991
16577.637,-54.6810,0.9991
16579.102,-54.6910,0.9990
16580.566,-54.6939,0.9990
16582.031,-54.6926,0.9990
16583.496,-54.7232,0.9991
16584.961,-54.7219,0.9989
16586.426,-54.6936,0.9989
16587.891,-54.6856,0.9989
16589.355,-54.6787,0.9990
16590.820,-54.7039,0.9990
16592.285,-54.7229,0.9989
16593.750,-54.7129,0.9988
16595.215,-54.6823,0.9989
16596.680,-54.6687,0.9989
16598.145,-54.6905,0.9989
16599.609,-54.7189,0.9990
16601.074,-54.7128,0.9990
16602.539,-54.6886,0.9989
16604.004,-54.6862,0.9990
16605.469,-54.7077,0.9990
16606.934,-54.7069,0.9992
16608.398,-54.6960,0.9990
16609.863,-54.6950,0.9988
16611.328,-54.7265,0.9989
16612.793,-54.7410,0.9992
16614.258,-54.7135,0.9990
16615.723,-54.7031,0.9989
16617.188,-54.7062,0.9989
16618.652,-54.7094,0.9990
16620.117,-54.7132,0.9991
16621.582,-54.7018,0.9992
16623.047,-54.6885,0.9991
16624.512,-54.6986,0.9990
16625.977,-54.7123,0.9989
16627.441,-54.7044,0.9988
16628.906,-54.6848,0.9988
16630.371,-54.6629,0.9989
16631.836,-54.6359,0.9991
16633.301,-54.6568,0.9990
16634.766,-54.7030,0.9990
16636.230,-54.6975,0.9989
16637.695,-54.6764,0.9990
16639.160,-54.6755,0.9992
16640.625,-54.6746,0.9990
16642.090,-54.6865,0.9986
16643.555,-54.6875,0.9987
16645.020,-54.6876,0.9987
16646.484,-54.7029,0.9988
16647.949,-54.7081,0.9990
16649.414,-54.7003,0.9990
16650.879,-54.6986,0.9990
16652.344,-54.7047,0.9991
16653.809,-54.7220,0.9990
16655.273,-54.7417,0.9989
16656.738,-54.7446,0.9989
16658.203,-54.7347,0.9989
16659.668,-54.7175,0.9989
16661.133,-54.7063,0.9990
16662.598,-54.6997,0.9988
16664.062,-54.6949,0.9990
16665.527,-54.7085,0.9991
16666.992,-54.7184,0.9992
16668.457,-54.7041,0.9990
16669.922,-54.6972,0.9990
16671.387,-54.7002,0.9991
16672.852,-54.7041,0.9989
16674.316,-54.7184,0.9989
16675.781,-54.7289,0.9990
16677.246,-54.7205,0.9989
16678.711,-54.7061,0.9987
16680.176,-54.7210,0.9988
16681.641,-54.7260,0.9990
16683.105,-54.7159,0.9990
16684.570,-54.7142,0.9993
16686.035,-54.7038,0.9991
16687.500,-54.7102,0.9991
16688.965,-54.7232,0.9990
16690.430,-54.7231,0.9991
16691.895,-54.7058,0.9989
16693.359,-54.7068,0.9990
16694.824,-54.7448,0.9991
16696.289,-54.7518,0.9991
16697.754,-54.7196,0.9992
16699.219,-54.7007,0.9991
16700.684,-54.7190,0.9990
16702.148,-54.7083,0.9989
16703.613,-54.6825,0.9988
16705.078,-54.7043,0.9990
16706.543,-54.7280,0.9990
16708.008,-54.7137,0.9991
16709.473,-54.7021,0.9991
16710.938,-54.7224,0.9992
16712.402,-54.7223,0.9992
16713.867,-54.6843,0.9990
16715.332,-54.6747,0.9990
16716.797,-54.7201,0.9990
16718.262,-54.7370,0.9990
16719.727,-54.7353,0.9991
16721.191,-54.7520,0.9990
16722.656,-54.7470,0.9989
16724.121,-54.7366,0.9989
16725.586,-54.7352,0.9988
16727.051,-54.7354,0.9989
16728.516,-54.7086,0.9989
16729.980,-54.6803,0.9989
16731.445,-54.6876,0.9991
16732.910,-54.6896,0.9991
16734.375,-54.6801,0.9990
16735.840,-54.6760,0.9990
16737.305,-54.6798,0.9989
16738.770,-54.6970,0.9989
16740.234,-54.7180,0.9992
16741.699,-54.7322,0.9992
16743.164,-54.7282,0.9989
16744.629,-54.7172,0.9988
16746.094,-54.7124,0.9988
16747.559,-54.6973,0.9988
16749.023,-54.6962,0.9989
16750.488,-54.7392,0.9988
16751.953,-54.7485,0.9988
16753.418,-54.6951,0.9989
16754.883,-54.6736,0.9989
16756.348,-54.6937,0.9991
16757.812,-54.7273,0.9989
16759.277,-54.7264,0.9989
16760.742,-54.6903,0.9991
16762.207,-54.7017,0.9991
16763.672,-54.7237,0.9990
16765.137,-54.7155,0.9991
16766.602,-54.7028,0.9992
16768.066,-54.7037,0.9991
16769.531,-54.7017,0.9991
16770.996,-54.6970,0.9990
16772.461,-54.7227,0.9988
16773.926,-54.7642,0.9991
16775.391,-54.7830,0.9990
16776.855,-54.7649,0.9991
16778.320,-54.7276,0.9988
16779.785,-54.6977,0.9990
16781.250,-54.7079,0.9991
16782.715,-54.7314,0.9990
16784.180,-54.7406,0.9990
16785.645,-54.7440,0.9990
16787.109,-54.7300,0.9990
16788.574,-54.6974,0.9990
16790.039,-54.6760,0.9989
16791.504,-54.7207,0.9989
16792.969,-54.7471,0.9990
16794.434,-54.7056,0.9989
16795.898,-54.7086,0.9990
16797.363,-54.7316,0.9990
16798.828,-54.7351,0.9989
16800.293,-54.7597,0.9988
16801.758,-54.7624,0.9989
16803.223,-54.7325,0.9989
16804.688,-54.7312,0.9988
16806.152,-54.7368,0.9990
16807.617,-54.7223,0.9989
16809.082,-54.7111,0.9990
16810.547,-54.7122,0.9990
16812.012,-54.7265,0.9991
16813.477,-54.7306,0.9989
16814.941,-54.7185,0.9989
16816.406,-54.7148,0.9988
16817.871,-54.7136,0.9988
16819.336,-54.7100,0.9989
16820.801,-54.7309,0.9988
16822.266,-54.7478,0.9990
16823.730,-54.7217,0.9991
16825.195,-54.7119,0.9990
16826.660,-54.7357,0.9990
16828.125,-54.7576,0.9990
16829.590,-54.7646,0.9990
16831.055,-54.7550,0.9988
16832.520,-54.7546,0.9988
16833.984,-54.7671,0.9990
16835.449,-54.7519,0.9989
16836.914,-54.7323,0.9990
16838.379,-54.7167,0.9991
16839.844,-54.7231,0.9991
16841.309,-54.7541,0.9990
16842.773,-54.7465,0.9989
16844.238,-54.7378,0.9989
16845.703,-54.7610,0.9990
16847.168,-54.7431,0.9990
16848.633,-54.7078,0.9989
16850.098,-54.7256,0.9990
16851.562,-54.7479,0.9988
16853.027,-54.7458,0.9989
16854.492,-54.7296,0.9991
16855.957,-54.7277,0.9988
16857.422,-54.7505,0.9988
16858.887,-54.7405,0.9989
16860.352,-54.7334,0.9990
16861.816,-54.7372,0.9989
16863.281,-54.7152,0.9991
16864.746,-54.7194,0.9990
16866.211,-54.7238,0.9990
16867.676,-54.7148,0.9989
16869.141,-54.7211,0.9989
16870.605,-54.7090,0.9989
16872.070,-54.7063,0.9989
16873.535,-54.7372,0.9990
16875.000,-54.7565,0.9989
16876.465,-54.7591,0.9991
16877.930,-54.7495,0.9991
16879.395,-54.7387,0.9992
16880.859,-54.7380,0.9990
16882.324,-54.7536,0.9988
16883.789,-54.7301,0.9989
16885.254,-54.7164,0.9988
16886.719,-54.7390,0.9987
16888.184,-54.7570,0.9990
16889.648,-54.7463,0.9990
16891.113,-54.7350,0.9989
16892.578,-54.7493,0.9989
16894.043,-54.7257,0.9989
16895.508,-54.7074,0.9989
16896.973,-54.7326,0.9988
16898.438,-54.7200,0.9988
16899.902,-54.6908,0.9988
16901.367,-54.7185,0.9989
16902.832,-54.7739,0.9990
16904.297,-54.7800,0.9988
16905.762,-54.7449,0.9989
16907.227,-54.7065,0.9986
16908.691,-54.7383,0.9986
16910.156,-54.7852,0.9987
16911.621,-54.7656,0.9988
16913.086,-54.7558,0.9988
16914.551,-54.7491,0.9989
16916.016,-54.7288,0.9989
16917.480,-54.7035,0.9989
16918.945,-54.7105,0.9991
16920.410,-54.7307,0.9990
16921.875,-54.7299,0.9989
16923.340,-54.7360,0.9988
16924.805,-54.7261,0.9987
16926.270,-54.7265,0.9989
16927.734,-54.7446,0.9992
16929.199,-54.7552,0.9990
16930.664,-54.7589,0.9989
16932.129,-54.7635,0.9989
16933.594,-54.7647,0.9988
16935.059,-54.7555,0.9989
16936.523,-54.7545,0.9989
16937.988,-54.7526,0.9989
16939.453,-54.7480,0.9988
16940.918,-54.7672,0.9989
16942.383,-54.7644,0.9990
16943.848,-54.7423,0.9988
16945.312,-54.7515,0.9988
16946.777,-54.7307,0.9987
16948.242,-54.7195,0.9986
16949.707,-54.7568,0.9987
16951.172,-54.7524,0.9988
16952.637,-54.7337,0.9988
16954.102,-54.7318,0.9988
16955.566,-54.7394,0.9988
16957.031,-54.7582,0.9989
16958.496,-54.7463,0.9989
16959.961,-54.7439,0.9987
16961.426,-54.7307,0.9988
16962.891,-54.7313,0.9989
16964.355,-54.7395,0.9990
16965.820,-54.7301,0.9989
16967.285,-54.7477,0.9987
16968.750,-54.7426,0.9986
16970.215,-54.7524,0.9989
16971.680,-54.7370,0.9990
16973.145,-54.7114,0.9991
16974.609,-54.7211,0.9988
16976.074,-54.7310,0.9987
16977.539,-54.7458,0.9990
16979.004,-54.7446,0.9988
16980.469,-54.7503,0.9988
16981.934,-54.7656,0.9988
16983.398,-54.7888,0.9989
16984.863,-54.7508,0.9987
16986.328,-54.7335,0.9987
16987.793,-54.7488,0.9987
16989.258,-54.7513,0.9987
16990.723,-54.7545,0.9987
16992.188,-54.7756,0.9989
16993.652,-54.7680,0.9989
16995.117,-54.7642,0.9988
16996.582,-54.7691,0.9985
16998.047,-54.7823,0.9987
16999.512,-54.7617,0.9987
17000.977,-54.7553,0.9987
17002.441,-54.7375,0.9987
17003.906,-54.7297,0.9988
17005.371,-54.7951,0.9985
17006.836,-54.8255,0.9987
17008.301,-54.7865,0.9987
17009.766,-54.7665,0.9986
17011.230,-54.7573,0.9988
17012.695,-54.7554,0.9987
17014.160,-54.7545,0.9987
17015.625,-54.7458,0.9988
17017.090,-54.7223,0.9986
17018.555,-54.7454,0.9988
17020.020,-54.7550,0.9988
17021.484,-54.7260,0.9988
17022.949,-54.7423,0.9988
17024.414,-54.7304,0.9986
17025.879,-54.7685,0.9986
17027.344,-54.7619,0.9987
17028.809,-54.7394,0.9987
17030.273,-54.7671,0.9985
17031.738,-54.7812,0.9986
17033.203,-54.7613,0.9987
17034.668,-54.7418,0.9988
17036.133,-54.7642,0.9984
17037.598,-54.7090,0.9986
17039.062,-54.6822,0.9989
17040.527,-54.7305,0.9986
17041.992,-54.7612,0.9986
17043.457,-54.7558,0.9989
17044.922,-54.7101,0.9988
17046.387,-54.7442,0.9986
17047.852,-54.7493,0.9986
17049.316,-54.7721,0.9988
17050.781,-54.7429,0.9988
17052.246,-54.7195,0.9988
17053.711,-54.7738,0.9986
17055.176,-54.8095,0.9985
17056.641,-54.7630,0.9985
17058.105,-54.7908,0.9987
17059.570,-54.7687,0.9984
17061.035,-54.7499,0.9985
17062.500,-54.7795,0.9988
17063.965,-54.7695,0.9988
17065.430,-54.7856,0.9987
17066.895,-54.7479,0.9989
17068.359,-54.7414,0.9986
17069.824,-54.7779,0.9986
17071.289,-54.7210,0.9988
17072.754,-54.7450,0.9987
17074.219,-54.7665,0.9985
17075.684,-54.7484,0.9987
17077.148,-54.7439,0.9986
17078.613,-54.7516,0.9985
17080.078,-54.7528,0.9986
17081.543,-54.7408,0.9984
17083.008,-54.7450,0.9983
17084.473,-54.7379,0.9985
17085.938,-54.7605,0.9985
17087.402,-54.8111,0.9984
17088.867,-54.7882,0.9985
17090.332,-54.7323,0.9986
17091.797,-54.7405,0.9987
17093.262,-54.7377,0.9987
17094.727,-54.7685,0.9985
17096.191,-54.8014,0.9986
17097.656,-54.7648,0.9987
17099.121,-54.7491,0.9984
17100.586,-54.7222,0.9985
17102.051,-54.7496,0.9986
17103.516,-54.7917,0.9986
17104.980,-54.7644,0.9987
17106.445,-54.7610,0.9986
17107.910,-54.7694,0.9986
17109.375,-54.7781,0.9985
17110.840,-54.7942,0.9985
17112.305,-54.7779,0.9986
17113.770,-54.8005,0.9984
17115.234,-54.8025,0.9980
17116.699,-54.7494,0.9982
17118.164,-54.7702,0.9985
17119.629,-54.8274,0.9986
17121.094,-54.7653,0.9984
17122.559,-54.7159,0.9984
17124.023,-54.7536,0.9984
17125.488,-54.7504,0.9985
17126.953,-54.7672,0.9986
17128.418,-54.7793,0.9987
17129.883,-54.7882,0.9985
17131.348,-54.7509,0.9982
17132.812,-54.7620,0.9984
17134.277,-54.7613,0.9982
17135.742,-54.7117,0.9984
17137.207,-54.7406,0.9983
17138.672,-54.7815,0.9983
17140.137,-54.7782,0.9985
17141.602,-54.7627,0.9987
17143.066,-54.7600,0.9984
17144.531,-54.8059,0.9983
17145.996,-54.7662,0.9984
17147.461,-54.7364,0.9985
17148.926,-54.7709,0.9982
17150.391,-54.7933,0.9981
17151.855,-54.7584,0.9981
17153.320,-54.7648,0.9981
17154.785,-54.7839,0.9982
17156.250,-54.6912,0.9982
17157.715,-54.7833,0.9985
17159.180,-54.7739,0.9985
17160.645,-54.7345,0.9982
17162.109,-54.7331,0.9983
17163.574,-54.7260,0.9985
17165.039,-54.7462,0.9985
17166.504,-54.7714,0.9984
17167.969,-54.7482,0.9981
17169.434,-54.6952,0.9984
17170.898,-54.7451,0.9983
17172.363,-54.7763,0.9983
17173.828,-54.7970,0.9987
17175.293,-54.7603,0.9978
17176.758,-54.7366,0.9978
17178.223,-54.7280,0.9985
17179.688,-54.7335,0.9984
17181.152,-54.7335,0.9983
17182.617,-54.7524,0.9984
17184.082,-54.7864,0.9984
17185.547,-54.7565,0.9984
17187.012,-54.7793,0.9982
17188.477,-54.7914,0.9980
17189.941,-54.7332,0.9982
17191.406,-54.7667,0.9982
17192.871,-54.7624,0.9982
17194.336,-54.7395,0.9980
17195.801,-54.7460,0.9983
17197.266,-54.7703,0.9983
17198.730,-54.7228,0.9983
17200.195,-54.7287,0.9984
17201.660,-54.7314,0.9985
17203.125,-54.7424,0.9982
17204.590,-54.7543,0.9982
17206.055,-54.7733,0.9985
17207.520,-54.7718,0.9983
17208.984,-54.7681,0.9983
17210.449,-54.7406,0.9985
17211.914,-54.7317,0.9983
17213.379,-54.7581,0.9983
17214.844,-54.7993,0.9983
17216.309,-54.8070,0.9981
17217.773,-54.7609,0.9980
17219.238,-54.7374,0.9981
17220.703,-54.7581,0.9982
17222.168,-54.7643,0.9982
17223.633,-54.6966,0.9979
17225.098,-54.7370,0.9983
17226.562,-54.7451,0.9981
17228.027,-54.8179,0.9980
17229.492,-54.8029,0.9978
17230.957,-54.7713,0.9982
17232.422,-54.7211,0.9982
17233.887,-54.7739,0.9979
17235.352,-54.8178,0.9979
17236.816,-54.7834,0.9980
17238.281,-54.7284,0.9980
17239.746,-54.8020,0.9980
17241.211,-54.8072,0.9983
17242.676,-54.7417,0.9982
17244.141,-54.7499,0.9981
17245.605,-54.7140,0.9980
17247.070,-54.7128,0.9981
17248.535,-54.7826,0.9980
17250.000,-54.7513,0.9983
17251.465,-54.7999,0.9981
17252.930,-54.7412,0.9979
17254.395,-54.7347,0.9982
17255.859,-54.7298,0.9981
17257.324,-54.6926,0.9984
17258.789,-54.7338,0.9979
17260.254,-54.7804,0.9982
17261.719,-54.7377,0.9983
17263.184,-54.7516,0.9979
17264.648,-54.7437,0.9974
17266.113,-54.7445,0.9979
17267.578,-54.7193,0.9977
17269.043,-54.7099,0.9978
17270.508,-54.7247,0.9983
17271.973,-54.7753,0.9979
17273.438,-54.7208,0.9980
17274.902,-54.7564,0.9977
17276.367,-54.7268,0.9979
17277.832,-54.7593,0.9979
17279.297,-54.7638,0.9980
17280.762,-54.7629,0.9980
17282.227,-54.7596,0.9979
17283.691,-54.7102,0.9979
17285.156,-54.7696,0.9978
17286.621,-54.7334,0.9979
17288.086,-54.7487,0.9983
17289.551,-54.7170,0.9982
17291.016,-54.7573,0.9981
17292.480,-54.7789,0.9978
17293.945,-54.7479,0.9978
17295.410,-54.7018,0.9978
17296.875,-54.7856,0.9979
17298.340,-54.7249,0.9979
17299.805,-54.7053,0.9978
17301.270,-54.7426,0.9981
17302.734,-54.7110,0.9981
17304.199,-54.7568,0.9980
17305.664,-54.7516,0.9983
17307.129,-54.7609,0.9981
17308.594,-54.7747,0.9978
17310.059,-54.7717,0.9983
17311.523,-54.7871,0.9980
17312.988,-54.7902,0.9977
17314.453,-54.7410,0.9979
17315.918,-54.7621,0.9983
17317.383,-54.7679,0.9980
17318.848,-54.6973,0.9979
17320.312,-54.7436,0.9979
17321.777,-54.7342,0.9980
17323.242,-54.7211,0.9978
17324.707,-54.7652,0.9976
17326.172,-54.7897,0.9978
17327.637,-54.7776,0.9976
17329.102,-54.7773,0.9975
17330.566,-54.7759,0.9976
17332.031,-54.7791,0.9976
17333.496,-54.7691,0.9978
17334.961,-54.7217,0.9977
17336.426,-54.7802,0.9977
17337.891,-54.7807,0.9975
17339.355,-54.7562,0.9976
17340.820,-54.7618,0.9977
17342.285,-54.7322,0.9978
17343.750,-54.7161,0.9981
17345.215,-54.7416,0.9982
17346.680,-54.7671,0.9980
17348.145,-54.7901,0.9978
17349.609,-54.7212,0.9977
17351.074,-54.7373,0.9978
17352.539,-54.6907,0.9977
17354.004,-54.7242,0.9978
17355.469,-54.7838,0.9974
17356.934,-54.8051,0.9977
17358.398,-54.7679,0.9978
17359.863,-54.7318,0.9978
17361.328,-54.7545,0.9982
17362.793,-54.7023,0.9979
17364.258,-54.7863,0.9976
17365.723,-54.7657,0.9978
17367.188,-54.7292,0.9980
17368.652,-54.7659,0.9980
17370.117,-54.6912,0.9978
17371.582,-54.7074,0.9977
17373.047,-54.7476,0.9979
17374.512,-54.7229,0.9978
17375.977,-54.7077,0.9977
17377.441,-54.7676,0.9979
17378.906,-54.7840,0.9986
17380.371,-54.7229,0.9984
17381.836,-54.7439,0.9978
17383.301,-54.6508,0.9977
17384.766,-54.7660,0.9977
17386.230,-54.7333,0.9975
17387.695,-54.7316,0.9974
17389.160,-54.7197,0.9975
17390.625,-54.7545,0.9976
17392.090,-54.7194,0.9979
17393.555,-54.7670,0.9981
17395.020,-54.7512,0.9980
17396.484,-54.6899,0.9979
17397.949,-54.7286,0.9980
17399.414,-54.7456,0.9978
17400.879,-54.7514,0.9981
17402.344,-54.7473,0.9983
17403.809,-54.7359,0.9980
17405.273,-54.7742,0.9977
17406.738,-54.7431,0.9975
17408.203,-54.7689,0.9973
17409.668,-54.7369,0.9976
17411.133,-54.7529,0.9978
17412.598,-54.7595,0.9974
17414.062,-54.7203,0.9979
17415.527,-54.7373,0.9981
17416.992,-54.7795,0.9978
17418.457,-54.6944,0.9975
17419.922,-54.7370,0.9975
17421.387,-54.7551,0.9973
17422.852,-54.7528,0.9977
17424.316,-54.6794,0.9982
17425.781,-54.7776,0.9980
17427.246,-54.7695,0.9977
17428.711,-54.7637,0.9974
17430.176,-54.7566,0.9974
17431.641,-54.7090,0.9973
17433.105,-54.7497,0.9980
17434.570,-54.7639,0.9977
17436.035,-54.7591,0.9978
17437.500,-54.7831,0.9979
17438.965,-54.7174,0.9975
17440.430,-54.6886,0.9978
17441.895,-54.6899,0.9980
17443.359,-54.7257,0.9980
17444.824,-54.6943,0.9981
17446.289,-54.7464,0.9980
17447.754,-54.7844,0.9978
17449.219,-54.7073,0.9974
17450.684,-54.6917,0.9977
17452.148,-54.7114,0.9976
17453.613,-54.6550,0.9978
17455.078,-54.7077,0.9981
17456.543,-54.7484,0.9979
17458.008,-54.7023,0.9977
17459.473,-54.7589,0.9975
17460.938,-54.7455,0.9977
17462.402,-54.7275,0.9979
17463.867,-54.7448,0.9976
17465.332,-54.6972,0.9975
17466.797,-54.6906,0.9974
17468.262,-54.7163,0.9977
17469.727,-54.7629,0.9978
17471.191,-54.7512,0.9976
17472.656,-54.7229,0.9974
17474.121,-54.7630,0.9975
17475.586,-54.7606,0.9975
17477.051,-54.6964,0.9976
17478.516,-54.6835,0.9978
17479.980,-54.7257,0.9978
17481.445,-54.7068,0.9981
17482.910,-54.7145,0.9980
17484.375,-54.7435,0.9982
17485.840,-54.7370,0.9979
17487.305,-54.7104,0.9974
17488.770,-54.7356,0.9976
17490.234,-54.7461,0.9980
17491.699,-54.7248,0.9978
17493.164,-54.7453,0.9976
17494.629,-54.7749,0.9977
17496.094,-54.7449,0.9978
17497.559,-54.7248,0.9980
17499.023,-54.7884,0.9979
17500.488,-54.6838,0.9982
17501.953,-54.7162,0.9980
17503.418,-54.7181,0.9980
17504.883,-54.6950,0.9978
17506.348,-54.7508,0.9979
17507.812,-54.7472,0.9979
17509.277,-54.7502,0.9976
17510.742,-54.7607,0.9976
17512.207,-54.6897,0.9976
17513.672,-54.7117,0.9977
17515.137,-54.6997,0.9978
17516.602,-54.7139,0.9973
17518.066,-54.7379,0.9976
17519.531,-54.7124,0.9980
17520.996,-54.7330,0.9979
17522.461,-54.7381,0.9979
17523.926,-54.7124,0.9979
17525.391,-54.7588,0.9977
17526.855,-54.7492,0.9983
17528.320,-54.7587,0.9981
17529.785,-54.7404,0.9978
17531.250,-54.6596,0.9980
17532.715,-54.7032,0.9975
17534.180,-54.7250,0.9979
17535.645,-54.7570,0.9978
17537.109,-54.8019,0.9979
17538.574,-54.7811,0.9981
17540.039,-54.7268,0.9974
17541.504,-54.7051,0.9973
17542.969,-54.7193,0.9977
17544.434,-54.7453,0.9978
17545.898,-54.7418,0.9980
17547.363,-54.7423,0.9976
17548.828,-54.6877,0.9975
17550.293,-54.6941,0.9981
17551.758,-54.6693,0.9978
17553.223,-54.7306,0.9978
17554.688,-54.7603,0.9976
17556.152,-54.7115,0.9980
17557.617,-54.7948,0.9976
17559.082,-54.7123,0.9981
17560.547,-54.7755,0.9979
17562.012,-54.7924,0.9975
17563.477,-54.7440,0.9978
17564.941,-54.7227,0.9981
17566.406,-54.7099,0.9979
17567.871,-54.7251,0.9978
17569.336,-54.7132,0.9981
17570.801,-54.6411,0.9982
17572.266,-54.6666,0.9979
17573.730,-54.7525,0.9979
17575.195,-54.7308,0.9976
17576.660,-54.6923,0.9979
17578.125,-54.7140,0.9977
17579.590,-54.6736,0.9979
17581.055,-54.7060,0.9982
17582.520,-54.7442,0.9982
17583.984,-54.7085,0.9982
17585.449,-54.7342,0.9980
17586.914,-54.6818,0.9978
17588.379,-54.7356,0.9978
17589.844,-54.7410,0.9979
17591.309,-54.7995,0.9981
17592.773,-54.7715,0.9979
17594.238,-54.6762,0.9980
17595.703,-54.6912,0.9979
17597.168,-54.6907,0.9978
17598.633,-54.6985,0.9980
17600.098,-54.6928,0.9982
17601.562,-54.7478,0.9982
17603.027,-54.7231,0.9982
17604.492,-54.7648,0.9978
17605.957,-54.7446,0.9976
17607.422,-54.7445,0.9976
17608.887,-54.7122,0.9983
17610.352,-54.7098,0.9982
17611.816,-54.7387,0.9978
17613.281,-54.7260,0.9979
17614.746,-54.7252,0.9976
17616.211,-54.6871,0.9974
17617.676,-54.7265,0.9980
17619.141,-54.7318,0.9983
17620.605,-54.6850,0.9982
17622.070,-54.6998,0.9981
17623.535,-54.6826,0.9979
17625.000,-54.7609,0.9976
17626.465,-54.8111,0.9979
17627.930,-54.7096,0.9979
17629.395,-54.7789,0.9977
17630.859,-54.7945,0.9977
17632.324,-54.7441,0.9978
17633.789,-54.7164,0.9979
17635.254,-54.7051,0.9979
17636.719,-54.6905,0.9979
17638.184,-54.7359,0.9977
17639.648,-54.7210,0.9982
17641.113,-54.7291,0.9978
17642.578,-54.6706,0.9978
17644.043,-54.6757,0.9980
17645.508,-54.6672,0.9982
17646.973,-54.7667,0.9980
17648.438,-54.7511,0.9981
17649.902,-54.7727,0.9981
17651.367,-54.7186,0.9986
17652.832,-54.7038,0.9987
17654.297,-54.6692,0.9983
17655.762,-54.7028,0.9979
17657.227,-54.6938,0.9984
17658.691,-54.7182,0.9984
17660.156,-54.7115,0.9983
17661.621,-54.7190,0.9984
17663.086,-54.7164,0.9982
17664.551,-54.7297,0.9983
17666.016,-54.6673,0.9987
17667.480,-54.7090,0.9982
17668.945,-54.7252,0.9984
17670.410,-54.7100,0.9983
17671.875,-54.7051,0.9983
17673.340,-54.7104,0.9982
17674.805,-54.7825,0.9981
17676.270,-54.7376,0.9981
17677.734,-54.7714,0.9979
17679.199,-54.7319,0.9984
17680.664,-54.7056,0.9986
17682.129,-54.7647,0.9984
17683.594,-54.7441,0.9985
17685.059,-54.7402,0.9983
17686.523,-54.7701,0.9981
17687.988,-54.7367,0.9981
17689.453,-54.6936,0.9982
17690.918,-54.6937,0.9985
17692.383,-54.7142,0.9985
17693.848,-54.7231,0.9982
17695.312,-54.7237,0.9981
17696.777,-54.6654,0.9987
17698.242,-54.7223,0.9986
17699.707,-54.7068,0.9987
17701.172,-54.7708,0.9983
17702.637,-54.7692,0.9980
17704.102,-54.7393,0.9985
17705.566,-54.7720,0.9986
17707.031,-54.7498,0.9985
17708.496,-54.7539,0.9985
17709.961,-54.6827,0.9984
17711.426,-54.6479,0.9982
17712.891,-54.6680,0.9983
17714.355,-54.6787,0.9987
17715.820,-54.6846,0.9985
17717.285,-54.7076,0.9982
17718.750,-54.6914,0.9984
17720.215,-54.6939,0.9983
17721.680,-54.7094,0.9987
17723.145,-54.7273,0.9988
17724.609,-54.7046,0.9985
17726.074,-54.6988,0.9983
17727.539,-54.6960,0.9984
17729.004,-54.7194,0.9986
17730.469,-54.6942,0.9987
17731.934,-54.6859,0.9982
17733.398,-54.7152,0.9982
17734.863,-54.7624,0.9984
17736.328,-54.7433,0.9984
17737.793,-54.7709,0.9985
17739.258,-54.7194,0.9985
17740.723,-54.6723,0.9986
17742.188,-54.7135,0.9988
17743.652,-54.7188,0.9987
17745.117,-54.7155,0.9985
17746.582,-54.7237,0.9985
17748.047,-54.7463,0.9985
17749.512,-54.7355,0.9985
17750.977,-54.7270,0.9985
17752.441,-54.6880,0.9984
17753.906,-54.6572,0.9985
17755.371,-54.6672,0.9984
17756.836,-54.7188,0.9984
17758.301,-54.7312,0.9986
17759.766,-54.7245,0.9981
17761.230,-54.7463,0.9979
17762.695,-54.7521,0.9984
17764.160,-54.7359,0.9986
17765.625,-54.7001,0.9986
17767.090,-54.7015,0.9986
17768.555,-54.7236,0.9987
17770.020,-54.6895,0.9987
17771.484,-54.7450,0.9986
17772.949,-54.7791,0.9984
17774.414,-54.7423,0.9986
17775.879,-54.6891,0.9987
17777.344,-54.6960,0.9984
17778.809,-54.7184,0.9983
17780.273,-54.7393,0.9986
17781.738,-54.7363,0.9984
17783.203,-54.7245,0.9984
17784.668,-54.7332,0.9984
17786.133,-54.7251,0.9985
17787.598,-54.7069,0.9985
17789.062,-54.7190,0.9984
17790.527,-54.7486,0.9984
17791.992,-54.7268,0.9985
17793.457,-54.7124,0.9984
17794.922,-54.7509,0.9985
17796.387,-54.7316,0.9986
17797.852,-54.7246,0.9986
17799.316,-54.7481,0.9985
17800.781,-54.7670,0.9985
17802.246,-54.7280,0.9986
17803.711,-54.7321,0.9985
17805.176,-54.7511,0.9987
17806.641,-54.7476,0.9986
17808.105,-54.7446,0.9987
17809.570,-54.7524,0.9985
17811.035,-54.7118,0.9985
17812.500,-54.7079,0.9984
17813.965,-54.7109,0.9986
17815.430,-54.7173,0.9988
17816.895,-54.7342,0.9987
17818.359,-54.7468,0.9986
17819.824,-54.7382,0.9985
17821.289,-54.7403,0.9987
17822.754,-54.7447,0.9987
17824.219,-54.7604,0.9985
17825.684,-54.7471,0.9984
17827.148,-54.6881,0.9985
17828.613,-54.7069,0.9988
17830.078,-54.7128,0.9988
17831.543,-54.7187,0.9988
17833.008,-54.7040,0.9986
17834.473,-54.7005,0.9987
17835.938,-54.7452,0.9986
17837.402,-54.7564,0.9988
17838.867,-54.7490,0.9987
17840.332,-54.7257,0.9987
17841.797,-54.7261,0.9986
17843.262,-54.7383,0.9988
17844.727,-54.7172,0.9986
17846.191,-54.6874,0.9988
17847.656,-54.7092,0.9988
17849.121,-54.7425,0.9988
17850.586,-54.7412,0.9985
17852.051,-54.7041,0.9987
17853.516,-54.7474,0.9987
17854.980,-54.7567,0.9987
17856.445,-54.7087,0.9988
17857.910,-54.7200,0.9989
17859.375,-54.7315,0.9988
17860.840,-54.7101,0.9986
17862.305,-54.6663,0.9986
17863.770,-54.6833,0.9986
17865.234,-54.7041,0.9985
17866.699,-54.7109,0.9987
17868.164,-54.7261,0.9987
17869.629,-54.6961,0.9985
17871.094,-54.7120,0.9984
17872.559,-54.7281,0.9986
17874.023,-54.7576,0.9985
17875.488,-54.7272,0.9985
17876.953,-54.7029,0.9984
17878.418,-54.6932,0.9984
17879.883,-54.7120,0.9985
17881.348,-54.7427,0.9988
17882.812,-54.7201,0.9988
17884.277,-54.7423,0.9988
17885.742,-54.7565,0.9987
17887.207,-54.7625,0.9986
17888.672,-54.7924,0.9987
17890.137,-54.7834,0.9987
17891.602,-54.7203,0.9988
17893.066,-54.7004,0.9989
17894.531,-54.7092,0.9986
17895.996,-54.7146,0.9988
17897.461,-54.7102,0.9986
17898.926,-54.6879,0.9986
17900.391,-54.7040,0.9986
17901.855,-54.7114,0.9987
17903.320,-54.7215,0.9987
17904.785,-54.7742,0.9989
17906.250,-54.7576,0.9990
17907.715,-54.7111,0.9988
17909.180,-54.6979,0.9987
17910.645,-54.7080,0.9985
17912.109,-54.6995,0.9984
17913.574,-54.7372,0.9985
17915.039,-54.7244,0.9988
17916.504,-54.7144,0.9989
17917.969,-54.7295,0.9990
17919.434,-54.7309,0.9990
17920.898,-54.7279,0.9988
17922.363,-54.7178,0.9988
17923.828,-54.7087,0.9989
17925.293,-54.7355,0.9988
17926.758,-54.7419,0.9986
17928.223,-54.7101,0.9989
17929.688,-54.6836,0.9987
17931.152,-54.6867,0.9986
17932.617,-54.7005,0.9987
17934.082,-54.7013,0.9987
17935.547,-54.7141,0.9988
17937.012,-54.7029,0.9990
17938.477,-54.7111,0.9988
17939.941,-54.7406,0.9989
17941.406,-54.7287,0.9989
17942.871,-54.6958,0.9990
17944.336,-54.7360,0.9987
17945.801,-54.7755,0.9984
17947.266,-54.7259,0.9988
17948.730,-54.7110,0.9988
17950.195,-54.7433,0.9988
17951.660,-54.7624,0.9987
17953.125,-54.7394,0.9986
17954.590,-54.7240,0.9987
17956.055,-54.7434,0.9987
17957.520,-54.7710,0.9987
17958.984,-54.7760,0.9988
17960.449,-54.7245,0.9988
17961.914,-54.7212,0.9986
17963.379,-54.7152,0.9985
17964.844,-54.7095,0.9987
17966.309,-54.7510,0.9988
17967.773,-54.7818,0.9988
17969.238,-54.7708,0.9988
17970.703,-54.7149,0.9987
17972.168,-54.6901,0.9989
17973.633,-54.7059,0.9988
17975.098,-54.7303,0.9987
17976.562,-54.7420,0.9986
17978.027,-54.7519,0.9986
17979.492,-54.7353,0.9990
17980.957,-54.7045,0.9988
17982.422,-54.6996,0.9987
17983.887,-54.7233,0.9987
17985.352,-54.7143,0.9990
17986.816,-54.7323,0.9989
17988.281,-54.7697,0.9988
17989.746,-54.7668,0.9988
17991.211,-54.7490,0.9989
17992.676,-54.7574,0.9988
17994.141,-54.7556,0.9987
17995.605,-54.7509,0.9987
17997.070,-54.7713,0.9987
17998.535,-54.7679,0.9987
18000.000,-54.7540,0.9987
18001.465,-54.7225,0.9987
18002.930,-54.7143,0.9988
18004.395,-54.7242,0.9988
18005.859,-54.6985,0.9989
18007.324,-54.6675,0.9989
18008.789,-54.6731,0.9986
18010.254,-54.7082,0.9988
18011.719,-54.7372,0.9989
18013.184,-54.7496,0.9988
18014.648,-54.7489,0.9990
18016.113,-54.7399,0.9991
18017.578,-54.7136,0.9989
18019.043,-54.7279,0.9988
18020.508,-54.7538,0.9989
18021.973,-54.7368,0.9990
18023.438,-54.7140,0.9989
18024.902,-54.7273,0.9991
18026.367,-54.7546,0.9990
18027.832,-54.7610,0.9988
18029.297,-54.7461,0.9988
18030.762,-54.7324,0.9987
18032.227,-54.7512,0.9988
18033.691,-54.7295,0.9990
18035.156,-54.7123,0.9988
18036.621,-54.7449,0.9986
18038.086,-54.7266,0.9989
18039.551,-54.7230,0.9990
18041.016,-54.7090,0.9988
18042.480,-54.6778,0.9987
18043.945,-54.7109,0.9989
18045.410,-54.7202,0.9986
18046.875,-54.6861,0.9990
18048.340,-54.6988,0.9990
18049.805,-54.7372,0.9989
18051.270,-54.7391,0.9988
18052.734,-54.7357,0.9987
18054.199,-54.7191,0.9989
18055.664,-54.7238,0.9989
18057.129,-54.7555,0.9988
18058.594,-54.7590,0.9988
18060.059,-54.7581,0.9988
18061.523,-54.7564,0.9989
18062.988,-54.7614,0.9989
18064.453,-54.7575,0.9990
18065.918,-54.7477,0.9990
18067.383,-54.7461,0.9988
18068.848,-54.7475,0.9987
18070.312,-54.7689,0.9988
18071.777,-54.7710,0.9989
18073.242,-54.7565,0.9988
18074.707,-54.7473,0.9989
18076.172,-54.7438,0.9989
18077.637,-54.7479,0.9989
18079.102,-54.7561,0.9990
18080.566,-54.7426,0.9991
18082.031,-54.7213,0.9990
18083.496,-54.7516,0.9989
18084.961,-54.7784,0.9989
18086.426,-54.7786,0.9990
18087.891,-54.7635,0.9989
18089.355,-54.7386,0.9991
18090.820,-54.7646,0.9991
18092.285,-54.7774,0.9988
18093.750,-54.7532,0.9987
18095.215,-54.7567,0.9985
18096.680,-54.7573,0.9988
18098.145,-54.7417,0.9989
18099.609,-54.7123,0.9989
18101.074,-54.7033,0.9990
18102.539,-54.7504,0.9989
18104.004,-54.7835,0.9990
18105.469,-54.7734,0.9989
18106.934,-54.7544,0.9988
18108.398,-54.7496,0.9989
18109.863,-54.7674,0.9990
18111.328,-54.7562,0.9989
18112.793,-54.7340,0.9988
18114.258,-54.7543,0.9989
18115.723,-54.7695,0.9988
18117.188,-54.7911,0.9989
18118.652,-54.8289,0.9988
18120.117,-54.8127,0.9986
18121.582,-54.7550,0.9985
18123.047,-54.7290,0.9987
18124.512,-54.7629,0.9988
18125.977,-54.7893,0.9987
18127.441,-54.7782,0.9990
18128.906,-54.7705,0.9990
18130.371,-54.7601,0.9990
18131.836,-54.7531,0.9991
18133.301,-54.7407,0.9992
18134.766,-54.7187,0.9988
18136.230,-54.7223,0.9988
18137.695,-54.7306,0.9989
18139.160,-54.7369,0.9989
18140.625,-54.7594,0.9989
18142.090,-54.7720,0.9988
18143.555,-54.7518,0.9990
18145.020,-54.7397,0.9989
18146.484,-54.7496,0.9989
18147.949,-54.7366,0.9990
18149.414,-54.7100,0.9990
18150.879,-54.7165,0.9989
18152.344,-54.7413,0.9990
18153.809,-54.7528,0.9987
18155.273,-54.7593,0.9987
18156.738,-54.7469,0.9987
18158.203,-54.7216,0.9988
18159.668,-54.7164,0.9988
18161.133,-54.7455,0.9989
18162.598,-54.7658,0.9989
18164.062,-54.7436,0.9988
18165.527,-54.7288,0.9987
18166.992,-54.7232,0.9986
18168.457,-54.7042,0.9988
18169.922,-54.7012,0.9990
18171.387,-54.7319,0.9989
18172.852,-54.7587,0.9988
18174.316,-54.7572,0.9989
18175.781,-54.7548,0.9990
18177.246,-54.7841,0.9989
18178.711,-54.8057,0.9988
18180.176,-54.7587,0.9988
18181.641,-54.7337,0.9990
18183.105,-54.7608,0.9989
18184.570,-54.7642,0.9989
18186.035,-54.7421,0.9988
18187.500,-54.7350,0.9988
18188.965,-54.7501,0.9988
18190.430,-54.7558,0.9988
18191.895,-54.7539,0.9985
18193.359,-54.7418,0.9988
18194.824,-54.7322,0.9989
18196.289,-54.7213,0.9990
18197.754,-54.7250,0.9988
18199.219,-54.7557,0.9987
18200.684,-54.7751,0.9987
18202.148,-54.7780,0.9988
18203.613,-54.7613,0.9987
18205.078,-54.7288,0.9988
18206.543,-54.7235,0.9990
18208.008,-54.7480,0.9989
18209.473,-54.7378,0.9988
18210.938,-54.7431,0.9989
18212.402,-54.7739,0.9989
18213.867,-54.7697,0.9987
18215.332,-54.7705,0.9988
18216.797,-54.7754,0.9988
18218.262,-54.7586,0.9989
18219.727,-54.7289,0.9990
18221.191,-54.7152,0.9991
18222.656,-54.7251,0.9988
18224.121,-54.7392,0.9987
18225.586,-54.7336,0.9990
18227.051,-54.7296,0.9990
18228.516,-54.7507,0.9990
18229.980,-54.7539,0.9989
18231.445,-54.7617,0.9988
18232.910,-54.7712,0.9989
18234.375,-54.7487,0.9990
18235.840,-54.7342,0.9989
18237.305,-54.7492,0.9988
18238.770,-54.7686,0.9987
18240.234,-54.7670,0.9987
18241.699,-54.7565,0.9988
18243.164,-54.7692,0.9988
18244.629,-54.7695,0.9988
18246.094,-54.7389,0.9987
18247.559,-54.7257,0.9989
18249.023,-54.7183,0.9989
18250.488,-54.7352,0.9989
18251.953,-54.7606,0.9990
18253.418,-54.7640,0.9990
18254.883,-54.7802,0.9989
18256.348,-54.7758,0.9990
18257.812,-54.7451,0.9990
18259.277,-54.7454,0.9990
18260.742,-54.7550,0.9989
18262.207,-54.7479,0.9987
18263.672,-54.7422,0.9990
18265.137,-54.7284,0.9989
18266.602,-54.7070,0.9988
18268.066,-54.6995,0.9990
18269.531,-54.7040,0.9991
18270.996,-54.7037,0.9990
18272.461,-54.7116,0.9992
18273.926,-54.7298,0.9989
18275.391,-54.7468,0.9988
18276.855,-54.7405,0.9988
18278.320,-54.7542,0.9989
18279.785,-54.7554,0.9988
18281.250,-54.7337,0.9987
18282.715,-54.7424,0.9989
18284.180,-54.7584,0.9989
18285.645,-54.7715,0.9990
18287.109,-54.7535,0.9989
18288.574,-54.7641,0.9988
18290.039,-54.7969,0.9990
18291.504,-54.8092,0.9988
18292.969,-54.8107,0.9987
18294.434,-54.8020,0.9989
18295.898,-54.7911,0.9989
18297.363,-54.7815,0.9989
18298.828,-54.7680,0.9990
18300.293,-54.7630,0.9989
18301.758,-54.7620,0.9989
18303.223,-54.7516,0.9989
18304.688,-54.7348,0.9989
18306.152,-54.7215,0.9990
18307.617,-54.7487,0.9988
18309.082,-54.7725,0.9990
18310.547,-54.7359,0.9990
18312.012,-54.7252,0.9988
18313.477,-54.7581,0.9988
18314.941,-54.7443,0.9988
18316.406,-54.7540,0.9989
18317.871,-54.7837,0.9989
18319.336,-54.7903,0.9988
18320.801,-54.7649,0.9986
18322.266,-54.7601,0.9987
18323.730,-54.7809,0.9990
18325.195,-54.7610,0.9989
18326.660,-54.7229,0.9989
18328.125,-54.7367,0.9987
18329.590,-54.7943,0.9988
18331.055,-54.8100,0.9990
18332.520,-54.7840,0.9990
18333.984,-54.7704,0.9988
18335.449,-54.7625,0.9990
18336.914,-54.7546,0.9990
18338.379,-54.7485,0.9989
18339.844,-54.7478,0.9988
18341.309,-54.7494,0.9987
18342.773,-54.7387,0.9987
18344.238,-54.7545,0.9988
18345.703,-54.7847,0.9987
18347.168,-54.8062,0.9987
18348.633,-54.8097,0.9986
18350.098,-54.8215,0.9986
18351.562,-54.8015,0.9987
18353.027,-54.7254,0.9988
18354.492,-54.7041,0.9988
18355.957,-54.6957,0.9989
18357.422,-54.6940,0.9988
18358.887,-54.7435,0.9988
18360.352,-54.7556,0.9989
18361.816,-54.7478,0.9987
18363.281,-54.7450,0.9987
18364.746,-54.7587,0.9988
18366.211,-54.7529,0.9989
18367.676,-54.7603,0.9990
18369.141,-54.7729,0.9987
18370.605,-54.7494,0.9986
18372.070,-54.7462,0.9987
18373.535,-54.7461,0.9991
18375.000,-54.7388,0.9988
18376.465,-54.7394,0.9986
18377.930,-54.7519,0.9987
18379.395,-54.7822,0.9987
18380.859,-54.7767,0.9988
18382.324,-54.7642,0.9985
18383.789,-54.7725,0.9986
18385.254,-54.7649,0.9987
18386.719,-54.7601,0.9989
18388.184,-54.7741,0.9990
18389.648,-54.7871,0.9986
18391.113,-54.7644,0.9985
18392.578,-54.7490,0.9988
18394.043,-54.7361,0.9987
18395.508,-54.7401,0.9985
18396.973,-54.7475,0.9985
18398.438,-54.7975,0.9986
18399.902,-54.8001,0.9986
18401.367,-54.7976,0.9986
18402.832,-54.8440,0.9985
18404.297,-54.8309,0.9986
18405.762,-54.7992,0.9987
18407.227,-54.7902,0.9987
18408.691,-54.7776,0.9988
18410.156,-54.7737,0.9988
18411.621,-54.7539,0.9989
18413.086,-54.7480,0.9986
18414.551,-54.7684,0.9988
18416.016,-54.7667,0.9990
18417.480,-54.7547,0.9985
18418.945,-54.7698,0.9984
18420.410,-54.7576,0.9987
18421.875,-54.7668,0.9987
18423.340,-54.7648,0.9986
18424.805,-54.7528,0.9984
18426.270,-54.7421,0.9986
18427.734,-54.7449,0.9986
18429.199,-54.7506,0.9987
18430.664,-54.7376,0.9990
18432.129,-54.7727,0.9986
18433.594,-54.7796,0.9984
18435.059,-54.7593,0.9987
18436.523,-54.7532,0.9988
18437.988,-54.7616,0.9987
18439.453,-54.7828,0.9988
18440.918,-54.7361,0.9988
18442.383,-54.7216,0.9987
18443.848,-54.7375,0.9990
18445.312,-54.7658,0.9988
18446.777,-54.7686,0.9986
18448.242,-54.7582,0.9988
18449.707,-54.7785,0.9985
18451.172,-54.7944,0.9984
18452.637,-54.7610,0.9987
18454.102,-54.7707,0.9987
18455.566,-54.7399,0.9989
18457.031,-54.7580,0.9986
18458.496,-54.8077,0.9984
18459.961,-54.7897,0.9987
18461.426,-54.7380,0.9984
18462.891,-54.7546,0.9988
18464.355,-54.7415,0.9986
18465.820,-54.7551,0.9984
18467.285,-54.7723,0.9984
18468.750,-54.7232,0.9987
18470.215,-54.7232,0.9987
18471.680,-54.7460,0.9988
18473.145,-54.7488,0.9985
18474.609,-54.7610,0.9986
18476.074,-54.7415,0.9984
18477.539,-54.7474,0.9984
18479.004,-54.7882,0.9986
18480.469,-54.7853,0.9988
18481.934,-54.7535,0.9985
18483.398,-54.7641,0.9984
18484.863,-54.7745,0.9987
18486.328,-54.7503,0.9986
18487.793,-54.7433,0.9987
18489.258,-54.7582,0.9988
18490.723,-54.7612,0.9985
18492.188,-54.7574,0.9986
18493.652,-54.7342,0.9988
18495.117,-54.7667,0.9987
18496.582,-54.7830,0.9988
18498.047,-54.7656,0.9987
18499.512,-54.7633,0.9987
18500.977,-54.7785,0.9984
18502.441,-54.7535,0.9985
18503.906,-54.7542,0.9985
18505.371,-54.7384,0.9986
18506.836,-54.7710,0.9987
18508.301,-54.7980,0.9986
18509.766,-54.7948,0.9985
18511.230,-54.7791,0.9983
18512.695,-54.8113,0.9982
18514.160,-54.7870,0.9985
18515.625,-54.7638,0.9985
18517.090,-54.7838,0.9982
18518.555,-54.7790,0.9983
18520.020,-54.7938,0.9987
18521.484,-54.7971,0.9987
18522.949,-54.7996,0.9986
18524.414,-54.7785,0.9984
18525.879,-54.7432,0.9986
18527.344,-54.7690,0.9986
18528.809,-54.7716,0.9987
18530.273,-54.7489,0.9986
18531.738,-54.7717,0.9985
18533.203,-54.8434,0.9986
18534.668,-54.8303,0.9984
18536.133,-54.8205,0.9986
18537.598,-54.7802,0.9984
18539.062,-54.8090,0.9982
18540.527,-54.8149,0.9982
18541.992,-54.7829,0.9984
18543.457,-54.7414,0.9987
18544.922,-54.7569,0.9983
18546.387,-54.7864,0.9983
18547.852,-54.7944,0.9984
18549.316,-54.8100,0.9986
18550.781,-54.7847,0.9984
18552.246,-54.8088,0.9980
18553.711,-54.8078,0.9981
18555.176,-54.7855,0.9984
18556.641,-54.8156,0.9984
18558.105,-54.7664,0.9987
18559.570,-54.7757,0.9986
18561.035,-54.8081,0.9983
18562.500,-54.7925,0.9985
18563.965,-54.7873,0.9984
18565.430,-54.7696,0.9985
18566.895,-54.7915,0.9986
18568.359,-54.8276,0.9986
18569.824,-54.8113,0.9987
18571.289,-54.7855,0.9983
18572.754,-54.7901,0.9984
18574.219,-54.8141,0.9984
18575.684,-54.8008,0.9986
18577.148,-54.8332,0.9984
18578.613,-54.8052,0.9986
18580.078,-54.7516,0.9982
18581.543,-54.7657,0.9982
18583.008,-54.8004,0.9984
18584.473,-54.7886,0.9986
18585.938,-54.7988,0.9986
18587.402,-54.7614,0.9983
18588.867,-54.7717,0.9985
18590.332,-54.7645,0.9985
18591.797,-54.7794,0.9984
18593.262,-54.8228,0.9984
18594.727,-54.8267,0.9984
18596.191,-54.8355,0.9982
18597.656,-54.7935,0.9984
18599.121,-54.7157,0.9985
18600.586,-54.7412,0.9984
18602.051,-54.7856,0.9982
18603.516,-54.8062,0.9981
18604.980,-54.7421,0.9985
18606.445,-54.8061,0.9985
18607.910,-54.8135,0.9985
18609.375,-54.7987,0.9980
18610.840,-54.7329,0.9982
18612.305,-54.7745,0.9984
18613.770,-54.7580,0.9982
18615.234,-54.8087,0.9983
18616.699,-54.8160,0.9980
18618.164,-54.7919,0.9983
18619.629,-54.7795,0.9981
18621.094,-54.7487,0.9983
18622.559,-54.7668,0.9981
18624.023,-54.7897,0.9985
18625.488,-54.7895,0.9981
18626.953,-54.7671,0.9981
18628.418,-54.6943,0.9984
18629.883,-54.7997,0.9984
18631.348,-54.7812,0.9979
18632.812,-54.8008,0.9978
18634.277,-54.8030,0.9979
18635.742,-54.7852,0.9983
18637.207,-54.7523,0.9983
18638.672,-54.7406,0.9983
18640.137,-54.7249,0.9983
18641.602,-54.7557,0.9984
18643.066,-54.8403,0.9984
18644.531,-54.8249,0.9982
18645.996,-54.7819,0.9982
18647.461,-54.7816,0.9980
18648.926,-54.8031,0.9980
18650.391,-54.7781,0.9979
18651.855,-54.7665,0.9982
18653.320,-54.8013,0.9984
18654.785,-54.7627,0.9983
18656.250,-54.8162,0.9983
18657.715,-54.8502,0.9983
18659.180,-54.7645,0.9979
18660.645,-54.7397,0.9980
18662.109,-54.8067,0.9986
18663.574,-54.8190,0.9983
18665.039,-54.8337,0.9982
18666.504,-54.8414,0.9982
18667.969,-54.8376,0.9983
18669.434,-54.7859,0.9980
18670.898,-54.7747,0.9977
18672.363,-54.7792,0.9981
18673.828,-54.7795,0.9982
18675.293,-54.7931,0.9982
18676.758,-54.8022,0.9979
18678.223,-54.7719,0.9979
18679.688,-54.7705,0.9982
18681.152,-54.7894,0.9978
18682.617,-54.8406,0.9979
18684.082,-54.7860,0.9981
18685.547,-54.7144,0.9978
18687.012,-54.7790,0.9976
18688.477,-54.7505,0.9979
18689.941,-54.7396,0.9978
18691.406,-54.8077,0.9976
18692.871,-54.8015,0.9980
18694.336,-54.7717,0.9974
18695.801,-54.7633,0.9975
18697.266,-54.7710,0.9978
18698.730,-54.7806,0.9979
18700.195,-54.7290,0.9980
18701.660,-54.7432,0.9980
18703.125,-54.7899,0.9981
18704.590,-54.7798,0.9982
18706.055,-54.8029,0.9980
18707.520,-54.8043,0.9979
18708.984,-54.8143,0.9983
18710.449,-54.7674,0.9981
18711.914,-54.7955,0.9980
18713.379,-54.7600,0.9981
18714.844,-54.7759,0.9979
18716.309,-54.8089,0.9981
18717.773,-54.8001,0.9978
18719.238,-54.8396,0.9976
18720.703,-54.8065,0.9979
18722.168,-54.8385,0.9980
18723.633,-54.8078,0.9982
18725.098,-54.8120,0.9984
18726.562,-54.8030,0.9983
18728.027,-54.7608,0.9982
18729.492,-54.7711,0.9979
18730.957,-54.7065,0.9981
18732.422,-54.7456,0.9982
18733.887,-54.7117,0.9976
18735.352,-54.7802,0.9976
18736.816,-54.8009,0.9977
18738.281,-54.7553,0.9976
18739.746,-54.7502,0.9978
18741.211,-54.7401,0.9978
18742.676,-54.7794,0.9981
18744.141,-54.7643,0.9980
18745.605,-54.7397,0.9981
18747.070,-54.7292,0.9982
18748.535,-54.7299,0.9981
18750.000,-54.7614,0.9979
18751.465,-54.8196,0.9978
18752.930,-54.7955,0.9982
18754.395,-54.7320,0.9980
18755.859,-54.7071,0.9981
18757.324,-54.7387,0.9981
18758.789,-54.7500,0.9981
18760.254,-54.7696,0.9982
18761.719,-54.7473,0.9978
18763.184,-54.7491,0.9977
18764.648,-54.7624,0.9979
18766.113,-54.7756,0.9981
18767.578,-54.7725,0.9980
18769.043,-54.7591,0.9978
18770.508,-54.7781,0.9976
18771.973,-54.7070,0.9974
18773.438,-54.7745,0.9976
18774.902,-54.8043,0.9979
18776.367,-54.8016,0.9979
18777.832,-54.7239,0.9980
18779.297,-54.7671,0.9979
18780.762,-54.7783,0.9977
18782.227,-54.7720,0.9978
18783.691,-54.7883,0.9976
18785.156,-54.7653,0.9977
18786.621,-54.7712,0.9978
18788.086,-54.7082,0.9978
18789.551,-54.7252,0.9979
18791.016,-54.7514,0.9975
18792.480,-54.8383,0.9978
18793.945,-54.7797,0.9981
18795.410,-54.7792,0.9978
18796.875,-54.7966,0.9980
18798.340,-54.7650,0.9978
18799.805,-54.7849,0.9978
18801.270,-54.7500,0.9977
18802.734,-54.7190,0.9978
18804.199,-54.7561,0.9978
18805.664,-54.7227,0.9978
18807.129,-54.7703,0.9976
18808.594,-54.7981,0.9979
18810.059,-54.6983,0.9980
18811.523,-54.7777,0.9977
18812.988,-54.7727,0.9975
18814.453,-54.7456,0.9978
18815.918,-54.7483,0.9976
18817.383,-54.7340,0.9978
18818.848,-54.7857,0.9979
18820.312,-54.7541,0.9974
18821.777,-54.6967,0.9977
18823.242,-54.7694,0.9977
18824.707,-54.7389,0.9979
18826.172,-54.7125,0.9977
18827.637,-54.7448,0.9972
18829.102,-54.7884,0.9973
18830.566,-54.7432,0.9980
18832.031,-54.7238,0.9980
18833.496,-54.7789,0.9978
18834.961,-54.8112,0.9980
18836.426,-54.7497,0.9980
18837.891,-54.7661,0.9980
18839.355,-54.7898,0.9981
18840.820,-54.8066,0.9974
18842.285,-54.7319,0.9977
18843.750,-54.7320,0.9975
18845.215,-54.7032,0.9974
18846.680,-54.6697,0.9976
18848.145,-54.7618,0.9976
18849.609,-54.7458,0.9975
18851.074,-54.7795,0.9980
18852.539,-54.7794,0.9977
18854.004,-54.7076,0.9974
18855.469,-54.7929,0.9976
18856.934,-54.7208,0.9978
18858.398,-54.7703,0.9978
18859.863,-54.7440,0.9976
18861.328,-54.7402,0.9976
18862.793,-54.7971,0.9975
18864.258,-54.8249,0.9974
18865.723,-54.7966,0.9972
18867.188,-54.7402,0.9973
18868.652,-54.7441,0.9974
18870.117,-54.7624,0.9976
18871.582,-54.7721,0.9976
18873.047,-54.7097,0.9983
18874.512,-54.7085,0.9981
18875.977,-54.7628,0.9974
18877.441,-54.7546,0.9979
18878.906,-54.7236,0.9980
18880.371,-54.7416,0.9983
18881.836,-54.7928,0.9981
18883.301,-54.7193,0.9980
18884.766,-54.7244,0.9977
18886.230,-54.7656,0.9975
18887.695,-54.7450,0.9977
18889.160,-54.7610,0.9975
18890.625,-54.7363,0.9969
18892.090,-54.7104,0.9978
18893.555,-54.7542,0.9979
18895.020,-54.7605,0.9979
18896.484,-54.7619,0.9976
18897.949,-54.6691,0.9978
18899.414,-54.7274,0.9979
18900.879,-54.7073,0.9979
18902.344,-54.6986,0.9977
18903.809,-54.7486,0.9979
18905.273,-54.7034,0.9975
18906.738,-54.7202,0.9973
18908.203,-54.7291,0.9975
18909.668,-54.7509,0.9978
18911.133,-54.7325,0.9980
18912.598,-54.7852,0.9979
18914.062,-54.7637,0.9977
18915.527,-54.6744,0.9979
18916.992,-54.7485,0.9979
18918.457,-54.7877,0.9974
18919.922,-54.7146,0.9973
18921.387,-54.7267,0.9976
18922.852,-54.7454,0.9976
18924.316,-54.7941,0.9978
18925.781,-54.7084,0.9978
18927.246,-54.7228,0.9976
18928.711,-54.7906,0.9976
18930.176,-54.8138,0.9974
18931.641,-54.6592,0.9971
18933.105,-54.7469,0.9977
18934.570,-54.7492,0.9978
18936.035,-54.7474,0.9980
18937.500,-54.6846,0.9977
18938.965,-54.6498,0.9976
18940.430,-54.7375,0.9969
18941.895,-54.7875,0.9967
18943.359,-54.6810,0.9974
18944.824,-54.6972,0.9976
18946.289,-54.7580,0.9978
18947.754,-54.7439,0.9977
18949.219,-54.7440,0.9975
18950.684,-54.6942,0.9976
18952.148,-54.7295,0.9975
18953.613,-54.7220,0.9975
18955.078,-54.7098,0.9975
18956.543,-54.6993,0.9978
18958.008,-54.7611,0.9978
18959.473,-54.7655,0.9976
18960.938,-54.7410,0.9976
18962.402,-54.7269,0.9979
18963.867,-54.7492,0.9982
18965.332,-54.7238,0.9975
18966.797,-54.7402,0.9975
18968.262,-54.7724,0.9976
18969.727,-54.7295,0.9977
18971.191,-54.7249,0.9976
18972.656,-54.7561,0.9976
18974.121,-54.6703,0.9978
18975.586,-54.7020,0.9978
18977.051,-54.7195,0.9969
18978.516,-54.7476,0.9973
18979.980,-54.6987,0.9978
18981.445,-54.6966,0.9977
18982.910,-54.7288,0.9980
18984.375,-54.7123,0.9978
18985.840,-54.7465,0.9974
18987.305,-54.7353,0.9975
18988.770,-54.6686,0.9974
18990.234,-54.7415,0.9975
18991.699,-54.7087,0.9975
18993.164,-54.6974,0.9975
18994.629,-54.6708,0.9978
18996.094,-54.7056,0.9975
18997.559,-54.7499,0.9973
18999.023,-54.8110,0.9978
19000.488,-54.7559,0.9976
19001.953,-54.6538,0.9972
19003.418,-54.7200,0.9974
19004.883,-54.8157,0.9977
19006.348,-54.7005,0.9974
19007.812,-54.7366,0.9973
19009.277,-54.7209,0.9973
19010.742,-54.7329,0.9975
19012.207,-54.7383,0.9977
19013.672,-54.7067,0.9975
19015.137,-54.7156,0.9974
19016.602,-54.7033,0.9975
19018.066,-54.7502,0.9976
19019.531,-54.7398,0.9977
19020.996,-54.6465,0.9978
19022.461,-54.6748,0.9976
19023.926,-54.8199,0.9976
19025.391,-54.7391,0.9978
19026.855,-54.7111,0.9977
19028.320,-54.7739,0.9977
19029.785,-54.7514,0.9979
19031.250,-54.7758,0.9975
19032.715,-54.7701,0.9970
19034.180,-54.6977,0.9975
19035.645,-54.7144,0.9982
19037.109,-54.7274,0.9979
19038.574,-54.7120,0.9981
19040.039,-54.7243,0.9979
19041.504,-54.7540,0.9978
19042.969,-54.7519,0.9978
19044.434,-54.7896,0.9978
19045.898,-54.7377,0.9973
19047.363,-54.7144,0.9973
19048.828,-54.6784,0.9979
19050.293,-54.7019,0.9980
19051.758,-54.7611,0.9978
19053.223,-54.7021,0.9981
19054.688,-54.7010,0.9981
19056.152,-54.6981,0.9980
19057.617,-54.7365,0.9980
19059.082,-54.7131,0.9981
19060.547,-54.7148,0.9976
19062.012,-54.7138,0.9975
19063.477,-54.6919,0.9976
19064.941,-54.7446,0.9969
19066.406,-54.7392,0.9976
19067.871,-54.7077,0.9978
19069.336,-54.6990,0.9978
19070.801,-54.7146,0.9977
19072.266,-54.6777,0.9978
19073.730,-54.6967,0.9976
19075.195,-54.6969,0.9979
19076.660,-54.6982,0.9979
19078.125,-54.6452,0.9978
19079.590,-54.7051,0.9977
19081.055,-54.6917,0.9978
19082.520,-54.6967,0.9981
19083.984,-54.6902,0.9979
19085.449,-54.6800,0.9980
19086.914,-54.6878,0.9979
19088.379,-54.6544,0.9980
19089.844,-54.7367,0.9975
19091.309,-54.7309,0.9976
19092.773,-54.7499,0.9977
19094.238,-54.7359,0.9980
19095.703,-54.7056,0.9981
19097.168,-54.6587,0.9975
19098.633,-54.6559,0.9975
19100.098,-54.7011,0.9979
19101.562,-54.7562,0.9978
19103.027,-54.7661,0.9978
19104.492,-54.7080,0.9979
19105.957,-54.6955,0.9978
19107.422,-54.7129,0.9976
19108.887,-54.7133,0.9974
19110.352,-54.6535,0.9976
19111.816,-54.7041,0.9977
19113.281,-54.7657,0.9978
19114.746,-54.7293,0.9980
19116.211,-54.7025,0.9981
19117.676,-54.6938,0.9982
19119.141,-54.6802,0.9980
19120.605,-54.6357,0.9980
19122.070,-54.7292,0.9978
19123.535,-54.7017,0.9978
19125.000,-54.6826,0.9978
19126.465,-54.7290,0.9984
19127.930,-54.7283,0.9982
19129.395,-54.7461,0.9977
19130.859,-54.6742,0.9977
19132.324,-54.7325,0.9980
19133.789,-54.7254,0.9981
19135.254,-54.7099,0.9978
19136.719,-54.7337,0.9980
19138.184,-54.7161,0.9978
19139.648,-54.6551,0.9980
19141.113,-54.7555,0.9978
19142.578,-54.6982,0.9974
19144.043,-54.6685,0.9981
19145.508,-54.7081,0.9983
19146.973,-54.6688,0.9984
19148.438,-54.6458,0.9980
19149.902,-54.6253,0.9979
19151.367,-54.7025,0.9978
19152.832,-54.7012,0.9980
19154.297,-54.7044,0.9982
19155.762,-54.7211,0.9984
19157.227,-54.6946,0.9983
19158.691,-54.7171,0.9982
19160.156,-54.7389,0.9983
19161.621,-54.7213,0.9982
19163.086,-54.6834,0.9978
19164.551,-54.6986,0.9979
19166.016,-54.6507,0.9985
19167.480,-54.6570,0.9984
19168.945,-54.6864,0.9983
19170.410,-54.6830,0.9981
19171.875,-54.6796,0.9982
19173.340,-54.6683,0.9978
19174.805,-54.6771,0.9980
19176.270,-54.6873,0.9981
19177.734,-54.7471,0.9983
19179.199,-54.7208,0.9981
19180.664,-54.6652,0.9979
19182.129,-54.7361,0.9981
19183.594,-54.7201,0.9979
19185.059,-54.7601,0.9981
19186.523,-54.7731,0.9977
19187.988,-54.7499,0.9979
19189.453,-54.7414,0.9979
19190.918,-54.6850,0.9980
19192.383,-54.7080,0.9981
19193.848,-54.7651,0.9979
19195.312,-54.7208,0.9981
19196.777,-54.7083,0.9981
19198.242,-54.7286,0.9985
19199.707,-54.6873,0.9985
19201.172,-54.6853,0.9983
19202.637,-54.7374,0.9979
19204.102,-54.6588,0.9981
19205.566,-54.7038,0.9979
19207.031,-54.7364,0.9982
19208.496,-54.7081,0.9983
19209.961,-54.7076,0.9981
19211.426,-54.7146,0.9981
19212.891,-54.7081,0.9983
19214.355,-54.7035,0.9983
19215.820,-54.7423,0.9979
19217.285,-54.7095,0.9978
19218.750,-54.6689,0.9979
19220.215,-54.7104,0.9979
19221.680,-54.7312,0.9981
19223.145,-54.6955,0.9983
19224.609,-54.6894,0.9985
19226.074,-54.6952,0.9987
19227.539,-54.6968,0.9986
19229.004,-54.6681,0.9980
19230.469,-54.7109,0.9979
19231.934,-54.7242,0.9980
19233.398,-54.6774,0.9982
19234.863,-54.7159,0.9986
19236.328,-54.7278,0.9985
19237.793,-54.7443,0.9979
19239.258,-54.7335,0.9982
19240.723,-54.6892,0.9984
19242.188,-54.7217,0.9982
19243.652,-54.6903,0.9983
19245.117,-54.6760,0.9983
19246.582,-54.7563,0.9981
19248.047,-54.7230,0.9984
19249.512,-54.6578,0.9985
19250.977,-54.7185,0.9982
19252.441,-54.7403,0.9985
19253.906,-54.7055,0.9983
19255.371,-54.7119,0.9979
19256.836,-54.7221,0.9980
19258.301,-54.6929,0.9982
19259.766,-54.7192,0.9979
19261.230,-54.7422,0.9981
19262.695,-54.7373,0.9980
19264.160,-54.7450,0.9981
19265.625,-54.7628,0.9983
19267.090,-54.7386,0.9982
19268.555,-54.7393,0.9983
19270.020,-54.6984,0.9986
19271.484,-54.6723,0.9985
19272.949,-54.6641,0.9986
19274.414,-54.6792,0.9987
19275.879,-54.7082,0.9986
19277.344,-54.6921,0.9983
19278.809,-54.6535,0.9985
19280.273,-54.7024,0.9986
19281.738,-54.7572,0.9982
19283.203,-54.7286,0.9982
19284.668,-54.7117,0.9984
19286.133,-54.7077,0.9987
19287.598,-54.7418,0.9984
19289.062,-54.7457,0.9986
19290.527,-54.7139,0.9987
19291.992,-54.6998,0.9985
19293.457,-54.7148,0.9984
19294.922,-54.7603,0.9982
19296.387,-54.7387,0.9985
19297.852,-54.7047,0.9989
19299.316,-54.6897,0.9984
19300.781,-54.6910,0.9984
19302.246,-54.7091,0.9987
19303.711,-54.7218,0.9987
19305.176,-54.7036,0.9987
19306.641,-54.6923,0.9983
19308.105,-54.6748,0.9983
19309.570,-54.7136,0.9983
19311.035,-54.7623,0.9984
19312.500,-54.7354,0.9984
19313.965,-54.7221,0.9985
19315.430,-54.7280,0.9985
19316.895,-54.6831,0.9986
19318.359,-54.6779,0.9984
19319.824,-54.7305,0.9985
19321.289,-54.6997,0.9986
19322.754,-54.6769,0.9985
19324.219,-54.6829,0.9987
19325.684,-54.6254,0.9987
19327.148,-54.6330,0.9986
19328.613,-54.7098,0.9984
19330.078,-54.7441,0.9986
19331.543,-54.7284,0.9985
19333.008,-54.7138,0.9985
19334.473,-54.7193,0.9986
19335.938,-54.7188,0.9986
19337.402,-54.7164,0.9984
19338.867,-54.7286,0.9985
19340.332,-54.7120,0.9985
19341.797,-54.7598,0.9983
19343.262,-54.7400,0.9987
19344.727,-54.6920,0.9984
19346.191,-54.7210,0.9984
19347.656,-54.7263,0.9985
19349.121,-54.7388,0.9984
19350.586,-54.7230,0.9983
19352.051,-54.6752,0.9986
19353.516,-54.7324,0.9984
19354.980,-54.7296,0.9986
19356.445,-54.7051,0.9986
19357.910,-54.6905,0.9984
19359.375,-54.7120,0.9985
19360.840,-54.7308,0.9986
19362.305,-54.7306,0.9985
19363.770,-54.7284,0.9986
19365.234,-54.7340,0.9986
19366.699,-54.7468,0.9988
19368.164,-54.7323,0.9988
19369.629,-54.7138,0.9986
19371.094,-54.7123,0.9987
19372.559,-54.7243,0.9988
19374.023,-54.7467,0.9986
19375.488,-54.7355,0.9984
19376.953,-54.7120,0.9984
19378.418,-54.6952,0.9985
19379.883,-54.6942,0.9987
19381.348,-54.7162,0.9987
19382.812,-54.7202,0.9988
19384.277,-54.7287,0.9987
19385.742,-54.7662,0.9984
19387.207,-54.7346,0.9987
19388.672,-54.6681,0.9987
19390.137,-54.6647,0.9986
19391.602,-54.7131,0.9984
19393.066,-54.7075,0.9985
19394.531,-54.7186,0.9985
19395.996,-54.7394,0.9985
19397.461,-54.7356,0.9986
19398.926,-54.7424,0.9985
19400.391,-54.7065,0.9987
19401.855,-54.7123,0.9987
19403.320,-54.7015,0.9986
19404.785,-54.7000,0.9986
19406.250,-54.7300,0.9982
19407.715,-54.7520,0.9983
19409.180,-54.7487,0.9988
19410.645,-54.7448,0.9988
19412.109,-54.7014,0.9986
19413.574,-54.7233,0.9986
19415.039,-54.7666,0.9986
19416.504,-54.7291,0.9985
19417.969,-54.7335,0.9982
19419.434,-54.7437,0.9984
19420.898,-54.7302,0.9984
19422.363,-54.7130,0.9987
19423.828,-54.7230,0.9986
19425.293,-54.7452,0.9988
19426.758,-54.7483,0.9988
19428.223,-54.7541,0.9987
19429.688,-54.7501,0.9989
19431.152,-54.7433,0.9987
19432.617,-54.7078,0.9987
19434.082,-54.7098,0.9987
19435.547,-54.7384,0.9987
19437.012,-54.7384,0.9987
19438.477,-54.7191,0.9986
19439.941,-54.7104,0.9984
19441.406,-54.7298,0.9984
19442.871,-54.7372,0.9987
19444.336,-54.7406,0.9987
19445.801,-54.7574,0.9988
19447.266,-54.6946,0.9988
19448.730,-54.7088,0.9987
19450.195,-54.7541,0.9986
19451.660,-54.7432,0.9985
19453.125,-54.7126,0.9987
19454.590,-54.7102,0.9988
19456.055,-54.7104,0.9987
19457.520,-54.7278,0.9988
19458.984,-54.7655,0.9989
19460.449,-54.7036,0.9989
19461.914,-54.6589,0.9989
19463.379,-54.7080,0.9988
19464.844,-54.7219,0.9988
19466.309,-54.7323,0.9985
19467.773,-54.7715,0.9983
19469.238,-54.7749,0.9987
19470.703,-54.7437,0.9989
19472.168,-54.7195,0.9987
19473.633,-54.7425,0.9984
19475.098,-54.7524,0.9987
19476.562,-54.7822,0.9988
19478.027,-54.7564,0.9987
19479.492,-54.7107,0.9988
19480.957,-54.7520,0.9986
19482.422,-54.7819,0.9984
19483.887,-54.7610,0.9985
19485.352,-54.7314,0.9987
19486.816,-54.7472,0.9987
19488.281,-54.7756,0.9984
19489.746,-54.7660,0.9986
19491.211,-54.7617,0.9988
19492.676,-54.7397,0.9988
19494.141,-54.7156,0.9987
19495.605,-54.7252,0.9987
19497.070,-54.7405,0.9986
19498.535,-54.7227,0.9988
19500.000,-54.7349,0.9986
19501.465,-54.7763,0.9987
19502.930,-54.7764,0.9988
19504.395,-54.7588,0.9987
19505.859,-54.7417,0.9987
19507.324,-54.6976,0.9988
19508.789,-54.6971,0.9989
19510.254,-54.7127,0.9986
19511.719,-54.7098,0.9985
19513.184,-54.7275,0.9987
19514.648,-54.7563,0.9987
19516.113,-54.7376,0.9989
19517.578,-54.6972,0.9989
19519.043,-54.7103,0.9986
19520.508,-54.7333,0.9987
19521.973,-54.7357,0.9988
19523.438,-54.7256,0.9988
19524.902,-54.7491,0.9988
19526.367,-54.7659,0.9988
19527.832,-54.7676,0.9989
19529.297,-54.7512,0.9987
19530.762,-54.7344,0.9985
19532.227,-54.7654,0.9984
19533.691,-54.7828,0.9986
19535.156,-54.7893,0.9987
19536.621,-54.7728,0.9986
19538.086,-54.7350,0.9988
19539.551,-54.7068,0.9988
19541.016,-54.7227,0.9987
19542.480,-54.7406,0.9987
19543.945,-54.7399,0.9988
19545.410,-54.7643,0.9989
19546.875,-54.7849,0.9989
19548.340,-54.7885,0.9987
19549.805,-54.7659,0.9988
19551.270,-54.7598,0.9988
19552.734,-54.7787,0.9989
19554.199,-54.7787,0.9987
19555.664,-54.7810,0.9986
19557.129,-54.7473,0.9989
19558.594,-54.6977,0.9988
19560.059,-54.7195,0.9985
19561.523,-54.7649,0.9987
19562.988,-54.7610,0.9989
19564.453,-54.7394,0.9987
19565.918,-54.7353,0.9989
19567.383,-54.7418,0.9988
19568.848,-54.7314,0.9986
19570.312,-54.7209,0.9987
19571.777,-54.7452,0.9987
19573.242,-54.7557,0.9988
19574.707,-54.7471,0.9989
19576.172,-54.7715,0.9987
19577.637,-54.7740,0.9987
19579.102,-54.7354,0.9987
19580.566,-54.7428,0.9987
19582.031,-54.7573,0.9989
19583.496,-54.7646,0.9989
19584.961,-54.7732,0.9989
19586.426,-54.7716,0.9988
19587.891,-54.7446,0.9987
19589.355,-54.7230,0.9989
19590.820,-54.7477,0.9991
19592.285,-54.7717,0.9989
19593.750,-54.7664,0.9989
19595.215,-54.7393,0.9990
19596.680,-54.7432,0.9988
19598.145,-54.7647,0.9987
19599.609,-54.7703,0.9988
19601.074,-54.7629,0.9989
19602.539,-54.7510,0.9988
19604.004,-54.7480,0.9989
19605.469,-54.7460,0.9989
19606.934,-54.7507,0.9985
19608.398,-54.7529,0.9986
19609.863,-54.7595,0.9989
19611.328,-54.7543,0.9989
19612.793,-54.7582,0.9990
19614.258,-54.7728,0.9987
19615.723,-54.7659,0.9985
19617.188,-54.7593,0.9987
19618.652,-54.7491,0.9989
19620.117,-54.7436,0.9990
19621.582,-54.7534,0.9987
19623.047,-54.7619,0.9986
19624.512,-54.7752,0.9988
19625.977,-54.7904,0.9989
19627.441,-54.7854,0.9988
19628.906,-54.7489,0.9987
19630.371,-54.7471,0.9987
19631.836,-54.7586,0.9985
19633.301,-54.7046,0.9987
19634.766,-54.6807,0.9988
19636.230,-54.7332,0.9986
19637.695,-54.7685,0.9987
19639.160,-54.7659,0.9987
19640.625,-54.7613,0.9989
19642.090,-54.7405,0.9990
19643.555,-54.7257,0.9990
19645.020,-54.7177,0.9988
19646.484,-54.7345,0.9989
19647.949,-54.7749,0.9989
19649.414,-54.7707,0.9989
19650.879,-54.7577,0.9989
19652.344,-54.7553,0.9988
19653.809,-54.7583,0.9987
19655.273,-54.7790,0.9987
19656.738,-54.7688,0.9987
19658.203,-54.7384,0.9989
19659.668,-54.7445,0.9987
19661.133,-54.7401,0.9986
19662.598,-54.7505,0.9988
19664.062,-54.7848,0.9990
19665.527,-54.7695,0.9990
19666.992,-54.7411,0.9987
19668.457,-54.7409,0.9988
19669.922,-54.7593,0.9988
19671.387,-54.7815,0.9987
19672.852,-54.7780,0.9989
19674.316,-54.7577,0.9987
19675.781,-54.7490,0.9987
19677.246,-54.7391,0.9987
19678.711,-54.7239,0.9987
19680.176,-54.7352,0.9987
19681.641,-54.7592,0.9988
19683.105,-54.7626,0.9988
19684.570,-54.7684,0.9985
19686.035,-54.7795,0.9985
19687.500,-54.7708,0.9987
19688.965,-54.7435,0.9990
19690.430,-54.7342,0.9990
19691.895,-54.7329,0.9990
19693.359,-54.7401,0.9991
19694.824,-54.7717,0.9989
19696.289,-54.7940,0.9987
19697.754,-54.8034,0.9987
19699.219,-54.7984,0.9989
19700.684,-54.7800,0.9986
19702.148,-54.7635,0.9988
19703.613,-54.7733,0.9987
19705.078,-54.7892,0.9986
19706.543,-54.7504,0.9986
19708.008,-54.7149,0.9986
19709.473,-54.7294,0.9990
19710.938,-54.7551,0.9993
19712.402,-54.7814,0.9990
19713.867,-54.7773,0.9990
19715.332,-54.7555,0.9988
19716.797,-54.7606,0.9987
19718.262,-54.7958,0.9990
19719.727,-54.8028,0.9987
19721.191,-54.7619,0.9986
19722.656,-54.7619,0.9986
19724.121,-54.7746,0.9988
19725.586,-54.7623,0.9989
19727.051,-54.7655,0.9989
19728.516,-54.7811,0.9990
19729.980,-54.7923,0.9988
19731.445,-54.7789,0.9988
19732.910,-54.7501,0.9988
19734.375,-54.7449,0.9990
19735.840,-54.7795,0.9990
19737.305,-54.8013,0.9989
19738.770,-54.7803,0.9990
19740.234,-54.7400,0.9989
19741.699,-54.6989,0.9989
19743.164,-54.7016,0.9988
19744.629,-54.7223,0.9985
19746.094,-54.7189,0.9987
19747.559,-54.7248,0.9987
19749.023,-54.7506,0.9986
19750.488,-54.7789,0.9988
19751.953,-54.7783,0.9988
19753.418,-54.7515,0.9987
19754.883,-54.7452,0.9988
19756.348,-54.7614,0.9987
19757.812,-54.7638,0.9988
19759.277,-54.7620,0.9986
19760.742,-54.7787,0.9987
19762.207,-54.7999,0.9989
19763.672,-54.7837,0.9987
19765.137,-54.7540,0.9986
19766.602,-54.7520,0.9988
19768.066,-54.7641,0.9990
19769.531,-54.7619,0.9986
19770.996,-54.7424,0.9986
19772.461,-54.7429,0.9989
19773.926,-54.7627,0.9989
19775.391,-54.7926,0.9988
19776.855,-54.8220,0.9990
19778.320,-54.8028,0.9988
19779.785,-54.7700,0.9987
19781.250,-54.7695,0.9987
19782.715,-54.7899,0.9986
19784.180,-54.8151,0.9988
19785.645,-54.8214,0.9989
19787.109,-54.8020,0.9987
19788.574,-54.7659,0.9988
19790.039,-54.7474,0.9988
19791.504,-54.7702,0.9987
19792.969,-54.7772,0.9987
19794.434,-54.7496,0.9987
19795.898,-54.7448,0.9987
19797.363,-54.7608,0.9986
19798.828,-54.7739,0.9989
19800.293,-54.7707,0.9988
19801.758,-54.7690,0.9988
19803.223,-54.7647,0.9988
19804.688,-54.7649,0.9987
19806.152,-54.7812,0.9987
19807.617,-54.7704,0.9986
19809.082,-54.7650,0.9987
19810.547,-54.7654,0.9987
19812.012,-54.7590,0.9987
19813.477,-54.7801,0.9988
19814.941,-54.7798,0.9987
19816.406,-54.7605,0.9987
19817.871,-54.7760,0.9987
19819.336,-54.7861,0.9987
19820.801,-54.7583,0.9988
19822.266,-54.7530,0.9990
19823.730,-54.7685,0.9989
19825.195,-54.7748,0.9988
19826.660,-54.7763,0.9989
19828.125,-54.7774,0.9988
19829.590,-54.7801,0.9987
19831.055,-54.7708,0.9987
19832.520,-54.7721,0.9985
19833.984,-54.7734,0.9986
19835.449,-54.7596,0.9988
19836.914,-54.7569,0.9988
19838.379,-54.7959,0.9989
19839.844,-54.8138,0.9988
19841.309,-54.7956,0.9990
19842.773,-54.7874,0.9989
19844.238,-54.7573,0.9989
19845.703,-54.7413,0.9988
19847.168,-54.7719,0.9988
19848.633,-54.8004,0.9987
19850.098,-54.7809,0.9989
19851.562,-54.7687,0.9988
19853.027,-54.7645,0.9987
19854.492,-54.7464,0.9989
19855.957,-54.7577,0.9989
19857.422,-54.7665,0.9988
19858.887,-54.7481,0.9986
19860.352,-54.7344,0.9987
19861.816,-54.7436,0.9988
19863.281,-54.7510,0.9987
19864.746,-54.7496,0.9987
19866.211,-54.7803,0.9988
19867.676,-54.7885,0.9987
19869.141,-54.7544,0.9987
19870.605,-54.7413,0.9986
19872.070,-54.7676,0.9986
19873.535,-54.7990,0.9988
19875.000,-54.7682,0.9990
19876.465,-54.7519,0.9989
19877.930,-54.7694,0.9987
19879.395,-54.7879,0.9989
19880.859,-54.7910,0.9989
19882.324,-54.7681,0.9984
19883.789,-54.7930,0.9983
19885.254,-54.8377,0.9986
19886.719,-54.8268,0.9987
19888.184,-54.7959,0.9990
19889.648,-54.8024,0.9990
19891.113,-54.8008,0.9989
19892.578,-54.7844,0.9988
19894.043,-54.7763,0.9987
19895.508,-54.7803,0.9985
19896.973,-54.7901,0.9986
19898.438,-54.7657,0.9988
19899.902,-54.7571,0.9990
19901.367,-54.7681,0.9987
19902.832,-54.7703,0.9986
19904.297,-54.7762,0.9988
19905.762,-54.7823,0.9988
19907.227,-54.7706,0.9987
19908.691,-54.7723,0.9987
19910.156,-54.7883,0.9986
19911.621,-54.7931,0.9989
19913.086,-54.7914,0.9988
19914.551,-54.7853,0.9989
19916.016,-54.7712,0.9988
19917.480,-54.7789,0.9989
19918.945,-54.7839,0.9988
19920.410,-54.7793,0.9987
19921.875,-54.7711,0.9985
19923.340,-54.7836,0.9986
19924.805,-54.7901,0.9987
19926.270,-54.7846,0.9987
19927.734,-54.7752,0.9989
19929.199,-54.7808,0.9988
19930.664,-54.8094,0.9988
19932.129,-54.8132,0.9989
19933.594,-54.7768,0.9986
19935.059,-54.7580,0.9986
19936.523,-54.7758,0.9988
19937.988,-54.7890,0.9987
19939.453,-54.7851,0.9986
19940.918,-54.7712,0.9988
19942.383,-54.7421,0.9986
19943.848,-54.7342,0.9987
19945.312,-54.7574,0.9985
19946.777,-54.7843,0.9987
19948.242,-54.8028,0.9984
19949.707,-54.7691,0.9984
19951.172,-54.7558,0.9985
19952.637,-54.7617,0.9985
19954.102,-54.7496,0.9986
19955.566,-54.7866,0.9988
19957.031,-54.7860,0.9986
19958.496,-54.7628,0.9983
19959.961,-54.7785,0.9987
19961.426,-54.7654,0.9989
19962.891,-54.7837,0.9987
19964.355,-54.8130,0.9983
19965.820,-54.7718,0.9980
19967.285,-54.7535,0.9983
19968.750,-54.7741,0.9987
19970.215,-54.8031,0.9989
19971.680,-54.8015,0.9989
19973.145,-54.7811,0.9988
19974.609,-54.7722,0.9987
19976.074,-54.7652,0.9988
19977.539,-54.7585,0.9987
19979.004,-54.7841,0.9989
19980.469,-54.8032,0.9987
19981.934,-54.8031,0.9985
19983.398,-54.7990,0.9985
19984.863,-54.8083,0.9986
19986.328,-54.8129,0.9985
19987.793,-54.7879,0.9986
19989.258,-54.7922,0.9988
19990.723,-54.8017,0.9988
19992.188,-54.8116,0.9986
19993.652,-54.7885,0.9984
19995.117,-54.7453,0.9987
19996.582,-54.7727,0.9986
19998.047,-54.8068,0.9984
19999.512,-54.7849,0.9983
