freq_hz,gain_dB,coherence
20.508,-54.8899,0.9997
21.973,-54.8703,0.9997
23.438,-54.8500,0.9997
24.902,-54.8379,0.9997
26.367,-54.8241,0.9999
27.832,-54.7973,0.9998
29.297,-54.8145,0.9998
30.762,-54.7897,0.9999
32.227,-54.7796,0.9998
33.691,-54.7854,0.9999
35.156,-54.7517,0.9998
36.621,-54.7736,0.9999
38.086,-54.7357,0.9998
39.551,-54.7604,0.9999
41.016,-54.7487,0.9998
42.480,-54.7321,1.0000
43.945,-54.7840,0.9999
45.410,-54.7125,0.9999
46.875,-54.7642,0.9999
48.340,-54.7467,0.9998
49.805,-54.7147,0.9999
51.270,-54.7718,0.9999
52.734,-54.7193,0.9998
54.199,-54.7135,1.0000
55.664,-54.7729,0.9999
57.129,-54.7201,0.9999
58.594,-54.7041,0.9999
60.059,-54.7599,0.9999
61.523,-54.7367,0.9998
62.988,-54.6921,0.9999
64.453,-54.7324,1.0000
65.918,-54.7614,0.9999
67.383,-54.7067,0.9998
68.848,-54.6923,1.0000
70.312,-54.7335,1.0000
71.777,-54.7591,0.9999
73.242,-54.7018,0.9999
74.707,-54.6918,1.0000
76.172,-54.7278,1.0000
77.637,-54.7627,0.9999
79.102,-54.7143,0.9998
80.566,-54.6771,0.9999
82.031,-54.7111,1.0000
83.496,-54.7416,1.0000
84.961,-54.7483,0.9999
86.426,-54.6809,0.9999
87.891,-54.6859,1.0000
89.355,-54.7223,1.0000
90.820,-54.7504,0.9999
92.285,-54.7402,0.9999
93.750,-54.6745,0.9998
95.215,-54.6736,1.0000
96.680,-54.7075,1.0000
98.145,-54.7364,1.0000
99.609,-54.7560,0.9999
101.074,-54.7036,0.9998
102.539,-54.6742,0.9999
104.004,-54.6922,1.0000
105.469,-54.7172,1.0000
106.934,-54.7401,1.0000
108.398,-54.7455,0.9999
109.863,-54.7007,0.9998
111.328,-54.6732,0.9999
112.793,-54.6909,1.0000
114.258,-54.7126,1.0000
115.723,-54.7348,1.0000
117.188,-54.7499,0.9999
118.652,-54.7206,0.9997
120.117,-54.6670,0.9996
121.582,-54.6752,0.9999
123.047,-54.6971,1.0000
124.512,-54.7214,1.0000
125.977,-54.7372,1.0000
127.441,-54.7442,0.9999
128.906,-54.7090,0.9998
130.371,-54.6722,0.9999
131.836,-54.6729,0.9999
133.301,-54.6894,1.0000
134.766,-54.7122,1.0000
136.230,-54.7304,1.0000
137.695,-54.7399,0.9999
139.160,-54.7337,0.9997
140.625,-54.6987,0.9998
142.090,-54.6698,0.9999
143.555,-54.6765,1.0000
145.020,-54.6928,1.0000
146.484,-54.7115,1.0000
147.949,-54.7322,1.0000
149.414,-54.7311,0.9999
150.879,-54.7274,0.9998
152.344,-54.6831,0.9998
153.809,-54.6626,0.9999
155.273,-54.6702,1.0000
156.738,-54.6874,1.0000
158.203,-54.7006,1.0000
159.668,-54.7117,0.9999
161.133,-54.7279,0.9999
162.598,-54.7328,0.9999
164.062,-54.7131,0.9998
165.527,-54.6848,0.9998
166.992,-54.6658,0.9999
168.457,-54.6698,0.9999
169.922,-54.6839,1.0000
171.387,-54.7022,1.0000
172.852,-54.7182,1.0000
174.316,-54.7325,1.0000
175.781,-54.7356,0.9999
177.246,-54.7364,0.9999
178.711,-54.7051,0.9997
180.176,-54.6857,0.9997
181.641,-54.6778,0.9999
183.105,-54.6770,0.9999
184.570,-54.6898,1.0000
186.035,-54.7026,1.0000
187.500,-54.7137,1.0000
188.965,-54.7289,1.0000
190.430,-54.7402,0.9999
191.895,-54.7292,0.9999
193.359,-54.7160,0.9998
194.824,-54.6891,0.9998
196.289,-54.6816,0.9999
197.754,-54.6700,0.9999
199.219,-54.6722,1.0000
200.684,-54.6833,1.0000
202.148,-54.6957,1.0000
203.613,-54.7098,1.0000
205.078,-54.7236,1.0000
206.543,-54.7330,0.9999
208.008,-54.7365,0.9999
209.473,-54.7301,0.9998
210.938,-54.6945,0.9998
212.402,-54.6686,0.9998
213.867,-54.6619,0.9999
215.332,-54.6626,0.9999
216.797,-54.6667,1.0000
218.262,-54.6879,1.0000
219.727,-54.7055,0.9999
221.191,-54.7160,1.0000
222.656,-54.7290,1.0000
224.121,-54.7473,0.9999
225.586,-54.7336,0.9999
227.051,-54.7200,0.9998
228.516,-54.7013,0.9998
229.980,-54.6742,0.9998
231.445,-54.6644,0.9999
232.910,-54.6547,0.9999
234.375,-54.6641,0.9999
235.840,-54.6728,1.0000
237.305,-54.6870,1.0000
238.770,-54.6886,0.9999
240.234,-54.6974,0.9998
241.699,-54.7222,0.9999
243.164,-54.7288,0.9999
244.629,-54.7276,0.9999
246.094,-54.7107,0.9998
247.559,-54.6972,0.9998
249.023,-54.6860,0.9998
250.488,-54.6622,0.9998
251.953,-54.6599,0.9999
253.418,-54.6695,0.9999
254.883,-54.6735,1.0000
256.348,-54.6847,1.0000
257.812,-54.6876,1.0000
259.277,-54.6895,0.9999
260.742,-54.7091,0.9999
262.207,-54.7234,0.9999
263.672,-54.7280,0.9999
265.137,-54.7364,0.9999
266.602,-54.7154,0.9998
268.066,-54.7047,0.9998
269.531,-54.6939,0.9998
270.996,-54.6746,0.9998
272.461,-54.6757,0.9999
273.926,-54.6724,0.9999
275.391,-54.6745,0.9999
276.855,-54.6780,0.9999
278.320,-54.6827,0.9999
279.785,-54.6865,0.9999
281.250,-54.6985,1.0000
282.715,-54.7079,1.0000
284.180,-54.7171,0.9999
285.645,-54.7286,0.9999
287.109,-54.7322,0.9999
288.574,-54.7282,0.9999
290.039,-54.7262,0.9998
291.504,-54.7049,0.9998
292.969,-54.6736,0.9998
294.434,-54.6719,0.9998
295.898,-54.6622,0.9999
297.363,-54.6623,0.9999
298.828,-54.6590,0.9998
300.293,-54.6586,0.9998
301.758,-54.6779,0.9999
303.223,-54.6882,1.0000
304.688,-54.6910,1.0000
306.152,-54.6951,1.0000
307.617,-54.7013,0.9999
309.082,-54.7151,0.9999
310.547,-54.7259,0.9999
312.012,-54.7253,0.9999
313.477,-54.7203,0.9998
314.941,-54.7254,0.9998
316.406,-54.7130,0.9998
317.871,-54.6960,0.9998
319.336,-54.6736,0.9998
320.801,-54.6487,0.9999
322.266,-54.6516,0.9999
323.730,-54.6618,0.9999
325.195,-54.6674,0.9999
326.660,-54.6761,0.9999
328.125,-54.6854,1.0000
329.590,-54.6943,0.9999
331.055,-54.6978,1.0000
332.520,-54.7050,1.0000
333.984,-54.7137,0.9999
335.449,-54.7199,0.9999
336.914,-54.7207,0.9999
338.379,-54.7195,0.9999
339.844,-54.7271,0.9998
341.309,-54.7241,0.9998
342.773,-54.7023,0.9998
344.238,-54.6940,0.9998
345.703,-54.6775,0.9998
347.168,-54.6670,0.9998
348.633,-54.6462,0.9999
350.098,-54.6489,0.9999
351.562,-54.6647,0.9999
353.027,-54.6665,0.9999
354.492,-54.6741,0.9999
355.957,-54.6839,1.0000
357.422,-54.6924,1.0000
358.887,-54.7014,0.9998
360.352,-54.7080,0.9997
361.816,-54.7176,0.9999
363.281,-54.7241,0.9999
364.746,-54.7243,0.9999
366.211,-54.7347,0.9999
367.676,-54.7404,0.9999
369.141,-54.7110,0.9998
370.605,-54.7047,0.9998
372.070,-54.7046,0.9998
373.535,-54.6853,0.9998
375.000,-54.6623,0.9998
376.465,-54.6630,0.9998
377.930,-54.6455,0.9998
379.395,-54.6431,0.9999
380.859,-54.6622,0.9999
382.324,-54.6711,0.9999
383.789,-54.6733,0.9999
385.254,-54.6799,0.9999
386.719,-54.6895,1.0000
388.184,-54.6950,0.9999
389.648,-54.6960,0.9999
391.113,-54.7017,0.9999
392.578,-54.7121,0.9999
394.043,-54.7169,0.9999
395.508,-54.7161,0.9999
396.973,-54.7188,0.9999
398.438,-54.7257,0.9999
399.902,-54.7230,0.9998
401.367,-54.7208,0.9998
402.832,-54.6929,0.9998
404.297,-54.6909,0.9998
405.762,-54.6760,0.9998
407.227,-54.6700,0.9998
408.691,-54.6615,0.9998
410.156,-54.6565,0.9998
411.621,-54.6679,0.9999
413.086,-54.6634,0.9999
414.551,-54.6708,0.9999
416.016,-54.6701,0.9999
417.480,-54.6745,0.9999
418.945,-54.6904,0.9998
420.410,-54.7030,0.9998
421.875,-54.7020,0.9999
423.340,-54.7039,1.0000
424.805,-54.7090,1.0000
426.270,-54.7125,0.9999
427.734,-54.7127,0.9999
429.199,-54.7155,0.9999
430.664,-54.7138,0.9999
432.129,-54.7205,0.9999
433.594,-54.7212,0.9999
435.059,-54.7296,0.9998
436.523,-54.7358,0.9998
437.988,-54.6993,0.9998
439.453,-54.6909,0.9997
440.918,-54.6768,0.9998
442.383,-54.6713,0.9998
443.848,-54.6650,0.9998
445.312,-54.6581,0.9999
446.777,-54.6588,0.9999
448.242,-54.6607,0.9999
449.707,-54.6594,0.9999
451.172,-54.6634,0.9999
452.637,-54.6657,0.9999
454.102,-54.6688,0.9999
455.566,-54.6733,1.0000
457.031,-54.6841,1.0000
458.496,-54.6952,0.9999
459.961,-54.6992,0.9999
461.426,-54.7066,0.9999
462.891,-54.7116,0.9999
464.355,-54.7180,0.9999
465.820,-54.7228,0.9999
467.285,-54.7281,0.9999
468.750,-54.7267,0.9999
470.215,-54.7281,0.9999
471.680,-54.7350,0.9998
473.145,-54.7266,0.9998
474.609,-54.7081,0.9998
476.074,-54.7078,0.9998
477.539,-54.6834,0.9997
479.004,-54.7036,0.9981
480.469,-54.7015,0.9986
481.934,-54.6609,0.9998
483.398,-54.6540,0.9998
484.863,-54.6523,0.9999
486.328,-54.6568,0.9999
487.793,-54.6558,0.9999
489.258,-54.6606,0.9999
490.723,-54.6657,0.9999
492.188,-54.6700,0.9999
493.652,-54.6685,0.9999
495.117,-54.6744,0.9999
496.582,-54.6811,0.9999
498.047,-54.6811,0.9999
499.512,-54.6852,0.9999
500.977,-54.7013,0.9999
502.441,-54.7165,0.9999
503.906,-54.7218,0.9999
505.371,-54.7237,0.9999
506.836,-54.7212,0.9999
508.301,-54.7222,0.9999
509.766,-54.7382,0.9998
511.230,-54.7281,0.9998
512.695,-54.7137,0.9998
514.160,-54.7020,0.9998
515.625,-54.7120,0.9998
517.090,-54.6931,0.9998
518.555,-54.6738,0.9997
520.020,-54.6774,0.9997
521.484,-54.6596,0.9998
522.949,-54.6509,0.9998
524.414,-54.6486,0.9998
525.879,-54.6505,0.9999
527.344,-54.6543,0.9999
528.809,-54.6523,0.9999
530.273,-54.6563,0.9999
531.738,-54.6650,0.9999
533.203,-54.6765,0.9999
534.668,-54.6781,0.9999
536.133,-54.6761,0.9999
537.598,-54.6788,0.9999
539.062,-54.6794,0.9998
540.527,-54.6797,0.9998
541.992,-54.6882,0.9999
543.457,-54.6977,0.9999
544.922,-54.7037,0.9999
546.387,-54.7131,0.9999
547.852,-54.7186,0.9999
549.316,-54.7293,0.9999
550.781,-54.7299,0.9999
552.246,-54.7166,0.9999
553.711,-54.7166,0.9998
555.176,-54.7137,0.9998
556.641,-54.7110,0.9998
558.105,-54.7111,0.9998
559.570,-54.6922,0.9997
561.035,-54.6824,0.9998
562.500,-54.6938,0.9997
563.965,-54.6812,0.9998
565.430,-54.6764,0.9998
566.895,-54.6443,0.9998
568.359,-54.6476,0.9998
569.824,-54.6506,0.9998
571.289,-54.6494,0.9999
572.754,-54.6502,0.9999
574.219,-54.6577,0.9999
575.684,-54.6680,0.9999
577.148,-54.6663,0.9999
578.613,-54.6651,0.9999
580.078,-54.6774,0.9999
581.543,-54.6838,0.9999
583.008,-54.6770,0.9999
584.473,-54.6782,0.9999
585.938,-54.6861,0.9999
587.402,-54.6884,0.9999
588.867,-54.6931,0.9999
590.332,-54.7036,0.9999
591.797,-54.7074,0.9999
593.262,-54.7119,0.9999
594.727,-54.7079,0.9999
596.191,-54.7056,0.9999
597.656,-54.7120,0.9997
599.121,-54.7009,0.9985
600.586,-54.7210,0.9991
602.051,-54.7196,0.9998
603.516,-54.7126,0.9998
604.980,-54.7278,0.9998
606.445,-54.7106,0.9997
607.910,-54.7021,0.9997
609.375,-54.6843,0.9997
610.840,-54.6786,0.9997
612.305,-54.6633,0.9998
613.770,-54.6607,0.9998
615.234,-54.6646,0.9998
616.699,-54.6622,0.9998
618.164,-54.6645,0.9998
619.629,-54.6695,0.9998
621.094,-54.6554,0.9999
622.559,-54.6531,0.9999
624.023,-54.6587,0.9999
625.488,-54.6658,0.9999
626.953,-54.6595,0.9999
628.418,-54.6641,0.9999
629.883,-54.6752,0.9999
631.348,-54.6721,0.9999
632.812,-54.6686,0.9999
634.277,-54.6708,0.9999
635.742,-54.6784,0.9999
637.207,-54.6932,0.9999
638.672,-54.7055,0.9999
640.137,-54.7095,0.9999
641.602,-54.7073,0.9999
643.066,-54.7101,0.9999
644.531,-54.7165,0.9999
645.996,-54.7227,0.9999
647.461,-54.7245,0.9999
648.926,-54.7287,0.9998
650.391,-54.7160,0.9998
651.855,-54.7127,0.9998
653.320,-54.7079,0.9998
654.785,-54.7175,0.9998
656.250,-54.7185,0.9998
657.715,-54.6884,0.9997
659.180,-54.6881,0.9995
660.645,-54.6862,0.9995
662.109,-54.6872,0.9997
663.574,-54.6823,0.9998
665.039,-54.6818,0.9998
666.504,-54.6576,0.9998
667.969,-54.6600,0.9998
669.434,-54.6619,0.9998
670.898,-54.6588,0.9998
672.363,-54.6493,0.9999
673.828,-54.6506,0.9999
675.293,-54.6419,0.9999
676.758,-54.6457,0.9999
678.223,-54.6587,0.9999
679.688,-54.6601,0.9999
681.152,-54.6596,0.9999
682.617,-54.6692,0.9999
684.082,-54.6756,0.9999
685.547,-54.6698,0.9999
687.012,-54.6726,0.9999
688.477,-54.6826,0.9999
689.941,-54.6882,0.9999
691.406,-54.6916,0.9999
692.871,-54.6973,0.9999
694.336,-54.7040,0.9999
695.801,-54.7039,0.9999
697.266,-54.7024,0.9999
698.730,-54.7049,0.9999
700.195,-54.7139,0.9999
701.660,-54.7275,0.9999
703.125,-54.7228,0.9999
704.590,-54.7223,0.9999
706.055,-54.7298,0.9998
707.520,-54.7223,0.9998
708.984,-54.7085,0.9998
710.449,-54.7184,0.9998
711.914,-54.7244,0.9997
713.379,-54.7089,0.9997
714.844,-54.7159,0.9997
716.309,-54.6946,0.9997
717.773,-54.6993,0.9995
719.238,-54.6995,0.9982
720.703,-54.6708,0.9990
722.168,-54.6617,0.9997
723.633,-54.6742,0.9997
725.098,-54.6551,0.9998
726.562,-54.6559,0.9998
728.027,-54.6428,0.9998
729.492,-54.6420,0.9998
730.957,-54.6446,0.9999
732.422,-54.6511,0.9999
733.887,-54.6581,0.9999
735.352,-54.6585,0.9999
736.816,-54.6586,0.9999
738.281,-54.6613,0.9999
739.746,-54.6498,0.9999
741.211,-54.6567,0.9999
742.676,-54.6677,0.9999
744.141,-54.6746,0.9999
745.605,-54.6828,0.9999
747.070,-54.6860,0.9999
748.535,-54.6903,0.9999
750.000,-54.6970,0.9999
751.465,-54.6985,0.9999
752.930,-54.6953,0.9999
754.395,-54.7013,0.9999
755.859,-54.7156,0.9999
757.324,-54.7159,0.9999
758.789,-54.7200,0.9999
760.254,-54.7161,0.9999
761.719,-54.7228,0.9999
763.184,-54.7153,0.9999
764.648,-54.7074,0.9998
766.113,-54.7121,0.9998
767.578,-54.7277,0.9998
769.043,-54.7306,0.9998
770.508,-54.7183,0.9998
771.973,-54.7275,0.9998
773.438,-54.7195,0.9997
774.902,-54.7034,0.9997
776.367,-54.6892,0.9997
777.832,-54.6915,0.9997
779.297,-54.6912,0.9995
780.762,-54.6802,0.9995
782.227,-54.6567,0.9997
783.691,-54.6658,0.9997
785.156,-54.6542,0.9998
786.621,-54.6692,0.9998
788.086,-54.6665,0.9998
789.551,-54.6600,0.9998
791.016,-54.6588,0.9998
792.480,-54.6501,0.9999
793.945,-54.6467,0.9999
795.410,-54.6562,0.9999
796.875,-54.6604,0.9999
798.340,-54.6512,0.9999
799.805,-54.6513,0.9999
801.270,-54.6568,0.9999
802.734,-54.6647,0.9999
804.199,-54.6681,0.9999
805.664,-54.6744,0.9999
807.129,-54.6816,0.9999
808.594,-54.6807,0.9999
810.059,-54.6768,0.9999
811.523,-54.6763,0.9999
812.988,-54.6809,0.9999
814.453,-54.6856,0.9999
815.918,-54.6876,0.9999
817.383,-54.6940,0.9999
818.848,-54.6982,0.9999
820.312,-54.6951,0.9999
821.777,-54.6956,0.9999
823.242,-54.6991,0.9999
824.707,-54.7019,0.9999
826.172,-54.7054,0.9999
827.637,-54.7177,0.9999
829.102,-54.7251,0.9999
830.566,-54.7271,0.9999
832.031,-54.7155,0.9999
833.496,-54.7039,0.9998
834.961,-54.7089,0.9998
836.426,-54.7159,0.9998
837.891,-54.7190,0.9997
839.355,-54.7242,0.9992
840.820,-54.6965,0.9995
842.285,-54.6967,0.9997
843.750,-54.6857,0.9997
845.215,-54.6800,0.9997
846.680,-54.6857,0.9998
848.145,-54.6651,0.9997
849.609,-54.6606,0.9997
851.074,-54.6626,0.9997
852.539,-54.6580,0.9998
854.004,-54.6532,0.9998
855.469,-54.6656,0.9998
856.934,-54.6535,0.9998
858.398,-54.6485,0.9998
859.863,-54.6525,0.9998
861.328,-54.6483,0.9998
862.793,-54.6461,0.9998
864.258,-54.6495,0.9999
865.723,-54.6640,0.9999
867.188,-54.6622,0.9999
868.652,-54.6553,0.9999
870.117,-54.6547,0.9999
871.582,-54.6599,0.9999
873.047,-54.6700,0.9999
874.512,-54.6759,0.9999
875.977,-54.6793,0.9999
877.441,-54.6759,0.9999
878.906,-54.6724,0.9999
880.371,-54.6833,0.9999
881.836,-54.6916,0.9999
883.301,-54.6866,0.9999
884.766,-54.6846,0.9999
886.230,-54.6906,0.9999
887.695,-54.6954,0.9999
889.160,-54.6989,0.9999
890.625,-54.7004,0.9999
892.090,-54.7072,0.9999
893.555,-54.7139,0.9999
895.020,-54.7072,0.9999
896.484,-54.7090,0.9999
897.949,-54.7118,0.9999
899.414,-54.7031,0.9997
900.879,-54.7184,0.9998
902.344,-54.7246,0.9998
903.809,-54.7163,0.9998
905.273,-54.7077,0.9998
906.738,-54.7081,0.9998
908.203,-54.7042,0.9998
909.668,-54.7039,0.9998
911.133,-54.6985,0.9997
912.598,-54.6904,0.9997
914.062,-54.6782,0.9998
915.527,-54.6803,0.9997
916.992,-54.7036,0.9997
918.457,-54.6648,0.9997
919.922,-54.6742,0.9997
921.387,-54.6795,0.9997
922.852,-54.6770,0.9997
924.316,-54.6571,0.9998
925.781,-54.6751,0.9998
927.246,-54.6583,0.9998
928.711,-54.6662,0.9998
930.176,-54.6507,0.9998
931.641,-54.6431,0.9998
933.105,-54.6402,0.9999
934.570,-54.6410,0.9999
936.035,-54.6440,0.9999
937.500,-54.6476,0.9999
938.965,-54.6493,0.9998
940.430,-54.6399,0.9999
941.895,-54.6440,0.9999
943.359,-54.6536,0.9999
944.824,-54.6691,0.9999
946.289,-54.6656,0.9999
947.754,-54.6513,0.9999
949.219,-54.6614,0.9999
950.684,-54.6706,0.9999
952.148,-54.6721,0.9999
953.613,-54.6803,0.9999
955.078,-54.6899,0.9999
956.543,-54.6956,0.9999
958.008,-54.6962,0.9998
959.473,-54.6962,0.9996
960.938,-54.6987,0.9998
962.402,-54.7022,0.9999
963.867,-54.6998,0.9999
965.332,-54.6994,0.9999
966.797,-54.7033,0.9999
968.262,-54.7105,0.9999
969.727,-54.7081,0.9999
971.191,-54.6991,0.9999
972.656,-54.6977,0.9999
974.121,-54.7093,0.9999
975.586,-54.7077,0.9999
977.051,-54.7128,0.9999
978.516,-54.7175,0.9998
979.980,-54.7052,0.9998
981.445,-54.7105,0.9998
982.910,-54.7233,0.9998
984.375,-54.7185,0.9998
985.840,-54.6960,0.9998
987.305,-54.6955,0.9998
988.770,-54.7071,0.9997
990.234,-54.7105,0.9997
991.699,-54.7025,0.9997
993.164,-54.6974,0.9997
994.629,-54.6882,0.9997
996.094,-54.6775,0.9998
997.559,-54.6907,0.9997
999.023,-54.6731,0.9997
1000.488,-54.6731,0.9997
1001.953,-54.6821,0.9997
1003.418,-54.6509,0.9997
1004.883,-54.6485,0.9997
1006.348,-54.6476,0.9998
1007.812,-54.6397,0.9998
1009.277,-54.6368,0.9998
1010.742,-54.6431,0.9998
1012.207,-54.6547,0.9998
1013.672,-54.6574,0.9998
1015.137,-54.6515,0.9999
1016.602,-54.6446,0.9999
1018.066,-54.6415,0.9998
1019.531,-54.6436,0.9996
1020.996,-54.6623,0.9997
1022.461,-54.6599,0.9999
1023.926,-54.6499,0.9999
1025.391,-54.6631,0.9999
1026.855,-54.6722,0.9999
1028.320,-54.6774,0.9999
1029.785,-54.6784,0.9999
1031.250,-54.6771,0.9999
1032.715,-54.6771,0.9999
1034.180,-54.6786,0.9999
1035.645,-54.6795,0.9999
1037.109,-54.6800,0.9999
1038.574,-54.6822,0.9999
1040.039,-54.6868,0.9999
1041.504,-54.6831,0.9999
1042.969,-54.6861,0.9999
1044.434,-54.6978,0.9999
1045.898,-54.6987,0.9999
1047.363,-54.6997,0.9999
1048.828,-54.7059,0.9999
1050.293,-54.7104,0.9999
1051.758,-54.7100,0.9999
1053.223,-54.7057,0.9999
1054.688,-54.7038,0.9999
1056.152,-54.7098,0.9999
1057.617,-54.7190,0.9998
1059.082,-54.7236,0.9998
1060.547,-54.7220,0.9998
1062.012,-54.7121,0.9998
1063.477,-54.7136,0.9998
1064.941,-54.7078,0.9998
1066.406,-54.7139,0.9998
1067.871,-54.7143,0.9998
1069.336,-54.7157,0.9997
1070.801,-54.7154,0.9997
1072.266,-54.7076,0.9997
1073.730,-54.6986,0.9997
1075.195,-54.7045,0.9997
1076.660,-54.7101,0.9997
1078.125,-54.6898,0.9994
1079.590,-54.7126,0.9992
1081.055,-54.6875,0.9995
1082.520,-54.6648,0.9997
1083.984,-54.6721,0.9997
1085.449,-54.6756,0.9997
1086.914,-54.6699,0.9997
1088.379,-54.6406,0.9998
1089.844,-54.6473,0.9997
1091.309,-54.6575,0.9998
1092.773,-54.6573,0.9998
1094.238,-54.6373,0.9998
1095.703,-54.6554,0.9998
1097.168,-54.6528,0.9998
1098.633,-54.6467,0.9998
1100.098,-54.6531,0.9998
1101.562,-54.6481,0.9999
1103.027,-54.6513,0.9998
1104.492,-54.6403,0.9999
1105.957,-54.6406,0.9999
1107.422,-54.6563,0.9999
1108.887,-54.6639,0.9999
1110.352,-54.6544,0.9999
1111.816,-54.6475,0.9999
1113.281,-54.6560,0.9999
1114.746,-54.6630,0.9999
1116.211,-54.6647,0.9999
1117.676,-54.6679,0.9999
1119.141,-54.6745,0.9999
1120.605,-54.6815,0.9999
1122.070,-54.6821,0.9999
1123.535,-54.6802,0.9999
1125.000,-54.6800,0.9999
1126.465,-54.6839,0.9999
1127.930,-54.6870,0.9999
1129.395,-54.6830,0.9999
1130.859,-54.6851,0.9999
1132.324,-54.6989,0.9999
1133.789,-54.7063,0.9999
1135.254,-54.7019,0.9999
1136.719,-54.6978,0.9999
1138.184,-54.7031,0.9999
1139.648,-54.7105,0.9997
1141.113,-54.7017,0.9998
1142.578,-54.7007,0.9999
1144.043,-54.7099,0.9999
1145.508,-54.7116,0.9999
1146.973,-54.7045,0.9998
1148.438,-54.7120,0.9998
1149.902,-54.7182,0.9998
1151.367,-54.7271,0.9998
1152.832,-54.7217,0.9998
1154.297,-54.7244,0.9998
1155.762,-54.7185,0.9998
1157.227,-54.7156,0.9998
1158.691,-54.7152,0.9998
1160.156,-54.7084,0.9998
1161.621,-54.7101,0.9998
1163.086,-54.7166,0.9997
1164.551,-54.7101,0.9997
1166.016,-54.7114,0.9997
1167.480,-54.6911,0.9997
1168.945,-54.6710,0.9997
1170.410,-54.6950,0.9996
1171.875,-54.6834,0.9997
1173.340,-54.6762,0.9997
1174.805,-54.6603,0.9997
1176.270,-54.6734,0.9997
1177.734,-54.6714,0.9997
1179.199,-54.6643,0.9997
1180.664,-54.6610,0.9997
1182.129,-54.6443,0.9997
1183.594,-54.6584,0.9997
1185.059,-54.6588,0.9998
1186.523,-54.6438,0.9998
1187.988,-54.6479,0.9998
1189.453,-54.6510,0.9998
1190.918,-54.6341,0.9998
1192.383,-54.6431,0.9998
1193.848,-54.6478,0.9998
1195.312,-54.6532,0.9998
1196.777,-54.6486,0.9999
1198.242,-54.6524,0.9997
1199.707,-54.6705,0.9996
1201.172,-54.6540,0.9998
1202.637,-54.6418,0.9999
1204.102,-54.6542,0.9999
1205.566,-54.6597,0.9999
1207.031,-54.6571,0.9999
1208.496,-54.6598,0.9999
1209.961,-54.6630,0.9999
1211.426,-54.6697,0.9999
1212.891,-54.6711,0.9999
1214.355,-54.6729,0.9999
1215.820,-54.6867,0.9999
1217.285,-54.6908,0.9999
1218.750,-54.6860,0.9999
1220.215,-54.6805,0.9999
1221.680,-54.6828,0.9999
1223.145,-54.6889,0.9999
1224.609,-54.6851,0.9999
1226.074,-54.6829,0.9999
1227.539,-54.6860,0.9999
1229.004,-54.6801,0.9999
1230.469,-54.6781,0.9999
1231.934,-54.6856,0.9999
1233.398,-54.6889,0.9999
1234.863,-54.6942,0.9999
1236.328,-54.6991,0.9999
1237.793,-54.7071,0.9999
1239.258,-54.7168,0.9999
1240.723,-54.7166,0.9998
1242.188,-54.7228,0.9999
1243.652,-54.7041,0.9999
1245.117,-54.7030,0.9998
1246.582,-54.7070,0.9999
1248.047,-54.7220,0.9998
1249.512,-54.7184,0.9998
1250.977,-54.7054,0.9998
1252.441,-54.7282,0.9998
1253.906,-54.7119,0.9998
1255.371,-54.7020,0.9998
1256.836,-54.7182,0.9998
1258.301,-54.7263,0.9997
1259.766,-54.7411,0.9995
1261.230,-54.7263,0.9996
1262.695,-54.7027,0.9997
1264.160,-54.7030,0.9997
1265.625,-54.7142,0.9997
1267.090,-54.6914,0.9997
1268.555,-54.6930,0.9997
1270.020,-54.6893,0.9996
1271.484,-54.6826,0.9997
1272.949,-54.6796,0.9997
1274.414,-54.6641,0.9997
1275.879,-54.6767,0.9997
1277.344,-54.6441,0.9997
1278.809,-54.6597,0.9997
1280.273,-54.6640,0.9997
1281.738,-54.6455,0.9997
1283.203,-54.6544,0.9997
1284.668,-54.6584,0.9998
1286.133,-54.6561,0.9997
1287.598,-54.6470,0.9997
1289.062,-54.6467,0.9998
1290.527,-54.6600,0.9998
1291.992,-54.6633,0.9998
1293.457,-54.6544,0.9998
1294.922,-54.6446,0.9998
1296.387,-54.6510,0.9998
1297.852,-54.6626,0.9998
1299.316,-54.6590,0.9999
1300.781,-54.6620,0.9999
1302.246,-54.6605,0.9999
1303.711,-54.6599,0.9999
1305.176,-54.6586,0.9999
1306.641,-54.6673,0.9999
1308.105,-54.6638,0.9999
1309.570,-54.6607,0.9999
1311.035,-54.6653,0.9999
1312.500,-54.6703,0.9999
1313.965,-54.6706,0.9999
1315.430,-54.6662,0.9999
1316.895,-54.6681,0.9999
1318.359,-54.6806,0.9996
1319.824,-54.6837,0.9996
1321.289,-54.6745,0.9998
1322.754,-54.6740,0.9999
1324.219,-54.6893,0.9999
1325.684,-54.6945,0.9999
1327.148,-54.6790,0.9999
1328.613,-54.6710,0.9999
1330.078,-54.6787,0.9999
1331.543,-54.6895,0.9999
1333.008,-54.6949,0.9999
1334.473,-54.6978,0.9999
1335.938,-54.7038,0.9999
1337.402,-54.7074,0.9999
1338.867,-54.7035,0.9999
1340.332,-54.7077,0.9999
1341.797,-54.7098,0.9999
1343.262,-54.7042,0.9999
1344.727,-54.7038,0.9999
1346.191,-54.7014,0.9998
1347.656,-54.7059,0.9999
1349.121,-54.7128,0.9999
1350.586,-54.7129,0.9998
1352.051,-54.7129,0.9998
1353.516,-54.7121,0.9998
1354.980,-54.7272,0.9998
1356.445,-54.7173,0.9998
1357.910,-54.7153,0.9998
1359.375,-54.7188,0.9998
1360.840,-54.7172,0.9998
1362.305,-54.7081,0.9998
1363.770,-54.7142,0.9998
1365.234,-54.7117,0.9998
1366.699,-54.7064,0.9997
1368.164,-54.7185,0.9997
1369.629,-54.7089,0.9997
1371.094,-54.7068,0.9997
1372.559,-54.7128,0.9997
1374.023,-54.6999,0.9997
1375.488,-54.6927,0.9997
1376.953,-54.7052,0.9997
1378.418,-54.7075,0.9996
1379.883,-54.6620,0.9992
1381.348,-54.6711,0.9995
1382.812,-54.6837,0.9997
1384.277,-54.6733,0.9997
1385.742,-54.6828,0.9996
1387.207,-54.6850,0.9997
1388.672,-54.6627,0.9996
1390.137,-54.6760,0.9996
1391.602,-54.6644,0.9997
1393.066,-54.6631,0.9997
1394.531,-54.6490,0.9998
1395.996,-54.6439,0.9997
1397.461,-54.6488,0.9998
1398.926,-54.6591,0.9997
1400.391,-54.6626,0.9998
1401.855,-54.6605,0.9998
1403.320,-54.6525,0.9998
1404.785,-54.6503,0.9998
1406.250,-54.6422,0.9998
1407.715,-54.6400,0.9998
1409.180,-54.6600,0.9999
1410.645,-54.6685,0.9998
1412.109,-54.6484,0.9999
1413.574,-54.6455,0.9998
1415.039,-54.6537,0.9999
1416.504,-54.6520,0.9999
1417.969,-54.6538,0.9999
1419.434,-54.6559,0.9999
1420.898,-54.6623,0.9998
1422.363,-54.6658,0.9999
1423.828,-54.6656,0.9999
1425.293,-54.6679,0.9999
1426.758,-54.6657,0.9999
1428.223,-54.6655,0.9999
1429.688,-54.6653,0.9999
1431.152,-54.6714,0.9999
1432.617,-54.6824,0.9999
1434.082,-54.6770,0.9999
1435.547,-54.6731,0.9999
1437.012,-54.6886,0.9997
1438.477,-54.6996,0.9988
1439.941,-54.6856,0.9994
1441.406,-54.6834,0.9998
1442.871,-54.6947,0.9999
1444.336,-54.6952,0.9999
1445.801,-54.6982,0.9999
1447.266,-54.6982,0.9999
1448.730,-54.6983,0.9999
1450.195,-54.7080,0.9999
1451.660,-54.7102,0.9999
1453.125,-54.7049,0.9999
1454.590,-54.7053,0.9999
1456.055,-54.7093,0.9999
1457.520,-54.7085,0.9999
1458.984,-54.7130,0.9998
1460.449,-54.7132,0.9998
1461.914,-54.7060,0.9999
1463.379,-54.7119,0.9998
1464.844,-54.7218,0.9999
1466.309,-54.7190,0.9999
1467.773,-54.7192,0.9998
1469.238,-54.7220,0.9998
1470.703,-54.7237,0.9998
1472.168,-54.7140,0.9998
1473.633,-54.7167,0.9998
1475.098,-54.7203,0.9998
1476.562,-54.7143,0.9998
1478.027,-54.7304,0.9998
1479.492,-54.7123,0.9997
1480.957,-54.7214,0.9997
1482.422,-54.7163,0.9997
1483.887,-54.7119,0.9997
1485.352,-54.7230,0.9997
1486.816,-54.7079,0.9996
1488.281,-54.7041,0.9996
1489.746,-54.7094,0.9997
1491.211,-54.7151,0.9997
1492.676,-54.6939,0.9997
1494.141,-54.7016,0.9997
1495.605,-54.6948,0.9997
1497.070,-54.6987,0.9997
1498.535,-54.6812,0.9995
1500.000,-54.6257,0.9991
1501.465,-54.6859,0.9995
1502.930,-54.6895,0.9997
1504.395,-54.6697,0.9997
1505.859,-54.6852,0.9997
1507.324,-54.6672,0.9997
1508.789,-54.6597,0.9997
1510.254,-54.6544,0.9997
1511.719,-54.6592,0.9997
1513.184,-54.6535,0.9997
1514.648,-54.6546,0.9997
1516.113,-54.6474,0.9998
1517.578,-54.6494,0.9998
1519.043,-54.6447,0.9997
1520.508,-54.6474,0.9998
1521.973,-54.6508,0.9998
1523.438,-54.6398,0.9998
1524.902,-54.6487,0.9998
1526.367,-54.6462,0.9998
1527.832,-54.6492,0.9998
1529.297,-54.6566,0.9998
1530.762,-54.6578,0.9998
1532.227,-54.6612,0.9998
1533.691,-54.6744,0.9998
1535.156,-54.6704,0.9998
1536.621,-54.6596,0.9999
1538.086,-54.6596,0.9999
1539.551,-54.6706,0.9998
1541.016,-54.6726,0.9999
1542.480,-54.6719,0.9999
1543.945,-54.6699,0.9998
1545.410,-54.6615,0.9999
1546.875,-54.6643,0.9999
1548.340,-54.6688,0.9999
1549.805,-54.6728,0.9999
1551.270,-54.6698,0.9999
1552.734,-54.6646,0.9999
1554.199,-54.6678,0.9999
1555.664,-54.6781,0.9999
1557.129,-54.6580,0.9990
1558.594,-54.6417,0.9974
1560.059,-54.6773,0.9993
1561.523,-54.6974,0.9998
1562.988,-54.6960,0.9999
1564.453,-54.6975,0.9999
1565.918,-54.6948,0.9999
1567.383,-54.7004,0.9999
1568.848,-54.7005,0.9999
1570.312,-54.6982,0.9999
1571.777,-54.7002,0.9999
1573.242,-54.6985,0.9999
1574.707,-54.7005,0.9999
1576.172,-54.6975,0.9999
1577.637,-54.6993,0.9998
1579.102,-54.7027,0.9998
1580.566,-54.7041,0.9999
1582.031,-54.7067,0.9999
1583.496,-54.7073,0.9998
1584.961,-54.7018,0.9998
1586.426,-54.7074,0.9999
1587.891,-54.7088,0.9998
1589.355,-54.7136,0.9998
1590.820,-54.7143,0.9998
1592.285,-54.7104,0.9998
1593.750,-54.7152,0.9998
1595.215,-54.7173,0.9998
1596.680,-54.7018,0.9998
1598.145,-54.7102,0.9998
1599.609,-54.7102,0.9998
1601.074,-54.7145,0.9998
1602.539,-54.7197,0.9998
1604.004,-54.7133,0.9997
1605.469,-54.7212,0.9997
1606.934,-54.7264,0.9998
1608.398,-54.7247,0.9997
1609.863,-54.7174,0.9997
1611.328,-54.7035,0.9997
1612.793,-54.7121,0.9997
1614.258,-54.7161,0.9997
1615.723,-54.7042,0.9997
1617.188,-54.6928,0.9997
1618.652,-54.7081,0.9996
1620.117,-54.6749,0.9993
1621.582,-54.7020,0.9995
1623.047,-54.6982,0.9997
1624.512,-54.6952,0.9996
1625.977,-54.6832,0.9997
1627.441,-54.6706,0.9997
1628.906,-54.6789,0.9997
1630.371,-54.6580,0.9996
1631.836,-54.6661,0.9997
1633.301,-54.6886,0.9997
1634.766,-54.6506,0.9997
1636.230,-54.6587,0.9997
1637.695,-54.6713,0.9997
1639.160,-54.6479,0.9997
1640.625,-54.6523,0.9997
1642.090,-54.6577,0.9997
1643.555,-54.6622,0.9997
1645.020,-54.6489,0.9997
1646.484,-54.6487,0.9998
1647.949,-54.6393,0.9997
1649.414,-54.6449,0.9998
1650.879,-54.6599,0.9998
1652.344,-54.6403,0.9998
1653.809,-54.6475,0.9998
1655.273,-54.6509,0.9998
1656.738,-54.6623,0.9998
1658.203,-54.6708,0.9998
1659.668,-54.6622,0.9998
1661.133,-54.6524,0.9998
1662.598,-54.6412,0.9998
1664.062,-54.6480,0.9998
1665.527,-54.6533,0.9998
1666.992,-54.6703,0.9998
1668.457,-54.6680,0.9999
1669.922,-54.6715,0.9999
1671.387,-54.6763,0.9999
1672.852,-54.6742,0.9999
1674.316,-54.6616,0.9998
1675.781,-54.6502,0.9998
1677.246,-54.6514,0.9995
1678.711,-54.6445,0.9991
1680.176,-54.6544,0.9996
1681.641,-54.6678,0.9998
1683.105,-54.6731,0.9998
1684.570,-54.6784,0.9999
1686.035,-54.6786,0.9999
1687.500,-54.6863,0.9999
1688.965,-54.6970,0.9999
1690.430,-54.6973,0.9999
1691.895,-54.6907,0.9999
1693.359,-54.6873,0.9999
1694.824,-54.6892,0.9998
1696.289,-54.6874,0.9999
1697.754,-54.6853,0.9999
1699.219,-54.6871,0.9999
1700.684,-54.6885,0.9999
1702.148,-54.6914,0.9999
1703.613,-54.6924,0.9999
1705.078,-54.6956,0.9999
1706.543,-54.6974,0.9998
1708.008,-54.6924,0.9999
1709.473,-54.6985,0.9999
1710.938,-54.7049,0.9999
1712.402,-54.7032,0.9999
1713.867,-54.7036,0.9999
1715.332,-54.7009,0.9999
1716.797,-54.6934,0.9998
1718.262,-54.6952,0.9998
1719.727,-54.6970,0.9998
1721.191,-54.7054,0.9998
1722.656,-54.7099,0.9998
1724.121,-54.7062,0.9999
1725.586,-54.7123,0.9998
1727.051,-54.7069,0.9998
1728.516,-54.6923,0.9998
1729.980,-54.6972,0.9998
1731.445,-54.7086,0.9998
1732.910,-54.7146,0.9998
1734.375,-54.7109,0.9998
1735.840,-54.6948,0.9998
1737.305,-54.7115,0.9998
1738.770,-54.7192,0.9997
1740.234,-54.7421,0.9996
1741.699,-54.7339,0.9997
1743.164,-54.7136,0.9997
1744.629,-54.7248,0.9997
1746.094,-54.7017,0.9997
1747.559,-54.7129,0.9997
1749.023,-54.7030,0.9996
1750.488,-54.7225,0.9996
1751.953,-54.7156,0.9996
1753.418,-54.7126,0.9997
1754.883,-54.6903,0.9997
1756.348,-54.7045,0.9997
1757.812,-54.7168,0.9996
1759.277,-54.6969,0.9996
1760.742,-54.6692,0.9996
1762.207,-54.6903,0.9996
1763.672,-54.6937,0.9996
1765.137,-54.6863,0.9996
1766.602,-54.6888,0.9996
1768.066,-54.6756,0.9996
1769.531,-54.6922,0.9996
1770.996,-54.6832,0.9996
1772.461,-54.6745,0.9996
1773.926,-54.6581,0.9996
1775.391,-54.6673,0.9997
1776.855,-54.6624,0.9997
1778.320,-54.6752,0.9997
1779.785,-54.6681,0.9996
1781.250,-54.6498,0.9996
1782.715,-54.6611,0.9997
1784.180,-54.6600,0.9997
1785.645,-54.6507,0.9997
1787.109,-54.6710,0.9997
1788.574,-54.6678,0.9997
1790.039,-54.6541,0.9998
1791.504,-54.6365,0.9998
1792.969,-54.6340,0.9998
1794.434,-54.6595,0.9997
1795.898,-54.6561,0.9998
1797.363,-54.6563,0.9996
1798.828,-54.6493,0.9995
1800.293,-54.6696,0.9997
1801.758,-54.6665,0.9998
1803.223,-54.6652,0.9998
1804.688,-54.6606,0.9998
1806.152,-54.6538,0.9998
1807.617,-54.6551,0.9998
1809.082,-54.6722,0.9998
1810.547,-54.6737,0.9998
1812.012,-54.6627,0.9998
1813.477,-54.6546,0.9998
1814.941,-54.6646,0.9998
1816.406,-54.6741,0.9998
1817.871,-54.6707,0.9999
1819.336,-54.6726,0.9999
1820.801,-54.6706,0.9998
1822.266,-54.6610,0.9998
1823.730,-54.6602,0.9998
1825.195,-54.6621,0.9999
1826.660,-54.6607,0.9999
1828.125,-54.6635,0.9999
1829.590,-54.6811,0.9999
1831.055,-54.6887,0.9998
1832.520,-54.6810,0.9998
1833.984,-54.6754,0.9999
1835.449,-54.6767,0.9999
1836.914,-54.6813,0.9999
1838.379,-54.6757,0.9999
1839.844,-54.6740,0.9999
1841.309,-54.6875,0.9999
1842.773,-54.6901,0.9998
1844.238,-54.6844,0.9998
1845.703,-54.6850,0.9999
1847.168,-54.6854,0.9998
1848.633,-54.6924,0.9998
1850.098,-54.6959,0.9999
1851.562,-54.6942,0.9998
1853.027,-54.6993,0.9998
1854.492,-54.6969,0.9998
1855.957,-54.6894,0.9999
1857.422,-54.6941,0.9998
1858.887,-54.7070,0.9998
1860.352,-54.7186,0.9997
1861.816,-54.7127,0.9998
1863.281,-54.7001,0.9998
1864.746,-54.7055,0.9998
1866.211,-54.7097,0.9998
1867.676,-54.7110,0.9998
1869.141,-54.7028,0.9998
1870.605,-54.7058,0.9998
1872.070,-54.7067,0.9998
1873.535,-54.7069,0.9998
1875.000,-54.6984,0.9998
1876.465,-54.6875,0.9998
1877.930,-54.7113,0.9998
1879.395,-54.7129,0.9998
1880.859,-54.7115,0.9998
1882.324,-54.7151,0.9998
1883.789,-54.7095,0.9998
1885.254,-54.7144,0.9998
1886.719,-54.7156,0.9998
1888.184,-54.7137,0.9997
1889.648,-54.7022,0.9997
1891.113,-54.7120,0.9997
1892.578,-54.7073,0.9997
1894.043,-54.7186,0.9997
1895.508,-54.6996,0.9997
1896.973,-54.7179,0.9997
1898.438,-54.7096,0.9997
1899.902,-54.6899,0.9996
1901.367,-54.7168,0.9996
1902.832,-54.6971,0.9996
1904.297,-54.6993,0.9996
1905.762,-54.6990,0.9996
1907.227,-54.6807,0.9997
1908.691,-54.7006,0.9996
1910.156,-54.6809,0.9997
1911.621,-54.6877,0.9997
1913.086,-54.6898,0.9996
1914.551,-54.6858,0.9996
1916.016,-54.6904,0.9995
1917.480,-54.6490,0.9995
1918.945,-54.6656,0.9995
1920.410,-54.6721,0.9994
1921.875,-54.6687,0.9996
1923.340,-54.6878,0.9997
1924.805,-54.6609,0.9996
1926.270,-54.6747,0.9996
1927.734,-54.6510,0.9996
1929.199,-54.6702,0.9997
1930.664,-54.6691,0.9996
1932.129,-54.6308,0.9997
1933.594,-54.6557,0.9997
1935.059,-54.6695,0.9996
1936.523,-54.6675,0.9996
1937.988,-54.6590,0.9997
1939.453,-54.6661,0.9997
1940.918,-54.6720,0.9997
1942.383,-54.6447,0.9998
1943.848,-54.6482,0.9998
1945.312,-54.6639,0.9997
1946.777,-54.6595,0.9997
1948.242,-54.6609,0.9997
1949.707,-54.6570,0.9997
1951.172,-54.6477,0.9998
1952.637,-54.6529,0.9997
1954.102,-54.6539,0.9998
1955.566,-54.6460,0.9998
1957.031,-54.6398,0.9998
1958.496,-54.6443,0.9998
1959.961,-54.6338,0.9998
1961.426,-54.6379,0.9998
1962.891,-54.6381,0.9998
1964.355,-54.6445,0.9998
1965.820,-54.6579,0.9998
1967.285,-54.6673,0.9998
1968.750,-54.6576,0.9998
1970.215,-54.6493,0.9998
1971.680,-54.6594,0.9998
1973.145,-54.6635,0.9998
1974.609,-54.6564,0.9998
1976.074,-54.6540,0.9998
1977.539,-54.6661,0.9998
1979.004,-54.6801,0.9998
1980.469,-54.6829,0.9998
1981.934,-54.6831,0.9998
1983.398,-54.6783,0.9998
1984.863,-54.6686,0.9998
1986.328,-54.6686,0.9998
1987.793,-54.6849,0.9998
1989.258,-54.6906,0.9998
1990.723,-54.6824,0.9998
1992.188,-54.6752,0.9999
1993.652,-54.6715,0.9999
1995.117,-54.6758,0.9999
1996.582,-54.6815,0.9999
1998.047,-54.6788,0.9998
1999.512,-54.6762,0.9998
2000.977,-54.6852,0.9999
2002.441,-54.6932,0.9999
2003.906,-54.6894,0.9999
2005.371,-54.6864,0.9999
2006.836,-54.6882,0.9999
2008.301,-54.6833,0.9999
2009.766,-54.6754,0.9998
2011.230,-54.6847,0.9998
2012.695,-54.7031,0.9998
2014.160,-54.7048,0.9998
2015.625,-54.6955,0.9999
2017.090,-54.6934,0.9998
2018.555,-54.6982,0.9998
2020.020,-54.6951,0.9998
2021.484,-54.7019,0.9999
2022.949,-54.7141,0.9998
2024.414,-54.7159,0.9998
2025.879,-54.7145,0.9998
2027.344,-54.6998,0.9998
2028.809,-54.6983,0.9998
2030.273,-54.7129,0.9998
2031.738,-54.7046,0.9998
2033.203,-54.7076,0.9998
2034.668,-54.7151,0.9998
2036.133,-54.7122,0.9997
2037.598,-54.7193,0.9997
2039.062,-54.7129,0.9997
2040.527,-54.7231,0.9997
2041.992,-54.7175,0.9997
2043.457,-54.7054,0.9997
2044.922,-54.7297,0.9997
2046.387,-54.7062,0.9997
2047.852,-54.6994,0.9997
2049.316,-54.7136,0.9997
2050.781,-54.7264,0.9997
2052.246,-54.7188,0.9997
2053.711,-54.7139,0.9997
2055.176,-54.7162,0.9996
2056.641,-54.7058,0.9997
2058.105,-54.7118,0.9997
2059.570,-54.7229,0.9996
2061.035,-54.7034,0.9996
2062.500,-54.6952,0.9996
2063.965,-54.7421,0.9997
2065.430,-54.6974,0.9996
2066.895,-54.6931,0.9997
2068.359,-54.6905,0.9996
2069.824,-54.7059,0.9996
2071.289,-54.6898,0.9996
2072.754,-54.7099,0.9996
2074.219,-54.6843,0.9996
2075.684,-54.6823,0.9995
2077.148,-54.6794,0.9995
2078.613,-54.6874,0.9996
2080.078,-54.6831,0.9996
2081.543,-54.6850,0.9995
2083.008,-54.6573,0.9995
2084.473,-54.6583,0.9996
2085.938,-54.6781,0.9996
2087.402,-54.6633,0.9996
2088.867,-54.6766,0.9995
2090.332,-54.6732,0.9996
2091.797,-54.6833,0.9996
2093.262,-54.6709,0.9996
2094.727,-54.6553,0.9996
2096.191,-54.6529,0.9996
2097.656,-54.6640,0.9996
2099.121,-54.6519,0.9995
2100.586,-54.6529,0.9996
2102.051,-54.6436,0.9997
2103.516,-54.6409,0.9996
2104.980,-54.6431,0.9996
2106.445,-54.6431,0.9997
2107.910,-54.6481,0.9996
2109.375,-54.6279,0.9997
2110.840,-54.6418,0.9997
2112.305,-54.6466,0.9997
2113.770,-54.6450,0.9997
2115.234,-54.6373,0.9998
2116.699,-54.6535,0.9998
2118.164,-54.6569,0.9998
2119.629,-54.6404,0.9998
2121.094,-54.6522,0.9997
2122.559,-54.6454,0.9998
2124.023,-54.6280,0.9998
2125.488,-54.6400,0.9998
2126.953,-54.6555,0.9997
2128.418,-54.6373,0.9998
2129.883,-54.6553,0.9997
2131.348,-54.6598,0.9998
2132.812,-54.6514,0.9998
2134.277,-54.6533,0.9998
2135.742,-54.6613,0.9998
2137.207,-54.6588,0.9998
2138.672,-54.6645,0.9998
2140.137,-54.6679,0.9998
2141.602,-54.6696,0.9998
2143.066,-54.6702,0.9998
2144.531,-54.6686,0.9998
2145.996,-54.6714,0.9998
2147.461,-54.6700,0.9998
2148.926,-54.6696,0.9998
2150.391,-54.6643,0.9998
2151.855,-54.6581,0.9998
2153.320,-54.6686,0.9998
2154.785,-54.6814,0.9998
2156.250,-54.6770,0.9998
2157.715,-54.6684,0.9998
2159.180,-54.6690,0.9998
2160.645,-54.6748,0.9998
2162.109,-54.6818,0.9999
2163.574,-54.6875,0.9999
2165.039,-54.6865,0.9999
2166.504,-54.6844,0.9999
2167.969,-54.6903,0.9998
2169.434,-54.6943,0.9999
2170.898,-54.6901,0.9999
2172.363,-54.6822,0.9998
2173.828,-54.6785,0.9998
2175.293,-54.6944,0.9998
2176.758,-54.7074,0.9998
2178.223,-54.7005,0.9998
2179.688,-54.6958,0.9998
2181.152,-54.6961,0.9998
2182.617,-54.6966,0.9998
2184.082,-54.6914,0.9998
2185.547,-54.6916,0.9998
2187.012,-54.6958,0.9998
2188.477,-54.6953,0.9998
2189.941,-54.6997,0.9998
2191.406,-54.7077,0.9998
2192.871,-54.7185,0.9998
2194.336,-54.7281,0.9998
2195.801,-54.7204,0.9998
2197.266,-54.7056,0.9998
2198.730,-54.7042,0.9998
2200.195,-54.7005,0.9998
2201.660,-54.6936,0.9998
2203.125,-54.7107,0.9998
2204.590,-54.7205,0.9998
2206.055,-54.7186,0.9998
2207.520,-54.7206,0.9998
2208.984,-54.7282,0.9997
2210.449,-54.7222,0.9998
2211.914,-54.7131,0.9998
2213.379,-54.7271,0.9998
2214.844,-54.7243,0.9998
2216.309,-54.7093,0.9997
2217.773,-54.7319,0.9997
2219.238,-54.7289,0.9997
2220.703,-54.7154,0.9997
2222.168,-54.7015,0.9997
2223.633,-54.6938,0.9997
2225.098,-54.7118,0.9996
2226.562,-54.7181,0.9996
2228.027,-54.7144,0.9997
2229.492,-54.7067,0.9997
2230.957,-54.6870,0.9997
2232.422,-54.6979,0.9996
2233.887,-54.7356,0.9997
2235.352,-54.7004,0.9997
2236.816,-54.6888,0.9996
2238.281,-54.7020,0.9996
2239.746,-54.6914,0.9996
2241.211,-54.6960,0.9995
2242.676,-54.6741,0.9996
2244.141,-54.7043,0.9996
2245.605,-54.6984,0.9996
2247.070,-54.6773,0.9996
2248.535,-54.6763,0.9995
2250.000,-54.6975,0.9995
2251.465,-54.6803,0.9996
2252.930,-54.6878,0.9996
2254.395,-54.6735,0.9995
2255.859,-54.6942,0.9996
2257.324,-54.6912,0.9996
2258.789,-54.6796,0.9996
2260.254,-54.6598,0.9996
2261.719,-54.6747,0.9996
2263.184,-54.6516,0.9995
2264.648,-54.6594,0.9997
2266.113,-54.6694,0.9995
2267.578,-54.6568,0.9995
2269.043,-54.6431,0.9996
2270.508,-54.6575,0.9996
2271.973,-54.6482,0.9996
2273.438,-54.6476,0.9996
2274.902,-54.6379,0.9997
2276.367,-54.6626,0.9991
2277.832,-54.6600,0.9982
2279.297,-54.6519,0.9992
2280.762,-54.6543,0.9995
2282.227,-54.6660,0.9997
2283.691,-54.6299,0.9996
2285.156,-54.6236,0.9996
2286.621,-54.6421,0.9997
2288.086,-54.6448,0.9997
2289.551,-54.6288,0.9997
2291.016,-54.6262,0.9997
2292.480,-54.6517,0.9996
2293.945,-54.6441,0.9997
2295.410,-54.6432,0.9997
2296.875,-54.6529,0.9997
2298.340,-54.6472,0.9997
2299.805,-54.6595,0.9997
2301.270,-54.6636,0.9997
2302.734,-54.6538,0.9998
2304.199,-54.6421,0.9998
2305.664,-54.6264,0.9998
2307.129,-54.6267,0.9998
2308.594,-54.6373,0.9998
2310.059,-54.6427,0.9998
2311.523,-54.6453,0.9998
2312.988,-54.6476,0.9998
2314.453,-54.6543,0.9998
2315.918,-54.6621,0.9998
2317.383,-54.6721,0.9998
2318.848,-54.6667,0.9998
2320.312,-54.6499,0.9998
2321.777,-54.6521,0.9998
2323.242,-54.6505,0.9998
2324.707,-54.6554,0.9998
2326.172,-54.6572,0.9998
2327.637,-54.6635,0.9998
2329.102,-54.6674,0.9998
2330.566,-54.6610,0.9998
2332.031,-54.6679,0.9998
2333.496,-54.6748,0.9998
2334.961,-54.6776,0.9998
2336.426,-54.6794,0.9998
2337.891,-54.6738,0.9998
2339.355,-54.6692,0.9998
2340.820,-54.6630,0.9998
2342.285,-54.6654,0.9998
2343.750,-54.6828,0.9999
2345.215,-54.6919,0.9999
2346.680,-54.6791,0.9998
2348.145,-54.6666,0.9998
2349.609,-54.6753,0.9998
2351.074,-54.6869,0.9998
2352.539,-54.6866,0.9999
2354.004,-54.6824,0.9998
2355.469,-54.6889,0.9998
2356.934,-54.6983,0.9998
2358.398,-54.6986,0.9998
2359.863,-54.6980,0.9998
2361.328,-54.6944,0.9998
2362.793,-54.6978,0.9998
2364.258,-54.7052,0.9999
2365.723,-54.6993,0.9999
2367.188,-54.6953,0.9998
2368.652,-54.7004,0.9998
2370.117,-54.7050,0.9998
2371.582,-54.7005,0.9998
2373.047,-54.6990,0.9999
2374.512,-54.7042,0.9998
2375.977,-54.7121,0.9998
2377.441,-54.7139,0.9998
2378.906,-54.7019,0.9998
2380.371,-54.6990,0.9998
2381.836,-54.6922,0.9998
2383.301,-54.6806,0.9998
2384.766,-54.6995,0.9998
2386.230,-54.7218,0.9998
2387.695,-54.7140,0.9998
2389.160,-54.6929,0.9998
2390.625,-54.6883,0.9998
2392.090,-54.6988,0.9998
2393.555,-54.6992,0.9998
2395.020,-54.7059,0.9998
2396.484,-54.7038,0.9993
2397.949,-54.7184,0.9985
2399.414,-54.7046,0.9994
2400.879,-54.7029,0.9996
2402.344,-54.7142,0.9997
2403.809,-54.6949,0.9996
2405.273,-54.6984,0.9997
2406.738,-54.7016,0.9997
2408.203,-54.7239,0.9997
2409.668,-54.7263,0.9997
2411.133,-54.7129,0.9997
2412.598,-54.7014,0.9997
2414.062,-54.6978,0.9996
2415.527,-54.7215,0.9996
2416.992,-54.7039,0.9996
2418.457,-54.7087,0.9997
2419.922,-54.7174,0.9997
2421.387,-54.7266,0.9996
2422.852,-54.7111,0.9997
2424.316,-54.7067,0.9996
2425.781,-54.7057,0.9996
2427.246,-54.6903,0.9996
2428.711,-54.6913,0.9996
2430.176,-54.7060,0.9997
2431.641,-54.6833,0.9996
2433.105,-54.7030,0.9996
2434.570,-54.6822,0.9995
2436.035,-54.6914,0.9996
2437.500,-54.6944,0.9996
2438.965,-54.7036,0.9996
2440.430,-54.6694,0.9996
2441.895,-54.6589,0.9996
2443.359,-54.6738,0.9996
2444.824,-54.6822,0.9996
2446.289,-54.6896,0.9996
2447.754,-54.6684,0.9995
2449.219,-54.6821,0.9995
2450.684,-54.6785,0.9995
2452.148,-54.6690,0.9995
2453.613,-54.6626,0.9996
2455.078,-54.6597,0.9996
2456.543,-54.6851,0.9996
2458.008,-54.6369,0.9996
2459.473,-54.6823,0.9994
2460.938,-54.6693,0.9995
2462.402,-54.6546,0.9995
2463.867,-54.6497,0.9995
2465.332,-54.6281,0.9996
2466.797,-54.6435,0.9997
2468.262,-54.6374,0.9996
2469.727,-54.6429,0.9996
2471.191,-54.6562,0.9996
2472.656,-54.6501,0.9997
2474.121,-54.6489,0.9996
2475.586,-54.6509,0.9996
2477.051,-54.6330,0.9997
2478.516,-54.6398,0.9997
2479.980,-54.6425,0.9997
2481.445,-54.6457,0.9997
2482.910,-54.6419,0.9997
2484.375,-54.6261,0.9996
2485.840,-54.6427,0.9996
2487.305,-54.6501,0.9997
2488.770,-54.6405,0.9998
2490.234,-54.6440,0.9997
2491.699,-54.6596,0.9997
2493.164,-54.6470,0.9997
2494.629,-54.6273,0.9997
2496.094,-54.6406,0.9997
2497.559,-54.6539,0.9997
2499.023,-54.6518,0.9998
2500.488,-54.6665,0.9997
2501.953,-54.6628,0.9998
2503.418,-54.6458,0.9998
2504.883,-54.6346,0.9998
2506.348,-54.6414,0.9997
2507.812,-54.6488,0.9998
2509.277,-54.6547,0.9997
2510.742,-54.6524,0.9998
2512.207,-54.6499,0.9998
2513.672,-54.6600,0.9997
2515.137,-54.6497,0.9998
2516.602,-54.6475,0.9994
2518.066,-54.6731,0.9992
2519.531,-54.6642,0.9997
2520.996,-54.6653,0.9998
2522.461,-54.6695,0.9998
2523.926,-54.6737,0.9998
2525.391,-54.6797,0.9998
2526.855,-54.6779,0.9998
2528.320,-54.6667,0.9998
2529.785,-54.6692,0.9998
2531.250,-54.6651,0.9999
2532.715,-54.6552,0.9998
2534.180,-54.6810,0.9998
2535.645,-54.7017,0.9998
2537.109,-54.6901,0.9998
2538.574,-54.6797,0.9998
2540.039,-54.6748,0.9998
2541.504,-54.6758,0.9998
2542.969,-54.6798,0.9998
2544.434,-54.6850,0.9998
2545.898,-54.6827,0.9998
2547.363,-54.6779,0.9998
2548.828,-54.6808,0.9998
2550.293,-54.6907,0.9998
2551.758,-54.6900,0.9998
2553.223,-54.6760,0.9998
2554.688,-54.6704,0.9998
2556.152,-54.6808,0.9998
2557.617,-54.6916,0.9998
2559.082,-54.6896,0.9998
2560.547,-54.6912,0.9998
2562.012,-54.6963,0.9998
2563.477,-54.6890,0.9998
2564.941,-54.6787,0.9998
2566.406,-54.6803,0.9998
2567.871,-54.6924,0.9998
2569.336,-54.7047,0.9998
2570.801,-54.6948,0.9998
2572.266,-54.6828,0.9998
2573.730,-54.6873,0.9998
2575.195,-54.6862,0.9998
2576.660,-54.6784,0.9998
2578.125,-54.6789,0.9997
2579.590,-54.6972,0.9997
2581.055,-54.6999,0.9997
2582.520,-54.6980,0.9998
2583.984,-54.6915,0.9998
2585.449,-54.6965,0.9998
2586.914,-54.7029,0.9997
2588.379,-54.7080,0.9998
2589.844,-54.7049,0.9997
2591.309,-54.7046,0.9998
2592.773,-54.6878,0.9998
2594.238,-54.6989,0.9997
2595.703,-54.6944,0.9997
2597.168,-54.6819,0.9998
2598.633,-54.6902,0.9997
2600.098,-54.7124,0.9997
2601.562,-54.7154,0.9997
2603.027,-54.6967,0.9998
2604.492,-54.6966,0.9997
2605.957,-54.7083,0.9997
2607.422,-54.7259,0.9997
2608.887,-54.7089,0.9996
2610.352,-54.7099,0.9997
2611.816,-54.7008,0.9997
2613.281,-54.7039,0.9997
2614.746,-54.7208,0.9997
2616.211,-54.7124,0.9997
2617.676,-54.7114,0.9996
2619.141,-54.7071,0.9996
2620.605,-54.7117,0.9997
2622.070,-54.6803,0.9996
2623.535,-54.6971,0.9997
2625.000,-54.7071,0.9997
2626.465,-54.7270,0.9996
2627.930,-54.6904,0.9996
2629.395,-54.6695,0.9996
2630.859,-54.6978,0.9996
2632.324,-54.6836,0.9996
2633.789,-54.6821,0.9996
2635.254,-54.7018,0.9996
2636.719,-54.7150,0.9995
2638.184,-54.7118,0.9995
2639.648,-54.6933,0.9995
2641.113,-54.6980,0.9995
2642.578,-54.6960,0.9995
2644.043,-54.6974,0.9995
2645.508,-54.6673,0.9996
2646.973,-54.6907,0.9996
2648.438,-54.7015,0.9996
2649.902,-54.6901,0.9995
2651.367,-54.6813,0.9995
2652.832,-54.6904,0.9996
2654.297,-54.6792,0.9995
2655.762,-54.6709,0.9996
2657.227,-54.6764,0.9996
2658.691,-54.6655,0.9995
2660.156,-54.6539,0.9996
2661.621,-54.6534,0.9996
2663.086,-54.6646,0.9995
2664.551,-54.6598,0.9995
2666.016,-54.6566,0.9995
2667.480,-54.6711,0.9996
2668.945,-54.6960,0.9995
2670.410,-54.6710,0.9995
2671.875,-54.6262,0.9996
2673.340,-54.6491,0.9995
2674.805,-54.6523,0.9995
2676.270,-54.6788,0.9995
2677.734,-54.6729,0.9996
2679.199,-54.6551,0.9995
2680.664,-54.6378,0.9996
2682.129,-54.6642,0.9996
2683.594,-54.6534,0.9996
2685.059,-54.6400,0.9996
2686.523,-54.6544,0.9996
2687.988,-54.6504,0.9997
2689.453,-54.6606,0.9996
2690.918,-54.6422,0.9996
2692.383,-54.6583,0.9996
2693.848,-54.6643,0.9996
2695.312,-54.6385,0.9996
2696.777,-54.6393,0.9996
2698.242,-54.6333,0.9997
2699.707,-54.6243,0.9995
2701.172,-54.6417,0.9997
2702.637,-54.6379,0.9997
2704.102,-54.6466,0.9997
2705.566,-54.6622,0.9997
2707.031,-54.6670,0.9997
2708.496,-54.6379,0.9997
2709.961,-54.6357,0.9997
2711.426,-54.6528,0.9997
2712.891,-54.6495,0.9997
2714.355,-54.6463,0.9997
2715.820,-54.6549,0.9997
2717.285,-54.6614,0.9997
2718.750,-54.6775,0.9997
2720.215,-54.6585,0.9997
2721.680,-54.6496,0.9997
2723.145,-54.6428,0.9998
2724.609,-54.6537,0.9997
2726.074,-54.6721,0.9997
2727.539,-54.6668,0.9997
2729.004,-54.6484,0.9997
2730.469,-54.6543,0.9998
2731.934,-54.6597,0.9997
2733.398,-54.6571,0.9998
2734.863,-54.6693,0.9998
2736.328,-54.6632,0.9998
2737.793,-54.6623,0.9998
2739.258,-54.6510,0.9998
2740.723,-54.6500,0.9998
2742.188,-54.6631,0.9998
2743.652,-54.6683,0.9998
2745.117,-54.6581,0.9998
2746.582,-54.6558,0.9998
2748.047,-54.6698,0.9998
2749.512,-54.6681,0.9998
2750.977,-54.6624,0.9998
2752.441,-54.6791,0.9998
2753.906,-54.6949,0.9998
2755.371,-54.6941,0.9998
2756.836,-54.6839,0.9996
2758.301,-54.6697,0.9997
2759.766,-54.6723,0.9998
2761.230,-54.6802,0.9998
2762.695,-54.6696,0.9998
2764.160,-54.6557,0.9998
2765.625,-54.6499,0.9998
2767.090,-54.6496,0.9998
2768.555,-54.6565,0.9998
2770.020,-54.6673,0.9998
2771.484,-54.6735,0.9998
2772.949,-54.6743,0.9998
2774.414,-54.6748,0.9998
2775.879,-54.6801,0.9998
2777.344,-54.6921,0.9998
2778.809,-54.7078,0.9998
2780.273,-54.7104,0.9998
2781.738,-54.6945,0.9998
2783.203,-54.6919,0.9998
2784.668,-54.6898,0.9998
2786.133,-54.6878,0.9998
2787.598,-54.7082,0.9998
2789.062,-54.7107,0.9998
2790.527,-54.6954,0.9998
2791.992,-54.6964,0.9998
2793.457,-54.6846,0.9998
2794.922,-54.6872,0.9998
2796.387,-54.6842,0.9998
2797.852,-54.6855,0.9998
2799.316,-54.7034,0.9998
2800.781,-54.6994,0.9997
2802.246,-54.6862,0.9997
2803.711,-54.6977,0.9998
2805.176,-54.6974,0.9998
2806.641,-54.6911,0.9997
2808.105,-54.6904,0.9998
2809.570,-54.7052,0.9998
2811.035,-54.7141,0.9998
2812.500,-54.7055,0.9997
2813.965,-54.7119,0.9997
2815.430,-54.7133,0.9997
2816.895,-54.7043,0.9997
2818.359,-54.7215,0.9998
2819.824,-54.7121,0.9997
2821.289,-54.7151,0.9997
2822.754,-54.7277,0.9997
2824.219,-54.7149,0.9997
2825.684,-54.7023,0.9997
2827.148,-54.7008,0.9997
2828.613,-54.7088,0.9997
2830.078,-54.7181,0.9997
2831.543,-54.7149,0.9997
2833.008,-54.7177,0.9997
2834.473,-54.7013,0.9996
2835.938,-54.7190,0.9997
2837.402,-54.7313,0.9997
2838.867,-54.7143,0.9997
2840.332,-54.7121,0.9997
2841.797,-54.7043,0.9996
2843.262,-54.7067,0.9997
2844.727,-54.6980,0.9997
2846.191,-54.7089,0.9996
2847.656,-54.7177,0.9996
2849.121,-54.7146,0.9996
2850.586,-54.7201,0.9997
2852.051,-54.7148,0.9996
2853.516,-54.7167,0.9996
2854.980,-54.7196,0.9996
2856.445,-54.6951,0.9995
2857.910,-54.6998,0.9996
2859.375,-54.6875,0.9996
2860.840,-54.7047,0.9995
2862.305,-54.7103,0.9996
2863.770,-54.6956,0.9995
2865.234,-54.6862,0.9995
2866.699,-54.6874,0.9995
2868.164,-54.6989,0.9996
2869.629,-54.6995,0.9994
2871.094,-54.6644,0.9995
2872.559,-54.6844,0.9995
2874.023,-54.7065,0.9995
2875.488,-54.6759,0.9996
2876.953,-54.6789,0.9994
2878.418,-54.6914,0.9994
2879.883,-54.6772,0.9995
2881.348,-54.6805,0.9995
2882.812,-54.6660,0.9995
2884.277,-54.6678,0.9995
2885.742,-54.6723,0.9995
2887.207,-54.6732,0.9995
2888.672,-54.6708,0.9995
2890.137,-54.6633,0.9994
2891.602,-54.6933,0.9995
2893.066,-54.6858,0.9996
2894.531,-54.6747,0.9995
2895.996,-54.6714,0.9994
2897.461,-54.6608,0.9995
2898.926,-54.6490,0.9996
2900.391,-54.6570,0.9995
2901.855,-54.6655,0.9995
2903.320,-54.6644,0.9995
2904.785,-54.6546,0.9995
2906.250,-54.6547,0.9996
2907.715,-54.6718,0.9996
2909.180,-54.6689,0.9996
2910.645,-54.6542,0.9995
2912.109,-54.6532,0.9996
2913.574,-54.6552,0.9996
2915.039,-54.6584,0.9995
2916.504,-54.6604,0.9996
2917.969,-54.6494,0.9995
2919.434,-54.6462,0.9995
2920.898,-54.6748,0.9996
2922.363,-54.6693,0.9996
2923.828,-54.6549,0.9996
2925.293,-54.6339,0.9997
2926.758,-54.6519,0.9996
2928.223,-54.6707,0.9996
2929.688,-54.6484,0.9996
2931.152,-54.6548,0.9996
2932.617,-54.6678,0.9997
2934.082,-54.6596,0.9997
2935.547,-54.6693,0.9997
2937.012,-54.6504,0.9997
2938.477,-54.6375,0.9997
2939.941,-54.6364,0.9997
2941.406,-54.6536,0.9997
2942.871,-54.6473,0.9998
2944.336,-54.6465,0.9997
2945.801,-54.6569,0.9997
2947.266,-54.6518,0.9997
2948.730,-54.6382,0.9997
2950.195,-54.6425,0.9998
2951.660,-54.6463,0.9997
2953.125,-54.6538,0.9997
2954.590,-54.6593,0.9998
2956.055,-54.6590,0.9997
2957.520,-54.6561,0.9997
2958.984,-54.6595,0.9998
2960.449,-54.6565,0.9998
2961.914,-54.6553,0.9997
2963.379,-54.6659,0.9997
2964.844,-54.6520,0.9998
2966.309,-54.6476,0.9998
2967.773,-54.6582,0.9997
2969.238,-54.6526,0.9997
2970.703,-54.6465,0.9997
2972.168,-54.6519,0.9998
2973.633,-54.6668,0.9997
2975.098,-54.6690,0.9998
2976.562,-54.6652,0.9998
2978.027,-54.6708,0.9998
2979.492,-54.6751,0.9998
2980.957,-54.6671,0.9998
2982.422,-54.6567,0.9997
2983.887,-54.6475,0.9997
2985.352,-54.6530,0.9998
2986.816,-54.6573,0.9998
2988.281,-54.6631,0.9998
2989.746,-54.6731,0.9998
2991.211,-54.6784,0.9998
2992.676,-54.6731,0.9998
2994.141,-54.6676,0.9998
2995.605,-54.6744,0.9998
2997.070,-54.6783,0.9998
2998.535,-54.6717,0.9998
3000.000,-54.6728,0.9998
3001.465,-54.6806,0.9998
3002.930,-54.6837,0.9998
3004.395,-54.6869,0.9998
3005.859,-54.6869,0.9998
3007.324,-54.6883,0.9998
3008.789,-54.6919,0.9998
3010.254,-54.6862,0.9998
3011.719,-54.6818,0.9998
3013.184,-54.6784,0.9998
3014.648,-54.6849,0.9998
3016.113,-54.6990,0.9998
3017.578,-54.6950,0.9998
3019.043,-54.6910,0.9998
3020.508,-54.6894,0.9998
3021.973,-54.6958,0.9998
3023.438,-54.7082,0.9997
3024.902,-54.7007,0.9997
3026.367,-54.6874,0.9997
3027.832,-54.6757,0.9998
3029.297,-54.6793,0.9998
3030.762,-54.6880,0.9998
3032.227,-54.6842,0.9997
3033.691,-54.6788,0.9997
3035.156,-54.6798,0.9998
3036.621,-54.6922,0.9998
3038.086,-54.7087,0.9998
3039.551,-54.7118,0.9998
3041.016,-54.7017,0.9998
3042.480,-54.6921,0.9998
3043.945,-54.6754,0.9997
3045.410,-54.6774,0.9998
3046.875,-54.6862,0.9998
3048.340,-54.7019,0.9997
3049.805,-54.7068,0.9997
3051.270,-54.7150,0.9997
3052.734,-54.7156,0.9998
3054.199,-54.6941,0.9997
3055.664,-54.7014,0.9997
3057.129,-54.7292,0.9997
3058.594,-54.7139,0.9997
3060.059,-54.7028,0.9997
3061.523,-54.6903,0.9997
3062.988,-54.6864,0.9997
3064.453,-54.7244,0.9997
3065.918,-54.7030,0.9997
3067.383,-54.7054,0.9996
3068.848,-54.7207,0.9996
3070.312,-54.7068,0.9997
3071.777,-54.6938,0.9997
3073.242,-54.7060,0.9997
3074.707,-54.6895,0.9996
3076.172,-54.7073,0.9996
3077.637,-54.7162,0.9996
3079.102,-54.7038,0.9996
3080.566,-54.7312,0.9997
3082.031,-54.7049,0.9996
3083.496,-54.6876,0.9996
3084.961,-54.6850,0.9996
3086.426,-54.7112,0.9997
3087.891,-54.7100,0.9996
3089.355,-54.7077,0.9996
3090.820,-54.6980,0.9995
3092.285,-54.7222,0.9996
3093.750,-54.7251,0.9996
3095.215,-54.7211,0.9996
3096.680,-54.7232,0.9996
3098.145,-54.7164,0.9996
3099.609,-54.7016,0.9996
3101.074,-54.7134,0.9995
3102.539,-54.7163,0.9995
3104.004,-54.6920,0.9995
3105.469,-54.7054,0.9995
3106.934,-54.7176,0.9994
3108.398,-54.7156,0.9994
3109.863,-54.6891,0.9996
3111.328,-54.7026,0.9996
3112.793,-54.6931,0.9995
3114.258,-54.7137,0.9995
3115.723,-54.7281,0.9992
3117.188,-54.7074,0.9987
3118.652,-54.6829,0.9993
3120.117,-54.6854,0.9995
3121.582,-54.6694,0.9995
3123.047,-54.6884,0.9995
3124.512,-54.6873,0.9995
3125.977,-54.6738,0.9995
3127.441,-54.6781,0.9996
3128.906,-54.6657,0.9995
3130.371,-54.6629,0.9995
3131.836,-54.6803,0.9995
3133.301,-54.6732,0.9994
3134.766,-54.6775,0.9994
3136.230,-54.6575,0.9994
3137.695,-54.6327,0.9995
3139.160,-54.6597,0.9995
3140.625,-54.6615,0.9996
3142.090,-54.6602,0.9996
3143.555,-54.6635,0.9995
3145.020,-54.6790,0.9995
3146.484,-54.6785,0.9995
3147.949,-54.6475,0.9996
3149.414,-54.6606,0.9996
3150.879,-54.6458,0.9995
3152.344,-54.6434,0.9994
3153.809,-54.6628,0.9996
3155.273,-54.6519,0.9996
3156.738,-54.6974,0.9995
3158.203,-54.6731,0.9996
3159.668,-54.6667,0.9995
3161.133,-54.6545,0.9995
3162.598,-54.6495,0.9995
3164.062,-54.6618,0.9995
3165.527,-54.6417,0.9996
3166.992,-54.6541,0.9996
3168.457,-54.6533,0.9996
3169.922,-54.6447,0.9996
3171.387,-54.6509,0.9996
3172.852,-54.6459,0.9996
3174.316,-54.6444,0.9996
3175.781,-54.6204,0.9996
3177.246,-54.6130,0.9996
3178.711,-54.6316,0.9996
3180.176,-54.6422,0.9996
3181.641,-54.6612,0.9996
3183.105,-54.6576,0.9996
3184.570,-54.6584,0.9997
3186.035,-54.6489,0.9996
3187.500,-54.6313,0.9997
3188.965,-54.6372,0.9996
3190.430,-54.6536,0.9997
3191.895,-54.6558,0.9998
3193.359,-54.6610,0.9997
3194.824,-54.6499,0.9997
3196.289,-54.6567,0.9997
3197.754,-54.6403,0.9997
3199.219,-54.6479,0.9997
3200.684,-54.6646,0.9998
3202.148,-54.6604,0.9998
3203.613,-54.6610,0.9997
3205.078,-54.6551,0.9997
3206.543,-54.6460,0.9998
3208.008,-54.6412,0.9997
3209.473,-54.6483,0.9997
3210.938,-54.6442,0.9998
3212.402,-54.6413,0.9997
3213.867,-54.6520,0.9997
3215.332,-54.6442,0.9998
3216.797,-54.6428,0.9998
3218.262,-54.6622,0.9998
3219.727,-54.6736,0.9998
3221.191,-54.6601,0.9998
3222.656,-54.6408,0.9998
3224.121,-54.6516,0.9998
3225.586,-54.6672,0.9997
3227.051,-54.6740,0.9997
3228.516,-54.6793,0.9997
3229.980,-54.6703,0.9998
3231.445,-54.6617,0.9998
3232.910,-54.6658,0.9997
3234.375,-54.6735,0.9998
3235.840,-54.6531,0.9993
3237.305,-54.6371,0.9991
3238.770,-54.6541,0.9998
3240.234,-54.6600,0.9998
3241.699,-54.6606,0.9998
3243.164,-54.6711,0.9998
3244.629,-54.6682,0.9998
3246.094,-54.6613,0.9998
3247.559,-54.6565,0.9998
3249.023,-54.6646,0.9998
3250.488,-54.6808,0.9998
3251.953,-54.6869,0.9998
3253.418,-54.6789,0.9998
3254.883,-54.6744,0.9998
3256.348,-54.6846,0.9998
3257.812,-54.6884,0.9998
3259.277,-54.6814,0.9997
3260.742,-54.6750,0.9998
3262.207,-54.6755,0.9998
3263.672,-54.6771,0.9998
3265.137,-54.6810,0.9998
3266.602,-54.6937,0.9998
3268.066,-54.7042,0.9998
3269.531,-54.7068,0.9998
3270.996,-54.7031,0.9998
3272.461,-54.6941,0.9997
3273.926,-54.6855,0.9998
3275.391,-54.6904,0.9998
3276.855,-54.6936,0.9998
3278.320,-54.6900,0.9998
3279.785,-54.6906,0.9998
3281.250,-54.6874,0.9997
3282.715,-54.6816,0.9998
3284.180,-54.6850,0.9998
3285.645,-54.6970,0.9998
3287.109,-54.6997,0.9998
3288.574,-54.6886,0.9998
3290.039,-54.6885,0.9998
3291.504,-54.6971,0.9998
3292.969,-54.6987,0.9998
3294.434,-54.6962,0.9997
3295.898,-54.7059,0.9997
3297.363,-54.7081,0.9997
3298.828,-54.7138,0.9997
3300.293,-54.7167,0.9997
3301.758,-54.7055,0.9998
3303.223,-54.7133,0.9997
3304.688,-54.7149,0.9997
3306.152,-54.7185,0.9998
3307.617,-54.7145,0.9998
3309.082,-54.7127,0.9997
3310.547,-54.7179,0.9997
3312.012,-54.7131,0.9998
3313.477,-54.7063,0.9997
3314.941,-54.6844,0.9997
3316.406,-54.7018,0.9998
3317.871,-54.7081,0.9998
3319.336,-54.7054,0.9997
3320.801,-54.7105,0.9997
3322.266,-54.7112,0.9997
3323.730,-54.7058,0.9996
3325.195,-54.7123,0.9997
3326.660,-54.7154,0.9996
3328.125,-54.7151,0.9996
3329.590,-54.7145,0.9997
3331.055,-54.7146,0.9997
3332.520,-54.7319,0.9997
3333.984,-54.7395,0.9997
3335.449,-54.7221,0.9997
3336.914,-54.7182,0.9997
3338.379,-54.7128,0.9996
3339.844,-54.7147,0.9997
3341.309,-54.7068,0.9996
3342.773,-54.7038,0.9996
3344.238,-54.7110,0.9996
3345.703,-54.7221,0.9996
3347.168,-54.7162,0.9997
3348.633,-54.7302,0.9996
3350.098,-54.7283,0.9995
3351.562,-54.7185,0.9997
3353.027,-54.7166,0.9996
3354.492,-54.7036,0.9996
3355.957,-54.7305,0.9986
3357.422,-54.7375,0.9985
3358.887,-54.7135,0.9995
3360.352,-54.7140,0.9996
3361.816,-54.7262,0.9995
3363.281,-54.6918,0.9995
3364.746,-54.6907,0.9995
3366.211,-54.6938,0.9995
3367.676,-54.6950,0.9995
3369.141,-54.7063,0.9996
3370.605,-54.6926,0.9996
3372.070,-54.7106,0.9995
3373.535,-54.7047,0.9995
3375.000,-54.7100,0.9996
3376.465,-54.7047,0.9996
3377.930,-54.7218,0.9995
3379.395,-54.6954,0.9995
3380.859,-54.6803,0.9995
3382.324,-54.7094,0.9995
3383.789,-54.6967,0.9994
3385.254,-54.7190,0.9994
3386.719,-54.6948,0.9993
3388.184,-54.7145,0.9994
3389.648,-54.6975,0.9995
3391.113,-54.6754,0.9994
3392.578,-54.6633,0.9994
3394.043,-54.7076,0.9993
3395.508,-54.6823,0.9994
3396.973,-54.6602,0.9994
3398.438,-54.6900,0.9994
3399.902,-54.6988,0.9993
3401.367,-54.7003,0.9994
3402.832,-54.6843,0.9995
3404.297,-54.7004,0.9995
3405.762,-54.7135,0.9995
3407.227,-54.6716,0.9994
3408.691,-54.6706,0.9993
3410.156,-54.6604,0.9994
3411.621,-54.6683,0.9995
3413.086,-54.6624,0.9995
3414.551,-54.6499,0.9995
3416.016,-54.6416,0.9995
3417.480,-54.6634,0.9995
3418.945,-54.6697,0.9995
3420.410,-54.6701,0.9995
3421.875,-54.6665,0.9995
3423.340,-54.6646,0.9995
3424.805,-54.6469,0.9995
3426.270,-54.6499,0.9994
3427.734,-54.6721,0.9995
3429.199,-54.6721,0.9996
3430.664,-54.6424,0.9995
3432.129,-54.6495,0.9995
3433.594,-54.6321,0.9996
3435.059,-54.6446,0.9996
3436.523,-54.6584,0.9996
3437.988,-54.6539,0.9995
3439.453,-54.6563,0.9995
3440.918,-54.6319,0.9996
3442.383,-54.6443,0.9995
3443.848,-54.6610,0.9996
3445.312,-54.6625,0.9996
3446.777,-54.6624,0.9996
3448.242,-54.6600,0.9996
3449.707,-54.6399,0.9997
3451.172,-54.6301,0.9997
3452.637,-54.6370,0.9997
3454.102,-54.6568,0.9996
3455.566,-54.6453,0.9996
3457.031,-54.6515,0.9996
3458.496,-54.6634,0.9996
3459.961,-54.6630,0.9996
3461.426,-54.6701,0.9997
3462.891,-54.6722,0.9997
3464.355,-54.6565,0.9996
3465.820,-54.6690,0.9996
3467.285,-54.6576,0.9996
3468.750,-54.6439,0.9997
3470.215,-54.6540,0.9996
3471.680,-54.6596,0.9997
3473.145,-54.6537,0.9997
3474.609,-54.6507,0.9997
3476.074,-54.6614,0.9990
3477.539,-54.6607,0.9993
3479.004,-54.6624,0.9997
3480.469,-54.6775,0.9997
3481.934,-54.6728,0.9997
3483.398,-54.6677,0.9997
3484.863,-54.6586,0.9997
3486.328,-54.6577,0.9997
3487.793,-54.6686,0.9997
3489.258,-54.6706,0.9997
3490.723,-54.6685,0.9997
3492.188,-54.6651,0.9997
3493.652,-54.6625,0.9998
3495.117,-54.6616,0.9998
3496.582,-54.6668,0.9997
3498.047,-54.6694,0.9997
3499.512,-54.6578,0.9997
3500.977,-54.6629,0.9997
3502.441,-54.6604,0.9997
3503.906,-54.6716,0.9997
3505.371,-54.6792,0.9998
3506.836,-54.6785,0.9998
3508.301,-54.6789,0.9998
3509.766,-54.6678,0.9998
3511.230,-54.6691,0.9998
3512.695,-54.6748,0.9998
3514.160,-54.6863,0.9998
3515.625,-54.6886,0.9998
3517.090,-54.6704,0.9998
3518.555,-54.6667,0.9998
3520.020,-54.6728,0.9997
3521.484,-54.6767,0.9998
3522.949,-54.6725,0.9998
3524.414,-54.6676,0.9998
3525.879,-54.6788,0.9998
3527.344,-54.6818,0.9998
3528.809,-54.6732,0.9997
3530.273,-54.6778,0.9998
3531.738,-54.6855,0.9998
3533.203,-54.6830,0.9998
3534.668,-54.6823,0.9997
3536.133,-54.6753,0.9998
3537.598,-54.6671,0.9998
3539.062,-54.6718,0.9997
3540.527,-54.6796,0.9997
3541.992,-54.6957,0.9997
3543.457,-54.7097,0.9998
3544.922,-54.7000,0.9998
3546.387,-54.6931,0.9998
3547.852,-54.6957,0.9998
3549.316,-54.6897,0.9998
3550.781,-54.6889,0.9997
3552.246,-54.6958,0.9997
3553.711,-54.6932,0.9997
3555.176,-54.6870,0.9998
3556.641,-54.6886,0.9997
3558.105,-54.6985,0.9997
3559.570,-54.7068,0.9997
3561.035,-54.7003,0.9998
3562.500,-54.6973,0.9997
3563.965,-54.7042,0.9998
3565.430,-54.7031,0.9998
3566.895,-54.6924,0.9998
3568.359,-54.6795,0.9998
3569.824,-54.6828,0.9998
3571.289,-54.6886,0.9997
3572.754,-54.6845,0.9997
3574.219,-54.6842,0.9997
3575.684,-54.6874,0.9997
3577.148,-54.6947,0.9998
3578.613,-54.7062,0.9997
3580.078,-54.7046,0.9997
3581.543,-54.7018,0.9997
3583.008,-54.7116,0.9997
3584.473,-54.7090,0.9997
3585.938,-54.7119,0.9997
3587.402,-54.7093,0.9997
3588.867,-54.7105,0.9997
3590.332,-54.7190,0.9997
3591.797,-54.7023,0.9997
3593.262,-54.7042,0.9997
3594.727,-54.7148,0.9997
3596.191,-54.7149,0.9995
3597.656,-54.7116,0.9996
3599.121,-54.7109,0.9997
3600.586,-54.7069,0.9996
3602.051,-54.7081,0.9996
3603.516,-54.7036,0.9996
3604.980,-54.7037,0.9996
3606.445,-54.7059,0.9996
3607.910,-54.7196,0.9996
3609.375,-54.7077,0.9996
3610.840,-54.7060,0.9996
3612.305,-54.7145,0.9996
3613.770,-54.7259,0.9996
3615.234,-54.7265,0.9996
3616.699,-54.7186,0.9996
3618.164,-54.7271,0.9996
3619.629,-54.7164,0.9996
3621.094,-54.7147,0.9996
3622.559,-54.7066,0.9996
3624.023,-54.7029,0.9996
3625.488,-54.6934,0.9996
3626.953,-54.6764,0.9996
3628.418,-54.6923,0.9995
3629.883,-54.7029,0.9996
3631.348,-54.7274,0.9996
3632.812,-54.7129,0.9995
3634.277,-54.6990,0.9995
3635.742,-54.6945,0.9996
3637.207,-54.7082,0.9996
3638.672,-54.6997,0.9996
3640.137,-54.7052,0.9995
3641.602,-54.7190,0.9995
3643.066,-54.7120,0.9995
3644.531,-54.7058,0.9995
3645.996,-54.7103,0.9995
3647.461,-54.7355,0.9996
3648.926,-54.7070,0.9995
3650.391,-54.7085,0.9995
3651.855,-54.7005,0.9994
3653.320,-54.7140,0.9995
3654.785,-54.6991,0.9995
3656.250,-54.6942,0.9995
3657.715,-54.7236,0.9995
3659.180,-54.7148,0.9993
3660.645,-54.7125,0.9994
3662.109,-54.6999,0.9994
3663.574,-54.6936,0.9994
3665.039,-54.7056,0.9994
3666.504,-54.7202,0.9995
3667.969,-54.7183,0.9995
3669.434,-54.6971,0.9994
3670.898,-54.7109,0.9995
3672.363,-54.7286,0.9995
3673.828,-54.7164,0.9995
3675.293,-54.6911,0.9995
3676.758,-54.6847,0.9994
3678.223,-54.6892,0.9994
3679.688,-54.6955,0.9993
3681.152,-54.6876,0.9994
3682.617,-54.7062,0.9995
3684.082,-54.6802,0.9995
3685.547,-54.6691,0.9994
3687.012,-54.7192,0.9994
3688.477,-54.6766,0.9994
3689.941,-54.6553,0.9993
3691.406,-54.7184,0.9993
3692.871,-54.6969,0.9995
3694.336,-54.6749,0.9995
3695.801,-54.6591,0.9994
3697.266,-54.6650,0.9993
3698.730,-54.6573,0.9994
3700.195,-54.6808,0.9995
3701.660,-54.6612,0.9994
3703.125,-54.6578,0.9994
3704.590,-54.6655,0.9995
3706.055,-54.6533,0.9995
3707.520,-54.6604,0.9995
3708.984,-54.6774,0.9994
3710.449,-54.6699,0.9994
3711.914,-54.6540,0.9995
3713.379,-54.6523,0.9994
3714.844,-54.6476,0.9994
3716.309,-54.6403,0.9994
3717.773,-54.6366,0.9995
3719.238,-54.6637,0.9995
3720.703,-54.6543,0.9995
3722.168,-54.6573,0.9996
3723.633,-54.6629,0.9996
3725.098,-54.6477,0.9996
3726.562,-54.6558,0.9995
3728.027,-54.6561,0.9996
3729.492,-54.6774,0.9996
3730.957,-54.6593,0.9995
3732.422,-54.6488,0.9996
3733.887,-54.6519,0.9995
3735.352,-54.6628,0.9995
3736.816,-54.6514,0.9995
3738.281,-54.6469,0.9996
3739.746,-54.6459,0.9996
3741.211,-54.6622,0.9996
3742.676,-54.6463,0.9996
3744.141,-54.6255,0.9996
3745.605,-54.6262,0.9996
3747.070,-54.6264,0.9996
3748.535,-54.6420,0.9996
3750.000,-54.6476,0.9996
3751.465,-54.6637,0.9996
3752.930,-54.6545,0.9995
3754.395,-54.6649,0.9996
3755.859,-54.6686,0.9996
3757.324,-54.6297,0.9996
3758.789,-54.6540,0.9996
3760.254,-54.6781,0.9997
3761.719,-54.6709,0.9996
3763.184,-54.6377,0.9997
3764.648,-54.6520,0.9997
3766.113,-54.6532,0.9996
3767.578,-54.6519,0.9996
3769.043,-54.6367,0.9997
3770.508,-54.6546,0.9997
3771.973,-54.6675,0.9997
3773.438,-54.6515,0.9997
3774.902,-54.6543,0.9997
3776.367,-54.6435,0.9997
3777.832,-54.6503,0.9998
3779.297,-54.6572,0.9997
3780.762,-54.6518,0.9997
3782.227,-54.6551,0.9997
3783.691,-54.6739,0.9998
3785.156,-54.6899,0.9996
3786.621,-54.6787,0.9997
3788.086,-54.6632,0.9997
3789.551,-54.6493,0.9997
3791.016,-54.6531,0.9997
3792.480,-54.6677,0.9998
3793.945,-54.6824,0.9998
3795.410,-54.6764,0.9998
3796.875,-54.6643,0.9998
3798.340,-54.6715,0.9998
3799.805,-54.6648,0.9997
3801.270,-54.6544,0.9997
3802.734,-54.6638,0.9997
3804.199,-54.6726,0.9998
3805.664,-54.6843,0.9997
3807.129,-54.6831,0.9997
3808.594,-54.6708,0.9997
3810.059,-54.6669,0.9997
3811.523,-54.6765,0.9998
3812.988,-54.6873,0.9998
3814.453,-54.6895,0.9998
3815.918,-54.6887,0.9997
3817.383,-54.6827,0.9997
3818.848,-54.6758,0.9998
3820.312,-54.6769,0.9998
3821.777,-54.6834,0.9998
3823.242,-54.6799,0.9997
3824.707,-54.6772,0.9998
3826.172,-54.6862,0.9997
3827.637,-54.6908,0.9997
3829.102,-54.6918,0.9997
3830.566,-54.6949,0.9998
3832.031,-54.6904,0.9998
3833.496,-54.6749,0.9998
3834.961,-54.6762,0.9996
3836.426,-54.6927,0.9993
3837.891,-54.6835,0.9997
3839.355,-54.6747,0.9997
3840.820,-54.6943,0.9997
3842.285,-54.7023,0.9998
3843.750,-54.6938,0.9998
3845.215,-54.6955,0.9998
3846.680,-54.7030,0.9998
3848.145,-54.6964,0.9997
3849.609,-54.6832,0.9997
3851.074,-54.6813,0.9997
3852.539,-54.6826,0.9997
3854.004,-54.6841,0.9997
3855.469,-54.6812,0.9998
3856.934,-54.6745,0.9998
3858.398,-54.6740,0.9998
3859.863,-54.6874,0.9997
3861.328,-54.7103,0.9997
3862.793,-54.7092,0.9998
3864.258,-54.6869,0.9998
3865.723,-54.6763,0.9997
3867.188,-54.6861,0.9997
3868.652,-54.6934,0.9997
3870.117,-54.6991,0.9996
3871.582,-54.7098,0.9997
3873.047,-54.7095,0.9997
3874.512,-54.7070,0.9997
3875.977,-54.7080,0.9997
3877.441,-54.7211,0.9997
3878.906,-54.7148,0.9997
3880.371,-54.7119,0.9997
3881.836,-54.7218,0.9998
3883.301,-54.7287,0.9997
3884.766,-54.7172,0.9997
3886.230,-54.7068,0.9997
3887.695,-54.7137,0.9997
3889.160,-54.7143,0.9997
3890.625,-54.7339,0.9997
3892.090,-54.7355,0.9997
3893.555,-54.7084,0.9998
3895.020,-54.7092,0.9997
3896.484,-54.7274,0.9997
3897.949,-54.7097,0.9997
3899.414,-54.6724,0.9997
3900.879,-54.6802,0.9997
3902.344,-54.7080,0.9997
3903.809,-54.7244,0.9997
3905.273,-54.7309,0.9997
3906.738,-54.7341,0.9997
3908.203,-54.7337,0.9997
3909.668,-54.7061,0.9997
3911.133,-54.7029,0.9996
3912.598,-54.7192,0.9996
3914.062,-54.7247,0.9996
3915.527,-54.7104,0.9997
3916.992,-54.7145,0.9996
3918.457,-54.7143,0.9996
3919.922,-54.7100,0.9996
3921.387,-54.7241,0.9997
3922.852,-54.7232,0.9996
3924.316,-54.7084,0.9996
3925.781,-54.6972,0.9996
3927.246,-54.7196,0.9997
3928.711,-54.7205,0.9997
3930.176,-54.7137,0.9997
3931.641,-54.7199,0.9996
3933.105,-54.7167,0.9996
3934.570,-54.7296,0.9996
3936.035,-54.7331,0.9996
3937.500,-54.7135,0.9995
3938.965,-54.7088,0.9995
3940.430,-54.7104,0.9995
3941.895,-54.7325,0.9997
3943.359,-54.7095,0.9997
3944.824,-54.7138,0.9996
3946.289,-54.7313,0.9996
3947.754,-54.7153,0.9995
3949.219,-54.7269,0.9995
3950.684,-54.7018,0.9995
3952.148,-54.7127,0.9994
3953.613,-54.7234,0.9994
3955.078,-54.7094,0.9988
3956.543,-54.6913,0.9982
3958.008,-54.7215,0.9993
3959.473,-54.7172,0.9994
3960.938,-54.7082,0.9994
3962.402,-54.6868,0.9995
3963.867,-54.7100,0.9994
3965.332,-54.7056,0.9994
3966.797,-54.7020,0.9994
3968.262,-54.7052,0.9993
3969.727,-54.6969,0.9993
3971.191,-54.6883,0.9993
3972.656,-54.6917,0.9993
3974.121,-54.6937,0.9993
3975.586,-54.7267,0.9994
3977.051,-54.7151,0.9994
3978.516,-54.7004,0.9994
3979.980,-54.7076,0.9993
3981.445,-54.6920,0.9994
3982.910,-54.6984,0.9993
3984.375,-54.7105,0.9994
3985.840,-54.6962,0.9994
3987.305,-54.6811,0.9993
3988.770,-54.7231,0.9993
3990.234,-54.6975,0.9994
3991.699,-54.6973,0.9995
3993.164,-54.6984,0.9993
3994.629,-54.6638,0.9994
3996.094,-54.6876,0.9995
3997.559,-54.7024,0.9994
3999.023,-54.6838,0.9994
4000.488,-54.6681,0.9995
4001.953,-54.6828,0.9994
4003.418,-54.6786,0.9993
4004.883,-54.6901,0.9993
4006.348,-54.7085,0.9994
4007.812,-54.6698,0.9994
4009.277,-54.6495,0.9993
4010.742,-54.6611,0.9993
4012.207,-54.6821,0.9994
4013.672,-54.6411,0.9994
4015.137,-54.6917,0.9995
4016.602,-54.6770,0.9994
4018.066,-54.6684,0.9994
4019.531,-54.6539,0.9993
4020.996,-54.6704,0.9994
4022.461,-54.6746,0.9994
4023.926,-54.6907,0.9993
4025.391,-54.6634,0.9994
4026.855,-54.6417,0.9995
4028.320,-54.6818,0.9994
4029.785,-54.6644,0.9994
4031.250,-54.6718,0.9994
4032.715,-54.6645,0.9994
4034.180,-54.6717,0.9994
4035.645,-54.6854,0.9995
4037.109,-54.6708,0.9994
4038.574,-54.6661,0.9994
4040.039,-54.6725,0.9994
4041.504,-54.6343,0.9995
4042.969,-54.6560,0.9994
4044.434,-54.6533,0.9995
4045.898,-54.6416,0.9995
4047.363,-54.6470,0.9993
4048.828,-54.6512,0.9995
4050.293,-54.6548,0.9995
4051.758,-54.6374,0.9995
4053.223,-54.6362,0.9996
4054.688,-54.6731,0.9996
4056.152,-54.6629,0.9996
4057.617,-54.6558,0.9995
4059.082,-54.6568,0.9995
4060.547,-54.6504,0.9994
4062.012,-54.6411,0.9996
4063.477,-54.6515,0.9996
4064.941,-54.6675,0.9996
4066.406,-54.6821,0.9996
4067.871,-54.6681,0.9996
4069.336,-54.6362,0.9996
4070.801,-54.6241,0.9996
4072.266,-54.6512,0.9996
4073.730,-54.6573,0.9996
4075.195,-54.6659,0.9992
4076.660,-54.6328,0.9992
4078.125,-54.6341,0.9996
4079.590,-54.6432,0.9996
4081.055,-54.6215,0.9996
4082.520,-54.6311,0.9996
4083.984,-54.6530,0.9997
4085.449,-54.6542,0.9997
4086.914,-54.6638,0.9996
4088.379,-54.6548,0.9997
4089.844,-54.6591,0.9997
4091.309,-54.6544,0.9997
4092.773,-54.6640,0.9996
4094.238,-54.6513,0.9996
4095.703,-54.6472,0.9996
4097.168,-54.6524,0.9996
4098.633,-54.6606,0.9997
4100.098,-54.6572,0.9997
4101.562,-54.6605,0.9997
4103.027,-54.6665,0.9996
4104.492,-54.6572,0.9997
4105.957,-54.6675,0.9997
4107.422,-54.6732,0.9997
4108.887,-54.6805,0.9997
4110.352,-54.6773,0.9995
4111.816,-54.6706,0.9996
4113.281,-54.6646,0.9997
4114.746,-54.6707,0.9997
4116.211,-54.6747,0.9997
4117.676,-54.6519,0.9997
4119.141,-54.6449,0.9997
4120.605,-54.6641,0.9997
4122.070,-54.6744,0.9997
4123.535,-54.6727,0.9997
4125.000,-54.6596,0.9997
4126.465,-54.6651,0.9997
4127.930,-54.6697,0.9997
4129.395,-54.6628,0.9997
4130.859,-54.6649,0.9997
4132.324,-54.6785,0.9997
4133.789,-54.6883,0.9997
4135.254,-54.6821,0.9997
4136.719,-54.6784,0.9997
4138.184,-54.6791,0.9997
4139.648,-54.6833,0.9997
4141.113,-54.7032,0.9997
4142.578,-54.7096,0.9997
4144.043,-54.6798,0.9997
4145.508,-54.6599,0.9997
4146.973,-54.6800,0.9997
4148.438,-54.7025,0.9997
4149.902,-54.6960,0.9998
4151.367,-54.6883,0.9998
4152.832,-54.6870,0.9997
4154.297,-54.6833,0.9997
4155.762,-54.6798,0.9997
4157.227,-54.6672,0.9997
4158.691,-54.6701,0.9997
4160.156,-54.6945,0.9997
4161.621,-54.6992,0.9997
4163.086,-54.6875,0.9997
4164.551,-54.6830,0.9997
4166.016,-54.6875,0.9997
4167.480,-54.6928,0.9997
4168.945,-54.6907,0.9997
4170.410,-54.6854,0.9997
4171.875,-54.6841,0.9997
4173.340,-54.6828,0.9998
4174.805,-54.6826,0.9998
4176.270,-54.6931,0.9998
4177.734,-54.7085,0.9997
4179.199,-54.7032,0.9997
4180.664,-54.6800,0.9997
4182.129,-54.6889,0.9997
4183.594,-54.7086,0.9997
4185.059,-54.6928,0.9997
4186.523,-54.6782,0.9997
4187.988,-54.6837,0.9997
4189.453,-54.6860,0.9997
4190.918,-54.6938,0.9997
4192.383,-54.7064,0.9997
4193.848,-54.7032,0.9997
4195.312,-54.6975,0.9997
4196.777,-54.7027,0.9997
4198.242,-54.7097,0.9997
4199.707,-54.7082,0.9996
4201.172,-54.7140,0.9996
4202.637,-54.7294,0.9997
4204.102,-54.7231,0.9996
4205.566,-54.7199,0.9996
4207.031,-54.7202,0.9997
4208.496,-54.7156,0.9997
4209.961,-54.7132,0.9997
4211.426,-54.7112,0.9997
4212.891,-54.7151,0.9997
4214.355,-54.7126,0.9997
4215.820,-54.7105,0.9997
4217.285,-54.7010,0.9997
4218.750,-54.6975,0.9997
4220.215,-54.6997,0.9997
4221.680,-54.7093,0.9996
4223.145,-54.7099,0.9996
4224.609,-54.7177,0.9997
4226.074,-54.7296,0.9997
4227.539,-54.7460,0.9997
4229.004,-54.7390,0.9997
4230.469,-54.7234,0.9997
4231.934,-54.7257,0.9997
4233.398,-54.7240,0.9996
4234.863,-54.7157,0.9997
4236.328,-54.7088,0.9996
4237.793,-54.7129,0.9997
4239.258,-54.7024,0.9997
4240.723,-54.7046,0.9996
4242.188,-54.7110,0.9996
4243.652,-54.7112,0.9996
4245.117,-54.7195,0.9996
4246.582,-54.7148,0.9996
4248.047,-54.7238,0.9996
4249.512,-54.7370,0.9996
4250.977,-54.7160,0.9996
4252.441,-54.7268,0.9996
4253.906,-54.7156,0.9997
4255.371,-54.7089,0.9997
4256.836,-54.7155,0.9996
4258.301,-54.7101,0.9996
4259.766,-54.7154,0.9995
4261.230,-54.7292,0.9996
4262.695,-54.7343,0.9996
4264.160,-54.7270,0.9996
4265.625,-54.7148,0.9996
4267.090,-54.7151,0.9996
4268.555,-54.7169,0.9996
4270.020,-54.7318,0.9996
4271.484,-54.7487,0.9996
4272.949,-54.7307,0.9995
4274.414,-54.7172,0.9994
4275.879,-54.7258,0.9995
4277.344,-54.7087,0.9996
4278.809,-54.7189,0.9995
4280.273,-54.7378,0.9994
4281.738,-54.7390,0.9994
4283.203,-54.7081,0.9994
4284.668,-54.7224,0.9995
4286.133,-54.7382,0.9995
4287.598,-54.7495,0.9995
4289.062,-54.7120,0.9995
4290.527,-54.6864,0.9995
4291.992,-54.6956,0.9995
4293.457,-54.7082,0.9996
4294.922,-54.7168,0.9994
4296.387,-54.7260,0.9994
4297.852,-54.7290,0.9995
4299.316,-54.7260,0.9994
4300.781,-54.7040,0.9994
4302.246,-54.7268,0.9993
4303.711,-54.7087,0.9993
4305.176,-54.7006,0.9993
4306.641,-54.7057,0.9994
4308.105,-54.7013,0.9993
4309.570,-54.7004,0.9993
4311.035,-54.6925,0.9993
4312.500,-54.7171,0.9994
4313.965,-54.7226,0.9993
4315.430,-54.6955,0.9989
4316.895,-54.7027,0.9993
4318.359,-54.7260,0.9995
4319.824,-54.7043,0.9992
4321.289,-54.7034,0.9993
4322.754,-54.6812,0.9992
4324.219,-54.6820,0.9994
4325.684,-54.6893,0.9994
4327.148,-54.7255,0.9994
4328.613,-54.7082,0.9991
4330.078,-54.7262,0.9992
4331.543,-54.6955,0.9993
4333.008,-54.6823,0.9994
4334.473,-54.6794,0.9993
4335.938,-54.6907,0.9993
4337.402,-54.7057,0.9993
4338.867,-54.7076,0.9992
4340.332,-54.6792,0.9993
4341.797,-54.6500,0.9992
4343.262,-54.6865,0.9991
4344.727,-54.6583,0.9992
4346.191,-54.6895,0.9994
4347.656,-54.7035,0.9994
4349.121,-54.6963,0.9993
4350.586,-54.6646,0.9993
4352.051,-54.6729,0.9993
4353.516,-54.6672,0.9993
4354.980,-54.6364,0.9994
4356.445,-54.6696,0.9993
4357.910,-54.6684,0.9993
4359.375,-54.6747,0.9994
4360.840,-54.6582,0.9994
4362.305,-54.6350,0.9993
4363.770,-54.6772,0.9993
4365.234,-54.6685,0.9995
4366.699,-54.6508,0.9994
4368.164,-54.6967,0.9993
4369.629,-54.6945,0.9993
4371.094,-54.6545,0.9994
4372.559,-54.6572,0.9993
4374.023,-54.6557,0.9994
4375.488,-54.6292,0.9995
4376.953,-54.6575,0.9994
4378.418,-54.6751,0.9994
4379.883,-54.6873,0.9995
4381.348,-54.6788,0.9995
4382.812,-54.6631,0.9994
4384.277,-54.6807,0.9994
4385.742,-54.6829,0.9994
4387.207,-54.6564,0.9995
4388.672,-54.6517,0.9995
4390.137,-54.6367,0.9995
4391.602,-54.6276,0.9995
4393.066,-54.6370,0.9994
4394.531,-54.6411,0.9994
4395.996,-54.6515,0.9995
4397.461,-54.6298,0.9995
4398.926,-54.6727,0.9994
4400.391,-54.6594,0.9994
4401.855,-54.6328,0.9996
4403.320,-54.6443,0.9996
4404.785,-54.6275,0.9996
4406.250,-54.6406,0.9995
4407.715,-54.6462,0.9996
4409.180,-54.6442,0.9995
4410.645,-54.6720,0.9996
4412.109,-54.6578,0.9995
4413.574,-54.6543,0.9995
4415.039,-54.6660,0.9994
4416.504,-54.6446,0.9994
4417.969,-54.6523,0.9995
4419.434,-54.6330,0.9996
4420.898,-54.6584,0.9995
4422.363,-54.6769,0.9996
4423.828,-54.6631,0.9996
4425.293,-54.6540,0.9995
4426.758,-54.6728,0.9995
4428.223,-54.6786,0.9995
4429.688,-54.6790,0.9996
4431.152,-54.6706,0.9996
4432.617,-54.6613,0.9996
4434.082,-54.6437,0.9995
4435.547,-54.6380,0.9993
4437.012,-54.6486,0.9995
4438.477,-54.6354,0.9996
4439.941,-54.6450,0.9996
4441.406,-54.6433,0.9996
4442.871,-54.6586,0.9994
4444.336,-54.6596,0.9996
4445.801,-54.6657,0.9996
4447.266,-54.6821,0.9996
4448.730,-54.6703,0.9997
4450.195,-54.6562,0.9997
4451.660,-54.6593,0.9996
4453.125,-54.6606,0.9996
4454.590,-54.6665,0.9997
4456.055,-54.6705,0.9997
4457.520,-54.6685,0.9996
4458.984,-54.6691,0.9996
4460.449,-54.6836,0.9997
4461.914,-54.6902,0.9997
4463.379,-54.6717,0.9997
4464.844,-54.6708,0.9997
4466.309,-54.6852,0.9997
4467.773,-54.6817,0.9996
4469.238,-54.6844,0.9997
4470.703,-54.6703,0.9997
4472.168,-54.6578,0.9996
4473.633,-54.6577,0.9997
4475.098,-54.6639,0.9997
4476.562,-54.6646,0.9997
4478.027,-54.6671,0.9997
4479.492,-54.6798,0.9997
4480.957,-54.6970,0.9997
4482.422,-54.6839,0.9997
4483.887,-54.6727,0.9997
4485.352,-54.6900,0.9997
4486.816,-54.6995,0.9996
4488.281,-54.6877,0.9997
4489.746,-54.6784,0.9997
4491.211,-54.6783,0.9997
4492.676,-54.6784,0.9997
4494.141,-54.6693,0.9997
4495.605,-54.6758,0.9997
4497.070,-54.6954,0.9997
4498.535,-54.6870,0.9996
4500.000,-54.6752,0.9997
4501.465,-54.6863,0.9998
4502.930,-54.6888,0.9998
4504.395,-54.6971,0.9997
4505.859,-54.7104,0.9996
4507.324,-54.6943,0.9997
4508.789,-54.6879,0.9997
4510.254,-54.7018,0.9997
4511.719,-54.6994,0.9997
4513.184,-54.6954,0.9997
4514.648,-54.7035,0.9997
4516.113,-54.6997,0.9997
4517.578,-54.6807,0.9997
4519.043,-54.6692,0.9997
4520.508,-54.6789,0.9997
4521.973,-54.6975,0.9997
4523.438,-54.7089,0.9997
4524.902,-54.7156,0.9997
4526.367,-54.7006,0.9997
4527.832,-54.6806,0.9997
4529.297,-54.6945,0.9997
4530.762,-54.7073,0.9997
4532.227,-54.6936,0.9997
4533.691,-54.6904,0.9998
4535.156,-54.6991,0.9998
4536.621,-54.6934,0.9998
4538.086,-54.7015,0.9998
4539.551,-54.7145,0.9997
4541.016,-54.7018,0.9997
4542.480,-54.6881,0.9996
4543.945,-54.6837,0.9996
4545.410,-54.6922,0.9997
4546.875,-54.7086,0.9996
4548.340,-54.6998,0.9997
4549.805,-54.6836,0.9997
4551.270,-54.6865,0.9997
4552.734,-54.6897,0.9997
4554.199,-54.7082,0.9997
4555.664,-54.7306,0.9996
4557.129,-54.7243,0.9997
4558.594,-54.7133,0.9996
4560.059,-54.7168,0.9996
4561.523,-54.7192,0.9997
4562.988,-54.7210,0.9997
4564.453,-54.7174,0.9996
4565.918,-54.7118,0.9997
4567.383,-54.7044,0.9997
4568.848,-54.7096,0.9997
4570.312,-54.7115,0.9997
4571.777,-54.7114,0.9997
4573.242,-54.7171,0.9997
4574.707,-54.7234,0.9997
4576.172,-54.7099,0.9997
4577.637,-54.7144,0.9996
4579.102,-54.7200,0.9997
4580.566,-54.7020,0.9997
4582.031,-54.6946,0.9996
4583.496,-54.7181,0.9996
4584.961,-54.7182,0.9996
4586.426,-54.7092,0.9996
4587.891,-54.7141,0.9996
4589.355,-54.7227,0.9997
4590.820,-54.7416,0.9997
4592.285,-54.7359,0.9996
4593.750,-54.7182,0.9997
4595.215,-54.7101,0.9996
4596.680,-54.7026,0.9996
4598.145,-54.7227,0.9997
4599.609,-54.7195,0.9997
4601.074,-54.7068,0.9996
4602.539,-54.7005,0.9995
4604.004,-54.7056,0.9995
4605.469,-54.7196,0.9996
4606.934,-54.7246,0.9996
4608.398,-54.7345,0.9996
4609.863,-54.7301,0.9996
4611.328,-54.7247,0.9996
4612.793,-54.7081,0.9995
4614.258,-54.7078,0.9996
4615.723,-54.7240,0.9995
4617.188,-54.7425,0.9996
4618.652,-54.7311,0.9995
4620.117,-54.7277,0.9996
4621.582,-54.7390,0.9995
4623.047,-54.7548,0.9995
4624.512,-54.7304,0.9995
4625.977,-54.7249,0.9996
4627.441,-54.7142,0.9996
4628.906,-54.7013,0.9995
4630.371,-54.7167,0.9995
4631.836,-54.7323,0.9994
4633.301,-54.7259,0.9996
4634.766,-54.7288,0.9995
4636.230,-54.7421,0.9995
4637.695,-54.7206,0.9995
4639.160,-54.7205,0.9995
4640.625,-54.7393,0.9995
4642.090,-54.7415,0.9995
4643.555,-54.7308,0.9995
4645.020,-54.7301,0.9995
4646.484,-54.7190,0.9995
4647.949,-54.7279,0.9995
4649.414,-54.7086,0.9995
4650.879,-54.7115,0.9995
4652.344,-54.7137,0.9994
4653.809,-54.7468,0.9995
4655.273,-54.7074,0.9994
4656.738,-54.7049,0.9994
4658.203,-54.7124,0.9994
4659.668,-54.7181,0.9995
4661.133,-54.7322,0.9995
4662.598,-54.7374,0.9995
4664.062,-54.7271,0.9994
4665.527,-54.7015,0.9994
4666.992,-54.6976,0.9994
4668.457,-54.7079,0.9993
4669.922,-54.7283,0.9994
4671.387,-54.7396,0.9994
4672.852,-54.7229,0.9993
4674.316,-54.7346,0.9992
4675.781,-54.7265,0.9991
4677.246,-54.7176,0.9993
4678.711,-54.7203,0.9993
4680.176,-54.6994,0.9994
4681.641,-54.7097,0.9994
4683.105,-54.7271,0.9993
4684.570,-54.7359,0.9991
4686.035,-54.7169,0.9993
4687.500,-54.7133,0.9994
4688.965,-54.7172,0.9992
4690.430,-54.6788,0.9993
4691.895,-54.6808,0.9994
4693.359,-54.6725,0.9992
4694.824,-54.6931,0.9991
4696.289,-54.7203,0.9991
4697.754,-54.6866,0.9993
4699.219,-54.6629,0.9993
4700.684,-54.6855,0.9993
4702.148,-54.7045,0.9993
4703.613,-54.7024,0.9994
4705.078,-54.7051,0.9994
4706.543,-54.6681,0.9993
4708.008,-54.6943,0.9993
4709.473,-54.7010,0.9993
4710.938,-54.6871,0.9993
4712.402,-54.6790,0.9992
4713.867,-54.7111,0.9993
4715.332,-54.6991,0.9994
4716.797,-54.6955,0.9994
4718.262,-54.7122,0.9992
4719.727,-54.7059,0.9992
4721.191,-54.6836,0.9993
4722.656,-54.6625,0.9993
4724.121,-54.6640,0.9993
4725.586,-54.6425,0.9993
4727.051,-54.6902,0.9993
4728.516,-54.7041,0.9993
4729.980,-54.6373,0.9992
4731.445,-54.6878,0.9992
4732.910,-54.6916,0.9993
4734.375,-54.6721,0.9995
4735.840,-54.6593,0.9993
4737.305,-54.6801,0.9992
4738.770,-54.6706,0.9993
4740.234,-54.6580,0.9994
4741.699,-54.6742,0.9994
4743.164,-54.6852,0.9994
4744.629,-54.6659,0.9995
4746.094,-54.6651,0.9993
4747.559,-54.6690,0.9994
4749.023,-54.6579,0.9994
4750.488,-54.6484,0.9995
4751.953,-54.6702,0.9993
4753.418,-54.6553,0.9995
4754.883,-54.6527,0.9994
4756.348,-54.6568,0.9994
4757.812,-54.6704,0.9994
4759.277,-54.6421,0.9994
4760.742,-54.6630,0.9995
4762.207,-54.6753,0.9994
4763.672,-54.6826,0.9995
4765.137,-54.6781,0.9995
4766.602,-54.6864,0.9995
4768.066,-54.6895,0.9994
4769.531,-54.6518,0.9994
4770.996,-54.6729,0.9995
4772.461,-54.6784,0.9995
4773.926,-54.6608,0.9994
4775.391,-54.6713,0.9993
4776.855,-54.6769,0.9993
4778.320,-54.6762,0.9995
4779.785,-54.6661,0.9995
4781.250,-54.6617,0.9995
4782.715,-54.6554,0.9994
4784.180,-54.6383,0.9995
4785.645,-54.6635,0.9996
4787.109,-54.6864,0.9996
4788.574,-54.6836,0.9995
4790.039,-54.6726,0.9995
4791.504,-54.6547,0.9996
4792.969,-54.6870,0.9995
4794.434,-54.6500,0.9991
4795.898,-54.6529,0.9992
4797.363,-54.6475,0.9994
4798.828,-54.6640,0.9995
4800.293,-54.6937,0.9995
4801.758,-54.6698,0.9995
4803.223,-54.6527,0.9995
4804.688,-54.6581,0.9995
4806.152,-54.6746,0.9996
4807.617,-54.6723,0.9996
4809.082,-54.6528,0.9996
4810.547,-54.6464,0.9996
4812.012,-54.6468,0.9996
4813.477,-54.6631,0.9996
4814.941,-54.6561,0.9996
4816.406,-54.6549,0.9997
4817.871,-54.6516,0.9996
4819.336,-54.6550,0.9996
4820.801,-54.6615,0.9997
4822.266,-54.6709,0.9996
4823.730,-54.6824,0.9996
4825.195,-54.6611,0.9997
4826.660,-54.6642,0.9996
4828.125,-54.6777,0.9995
4829.590,-54.6548,0.9995
4831.055,-54.6484,0.9996
4832.520,-54.6727,0.9996
4833.984,-54.6904,0.9996
4835.449,-54.6963,0.9996
4836.914,-54.6883,0.9995
4838.379,-54.6787,0.9996
4839.844,-54.6704,0.9997
4841.309,-54.6638,0.9997
4842.773,-54.6608,0.9997
4844.238,-54.6633,0.9997
4845.703,-54.6786,0.9997
4847.168,-54.6818,0.9997
4848.633,-54.6752,0.9997
4850.098,-54.6784,0.9996
4851.562,-54.6805,0.9996
4853.027,-54.6918,0.9996
4854.492,-54.6849,0.9996
4855.957,-54.6694,0.9996
4857.422,-54.6730,0.9997
4858.887,-54.6839,0.9996
4860.352,-54.6822,0.9996
4861.816,-54.6807,0.9996
4863.281,-54.6886,0.9997
4864.746,-54.7032,0.9996
4866.211,-54.6883,0.9997
4867.676,-54.6666,0.9996
4869.141,-54.6804,0.9997
4870.605,-54.6814,0.9997
4872.070,-54.6611,0.9997
4873.535,-54.6606,0.9997
4875.000,-54.6786,0.9997
4876.465,-54.6974,0.9996
4877.930,-54.7131,0.9996
4879.395,-54.7241,0.9997
4880.859,-54.7206,0.9996
4882.324,-54.7108,0.9996
4883.789,-54.7018,0.9997
4885.254,-54.6956,0.9997
4886.719,-54.6952,0.9997
4888.184,-54.6895,0.9997
4889.648,-54.6922,0.9997
4891.113,-54.6982,0.9997
4892.578,-54.6981,0.9997
4894.043,-54.7064,0.9997
4895.508,-54.7075,0.9997
4896.973,-54.6994,0.9997
4898.438,-54.6932,0.9997
4899.902,-54.6892,0.9997
4901.367,-54.6843,0.9997
4902.832,-54.6809,0.9997
4904.297,-54.6810,0.9997
4905.762,-54.6813,0.9997
4907.227,-54.6868,0.9997
4908.691,-54.6900,0.9997
4910.156,-54.6895,0.9996
4911.621,-54.6945,0.9996
4913.086,-54.7136,0.9996
4914.551,-54.7271,0.9995
4916.016,-54.7170,0.9996
4917.480,-54.6996,0.9997
4918.945,-54.6905,0.9997
4920.410,-54.7057,0.9997
4921.875,-54.7172,0.9997
4923.340,-54.7059,0.9997
4924.805,-54.7005,0.9997
4926.270,-54.6958,0.9995
4927.734,-54.6918,0.9996
4929.199,-54.7081,0.9997
4930.664,-54.7031,0.9997
4932.129,-54.6890,0.9996
4933.594,-54.6862,0.9997
4935.059,-54.6893,0.9997
4936.523,-54.7111,0.9997
4937.988,-54.7219,0.9997
4939.453,-54.7075,0.9996
4940.918,-54.6938,0.9996
4942.383,-54.6911,0.9996
4943.848,-54.6987,0.9996
4945.312,-54.7148,0.9996
4946.777,-54.7313,0.9997
4948.242,-54.7208,0.9997
4949.707,-54.7047,0.9997
4951.172,-54.7122,0.9997
4952.637,-54.7098,0.9997
4954.102,-54.6859,0.9997
4955.566,-54.6920,0.9997
4957.031,-54.7102,0.9997
4958.496,-54.7038,0.9997
4959.961,-54.7237,0.9996
4961.426,-54.7336,0.9996
4962.891,-54.7155,0.9996
4964.355,-54.7057,0.9997
4965.820,-54.7051,0.9997
4967.285,-54.7103,0.9997
4968.750,-54.7132,0.9996
4970.215,-54.7191,0.9996
4971.680,-54.7109,0.9996
4973.145,-54.7133,0.9996
4974.609,-54.7255,0.9996
4976.074,-54.7159,0.9996
4977.539,-54.7114,0.9996
4979.004,-54.7212,0.9997
4980.469,-54.7240,0.9996
4981.934,-54.7294,0.9996
4983.398,-54.7464,0.9995
4984.863,-54.7375,0.9996
4986.328,-54.7165,0.9996
4987.793,-54.7146,0.9997
4989.258,-54.7116,0.9996
4990.723,-54.7025,0.9995
4992.188,-54.7025,0.9995
4993.652,-54.7153,0.9996
4995.117,-54.7250,0.9996
4996.582,-54.7141,0.9996
4998.047,-54.7035,0.9996
4999.512,-54.7164,0.9996
5000.977,-54.7222,0.9996
5002.441,-54.7236,0.9996
5003.906,-54.7114,0.9996
5005.371,-54.7050,0.9995
5006.836,-54.6975,0.9995
5008.301,-54.7124,0.9995
5009.766,-54.7177,0.9995
5011.230,-54.7108,0.9995
5012.695,-54.7104,0.9995
5014.160,-54.7222,0.9995
5015.625,-54.7178,0.9994
5017.090,-54.7191,0.9995
5018.555,-54.7076,0.9995
5020.020,-54.6981,0.9995
5021.484,-54.6910,0.9995
5022.949,-54.7098,0.9994
5024.414,-54.7294,0.9995
5025.879,-54.7375,0.9995
5027.344,-54.7330,0.9994
5028.809,-54.7074,0.9994
5030.273,-54.7143,0.9995
5031.738,-54.7042,0.9994
5033.203,-54.7479,0.9995
5034.668,-54.7263,0.9988
5036.133,-54.7217,0.9992
5037.598,-54.7266,0.9995
5039.062,-54.7166,0.9993
5040.527,-54.7239,0.9993
5041.992,-54.7372,0.9993
5043.457,-54.7424,0.9995
5044.922,-54.7612,0.9995
5046.387,-54.7423,0.9994
5047.852,-54.7615,0.9994
5049.316,-54.7588,0.9994
5050.781,-54.7249,0.9994
5052.246,-54.7205,0.9995
5053.711,-54.7344,0.9995
5055.176,-54.7144,0.9994
5056.641,-54.7089,0.9994
5058.105,-54.7534,0.9994
5059.570,-54.7139,0.9993
5061.035,-54.7239,0.9994
5062.500,-54.7062,0.9994
5063.965,-54.7327,0.9994
5065.430,-54.7274,0.9993
5066.895,-54.7283,0.9993
5068.359,-54.7150,0.9994
5069.824,-54.7081,0.9994
5071.289,-54.7451,0.9994
5072.754,-54.6805,0.9992
5074.219,-54.7136,0.9992
5075.684,-54.7242,0.9994
5077.148,-54.6897,0.9993
5078.613,-54.6729,0.9993
5080.078,-54.7181,0.9993
5081.543,-54.7004,0.9993
5083.008,-54.6885,0.9993
5084.473,-54.7119,0.9994
5085.938,-54.7249,0.9993
5087.402,-54.7051,0.9992
5088.867,-54.7119,0.9991
5090.332,-54.7350,0.9992
5091.797,-54.6980,0.9992
5093.262,-54.6903,0.9992
5094.727,-54.7335,0.9992
5096.191,-54.7000,0.9990
5097.656,-54.7040,0.9993
5099.121,-54.7107,0.9992
5100.586,-54.7227,0.9991
5102.051,-54.6888,0.9992
5103.516,-54.6980,0.9993
5104.980,-54.7202,0.9992
5106.445,-54.6886,0.9993
5107.910,-54.7018,0.9992
5109.375,-54.7042,0.9993
5110.840,-54.6893,0.9992
5112.305,-54.6984,0.9992
5113.770,-54.7115,0.9994
5115.234,-54.7064,0.9993
5116.699,-54.7091,0.9993
5118.164,-54.6948,0.9993
5119.629,-54.6876,0.9993
5121.094,-54.6951,0.9992
5122.559,-54.6763,0.9992
5124.023,-54.6794,0.9992
5125.488,-54.6813,0.9992
5126.953,-54.6823,0.9993
5128.418,-54.7049,0.9993
5129.883,-54.6878,0.9993
5131.348,-54.6816,0.9991
5132.812,-54.6744,0.9992
5134.277,-54.7099,0.9992
5135.742,-54.6660,0.9994
5137.207,-54.7070,0.9993
5138.672,-54.6614,0.9993
5140.137,-54.6750,0.9992
5141.602,-54.6721,0.9994
5143.066,-54.6686,0.9994
5144.531,-54.6793,0.9994
5145.996,-54.7099,0.9994
5147.461,-54.6660,0.9994
5148.926,-54.6878,0.9993
5150.391,-54.6644,0.9992
5151.855,-54.6284,0.9993
5153.320,-54.6808,0.9993
5154.785,-54.7021,0.9990
5156.250,-54.6421,0.9991
5157.715,-54.6748,0.9993
5159.180,-54.6800,0.9993
5160.645,-54.6661,0.9993
5162.109,-54.6404,0.9994
5163.574,-54.6699,0.9992
5165.039,-54.6776,0.9993
5166.504,-54.6561,0.9993
5167.969,-54.6632,0.9993
5169.434,-54.6737,0.9993
5170.898,-54.6639,0.9993
5172.363,-54.6551,0.9994
5173.828,-54.6744,0.9994
5175.293,-54.6960,0.9994
5176.758,-54.6659,0.9994
5178.223,-54.6381,0.9995
5179.688,-54.6608,0.9994
5181.152,-54.6800,0.9996
5182.617,-54.6868,0.9994
5184.082,-54.6942,0.9994
5185.547,-54.6669,0.9994
5187.012,-54.6659,0.9995
5188.477,-54.6732,0.9994
5189.941,-54.6474,0.9994
5191.406,-54.6560,0.9995
5192.871,-54.6459,0.9995
5194.336,-54.6709,0.9994
5195.801,-54.7038,0.9995
5197.266,-54.6813,0.9996
5198.730,-54.6761,0.9995
5200.195,-54.6750,0.9995
5201.660,-54.6702,0.9995
5203.125,-54.6699,0.9995
5204.590,-54.6682,0.9995
5206.055,-54.6481,0.9994
5207.520,-54.6454,0.9994
5208.984,-54.6721,0.9994
5210.449,-54.6861,0.9994
5211.914,-54.6913,0.9994
5213.379,-54.6767,0.9995
5214.844,-54.6826,0.9995
5216.309,-54.6674,0.9996
5217.773,-54.6559,0.9995
5219.238,-54.6522,0.9995
5220.703,-54.6567,0.9995
5222.168,-54.6786,0.9995
5223.633,-54.6908,0.9995
5225.098,-54.7044,0.9996
5226.562,-54.6701,0.9995
5228.027,-54.6617,0.9994
5229.492,-54.6882,0.9995
5230.957,-54.6880,0.9996
5232.422,-54.6798,0.9996
5233.887,-54.6636,0.9996
5235.352,-54.6452,0.9996
5236.816,-54.6796,0.9995
5238.281,-54.6951,0.9995
5239.746,-54.6732,0.9996
5241.211,-54.6556,0.9996
5242.676,-54.6624,0.9996
5244.141,-54.6680,0.9996
5245.605,-54.6626,0.9996
5247.070,-54.6701,0.9996
5248.535,-54.6688,0.9996
5250.000,-54.6660,0.9996
5251.465,-54.6684,0.9996
5252.930,-54.6821,0.9996
5254.395,-54.6897,0.9997
5255.859,-54.6676,0.9997
5257.324,-54.6592,0.9997
5258.789,-54.6640,0.9996
5260.254,-54.6771,0.9995
5261.719,-54.6878,0.9996
5263.184,-54.6887,0.9997
5264.648,-54.6810,0.9997
5266.113,-54.6828,0.9996
5267.578,-54.6874,0.9996
5269.043,-54.6837,0.9996
5270.508,-54.6883,0.9996
5271.973,-54.6974,0.9996
5273.438,-54.6886,0.9996
5274.902,-54.6692,0.9996
5276.367,-54.6499,0.9997
5277.832,-54.6569,0.9997
5279.297,-54.6713,0.9997
5280.762,-54.6764,0.9997
5282.227,-54.6828,0.9997
5283.691,-54.6942,0.9997
5285.156,-54.6941,0.9997
5286.621,-54.7000,0.9997
5288.086,-54.7026,0.9997
5289.551,-54.7003,0.9997
5291.016,-54.6911,0.9996
5292.480,-54.6799,0.9996
5293.945,-54.6708,0.9997
5295.410,-54.6583,0.9997
5296.875,-54.6695,0.9997
5298.340,-54.6747,0.9996
5299.805,-54.6761,0.9996
5301.270,-54.6950,0.9997
5302.734,-54.6906,0.9997
5304.199,-54.6795,0.9997
5305.664,-54.6900,0.9996
5307.129,-54.6926,0.9997
5308.594,-54.6842,0.9997
5310.059,-54.6867,0.9998
5311.523,-54.6950,0.9997
5312.988,-54.6889,0.9997
5314.453,-54.6845,0.9996
5315.918,-54.6861,0.9997
5317.383,-54.6894,0.9997
5318.848,-54.6955,0.9996
5320.312,-54.6908,0.9997
5321.777,-54.7014,0.9997
5323.242,-54.7126,0.9997
5324.707,-54.7056,0.9997
5326.172,-54.7077,0.9997
5327.637,-54.7063,0.9996
5329.102,-54.6951,0.9996
5330.566,-54.6842,0.9997
5332.031,-54.6878,0.9997
5333.496,-54.6991,0.9997
5334.961,-54.6940,0.9997
5336.426,-54.6880,0.9997
5337.891,-54.6972,0.9997
5339.355,-54.7001,0.9997
5340.820,-54.7013,0.9997
5342.285,-54.7109,0.9996
5343.750,-54.7002,0.9996
5345.215,-54.6818,0.9997
5346.680,-54.6845,0.9997
5348.145,-54.6968,0.9996
5349.609,-54.7040,0.9996
5351.074,-54.7021,0.9996
5352.539,-54.6963,0.9996
5354.004,-54.7002,0.9996
5355.469,-54.7091,0.9996
5356.934,-54.7054,0.9996
5358.398,-54.6897,0.9997
5359.863,-54.7082,0.9997
5361.328,-54.7189,0.9997
5362.793,-54.7106,0.9996
5364.258,-54.7214,0.9997
5365.723,-54.7313,0.9997
5367.188,-54.7367,0.9997
5368.652,-54.7186,0.9996
5370.117,-54.7003,0.9996
5371.582,-54.7034,0.9996
5373.047,-54.7016,0.9996
5374.512,-54.7042,0.9995
5375.977,-54.7028,0.9995
5377.441,-54.7060,0.9996
5378.906,-54.7167,0.9996
5380.371,-54.7261,0.9997
5381.836,-54.7298,0.9997
5383.301,-54.7104,0.9997
5384.766,-54.7085,0.9997
5386.230,-54.7126,0.9997
5387.695,-54.7144,0.9996
5389.160,-54.7136,0.9995
5390.625,-54.7243,0.9996
5392.090,-54.7239,0.9997
5393.555,-54.7272,0.9996
5395.020,-54.7365,0.9996
5396.484,-54.7245,0.9996
5397.949,-54.7200,0.9996
5399.414,-54.7208,0.9995
5400.879,-54.7182,0.9995
5402.344,-54.7295,0.9995
5403.809,-54.7431,0.9996
5405.273,-54.7391,0.9996
5406.738,-54.7338,0.9996
5408.203,-54.7225,0.9995
5409.668,-54.7101,0.9995
5411.133,-54.7189,0.9995
5412.598,-54.7330,0.9996
5414.062,-54.7247,0.9996
5415.527,-54.7307,0.9996
5416.992,-54.7223,0.9995
5418.457,-54.7424,0.9995
5419.922,-54.7394,0.9995
5421.387,-54.7284,0.9995
5422.852,-54.7241,0.9995
5424.316,-54.7329,0.9996
5425.781,-54.7374,0.9995
5427.246,-54.7545,0.9995
5428.711,-54.7584,0.9996
5430.176,-54.7621,0.9995
5431.641,-54.7549,0.9995
5433.105,-54.7324,0.9996
5434.570,-54.7383,0.9996
5436.035,-54.7176,0.9996
5437.500,-54.7236,0.9996
5438.965,-54.7304,0.9995
5440.430,-54.7513,0.9995
5441.895,-54.7292,0.9995
5443.359,-54.7460,0.9995
5444.824,-54.7561,0.9995
5446.289,-54.7209,0.9995
5447.754,-54.6994,0.9995
5449.219,-54.7116,0.9995
5450.684,-54.7326,0.9995
5452.148,-54.7268,0.9995
5453.613,-54.7288,0.9995
5455.078,-54.7404,0.9994
5456.543,-54.7382,0.9995
5458.008,-54.7204,0.9994
5459.473,-54.7077,0.9995
5460.938,-54.7110,0.9994
5462.402,-54.7248,0.9994
5463.867,-54.7050,0.9994
5465.332,-54.7345,0.9994
5466.797,-54.7464,0.9994
5468.262,-54.7032,0.9993
5469.727,-54.7426,0.9994
5471.191,-54.7622,0.9993
5472.656,-54.7598,0.9994
5474.121,-54.7132,0.9993
5475.586,-54.6933,0.9994
5477.051,-54.6952,0.9993
5478.516,-54.7149,0.9994
5479.980,-54.7035,0.9994
5481.445,-54.7162,0.9995
5482.910,-54.7232,0.9993
5484.375,-54.7316,0.9993
5485.840,-54.7222,0.9992
5487.305,-54.7222,0.9993
5488.770,-54.7368,0.9993
5490.234,-54.7486,0.9993
5491.699,-54.7326,0.9993
5493.164,-54.7130,0.9994
5494.629,-54.7257,0.9994
5496.094,-54.7157,0.9993
5497.559,-54.6996,0.9992
5499.023,-54.6965,0.9994
5500.488,-54.7128,0.9992
5501.953,-54.6999,0.9992
5503.418,-54.7126,0.9993
5504.883,-54.7421,0.9993
5506.348,-54.7299,0.9993
5507.812,-54.6896,0.9992
5509.277,-54.7066,0.9992
5510.742,-54.7383,0.9993
5512.207,-54.7103,0.9992
5513.672,-54.7313,0.9990
5515.137,-54.7760,0.9990
5516.602,-54.6973,0.9992
5518.066,-54.7049,0.9993
5519.531,-54.7045,0.9992
5520.996,-54.7067,0.9992
5522.461,-54.7079,0.9991
5523.926,-54.7391,0.9991
5525.391,-54.7274,0.9993
5526.855,-54.7189,0.9993
5528.320,-54.6779,0.9992
5529.785,-54.6778,0.9993
5531.250,-54.6949,0.9993
5532.715,-54.7162,0.9991
5534.180,-54.6809,0.9991
5535.645,-54.7072,0.9992
5537.109,-54.7022,0.9991
5538.574,-54.7127,0.9991
5540.039,-54.7286,0.9992
5541.504,-54.7188,0.9993
5542.969,-54.7145,0.9992
5544.434,-54.6858,0.9993
5545.898,-54.7084,0.9993
5547.363,-54.7027,0.9992
5548.828,-54.6891,0.9992
5550.293,-54.7081,0.9991
5551.758,-54.6901,0.9993
5553.223,-54.6754,0.9993
5554.688,-54.6676,0.9993
5556.152,-54.7031,0.9992
5557.617,-54.6894,0.9992
5559.082,-54.6656,0.9992
5560.547,-54.6797,0.9993
5562.012,-54.7075,0.9991
5563.477,-54.6600,0.9992
5564.941,-54.6914,0.9993
5566.406,-54.6906,0.9992
5567.871,-54.7094,0.9991
5569.336,-54.6768,0.9990
5570.801,-54.6430,0.9991
5572.266,-54.6874,0.9990
5573.730,-54.6999,0.9992
5575.195,-54.6856,0.9993
5576.660,-54.6992,0.9992
5578.125,-54.6905,0.9991
5579.590,-54.6795,0.9991
5581.055,-54.6988,0.9993
5582.520,-54.7087,0.9993
5583.984,-54.6767,0.9991
5585.449,-54.6604,0.9993
5586.914,-54.6801,0.9993
5588.379,-54.6524,0.9993
5589.844,-54.6446,0.9992
5591.309,-54.6479,0.9992
5592.773,-54.6900,0.9991
5594.238,-54.6879,0.9993
5595.703,-54.6816,0.9994
5597.168,-54.6957,0.9992
5598.633,-54.6712,0.9993
5600.098,-54.6657,0.9992
5601.562,-54.6699,0.9993
5603.027,-54.6680,0.9993
5604.492,-54.6622,0.9994
5605.957,-54.6586,0.9992
5607.422,-54.6415,0.9993
5608.887,-54.6499,0.9994
5610.352,-54.6494,0.9993
5611.816,-54.6609,0.9992
5613.281,-54.6718,0.9995
5614.746,-54.6668,0.9995
5616.211,-54.6607,0.9994
5617.676,-54.6602,0.9994
5619.141,-54.6672,0.9994
5620.605,-54.6704,0.9994
5622.070,-54.6764,0.9995
5623.535,-54.6807,0.9995
5625.000,-54.6461,0.9994
5626.465,-54.6735,0.9993
5627.930,-54.6700,0.9994
5629.395,-54.6488,0.9994
5630.859,-54.6666,0.9995
5632.324,-54.6655,0.9994
5633.789,-54.6729,0.9990
5635.254,-54.6788,0.9992
5636.719,-54.6608,0.9995
5638.184,-54.6393,0.9995
5639.648,-54.6436,0.9995
5641.113,-54.6706,0.9995
5642.578,-54.6536,0.9996
5644.043,-54.6782,0.9995
5645.508,-54.6679,0.9995
5646.973,-54.6464,0.9995
5648.438,-54.6570,0.9994
5649.902,-54.6507,0.9994
5651.367,-54.6490,0.9996
5652.832,-54.6601,0.9996
5654.297,-54.6602,0.9995
5655.762,-54.6556,0.9995
5657.227,-54.6838,0.9994
5658.691,-54.6831,0.9995
5660.156,-54.6724,0.9994
5661.621,-54.6583,0.9994
5663.086,-54.6494,0.9995
5664.551,-54.6388,0.9995
5666.016,-54.6475,0.9994
5667.480,-54.6628,0.9995
5668.945,-54.6754,0.9995
5670.410,-54.6702,0.9996
5671.875,-54.6449,0.9996
5673.340,-54.6491,0.9994
5674.805,-54.6511,0.9995
5676.270,-54.6728,0.9996
5677.734,-54.6976,0.9995
5679.199,-54.6760,0.9994
5680.664,-54.6713,0.9995
5682.129,-54.6751,0.9995
5683.594,-54.6706,0.9995
5685.059,-54.6762,0.9995
5686.523,-54.6705,0.9995
5687.988,-54.6841,0.9995
5689.453,-54.6832,0.9995
5690.918,-54.6733,0.9995
5692.383,-54.6776,0.9996
5693.848,-54.6812,0.9995
5695.312,-54.6667,0.9996
5696.777,-54.6650,0.9996
5698.242,-54.6684,0.9996
5699.707,-54.6865,0.9995
5701.172,-54.6943,0.9995
5702.637,-54.6847,0.9995
5704.102,-54.6885,0.9995
5705.566,-54.6675,0.9995
5707.031,-54.6606,0.9996
5708.496,-54.6694,0.9996
5709.961,-54.6886,0.9996
5711.426,-54.6932,0.9996
5712.891,-54.6782,0.9996
5714.355,-54.6655,0.9996
5715.820,-54.6735,0.9996
5717.285,-54.6783,0.9996
5718.750,-54.6889,0.9996
5720.215,-54.6886,0.9996
5721.680,-54.6797,0.9996
5723.145,-54.6827,0.9996
5724.609,-54.6752,0.9997
5726.074,-54.6793,0.9996
5727.539,-54.7019,0.9996
5729.004,-54.6997,0.9996
5730.469,-54.6874,0.9996
5731.934,-54.6938,0.9997
5733.398,-54.6869,0.9996
5734.863,-54.6614,0.9996
5736.328,-54.6516,0.9996
5737.793,-54.6674,0.9996
5739.258,-54.6741,0.9996
5740.723,-54.6744,0.9996
5742.188,-54.6983,0.9996
5743.652,-54.7097,0.9995
5745.117,-54.7002,0.9996
5746.582,-54.6850,0.9996
5748.047,-54.6635,0.9996
5749.512,-54.6673,0.9996
5750.977,-54.6903,0.9996
5752.441,-54.6995,0.9996
5753.906,-54.6836,0.9994
5755.371,-54.6671,0.9995
5756.836,-54.6754,0.9995
5758.301,-54.6871,0.9996
5759.766,-54.6935,0.9997
5761.230,-54.6955,0.9996
5762.695,-54.6918,0.9996
5764.160,-54.6934,0.9996
5765.625,-54.6799,0.9996
5767.090,-54.6661,0.9996
5768.555,-54.6865,0.9997
5770.020,-54.7000,0.9997
5771.484,-54.6977,0.9997
5772.949,-54.6974,0.9996
5774.414,-54.6896,0.9996
5775.879,-54.6925,0.9996
5777.344,-54.6942,0.9997
5778.809,-54.6989,0.9996
5780.273,-54.7119,0.9995
5781.738,-54.7038,0.9996
5783.203,-54.6915,0.9996
5784.668,-54.6992,0.9996
5786.133,-54.7131,0.9996
5787.598,-54.7241,0.9996
5789.062,-54.7270,0.9997
5790.527,-54.7197,0.9996
5791.992,-54.7113,0.9996
5793.457,-54.7030,0.9997
5794.922,-54.7044,0.9997
5796.387,-54.7015,0.9997
5797.852,-54.6853,0.9996
5799.316,-54.6936,0.9996
5800.781,-54.7136,0.9997
5802.246,-54.7161,0.9996
5803.711,-54.7213,0.9996
5805.176,-54.7211,0.9997
5806.641,-54.7093,0.9996
5808.105,-54.7042,0.9997
5809.570,-54.6988,0.9996
5811.035,-54.6869,0.9996
5812.500,-54.6836,0.9996
5813.965,-54.6931,0.9996
5815.430,-54.7179,0.9996
5816.895,-54.7354,0.9996
5818.359,-54.7237,0.9996
5819.824,-54.7057,0.9996
5821.289,-54.6928,0.9996
5822.754,-54.7086,0.9996
5824.219,-54.7324,0.9996
5825.684,-54.7229,0.9996
5827.148,-54.7091,0.9996
5828.613,-54.6954,0.9996
5830.078,-54.7021,0.9996
5831.543,-54.7119,0.9997
5833.008,-54.7171,0.9996
5834.473,-54.7047,0.9996
5835.938,-54.6931,0.9996
5837.402,-54.7078,0.9996
5838.867,-54.7151,0.9996
5840.332,-54.7076,0.9996
5841.797,-54.6967,0.9997
5843.262,-54.6970,0.9997
5844.727,-54.7141,0.9996
5846.191,-54.7310,0.9996
5847.656,-54.7145,0.9996
5849.121,-54.7159,0.9996
5850.586,-54.7313,0.9995
5852.051,-54.7235,0.9996
5853.516,-54.7129,0.9996
5854.980,-54.7184,0.9996
5856.445,-54.7141,0.9996
5857.910,-54.6966,0.9997
5859.375,-54.6890,0.9996
5860.840,-54.6796,0.9995
5862.305,-54.6862,0.9996
5863.770,-54.7240,0.9996
5865.234,-54.7369,0.9996
5866.699,-54.7215,0.9995
5868.164,-54.7178,0.9995
5869.629,-54.7391,0.9996
5871.094,-54.7312,0.9996
5872.559,-54.7211,0.9996
5874.023,-54.7414,0.9994
5875.488,-54.7309,0.9995
5876.953,-54.7061,0.9995
5878.418,-54.7258,0.9996
5879.883,-54.7435,0.9995
5881.348,-54.7255,0.9995
5882.812,-54.7112,0.9994
5884.277,-54.7177,0.9994
5885.742,-54.7424,0.9995
5887.207,-54.7441,0.9995
5888.672,-54.7198,0.9996
5890.137,-54.7248,0.9995
5891.602,-54.7173,0.9995
5893.066,-54.7187,0.9994
5894.531,-54.7197,0.9995
5895.996,-54.7169,0.9996
5897.461,-54.7395,0.9996
5898.926,-54.7288,0.9995
5900.391,-54.7171,0.9995
5901.855,-54.7247,0.9995
5903.320,-54.7143,0.9995
5904.785,-54.7092,0.9995
5906.250,-54.7243,0.9995
5907.715,-54.7359,0.9995
5909.180,-54.7495,0.9995
5910.645,-54.7378,0.9994
5912.109,-54.7253,0.9994
5913.574,-54.7329,0.9993
5915.039,-54.7495,0.9994
5916.504,-54.7375,0.9993
5917.969,-54.6967,0.9993
5919.434,-54.7249,0.9994
5920.898,-54.7392,0.9994
5922.363,-54.7371,0.9993
5923.828,-54.7266,0.9993
5925.293,-54.7178,0.9994
5926.758,-54.7138,0.9995
5928.223,-54.7238,0.9994
5929.688,-54.7352,0.9993
5931.152,-54.7367,0.9994
5932.617,-54.7533,0.9994
5934.082,-54.7649,0.9994
5935.547,-54.7229,0.9994
5937.012,-54.7256,0.9993
5938.477,-54.7034,0.9994
5939.941,-54.7191,0.9994
5941.406,-54.7228,0.9994
5942.871,-54.7274,0.9994
5944.336,-54.7137,0.9993
5945.801,-54.7216,0.9994
5947.266,-54.7471,0.9992
5948.730,-54.7378,0.9993
5950.195,-54.7195,0.9992
5951.660,-54.7433,0.9992
5953.125,-54.7118,0.9994
5954.590,-54.7241,0.9994
5956.055,-54.7250,0.9993
5957.520,-54.7110,0.9991
5958.984,-54.6772,0.9992
5960.449,-54.7130,0.9992
5961.914,-54.7219,0.9990
5963.379,-54.7259,0.9993
5964.844,-54.7369,0.9992
5966.309,-54.7091,0.9993
5967.773,-54.7261,0.9993
5969.238,-54.7410,0.9990
5970.703,-54.7357,0.9990
5972.168,-54.7355,0.9992
5973.633,-54.7257,0.9993
5975.098,-54.7546,0.9994
5976.562,-54.7035,0.9993
5978.027,-54.6940,0.9993
5979.492,-54.7239,0.9993
5980.957,-54.7257,0.9993
5982.422,-54.7057,0.9992
5983.887,-54.6982,0.9991
5985.352,-54.7164,0.9992
5986.816,-54.6903,0.9992
5988.281,-54.7123,0.9993
5989.746,-54.6903,0.9992
5991.211,-54.7440,0.9992
5992.676,-54.7093,0.9991
5994.141,-54.6861,0.9991
5995.605,-54.6958,0.9993
5997.070,-54.7072,0.9992
5998.535,-54.7204,0.9990
6000.000,-54.6908,0.9991
6001.465,-54.7286,0.9992
6002.930,-54.6714,0.9992
6004.395,-54.6855,0.9992
6005.859,-54.6839,0.9992
6007.324,-54.7228,0.9991
6008.789,-54.6946,0.9991
6010.254,-54.6944,0.9990
6011.719,-54.7205,0.9992
6013.184,-54.6778,0.9992
6014.648,-54.6834,0.9992
6016.113,-54.6665,0.9993
6017.578,-54.6874,0.9991
6019.043,-54.6979,0.9991
6020.508,-54.6565,0.9992
6021.973,-54.6743,0.9993
6023.438,-54.7084,0.9994
6024.902,-54.7093,0.9991
6026.367,-54.7115,0.9990
6027.832,-54.6928,0.9992
6029.297,-54.6992,0.9991
6030.762,-54.6520,0.9992
6032.227,-54.6597,0.9992
6033.691,-54.6714,0.9991
6035.156,-54.7117,0.9992
6036.621,-54.6985,0.9993
6038.086,-54.6691,0.9992
6039.551,-54.7047,0.9991
6041.016,-54.7227,0.9992
6042.480,-54.6646,0.9992
6043.945,-54.6444,0.9993
6045.410,-54.6788,0.9993
6046.875,-54.6706,0.9992
6048.340,-54.6865,0.9992
6049.805,-54.6907,0.9992
6051.270,-54.7035,0.9991
6052.734,-54.6582,0.9992
6054.199,-54.6915,0.9991
6055.664,-54.6784,0.9992
6057.129,-54.7306,0.9991
6058.594,-54.6971,0.9993
6060.059,-54.6952,0.9993
6061.523,-54.6738,0.9992
6062.988,-54.6762,0.9993
6064.453,-54.6785,0.9993
6065.918,-54.6697,0.9992
6067.383,-54.6760,0.9993
6068.848,-54.6667,0.9992
6070.312,-54.6576,0.9992
6071.777,-54.6725,0.9993
6073.242,-54.6731,0.9993
6074.707,-54.6591,0.9993
6076.172,-54.6326,0.9994
6077.637,-54.6903,0.9993
6079.102,-54.6718,0.9993
6080.566,-54.6953,0.9992
6082.031,-54.6646,0.9992
6083.496,-54.6707,0.9992
6084.961,-54.6520,0.9993
6086.426,-54.6817,0.9992
6087.891,-54.6609,0.9992
6089.355,-54.6233,0.9992
6090.820,-54.6662,0.9992
6092.285,-54.6668,0.9993
6093.750,-54.6447,0.9994
6095.215,-54.6493,0.9993
6096.680,-54.6389,0.9993
6098.145,-54.6585,0.9993
6099.609,-54.6628,0.9993
6101.074,-54.6985,0.9992
6102.539,-54.6604,0.9993
6104.004,-54.6831,0.9994
6105.469,-54.6907,0.9993
6106.934,-54.6765,0.9994
6108.398,-54.6663,0.9994
6109.863,-54.6755,0.9994
6111.328,-54.6564,0.9995
6112.793,-54.6425,0.9994
6114.258,-54.6466,0.9994
6115.723,-54.6593,0.9994
6117.188,-54.6520,0.9994
6118.652,-54.6531,0.9994
6120.117,-54.6589,0.9994
6121.582,-54.6531,0.9995
6123.047,-54.6498,0.9995
6124.512,-54.6438,0.9995
6125.977,-54.6643,0.9995
6127.441,-54.6801,0.9995
6128.906,-54.6765,0.9995
6130.371,-54.6823,0.9994
6131.836,-54.6823,0.9993
6133.301,-54.6596,0.9994
6134.766,-54.6864,0.9993
6136.230,-54.6758,0.9993
6137.695,-54.6322,0.9994
6139.160,-54.6413,0.9994
6140.625,-54.6739,0.9994
6142.090,-54.6605,0.9994
6143.555,-54.6614,0.9993
6145.020,-54.6579,0.9994
6146.484,-54.6519,0.9995
6147.949,-54.6557,0.9995
6149.414,-54.6803,0.9995
6150.879,-54.6938,0.9995
6152.344,-54.6807,0.9995
6153.809,-54.6725,0.9995
6155.273,-54.6829,0.9994
6156.738,-54.6661,0.9995
6158.203,-54.6412,0.9995
6159.668,-54.6504,0.9995
6161.133,-54.6639,0.9994
6162.598,-54.6633,0.9995
6164.062,-54.6348,0.9996
6165.527,-54.6350,0.9996
6166.992,-54.6461,0.9996
6168.457,-54.6887,0.9995
6169.922,-54.6850,0.9995
6171.387,-54.6811,0.9995
6172.852,-54.6852,0.9996
6174.316,-54.6770,0.9996
6175.781,-54.6648,0.9994
6177.246,-54.6566,0.9995
6178.711,-54.6841,0.9995
6180.176,-54.6755,0.9995
6181.641,-54.6394,0.9995
6183.105,-54.6233,0.9995
6184.570,-54.6423,0.9995
6186.035,-54.6664,0.9995
6187.500,-54.6693,0.9996
6188.965,-54.6636,0.9996
6190.430,-54.6617,0.9996
6191.895,-54.6781,0.9995
6193.359,-54.6848,0.9996
6194.824,-54.6791,0.9996
6196.289,-54.6842,0.9995
6197.754,-54.6766,0.9995
6199.219,-54.6642,0.9995
6200.684,-54.6743,0.9995
6202.148,-54.6993,0.9995
6203.613,-54.7070,0.9996
6205.078,-54.6796,0.9995
6206.543,-54.6661,0.9995
6208.008,-54.6644,0.9995
6209.473,-54.6723,0.9995
6210.938,-54.6669,0.9995
6212.402,-54.6542,0.9996
6213.867,-54.6880,0.9996
6215.332,-54.7042,0.9996
6216.797,-54.6786,0.9996
6218.262,-54.6554,0.9996
6219.727,-54.6454,0.9996
6221.191,-54.6467,0.9996
6222.656,-54.6519,0.9996
6224.121,-54.6569,0.9996
6225.586,-54.6546,0.9996
6227.051,-54.6601,0.9996
6228.516,-54.6691,0.9997
6229.980,-54.6672,0.9997
6231.445,-54.6675,0.9996
6232.910,-54.6727,0.9996
6234.375,-54.6742,0.9996
6235.840,-54.6716,0.9997
6237.305,-54.6759,0.9997
6238.770,-54.6852,0.9997
6240.234,-54.6836,0.9996
6241.699,-54.6881,0.9995
6243.164,-54.7015,0.9994
6244.629,-54.7016,0.9996
6246.094,-54.7014,0.9996
6247.559,-54.7060,0.9996
6249.023,-54.6926,0.9996
6250.488,-54.6701,0.9996
6251.953,-54.6628,0.9996
6253.418,-54.6737,0.9996
6254.883,-54.6863,0.9996
6256.348,-54.7039,0.9996
6257.812,-54.7149,0.9995
6259.277,-54.7018,0.9995
6260.742,-54.6908,0.9996
6262.207,-54.6885,0.9996
6263.672,-54.6953,0.9996
6265.137,-54.7052,0.9996
6266.602,-54.7052,0.9997
6268.066,-54.6982,0.9996
6269.531,-54.7013,0.9995
6270.996,-54.7102,0.9995
6272.461,-54.6949,0.9995
6273.926,-54.6807,0.9996
6275.391,-54.6889,0.9996
6276.855,-54.6995,0.9996
6278.320,-54.6986,0.9996
6279.785,-54.6959,0.9996
6281.250,-54.7122,0.9996
6282.715,-54.7178,0.9995
6284.180,-54.6975,0.9995
6285.645,-54.6857,0.9996
6287.109,-54.6928,0.9996
6288.574,-54.6959,0.9996
6290.039,-54.6908,0.9997
6291.504,-54.6922,0.9996
6292.969,-54.6982,0.9996
6294.434,-54.6913,0.9996
6295.898,-54.6801,0.9996
6297.363,-54.6896,0.9996
6298.828,-54.6987,0.9995
6300.293,-54.6783,0.9995
6301.758,-54.6702,0.9996
6303.223,-54.6878,0.9996
6304.688,-54.6980,0.9996
6306.152,-54.7050,0.9996
6307.617,-54.7152,0.9995
6309.082,-54.7095,0.9995
6310.547,-54.7069,0.9996
6312.012,-54.6949,0.9996
6313.477,-54.6717,0.9995
6314.941,-54.6712,0.9996
6316.406,-54.6837,0.9996
6317.871,-54.7029,0.9996
6319.336,-54.7174,0.9996
6320.801,-54.7097,0.9996
6322.266,-54.7031,0.9996
6323.730,-54.7015,0.9996
6325.195,-54.7037,0.9996
6326.660,-54.7108,0.9996
6328.125,-54.6942,0.9996
6329.590,-54.6976,0.9996
6331.055,-54.7081,0.9996
6332.520,-54.6861,0.9996
6333.984,-54.6922,0.9996
6335.449,-54.7178,0.9996
6336.914,-54.7271,0.9996
6338.379,-54.7100,0.9996
6339.844,-54.7019,0.9995
6341.309,-54.7104,0.9996
6342.773,-54.7137,0.9996
6344.238,-54.7193,0.9995
6345.703,-54.7164,0.9996
6347.168,-54.7207,0.9995
6348.633,-54.7222,0.9996
6350.098,-54.6978,0.9995
6351.562,-54.6805,0.9995
6353.027,-54.7044,0.9995
6354.492,-54.7136,0.9996
6355.957,-54.7099,0.9996
6357.422,-54.7157,0.9995
6358.887,-54.7236,0.9995
6360.352,-54.7137,0.9995
6361.816,-54.6969,0.9995
6363.281,-54.6907,0.9996
6364.746,-54.7089,0.9995
6366.211,-54.6936,0.9994
6367.676,-54.7003,0.9995
6369.141,-54.7316,0.9996
6370.605,-54.7477,0.9996
6372.070,-54.7442,0.9996
6373.535,-54.7267,0.9995
6375.000,-54.7092,0.9994
6376.465,-54.7037,0.9994
6377.930,-54.7000,0.9994
6379.395,-54.7146,0.9994
6380.859,-54.7192,0.9994
6382.324,-54.7078,0.9995
6383.789,-54.7268,0.9995
6385.254,-54.7340,0.9996
6386.719,-54.7356,0.9995
6388.184,-54.7198,0.9994
6389.648,-54.7099,0.9993
6391.113,-54.7386,0.9994
6392.578,-54.7418,0.9995
6394.043,-54.7228,0.9995
6395.508,-54.7343,0.9995
6396.973,-54.7370,0.9994
6398.438,-54.7254,0.9993
6399.902,-54.7034,0.9994
6401.367,-54.6828,0.9995
6402.832,-54.7137,0.9994
6404.297,-54.7494,0.9994
6405.762,-54.7359,0.9995
6407.227,-54.7205,0.9994
6408.691,-54.7168,0.9994
6410.156,-54.7045,0.9993
6411.621,-54.7377,0.9994
6413.086,-54.7577,0.9994
6414.551,-54.7466,0.9995
6416.016,-54.7186,0.9996
6417.480,-54.6925,0.9995
6418.945,-54.7103,0.9994
6420.410,-54.7015,0.9994
6421.875,-54.7007,0.9995
6423.340,-54.7441,0.9995
6424.805,-54.7383,0.9993
6426.270,-54.7261,0.9994
6427.734,-54.7088,0.9992
6429.199,-54.7413,0.9993
6430.664,-54.7349,0.9993
6432.129,-54.7232,0.9993
6433.594,-54.7327,0.9993
6435.059,-54.7404,0.9994
6436.523,-54.6893,0.9994
6437.988,-54.7069,0.9994
6439.453,-54.7614,0.9994
6440.918,-54.7471,0.9993
6442.383,-54.7107,0.9994
6443.848,-54.7428,0.9994
6445.312,-54.7200,0.9993
6446.777,-54.7463,0.9993
6448.242,-54.7380,0.9993
6449.707,-54.7448,0.9994
6451.172,-54.7417,0.9992
6452.637,-54.7088,0.9992
6454.102,-54.7132,0.9993
6455.566,-54.7023,0.9993
6457.031,-54.7323,0.9993
6458.496,-54.7357,0.9991
6459.961,-54.7300,0.9991
6461.426,-54.7407,0.9992
6462.891,-54.7252,0.9991
6464.355,-54.6970,0.9992
6465.820,-54.7034,0.9991
6467.285,-54.7146,0.9992
6468.750,-54.7008,0.9993
6470.215,-54.7004,0.9993
6471.680,-54.7329,0.9993
6473.145,-54.7534,0.9991
6474.609,-54.7054,0.9992
6476.074,-54.7051,0.9993
6477.539,-54.7005,0.9993
6479.004,-54.6940,0.9993
6480.469,-54.7206,0.9991
6481.934,-54.7191,0.9991
6483.398,-54.6944,0.9992
6484.863,-54.7154,0.9992
6486.328,-54.7166,0.9991
6487.793,-54.6926,0.9992
6489.258,-54.6910,0.9992
6490.723,-54.6875,0.9991
6492.188,-54.7191,0.9990
6493.652,-54.7174,0.9991
6495.117,-54.7476,0.9990
6496.582,-54.6998,0.9991
6498.047,-54.7161,0.9991
6499.512,-54.6871,0.9990
6500.977,-54.7203,0.9992
6502.441,-54.6910,0.9992
6503.906,-54.7425,0.9991
6505.371,-54.7010,0.9991
6506.836,-54.6931,0.9991
6508.301,-54.7088,0.9991
6509.766,-54.6869,0.9991
6511.230,-54.7431,0.9990
6512.695,-54.7180,0.9990
6514.160,-54.6976,0.9991
6515.625,-54.7219,0.9992
6517.090,-54.6909,0.9992
6518.555,-54.7204,0.9990
6520.020,-54.7307,0.9990
6521.484,-54.7203,0.9990
6522.949,-54.6650,0.9990
6524.414,-54.6807,0.9991
6525.879,-54.6713,0.9990
6527.344,-54.7294,0.9991
6528.809,-54.6957,0.9990
6530.273,-54.6773,0.9989
6531.738,-54.7291,0.9991
6533.203,-54.7012,0.9991
6534.668,-54.6886,0.9990
6536.133,-54.6843,0.9991
6537.598,-54.7239,0.9991
6539.062,-54.6878,0.9990
6540.527,-54.7221,0.9990
6541.992,-54.7056,0.9990
6543.457,-54.6787,0.9992
6544.922,-54.6844,0.9992
6546.387,-54.6861,0.9991
6547.852,-54.6823,0.9991
6549.316,-54.6748,0.9992
6550.781,-54.6932,0.9992
6552.246,-54.6877,0.9990
6553.711,-54.7049,0.9991
6555.176,-54.7204,0.9990
6556.641,-54.6801,0.9992
6558.105,-54.6873,0.9991
6559.570,-54.6710,0.9989
6561.035,-54.6843,0.9991
6562.500,-54.6678,0.9992
6563.965,-54.6663,0.9992
6565.430,-54.6888,0.9992
6566.895,-54.6463,0.9991
6568.359,-54.6622,0.9991
6569.824,-54.6643,0.9992
6571.289,-54.6992,0.9991
6572.754,-54.7210,0.9990
6574.219,-54.6678,0.9992
6575.684,-54.6457,0.9991
6577.148,-54.6774,0.9990
6578.613,-54.6845,0.9992
6580.078,-54.6945,0.9992
6581.543,-54.6781,0.9991
6583.008,-54.6726,0.9991
6584.473,-54.6831,0.9990
6585.938,-54.6684,0.9991
6587.402,-54.6855,0.9991
6588.867,-54.6721,0.9991
6590.332,-54.6774,0.9992
6591.797,-54.6511,0.9993
6593.262,-54.6710,0.9991
6594.727,-54.6658,0.9994
6596.191,-54.6971,0.9993
6597.656,-54.6834,0.9994
6599.121,-54.7018,0.9993
6600.586,-54.7155,0.9992
6602.051,-54.6703,0.9991
6603.516,-54.6605,0.9993
6604.980,-54.6911,0.9993
6606.445,-54.6947,0.9992
6607.910,-54.6928,0.9992
6609.375,-54.6722,0.9992
6610.840,-54.6556,0.9992
6612.305,-54.6742,0.9992
6613.770,-54.6659,0.9992
6615.234,-54.6795,0.9993
6616.699,-54.6845,0.9993
6618.164,-54.6853,0.9993
6619.629,-54.6693,0.9992
6621.094,-54.6650,0.9993
6622.559,-54.6658,0.9993
6624.023,-54.6718,0.9993
6625.488,-54.7069,0.9993
6626.953,-54.6996,0.9993
6628.418,-54.6652,0.9994
6629.883,-54.6622,0.9993
6631.348,-54.6818,0.9993
6632.812,-54.6395,0.9994
6634.277,-54.6460,0.9992
6635.742,-54.6810,0.9993
6637.207,-54.6834,0.9992
6638.672,-54.7060,0.9993
6640.137,-54.7026,0.9995
6641.602,-54.6717,0.9993
6643.066,-54.6608,0.9993
6644.531,-54.6676,0.9994
6645.996,-54.6929,0.9994
6647.461,-54.6682,0.9994
6648.926,-54.6364,0.9993
6650.391,-54.6258,0.9994
6651.855,-54.6589,0.9995
6653.320,-54.6708,0.9995
6654.785,-54.6796,0.9994
6656.250,-54.6765,0.9994
6657.715,-54.6316,0.9993
6659.180,-54.6552,0.9993
6660.645,-54.6844,0.9995
6662.109,-54.6913,0.9994
6663.574,-54.6558,0.9994
6665.039,-54.6421,0.9994
6666.504,-54.6525,0.9994
6667.969,-54.6582,0.9994
6669.434,-54.6725,0.9994
6670.898,-54.6683,0.9994
6672.363,-54.6754,0.9995
6673.828,-54.6739,0.9994
6675.293,-54.6646,0.9993
6676.758,-54.6730,0.9994
6678.223,-54.6592,0.9994
6679.688,-54.6698,0.9995
6681.152,-54.6955,0.9994
6682.617,-54.6714,0.9995
6684.082,-54.6740,0.9994
6685.547,-54.6845,0.9994
6687.012,-54.6727,0.9995
6688.477,-54.6756,0.9995
6689.941,-54.6858,0.9995
6691.406,-54.6786,0.9995
6692.871,-54.6794,0.9994
6694.336,-54.6784,0.9995
6695.801,-54.6781,0.9995
6697.266,-54.6848,0.9995
6698.730,-54.6798,0.9995
6700.195,-54.6746,0.9995
6701.660,-54.6767,0.9995
6703.125,-54.6864,0.9995
6704.590,-54.6573,0.9995
6706.055,-54.6554,0.9995
6707.520,-54.6852,0.9995
6708.984,-54.6924,0.9995
6710.449,-54.6673,0.9995
6711.914,-54.6437,0.9995
6713.379,-54.6319,0.9994
6714.844,-54.6516,0.9995
6716.309,-54.6557,0.9995
6717.773,-54.6643,0.9995
6719.238,-54.6738,0.9995
6720.703,-54.6672,0.9996
6722.168,-54.6849,0.9996
6723.633,-54.6893,0.9996
6725.098,-54.6679,0.9996
6726.562,-54.6498,0.9996
6728.027,-54.6599,0.9996
6729.492,-54.6716,0.9996
6730.957,-54.6589,0.9997
6732.422,-54.6697,0.9996
6733.887,-54.6942,0.9995
6735.352,-54.6859,0.9996
6736.816,-54.6802,0.9996
6738.281,-54.6900,0.9995
6739.746,-54.6877,0.9996
6741.211,-54.6683,0.9996
6742.676,-54.6600,0.9995
6744.141,-54.6767,0.9995
6745.605,-54.6886,0.9996
6747.070,-54.7094,0.9995
6748.535,-54.7068,0.9996
6750.000,-54.6771,0.9996
6751.465,-54.6680,0.9996
6752.930,-54.6727,0.9996
6754.395,-54.6640,0.9996
6755.859,-54.6717,0.9996
6757.324,-54.7011,0.9995
6758.789,-54.7147,0.9996
6760.254,-54.6856,0.9996
6761.719,-54.6793,0.9995
6763.184,-54.7090,0.9996
6764.648,-54.6998,0.9996
6766.113,-54.6840,0.9996
6767.578,-54.6964,0.9996
6769.043,-54.7069,0.9996
6770.508,-54.6845,0.9995
6771.973,-54.6549,0.9995
6773.438,-54.6536,0.9995
6774.902,-54.6748,0.9995
6776.367,-54.6854,0.9996
6777.832,-54.6758,0.9996
6779.297,-54.6803,0.9995
6780.762,-54.6883,0.9995
6782.227,-54.6909,0.9995
6783.691,-54.6837,0.9995
6785.156,-54.6672,0.9996
6786.621,-54.6673,0.9996
6788.086,-54.6833,0.9995
6789.551,-54.7039,0.9995
6791.016,-54.7080,0.9996
6792.480,-54.6967,0.9996
6793.945,-54.6915,0.9995
6795.410,-54.7019,0.9996
6796.875,-54.7059,0.9995
6798.340,-54.6899,0.9996
6799.805,-54.6893,0.9996
6801.270,-54.6964,0.9996
6802.734,-54.6928,0.9996
6804.199,-54.6894,0.9996
6805.664,-54.6833,0.9996
6807.129,-54.6768,0.9996
6808.594,-54.6735,0.9996
6810.059,-54.6815,0.9995
6811.523,-54.6913,0.9996
6812.988,-54.6868,0.9995
6814.453,-54.6769,0.9995
6815.918,-54.6817,0.9996
6817.383,-54.6991,0.9996
6818.848,-54.7033,0.9996
6820.312,-54.6876,0.9996
6821.777,-54.6784,0.9996
6823.242,-54.6753,0.9996
6824.707,-54.6745,0.9996
6826.172,-54.6964,0.9996
6827.637,-54.7075,0.9997
6829.102,-54.6888,0.9995
6830.566,-54.6786,0.9995
6832.031,-54.6877,0.9995
6833.496,-54.7031,0.9994
6834.961,-54.7165,0.9995
6836.426,-54.7205,0.9995
6837.891,-54.7236,0.9995
6839.355,-54.7251,0.9996
6840.820,-54.7127,0.9996
6842.285,-54.7061,0.9996
6843.750,-54.7121,0.9996
6845.215,-54.7092,0.9996
6846.680,-54.7024,0.9996
6848.145,-54.7007,0.9995
6849.609,-54.7099,0.9995
6851.074,-54.7044,0.9995
6852.539,-54.6785,0.9996
6854.004,-54.6666,0.9996
6855.469,-54.6795,0.9996
6856.934,-54.6958,0.9995
6858.398,-54.7061,0.9996
6859.863,-54.7231,0.9996
6861.328,-54.7359,0.9996
6862.793,-54.7260,0.9996
6864.258,-54.7115,0.9996
6865.723,-54.7150,0.9995
6867.188,-54.7252,0.9994
6868.652,-54.7151,0.9996
6870.117,-54.6853,0.9996
6871.582,-54.6829,0.9995
6873.047,-54.6911,0.9995
6874.512,-54.7001,0.9996
6875.977,-54.7217,0.9995
6877.441,-54.7287,0.9996
6878.906,-54.7321,0.9996
6880.371,-54.7076,0.9995
6881.836,-54.6908,0.9996
6883.301,-54.6955,0.9996
6884.766,-54.7107,0.9996
6886.230,-54.7276,0.9995
6887.695,-54.7137,0.9995
6889.160,-54.6938,0.9995
6890.625,-54.7148,0.9995
6892.090,-54.7177,0.9995
6893.555,-54.7035,0.9994
6895.020,-54.7076,0.9995
6896.484,-54.7101,0.9996
6897.949,-54.7227,0.9996
6899.414,-54.7174,0.9995
6900.879,-54.7288,0.9995
6902.344,-54.7419,0.9995
6903.809,-54.7281,0.9996
6905.273,-54.7052,0.9995
6906.738,-54.6949,0.9995
6908.203,-54.6886,0.9995
6909.668,-54.6786,0.9995
6911.133,-54.6761,0.9994
6912.598,-54.7024,0.9995
6914.062,-54.7396,0.9995
6915.527,-54.7305,0.9995
6916.992,-54.7124,0.9995
6918.457,-54.7069,0.9995
6919.922,-54.7270,0.9994
6921.387,-54.7434,0.9994
6922.852,-54.7297,0.9993
6924.316,-54.7240,0.9994
6925.781,-54.7308,0.9994
6927.246,-54.7304,0.9994
6928.711,-54.7203,0.9994
6930.176,-54.7133,0.9995
6931.641,-54.7173,0.9995
6933.105,-54.7421,0.9994
6934.570,-54.7435,0.9994
6936.035,-54.7394,0.9995
6937.500,-54.7268,0.9994
6938.965,-54.7043,0.9994
6940.430,-54.6971,0.9994
6941.895,-54.7129,0.9994
6943.359,-54.7316,0.9995
6944.824,-54.7373,0.9993
6946.289,-54.7301,0.9994
6947.754,-54.7055,0.9996
6949.219,-54.6863,0.9995
6950.684,-54.7092,0.9994
6952.148,-54.7265,0.9994
6953.613,-54.7353,0.9993
6955.078,-54.7214,0.9993
6956.543,-54.6764,0.9993
6958.008,-54.6990,0.9995
6959.473,-54.7515,0.9994
6960.938,-54.7361,0.9994
6962.402,-54.7304,0.9994
6963.867,-54.7224,0.9994
6965.332,-54.7204,0.9993
6966.797,-54.7390,0.9993
6968.262,-54.7231,0.9994
6969.727,-54.7151,0.9993
6971.191,-54.7260,0.9993
6972.656,-54.7251,0.9993
6974.121,-54.7192,0.9993
6975.586,-54.7423,0.9992
6977.051,-54.7233,0.9992
6978.516,-54.7281,0.9992
6979.980,-54.7233,0.9993
6981.445,-54.7352,0.9994
6982.910,-54.7278,0.9994
6984.375,-54.7236,0.9995
6985.840,-54.7082,0.9994
6987.305,-54.7188,0.9993
6988.770,-54.7306,0.9993
6990.234,-54.7205,0.9992
6991.699,-54.7115,0.9991
6993.164,-54.7084,0.9993
6994.629,-54.7394,0.9993
6996.094,-54.7646,0.9993
6997.559,-54.7381,0.9992
6999.023,-54.7040,0.9992
7000.488,-54.7162,0.9992
7001.953,-54.7505,0.9991
7003.418,-54.7179,0.9991
7004.883,-54.7012,0.9991
7006.348,-54.7063,0.9991
7007.812,-54.7086,0.9991
7009.277,-54.7413,0.9993
7010.742,-54.7488,0.9991
7012.207,-54.7467,0.9991
7013.672,-54.7536,0.9992
7015.137,-54.7426,0.9991
7016.602,-54.7382,0.9992
7018.066,-54.7342,0.9992
7019.531,-54.7547,0.9992
7020.996,-54.7427,0.9992
7022.461,-54.7050,0.9991
7023.926,-54.7464,0.9990
7025.391,-54.7207,0.9990
7026.855,-54.7084,0.9989
7028.320,-54.7600,0.9991
7029.785,-54.7302,0.9991
7031.250,-54.6932,0.9991
7032.715,-54.7441,0.9991
7034.180,-54.7538,0.9991
7035.645,-54.7108,0.9988
7037.109,-54.7267,0.9990
7038.574,-54.7479,0.9990
7040.039,-54.7109,0.9989
7041.504,-54.7257,0.9991
7042.969,-54.7263,0.9992
7044.434,-54.7349,0.9992
7045.898,-54.7284,0.9992
7047.363,-54.7180,0.9992
7048.828,-54.6996,0.9991
7050.293,-54.7197,0.9990
7051.758,-54.6896,0.9989
7053.223,-54.7161,0.9991
7054.688,-54.7538,0.9990
7056.152,-54.7253,0.9989
7057.617,-54.7289,0.9990
7059.082,-54.7312,0.9989
7060.547,-54.7182,0.9991
7062.012,-54.7421,0.9991
7063.477,-54.7307,0.9991
7064.941,-54.6913,0.9989
7066.406,-54.7013,0.9989
7067.871,-54.6967,0.9990
7069.336,-54.7019,0.9990
7070.801,-54.6999,0.9990
7072.266,-54.6900,0.9990
7073.730,-54.7148,0.9989
7075.195,-54.7383,0.9989
7076.660,-54.7026,0.9990
7078.125,-54.6820,0.9990
7079.590,-54.7357,0.9989
7081.055,-54.7020,0.9989
7082.520,-54.6757,0.9990
7083.984,-54.6902,0.9991
7085.449,-54.7083,0.9990
7086.914,-54.7262,0.9990
7088.379,-54.6589,0.9991
7089.844,-54.6841,0.9990
7091.309,-54.7154,0.9990
7092.773,-54.6953,0.9992
7094.238,-54.7183,0.9992
7095.703,-54.6782,0.9991
7097.168,-54.6970,0.9990
7098.633,-54.7286,0.9990
7100.098,-54.7170,0.9989
7101.562,-54.7012,0.9990
7103.027,-54.6929,0.9988
7104.492,-54.6910,0.9990
7105.957,-54.6834,0.9991
7107.422,-54.7501,0.9990
7108.887,-54.6545,0.9989
7110.352,-54.6343,0.9990
7111.816,-54.6456,0.9991
7113.281,-54.6905,0.9991
7114.746,-54.6623,0.9991
7116.211,-54.7169,0.9990
7117.676,-54.7512,0.9990
7119.141,-54.6792,0.9991
7120.605,-54.6893,0.9990
7122.070,-54.7353,0.9991
7123.535,-54.6764,0.9989
7125.000,-54.6648,0.9988
7126.465,-54.6435,0.9989
7127.930,-54.6585,0.9991
7129.395,-54.6735,0.9992
7130.859,-54.6688,0.9988
7132.324,-54.6922,0.9989
7133.789,-54.7274,0.9992
7135.254,-54.6733,0.9994
7136.719,-54.6780,0.9993
7138.184,-54.6747,0.9991
7139.648,-54.6616,0.9992
7141.113,-54.7087,0.9992
7142.578,-54.6877,0.9992
7144.043,-54.6671,0.9992
7145.508,-54.6641,0.9991
7146.973,-54.6983,0.9991
7148.438,-54.6808,0.9990
7149.902,-54.6616,0.9992
7151.367,-54.6570,0.9992
7152.832,-54.6200,0.9993
7154.297,-54.6488,0.9991
7155.762,-54.6732,0.9992
7157.227,-54.6674,0.9991
7158.691,-54.6807,0.9990
7160.156,-54.6419,0.9990
7161.621,-54.6166,0.9990
7163.086,-54.6540,0.9991
7164.551,-54.6520,0.9992
7166.016,-54.6621,0.9991
7167.480,-54.6509,0.9992
7168.945,-54.6656,0.9992
7170.410,-54.6671,0.9992
7171.875,-54.6846,0.9992
7173.340,-54.6539,0.9991
7174.805,-54.6863,0.9992
7176.270,-54.6620,0.9993
7177.734,-54.6434,0.9992
7179.199,-54.6538,0.9993
7180.664,-54.6715,0.9991
7182.129,-54.6655,0.9991
7183.594,-54.6509,0.9991
7185.059,-54.6486,0.9992
7186.523,-54.6456,0.9994
7187.988,-54.6611,0.9994
7189.453,-54.6347,0.9994
7190.918,-54.6349,0.9993
7192.383,-54.6635,0.9992
7193.848,-54.6616,0.9993
7195.312,-54.6726,0.9993
7196.777,-54.6688,0.9994
7198.242,-54.6466,0.9993
7199.707,-54.6506,0.9992
7201.172,-54.6782,0.9992
7202.637,-54.6665,0.9991
7204.102,-54.6691,0.9992
7205.566,-54.6537,0.9993
7207.031,-54.6631,0.9993
7208.496,-54.6788,0.9994
7209.961,-54.6876,0.9994
7211.426,-54.6906,0.9994
7212.891,-54.6823,0.9994
7214.355,-54.6621,0.9994
7215.820,-54.6342,0.9993
7217.285,-54.6665,0.9992
7218.750,-54.6829,0.9992
7220.215,-54.6389,0.9993
7221.680,-54.6413,0.9993
7223.145,-54.6571,0.9992
7224.609,-54.6417,0.9993
7226.074,-54.6715,0.9993
7227.539,-54.6622,0.9993
7229.004,-54.6471,0.9994
7230.469,-54.6766,0.9994
7231.934,-54.6679,0.9994
7233.398,-54.6622,0.9993
7234.863,-54.6393,0.9994
7236.328,-54.6654,0.9994
7237.793,-54.6619,0.9994
7239.258,-54.6446,0.9995
7240.723,-54.6591,0.9994
7242.188,-54.6644,0.9993
7243.652,-54.6536,0.9993
7245.117,-54.6633,0.9994
7246.582,-54.6683,0.9994
7248.047,-54.6791,0.9994
7249.512,-54.6863,0.9994
7250.977,-54.7061,0.9993
7252.441,-54.6833,0.9995
7253.906,-54.6845,0.9994
7255.371,-54.7041,0.9994
7256.836,-54.6756,0.9994
7258.301,-54.6575,0.9993
7259.766,-54.6676,0.9995
7261.230,-54.6918,0.9994
7262.695,-54.6757,0.9994
7264.160,-54.6532,0.9994
7265.625,-54.6641,0.9995
7267.090,-54.6839,0.9995
7268.555,-54.6867,0.9995
7270.020,-54.6780,0.9995
7271.484,-54.6450,0.9994
7272.949,-54.6459,0.9995
7274.414,-54.6538,0.9996
7275.879,-54.6657,0.9995
7277.344,-54.6591,0.9995
7278.809,-54.6730,0.9995
7280.273,-54.6946,0.9995
7281.738,-54.6943,0.9995
7283.203,-54.6952,0.9995
7284.668,-54.6676,0.9996
7286.133,-54.6534,0.9995
7287.598,-54.6585,0.9995
7289.062,-54.6601,0.9995
7290.527,-54.6820,0.9995
7291.992,-54.6996,0.9994
7293.457,-54.6865,0.9994
7294.922,-54.6896,0.9995
7296.387,-54.7025,0.9995
7297.852,-54.6926,0.9996
7299.316,-54.6804,0.9996
7300.781,-54.6691,0.9996
7302.246,-54.6537,0.9995
7303.711,-54.6721,0.9995
7305.176,-54.6845,0.9996
7306.641,-54.6670,0.9995
7308.105,-54.6569,0.9995
7309.570,-54.6596,0.9995
7311.035,-54.6577,0.9995
7312.500,-54.6733,0.9996
7313.965,-54.6701,0.9996
7315.430,-54.6650,0.9995
7316.895,-54.6942,0.9995
7318.359,-54.7054,0.9995
7319.824,-54.6971,0.9995
7321.289,-54.6793,0.9995
7322.754,-54.6735,0.9995
7324.219,-54.6796,0.9996
7325.684,-54.6821,0.9996
7327.148,-54.6864,0.9995
7328.613,-54.6927,0.9995
7330.078,-54.6866,0.9995
7331.543,-54.6830,0.9994
7333.008,-54.6958,0.9995
7334.473,-54.6859,0.9994
7335.938,-54.6739,0.9994
7337.402,-54.6825,0.9995
7338.867,-54.6803,0.9995
7340.332,-54.6791,0.9995
7341.797,-54.6900,0.9996
7343.262,-54.7025,0.9995
7344.727,-54.7012,0.9995
7346.191,-54.6788,0.9995
7347.656,-54.6884,0.9995
7349.121,-54.7094,0.9995
7350.586,-54.6981,0.9996
7352.051,-54.6926,0.9995
7353.516,-54.6911,0.9995
7354.980,-54.6839,0.9995
7356.445,-54.6928,0.9996
7357.910,-54.7002,0.9995
7359.375,-54.6852,0.9996
7360.840,-54.6824,0.9995
7362.305,-54.6913,0.9995
7363.770,-54.6872,0.9996
7365.234,-54.6994,0.9996
7366.699,-54.7139,0.9995
7368.164,-54.7088,0.9995
7369.629,-54.7027,0.9996
7371.094,-54.6922,0.9996
7372.559,-54.6895,0.9996
7374.023,-54.6974,0.9995
7375.488,-54.7066,0.9995
7376.953,-54.7094,0.9996
7378.418,-54.6946,0.9995
7379.883,-54.6911,0.9995
7381.348,-54.7168,0.9995
7382.812,-54.7269,0.9995
7384.277,-54.7075,0.9996
7385.742,-54.6963,0.9995
7387.207,-54.7037,0.9995
7388.672,-54.6954,0.9995
7390.137,-54.6877,0.9995
7391.602,-54.6964,0.9996
7393.066,-54.6861,0.9995
7394.531,-54.6901,0.9995
7395.996,-54.7131,0.9995
7397.461,-54.7104,0.9995
7398.926,-54.7101,0.9995
7400.391,-54.7119,0.9995
7401.855,-54.6937,0.9995
7403.320,-54.6901,0.9995
7404.785,-54.6952,0.9996
7406.250,-54.6984,0.9995
7407.715,-54.7191,0.9996
7409.180,-54.7483,0.9996
7410.645,-54.7327,0.9996
7412.109,-54.7017,0.9995
7413.574,-54.7145,0.9995
7415.039,-54.7185,0.9996
7416.504,-54.7093,0.9996
7417.969,-54.7155,0.9995
7419.434,-54.7318,0.9995
7420.898,-54.7339,0.9996
7422.363,-54.7161,0.9995
7423.828,-54.7051,0.9995
7425.293,-54.7184,0.9995
7426.758,-54.7251,0.9995
7428.223,-54.6983,0.9995
7429.688,-54.6666,0.9995
7431.152,-54.6712,0.9996
7432.617,-54.7008,0.9995
7434.082,-54.7125,0.9996
7435.547,-54.7191,0.9995
7437.012,-54.7255,0.9995
7438.477,-54.7186,0.9995
7439.941,-54.7232,0.9995
7441.406,-54.7467,0.9995
7442.871,-54.7507,0.9995
7444.336,-54.7172,0.9995
7445.801,-54.6926,0.9995
7447.266,-54.7012,0.9994
7448.730,-54.7050,0.9995
7450.195,-54.7170,0.9996
7451.660,-54.7392,0.9995
7453.125,-54.7210,0.9995
7454.590,-54.6983,0.9995
7456.055,-54.7064,0.9995
7457.520,-54.7212,0.9995
7458.984,-54.7245,0.9995
7460.449,-54.7201,0.9995
7461.914,-54.7040,0.9995
7463.379,-54.6965,0.9994
7464.844,-54.7229,0.9995
7466.309,-54.7384,0.9995
7467.773,-54.7244,0.9994
7469.238,-54.7159,0.9995
7470.703,-54.7394,0.9996
7472.168,-54.7407,0.9994
7473.633,-54.7353,0.9995
7475.098,-54.7223,0.9995
7476.562,-54.6994,0.9994
7478.027,-54.7111,0.9994
7479.492,-54.7121,0.9996
7480.957,-54.7081,0.9995
7482.422,-54.7239,0.9994
7483.887,-54.7359,0.9993
7485.352,-54.7493,0.9995
7486.816,-54.7337,0.9995
7488.281,-54.7019,0.9995
7489.746,-54.7111,0.9994
7491.211,-54.7451,0.9995
7492.676,-54.7329,0.9995
7494.141,-54.7055,0.9995
7495.605,-54.7063,0.9995
7497.070,-54.7224,0.9995
7498.535,-54.7154,0.9995
7500.000,-54.7271,0.9996
7501.465,-54.7660,0.9995
7502.930,-54.7799,0.9995
7504.395,-54.7554,0.9996
7505.859,-54.7430,0.9995
7507.324,-54.7376,0.9995
7508.789,-54.7304,0.9994
7510.254,-54.7372,0.9994
7511.719,-54.7491,0.9994
7513.184,-54.7208,0.9994
7514.648,-54.7234,0.9994
7516.113,-54.7643,0.9994
7517.578,-54.7517,0.9994
7519.043,-54.7271,0.9994
7520.508,-54.7341,0.9994
7521.973,-54.7285,0.9994
7523.438,-54.7096,0.9993
7524.902,-54.7151,0.9993
7526.367,-54.6998,0.9993
7527.832,-54.6999,0.9993
7529.297,-54.7238,0.9994
7530.762,-54.7206,0.9993
7532.227,-54.7279,0.9993
7533.691,-54.7523,0.9993
7535.156,-54.7283,0.9992
7536.621,-54.6973,0.9992
7538.086,-54.7377,0.9993
7539.551,-54.7488,0.9993
7541.016,-54.7237,0.9993
7542.480,-54.7248,0.9993
7543.945,-54.7210,0.9994
7545.410,-54.7411,0.9995
7546.875,-54.7255,0.9995
7548.340,-54.7308,0.9994
7549.805,-54.7472,0.9993
7551.270,-54.7523,0.9993
7552.734,-54.7418,0.9995
7554.199,-54.7022,0.9994
7555.664,-54.7216,0.9993
7557.129,-54.7348,0.9992
7558.594,-54.7233,0.9992
7560.059,-54.7169,0.9992
7561.523,-54.7277,0.9992
7562.988,-54.7379,0.9993
7564.453,-54.7424,0.9994
7565.918,-54.7669,0.9995
7567.383,-54.7484,0.9994
7568.848,-54.7163,0.9994
7570.312,-54.6878,0.9992
7571.777,-54.7134,0.9991
7573.242,-54.7535,0.9993
7574.707,-54.7408,0.9992
7576.172,-54.7499,0.9992
7577.637,-54.7238,0.9992
7579.102,-54.7294,0.9992
7580.566,-54.7389,0.9992
7582.031,-54.7289,0.9993
7583.496,-54.7546,0.9992
7584.961,-54.7470,0.9994
7586.426,-54.7332,0.9993
7587.891,-54.7321,0.9992
7589.355,-54.7561,0.9992
7590.820,-54.7432,0.9991
7592.285,-54.7292,0.9993
7593.750,-54.7302,0.9993
7595.215,-54.7154,0.9992
7596.680,-54.7222,0.9990
7598.145,-54.7675,0.9989
7599.609,-54.7443,0.9991
7601.074,-54.7370,0.9991
7602.539,-54.7315,0.9991
7604.004,-54.7557,0.9990
7605.469,-54.7356,0.9991
7606.934,-54.7076,0.9992
7608.398,-54.6861,0.9991
7609.863,-54.7352,0.9991
7611.328,-54.7371,0.9992
7612.793,-54.7429,0.9992
7614.258,-54.7715,0.9991
7615.723,-54.7454,0.9990
7617.188,-54.7432,0.9990
7618.652,-54.7252,0.9991
7620.117,-54.7275,0.9990
7621.582,-54.7210,0.9992
7623.047,-54.7235,0.9991
7624.512,-54.6979,0.9992
7625.977,-54.6903,0.9992
7627.441,-54.7199,0.9992
7628.906,-54.7234,0.9990
7630.371,-54.7450,0.9991
7631.836,-54.7483,0.9990
7633.301,-54.7196,0.9989
7634.766,-54.7318,0.9991
7636.230,-54.7437,0.9991
7637.695,-54.6985,0.9991
7639.160,-54.6990,0.9991
7640.625,-54.6954,0.9992
7642.090,-54.6856,0.9991
7643.555,-54.7550,0.9989
7645.020,-54.7109,0.9988
7646.484,-54.7177,0.9990
7647.949,-54.6805,0.9989
7649.414,-54.6875,0.9991
7650.879,-54.6835,0.9992
7652.344,-54.7297,0.9990
7653.809,-54.7345,0.9990
7655.273,-54.7192,0.9989
7656.738,-54.7080,0.9990
7658.203,-54.6938,0.9989
7659.668,-54.7384,0.9989
7661.133,-54.7169,0.9989
7662.598,-54.6986,0.9990
7664.062,-54.7250,0.9991
7665.527,-54.7127,0.9990
7666.992,-54.7109,0.9990
7668.457,-54.6823,0.9990
7669.922,-54.7024,0.9990
7671.387,-54.7174,0.9989
7672.852,-54.7133,0.9989
7674.316,-54.7181,0.9988
7675.781,-54.7146,0.9988
7677.246,-54.6705,0.9988
7678.711,-54.7386,0.9989
7680.176,-54.6874,0.9991
7681.641,-54.6814,0.9989
7683.105,-54.7223,0.9989
7684.570,-54.6880,0.9991
7686.035,-54.7136,0.9990
7687.500,-54.6732,0.9991
7688.965,-54.6788,0.9991
7690.430,-54.7282,0.9990
7691.895,-54.6796,0.9990
7693.359,-54.7027,0.9990
7694.824,-54.6991,0.9992
7696.289,-54.7046,0.9989
7697.754,-54.6623,0.9990
7699.219,-54.6881,0.9989
7700.684,-54.7227,0.9989
7702.148,-54.6818,0.9989
7703.613,-54.6897,0.9988
7705.078,-54.7274,0.9991
7706.543,-54.7194,0.9990
7708.008,-54.6727,0.9990
7709.473,-54.7179,0.9988
7710.938,-54.7402,0.9989
7712.402,-54.7132,0.9989
7713.867,-54.6722,0.9988
7715.332,-54.7098,0.9992
7716.797,-54.7030,0.9989
7718.262,-54.6974,0.9988
7719.727,-54.6646,0.9988
7721.191,-54.7063,0.9988
7722.656,-54.7003,0.9989
7724.121,-54.7040,0.9988
7725.586,-54.6915,0.9989
7727.051,-54.6868,0.9991
7728.516,-54.7046,0.9989
7729.980,-54.6451,0.9990
7731.445,-54.6746,0.9990
7732.910,-54.7083,0.9989
7734.375,-54.7035,0.9991
7735.840,-54.6554,0.9992
7737.305,-54.6532,0.9991
7738.770,-54.7118,0.9991
7740.234,-54.6820,0.9990
7741.699,-54.6824,0.9990
7743.164,-54.6675,0.9990
7744.629,-54.6921,0.9991
7746.094,-54.7144,0.9990
7747.559,-54.6836,0.9988
7749.023,-54.6411,0.9991
7750.488,-54.6774,0.9990
7751.953,-54.6817,0.9990
7753.418,-54.6799,0.9990
7754.883,-54.6723,0.9991
7756.348,-54.6790,0.9990
7757.812,-54.6436,0.9991
7759.277,-54.6613,0.9990
7760.742,-54.6676,0.9992
7762.207,-54.6803,0.9991
7763.672,-54.6695,0.9990
7765.137,-54.6517,0.9990
7766.602,-54.6844,0.9990
7768.066,-54.6737,0.9991
7769.531,-54.6402,0.9990
7770.996,-54.6913,0.9991
7772.461,-54.7004,0.9991
7773.926,-54.7035,0.9991
7775.391,-54.6616,0.9992
7776.855,-54.6573,0.9992
7778.320,-54.6734,0.9992
7779.785,-54.6620,0.9991
7781.250,-54.6491,0.9990
7782.715,-54.6735,0.9990
7784.180,-54.6506,0.9991
7785.645,-54.6897,0.9991
7787.109,-54.6534,0.9990
7788.574,-54.6443,0.9993
7790.039,-54.6917,0.9992
7791.504,-54.6795,0.9990
7792.969,-54.6489,0.9990
7794.434,-54.6495,0.9991
7795.898,-54.7019,0.9991
7797.363,-54.6844,0.9991
7798.828,-54.6362,0.9990
7800.293,-54.6505,0.9990
7801.758,-54.6689,0.9991
7803.223,-54.6742,0.9991
7804.688,-54.6693,0.9991
7806.152,-54.6739,0.9991
7807.617,-54.6659,0.9992
7809.082,-54.6728,0.9990
7810.547,-54.6838,0.9991
7812.012,-54.6682,0.9991
7813.477,-54.6665,0.9993
7814.941,-54.6933,0.9992
7816.406,-54.6810,0.9992
7817.871,-54.7006,0.9990
7819.336,-54.6976,0.9991
7820.801,-54.6882,0.9993
7822.266,-54.7061,0.9993
7823.730,-54.6923,0.9993
7825.195,-54.6618,0.9992
7826.660,-54.6531,0.9992
7828.125,-54.6680,0.9991
7829.590,-54.6716,0.9992
7831.055,-54.6969,0.9993
7832.520,-54.6937,0.9993
7833.984,-54.6478,0.9994
7835.449,-54.6951,0.9993
7836.914,-54.6912,0.9993
7838.379,-54.6647,0.9992
7839.844,-54.6728,0.9993
7841.309,-54.6687,0.9993
7842.773,-54.6764,0.9993
7844.238,-54.6556,0.9993
7845.703,-54.6491,0.9992
7847.168,-54.6749,0.9994
7848.633,-54.6926,0.9994
7850.098,-54.6554,0.9994
7851.562,-54.6659,0.9992
7853.027,-54.6914,0.9993
7854.492,-54.6694,0.9991
7855.957,-54.6721,0.9993
7857.422,-54.6737,0.9995
7858.887,-54.6635,0.9993
7860.352,-54.6539,0.9995
7861.816,-54.6585,0.9995
7863.281,-54.6803,0.9994
7864.746,-54.6915,0.9993
7866.211,-54.6833,0.9994
7867.676,-54.6844,0.9994
7869.141,-54.6813,0.9993
7870.605,-54.6823,0.9994
7872.070,-54.6671,0.9995
7873.535,-54.6740,0.9994
7875.000,-54.6843,0.9993
7876.465,-54.6794,0.9993
7877.930,-54.6622,0.9993
7879.395,-54.6724,0.9993
7880.859,-54.6814,0.9993
7882.324,-54.6776,0.9995
7883.789,-54.6923,0.9994
7885.254,-54.7034,0.9994
7886.719,-54.7021,0.9994
7888.184,-54.6762,0.9995
7889.648,-54.6473,0.9995
7891.113,-54.6694,0.9995
7892.578,-54.6783,0.9994
7894.043,-54.6765,0.9993
7895.508,-54.6893,0.9994
7896.973,-54.6989,0.9995
7898.438,-54.6925,0.9994
7899.902,-54.6919,0.9994
7901.367,-54.6848,0.9994
7902.832,-54.6646,0.9994
7904.297,-54.6710,0.9994
7905.762,-54.6826,0.9993
7907.227,-54.7015,0.9994
7908.691,-54.6970,0.9994
7910.156,-54.6750,0.9994
7911.621,-54.6535,0.9994
7913.086,-54.6476,0.9994
7914.551,-54.6340,0.9994
7916.016,-54.6435,0.9994
7917.480,-54.6747,0.9995
7918.945,-54.6692,0.9995
7920.410,-54.6728,0.9994
7921.875,-54.6917,0.9995
7923.340,-54.6915,0.9995
7924.805,-54.6924,0.9995
7926.270,-54.6849,0.9995
7927.734,-54.6663,0.9994
7929.199,-54.6654,0.9995
7930.664,-54.6834,0.9994
7932.129,-54.7086,0.9995
7933.594,-54.7106,0.9995
7935.059,-54.6956,0.9994
7936.523,-54.6933,0.9995
7937.988,-54.6939,0.9994
7939.453,-54.6794,0.9994
7940.918,-54.6721,0.9994
7942.383,-54.6621,0.9995
7943.848,-54.6752,0.9994
7945.312,-54.6971,0.9995
7946.777,-54.6892,0.9995
7948.242,-54.6679,0.9995
7949.707,-54.6777,0.9995
7951.172,-54.6894,0.9995
7952.637,-54.6904,0.9995
7954.102,-54.6841,0.9995
7955.566,-54.6848,0.9995
7957.031,-54.7019,0.9995
7958.496,-54.7060,0.9995
7959.961,-54.6994,0.9995
7961.426,-54.6893,0.9995
7962.891,-54.6949,0.9994
7964.355,-54.7131,0.9995
7965.820,-54.7151,0.9995
7967.285,-54.7083,0.9994
7968.750,-54.7050,0.9994
7970.215,-54.7005,0.9994
7971.680,-54.6992,0.9996
7973.145,-54.7169,0.9995
7974.609,-54.7304,0.9994
7976.074,-54.7164,0.9995
7977.539,-54.6914,0.9995
7979.004,-54.6867,0.9995
7980.469,-54.6911,0.9995
7981.934,-54.6884,0.9994
7983.398,-54.6974,0.9995
7984.863,-54.7146,0.9996
7986.328,-54.7113,0.9995
7987.793,-54.7041,0.9996
7989.258,-54.7155,0.9995
7990.723,-54.7118,0.9995
7992.188,-54.6810,0.9995
7993.652,-54.6732,0.9995
7995.117,-54.6881,0.9996
7996.582,-54.6967,0.9995
7998.047,-54.6985,0.9995
7999.512,-54.7011,0.9995
8000.977,-54.7054,0.9994
8002.441,-54.7033,0.9995
8003.906,-54.6895,0.9995
8005.371,-54.6737,0.9996
8006.836,-54.6735,0.9995
8008.301,-54.6828,0.9995
8009.766,-54.7026,0.9995
8011.230,-54.7206,0.9995
8012.695,-54.7087,0.9995
8014.160,-54.7002,0.9995
8015.625,-54.7049,0.9995
8017.090,-54.7031,0.9995
8018.555,-54.7128,0.9995
8020.020,-54.7227,0.9995
8021.484,-54.7204,0.9995
8022.949,-54.7268,0.9994
8024.414,-54.7257,0.9994
8025.879,-54.7181,0.9994
8027.344,-54.7210,0.9995
8028.809,-54.7133,0.9994
8030.273,-54.7153,0.9995
8031.738,-54.7203,0.9996
8033.203,-54.7131,0.9995
8034.668,-54.7256,0.9995
8036.133,-54.7417,0.9994
8037.598,-54.7324,0.9994
8039.062,-54.7224,0.9996
8040.527,-54.7157,0.9996
8041.992,-54.7098,0.9995
8043.457,-54.7090,0.9995
8044.922,-54.7031,0.9996
8046.387,-54.6940,0.9996
8047.852,-54.6999,0.9996
8049.316,-54.7204,0.9996
8050.781,-54.7371,0.9995
8052.246,-54.7439,0.9994
8053.711,-54.7309,0.9994
8055.176,-54.7151,0.9995
8056.641,-54.7101,0.9995
8058.105,-54.7119,0.9995
8059.570,-54.7117,0.9995
8061.035,-54.7119,0.9995
8062.500,-54.7153,0.9994
8063.965,-54.7144,0.9994
8065.430,-54.6983,0.9993
8066.895,-54.6920,0.9994
8068.359,-54.7029,0.9995
8069.824,-54.7038,0.9995
8071.289,-54.7059,0.9995
8072.754,-54.7036,0.9996
8074.219,-54.7181,0.9995
8075.684,-54.7331,0.9994
8077.148,-54.7322,0.9995
8078.613,-54.7333,0.9996
8080.078,-54.7207,0.9996
8081.543,-54.7168,0.9996
8083.008,-54.7067,0.9995
8084.473,-54.6991,0.9995
8085.938,-54.7190,0.9996
8087.402,-54.7300,0.9994
8088.867,-54.7458,0.9995
8090.332,-54.7627,0.9995
8091.797,-54.7574,0.9995
8093.262,-54.7371,0.9995
8094.727,-54.7256,0.9995
8096.191,-54.7206,0.9995
8097.656,-54.7220,0.9995
8099.121,-54.7208,0.9994
8100.586,-54.7216,0.9994
8102.051,-54.7209,0.9995
8103.516,-54.7088,0.9995
8104.980,-54.7145,0.9994
8106.445,-54.7289,0.9993
8107.910,-54.7440,0.9994
8109.375,-54.7571,0.9994
8110.840,-54.7410,0.9994
8112.305,-54.7402,0.9994
8113.770,-54.7456,0.9995
8115.234,-54.7262,0.9994
8116.699,-54.7161,0.9994
8118.164,-54.7371,0.9995
8119.629,-54.7532,0.9995
8121.094,-54.7416,0.9994
8122.559,-54.7030,0.9994
8124.023,-54.6898,0.9994
8125.488,-54.6844,0.9995
8126.953,-54.6771,0.9994
8128.418,-54.7037,0.9994
8129.883,-54.7217,0.9994
8131.348,-54.7296,0.9994
8132.812,-54.7268,0.9994
8134.277,-54.7158,0.9995
8135.742,-54.7001,0.9995
8137.207,-54.7007,0.9994
8138.672,-54.7287,0.9995
8140.137,-54.7358,0.9993
8141.602,-54.7240,0.9995
8143.066,-54.7257,0.9995
8144.531,-54.7589,0.9993
8145.996,-54.7478,0.9994
8147.461,-54.7033,0.9995
8148.926,-54.7229,0.9994
8150.391,-54.7196,0.9992
8151.855,-54.7239,0.9993
8153.320,-54.7406,0.9994
8154.785,-54.7454,0.9993
8156.250,-54.7597,0.9994
8157.715,-54.7588,0.9995
8159.180,-54.7441,0.9994
8160.645,-54.7307,0.9994
8162.109,-54.7131,0.9994
8163.574,-54.7206,0.9994
8165.039,-54.7334,0.9992
8166.504,-54.7380,0.9993
8167.969,-54.7379,0.9993
8169.434,-54.7268,0.9994
8170.898,-54.7299,0.9993
8172.363,-54.7450,0.9992
8173.828,-54.7406,0.9994
8175.293,-54.7294,0.9993
8176.758,-54.7724,0.9994
8178.223,-54.7244,0.9993
8179.688,-54.7347,0.9993
8181.152,-54.7478,0.9992
8182.617,-54.7271,0.9993
8184.082,-54.7168,0.9992
8185.547,-54.7422,0.9991
8187.012,-54.7171,0.9990
8188.477,-54.7173,0.9991
8189.941,-54.7261,0.9991
8191.406,-54.7387,0.9992
8192.871,-54.7223,0.9992
8194.336,-54.7286,0.9991
8195.801,-54.7522,0.9994
8197.266,-54.7350,0.9993
8198.730,-54.7564,0.9992
8200.195,-54.7644,0.9992
8201.660,-54.7333,0.9993
8203.125,-54.7256,0.9993
8204.590,-54.7381,0.9992
8206.055,-54.7604,0.9993
8207.520,-54.7539,0.9991
8208.984,-54.7411,0.9990
8210.449,-54.7418,0.9990
8211.914,-54.7378,0.9993
8213.379,-54.7132,0.9992
8214.844,-54.7392,0.9991
8216.309,-54.7514,0.9991
8217.773,-54.7502,0.9991
8219.238,-54.7096,0.9991
8220.703,-54.7362,0.9993
8222.168,-54.7198,0.9991
8223.633,-54.7455,0.9992
8225.098,-54.7337,0.9991
8226.562,-54.7044,0.9992
8228.027,-54.7324,0.9992
8229.492,-54.7351,0.9991
8230.957,-54.7261,0.9990
8232.422,-54.7226,0.9990
8233.887,-54.7339,0.9992
8235.352,-54.7336,0.9992
8236.816,-54.7525,0.9992
8238.281,-54.7509,0.9993
8239.746,-54.7631,0.9993
8241.211,-54.7570,0.9992
8242.676,-54.7303,0.9991
8244.141,-54.7261,0.9989
8245.605,-54.7307,0.9992
8247.070,-54.7267,0.9991
8248.535,-54.7268,0.9991
8250.000,-54.7025,0.9990
8251.465,-54.7461,0.9990
8252.930,-54.7413,0.9991
8254.395,-54.7314,0.9990
8255.859,-54.7568,0.9990
8257.324,-54.7376,0.9989
8258.789,-54.7688,0.9992
8260.254,-54.7715,0.9992
8261.719,-54.7410,0.9993
8263.184,-54.7305,0.9991
8264.648,-54.7283,0.9989
8266.113,-54.7319,0.9989
8267.578,-54.7278,0.9988
8269.043,-54.7404,0.9989
8270.508,-54.7565,0.9989
8271.973,-54.7239,0.9987
8273.438,-54.7310,0.9989
8274.902,-54.7147,0.9990
8276.367,-54.7262,0.9991
8277.832,-54.7440,0.9992
8279.297,-54.7718,0.9990
8280.762,-54.7383,0.9989
8282.227,-54.7206,0.9989
8283.691,-54.7393,0.9990
8285.156,-54.7404,0.9990
8286.621,-54.7452,0.9992
8288.086,-54.7457,0.9991
8289.551,-54.7140,0.9990
8291.016,-54.7180,0.9989
8292.480,-54.7614,0.9989
8293.945,-54.6822,0.9989
8295.410,-54.7217,0.9990
8296.875,-54.7536,0.9991
8298.340,-54.7032,0.9989
8299.805,-54.7765,0.9991
8301.270,-54.7574,0.9991
8302.734,-54.7107,0.9990
8304.199,-54.7882,0.9990
8305.664,-54.7236,0.9989
8307.129,-54.7143,0.9990
8308.594,-54.7378,0.9989
8310.059,-54.6957,0.9988
8311.523,-54.7083,0.9989
8312.988,-54.7670,0.9991
8314.453,-54.6731,0.9990
8315.918,-54.7428,0.9991
8317.383,-54.7009,0.9988
8318.848,-54.7396,0.9989
8320.312,-54.7026,0.9988
8321.777,-54.7257,0.9988
8323.242,-54.7529,0.9989
8324.707,-54.7454,0.9990
8326.172,-54.7155,0.9990
8327.637,-54.7332,0.9990
8329.102,-54.7165,0.9988
8330.566,-54.7285,0.9989
8332.031,-54.7219,0.9989
8333.496,-54.7057,0.9989
8334.961,-54.7128,0.9989
8336.426,-54.7120,0.9989
8337.891,-54.6948,0.9988
8339.355,-54.7088,0.9987
8340.820,-54.6813,0.9989
8342.285,-54.7228,0.9990
8343.750,-54.7203,0.9988
8345.215,-54.7096,0.9989
8346.680,-54.7140,0.9988
8348.145,-54.6839,0.9989
8349.609,-54.7415,0.9990
8351.074,-54.7353,0.9989
8352.539,-54.7404,0.9989
8354.004,-54.7374,0.9987
8355.469,-54.7162,0.9990
8356.934,-54.7030,0.9991
8358.398,-54.6915,0.9990
8359.863,-54.7160,0.9988
8361.328,-54.7070,0.9989
8362.793,-54.7301,0.9990
8364.258,-54.7262,0.9991
8365.723,-54.7053,0.9989
8367.188,-54.7340,0.9989
8368.652,-54.7665,0.9990
8370.117,-54.7085,0.9991
8371.582,-54.7089,0.9988
8373.047,-54.7152,0.9990
8374.512,-54.7105,0.9990
8375.977,-54.6903,0.9991
8377.441,-54.6873,0.9989
8378.906,-54.7332,0.9988
8380.371,-54.7224,0.9986
8381.836,-54.7252,0.9988
8383.301,-54.7606,0.9987
8384.766,-54.7397,0.9987
8386.230,-54.7021,0.9988
8387.695,-54.6850,0.9986
8389.160,-54.7154,0.9988
8390.625,-54.7446,0.9990
8392.090,-54.7504,0.9988
8393.555,-54.7250,0.9989
8395.020,-54.6811,0.9989
8396.484,-54.6889,0.9989
8397.949,-54.6821,0.9990
8399.414,-54.7030,0.9988
8400.879,-54.6919,0.9989
8402.344,-54.6932,0.9991
8403.809,-54.6746,0.9991
8405.273,-54.7007,0.9989
8406.738,-54.7099,0.9990
8408.203,-54.7085,0.9989
8409.668,-54.7258,0.9990
8411.133,-54.7044,0.9992
8412.598,-54.6916,0.9991
8414.062,-54.6773,0.9991
8415.527,-54.6851,0.9991
8416.992,-54.6931,0.9991
8418.457,-54.6972,0.9990
8419.922,-54.6688,0.9990
8421.387,-54.6574,0.9990
8422.852,-54.6878,0.9990
8424.316,-54.7520,0.9991
8425.781,-54.7051,0.9991
8427.246,-54.6670,0.9991
8428.711,-54.6768,0.9990
8430.176,-54.6722,0.9990
8431.641,-54.6772,0.9990
8433.105,-54.6891,0.9989
8434.570,-54.7045,0.9990
8436.035,-54.6634,0.9990
8437.500,-54.6565,0.9990
8438.965,-54.6710,0.9990
8440.430,-54.6704,0.9990
8441.895,-54.6770,0.9990
8443.359,-54.6731,0.9991
8444.824,-54.6716,0.9992
8446.289,-54.6875,0.9991
8447.754,-54.6968,0.9990
8449.219,-54.7065,0.9992
8450.684,-54.6846,0.9992
8452.148,-54.7082,0.9992
8453.613,-54.7288,0.9991
8455.078,-54.7059,0.9991
8456.543,-54.7112,0.9990
8458.008,-54.6973,0.9990
8459.473,-54.6946,0.9990
8460.938,-54.6860,0.9990
8462.402,-54.6477,0.9991
8463.867,-54.6629,0.9992
8465.332,-54.7253,0.9992
8466.797,-54.6921,0.9992
8468.262,-54.7006,0.9992
8469.727,-54.6927,0.9993
8471.191,-54.6668,0.9990
8472.656,-54.6582,0.9991
8474.121,-54.6932,0.9992
8475.586,-54.6681,0.9992
8477.051,-54.6974,0.9992
8478.516,-54.6814,0.9993
8479.980,-54.6687,0.9993
8481.445,-54.6838,0.9992
8482.910,-54.6911,0.9993
8484.375,-54.6859,0.9993
8485.840,-54.6966,0.9993
8487.305,-54.6603,0.9993
8488.770,-54.6915,0.9993
8490.234,-54.6955,0.9992
8491.699,-54.6849,0.9991
8493.164,-54.6904,0.9993
8494.629,-54.7252,0.9993
8496.094,-54.6882,0.9993
8497.559,-54.6732,0.9993
8499.023,-54.6797,0.9993
8500.488,-54.6844,0.9991
8501.953,-54.6866,0.9992
8503.418,-54.6972,0.9992
8504.883,-54.6998,0.9992
8506.348,-54.6896,0.9991
8507.812,-54.6667,0.9992
8509.277,-54.6845,0.9992
8510.742,-54.6754,0.9991
8512.207,-54.6660,0.9991
8513.672,-54.6924,0.9993
8515.137,-54.6979,0.9992
8516.602,-54.6910,0.9993
8518.066,-54.7033,0.9994
8519.531,-54.7044,0.9993
8520.996,-54.6944,0.9991
8522.461,-54.6833,0.9994
8523.926,-54.6818,0.9994
8525.391,-54.7000,0.9993
8526.855,-54.6894,0.9992
8528.320,-54.6979,0.9992
8529.785,-54.6975,0.9994
8531.250,-54.7017,0.9995
8532.715,-54.7094,0.9993
8534.180,-54.6759,0.9992
8535.645,-54.6804,0.9994
8537.109,-54.6567,0.9993
8538.574,-54.6434,0.9993
8540.039,-54.6653,0.9993
8541.504,-54.6819,0.9994
8542.969,-54.6903,0.9993
8544.434,-54.6635,0.9992
8545.898,-54.6857,0.9992
8547.363,-54.6865,0.9993
8548.828,-54.6694,0.9994
8550.293,-54.6981,0.9993
8551.758,-54.7141,0.9994
8553.223,-54.7018,0.9993
8554.688,-54.7006,0.9992
8556.152,-54.6792,0.9994
8557.617,-54.6791,0.9995
8559.082,-54.7005,0.9995
8560.547,-54.6883,0.9994
8562.012,-54.6812,0.9994
8563.477,-54.6848,0.9994
8564.941,-54.6852,0.9994
8566.406,-54.6740,0.9994
8567.871,-54.6758,0.9994
8569.336,-54.6943,0.9993
8570.801,-54.7000,0.9992
8572.266,-54.7018,0.9994
8573.730,-54.7006,0.9993
8575.195,-54.6957,0.9993
8576.660,-54.6968,0.9993
8578.125,-54.6789,0.9994
8579.590,-54.6696,0.9994
8581.055,-54.7011,0.9993
8582.520,-54.7096,0.9993
8583.984,-54.6971,0.9994
8585.449,-54.6965,0.9995
8586.914,-54.6907,0.9994
8588.379,-54.7029,0.9993
8589.844,-54.6981,0.9995
8591.309,-54.6951,0.9995
8592.773,-54.7022,0.9993
8594.238,-54.6809,0.9994
8595.703,-54.6804,0.9995
8597.168,-54.6841,0.9995
8598.633,-54.6624,0.9995
8600.098,-54.6631,0.9994
8601.562,-54.7018,0.9993
8603.027,-54.7281,0.9994
8604.492,-54.7171,0.9994
8605.957,-54.6990,0.9995
8607.422,-54.7018,0.9994
8608.887,-54.6951,0.9993
8610.352,-54.6968,0.9995
8611.816,-54.7231,0.9995
8613.281,-54.7195,0.9994
8614.746,-54.7094,0.9995
8616.211,-54.7012,0.9994
8617.676,-54.7031,0.9995
8619.141,-54.7031,0.9995
8620.605,-54.6857,0.9995
8622.070,-54.6989,0.9994
8623.535,-54.7021,0.9995
8625.000,-54.6993,0.9995
8626.465,-54.6986,0.9995
8627.930,-54.6933,0.9995
8629.395,-54.7013,0.9995
8630.859,-54.7050,0.9994
8632.324,-54.6969,0.9994
8633.789,-54.6841,0.9995
8635.254,-54.6959,0.9995
8636.719,-54.7116,0.9994
8638.184,-54.6991,0.9994
8639.648,-54.6947,0.9995
8641.113,-54.7109,0.9995
8642.578,-54.7123,0.9994
8644.043,-54.7049,0.9995
8645.508,-54.7131,0.9995
8646.973,-54.7144,0.9995
8648.438,-54.7111,0.9995
8649.902,-54.7124,0.9995
8651.367,-54.7121,0.9996
8652.832,-54.7074,0.9994
8654.297,-54.6988,0.9993
8655.762,-54.7148,0.9994
8657.227,-54.7221,0.9995
8658.691,-54.7111,0.9995
8660.156,-54.6981,0.9995
8661.621,-54.6985,0.9994
8663.086,-54.7127,0.9994
8664.551,-54.7144,0.9994
8666.016,-54.7105,0.9993
8667.480,-54.7045,0.9994
8668.945,-54.7117,0.9995
8670.410,-54.7092,0.9994
8671.875,-54.7036,0.9995
8673.340,-54.7198,0.9994
8674.805,-54.7044,0.9994
8676.270,-54.6669,0.9995
8677.734,-54.6700,0.9995
8679.199,-54.6876,0.9996
8680.664,-54.6758,0.9995
8682.129,-54.6707,0.9994
8683.594,-54.7020,0.9994
8685.059,-54.7269,0.9994
8686.523,-54.7142,0.9995
8687.988,-54.7030,0.9995
8689.453,-54.7133,0.9994
8690.918,-54.7209,0.9994
8692.383,-54.7135,0.9995
8693.848,-54.7183,0.9995
8695.312,-54.7288,0.9995
8696.777,-54.7080,0.9995
8698.242,-54.6797,0.9995
8699.707,-54.6848,0.9995
8701.172,-54.7172,0.9995
8702.637,-54.7448,0.9995
8704.102,-54.7439,0.9995
8705.566,-54.7201,0.9994
8707.031,-54.7124,0.9994
8708.496,-54.7192,0.9994
8709.961,-54.7242,0.9994
8711.426,-54.7204,0.9994
8712.891,-54.7064,0.9995
8714.355,-54.7103,0.9995
8715.820,-54.7293,0.9994
8717.285,-54.7344,0.9995
8718.750,-54.7316,0.9995
8720.215,-54.7281,0.9994
8721.680,-54.7098,0.9994
8723.145,-54.7127,0.9995
8724.609,-54.7238,0.9996
8726.074,-54.7171,0.9995
8727.539,-54.7058,0.9995
8729.004,-54.7035,0.9994
8730.469,-54.7315,0.9993
8731.934,-54.7535,0.9994
8733.398,-54.7535,0.9995
8734.863,-54.7458,0.9996
8736.328,-54.7225,0.9995
8737.793,-54.7095,0.9995
8739.258,-54.7175,0.9995
8740.723,-54.7216,0.9994
8742.188,-54.7199,0.9994
8743.652,-54.7154,0.9994
8745.117,-54.7037,0.9994
8746.582,-54.7063,0.9995
8748.047,-54.7242,0.9994
8749.512,-54.7204,0.9994
8750.977,-54.7105,0.9995
8752.441,-54.7300,0.9995
8753.906,-54.7410,0.9995
8755.371,-54.7212,0.9994
8756.836,-54.7102,0.9994
8758.301,-54.7241,0.9994
8759.766,-54.7408,0.9995
8761.230,-54.7392,0.9994
8762.695,-54.7313,0.9994
8764.160,-54.7338,0.9995
8765.625,-54.7457,0.9995
8767.090,-54.7379,0.9994
8768.555,-54.7280,0.9995
8770.020,-54.7299,0.9994
8771.484,-54.7320,0.9995
8772.949,-54.7147,0.9994
8774.414,-54.7163,0.9995
8775.879,-54.7427,0.9995
8777.344,-54.7322,0.9995
8778.809,-54.7304,0.9995
8780.273,-54.7518,0.9995
8781.738,-54.7417,0.9995
8783.203,-54.7367,0.9995
8784.668,-54.7451,0.9995
8786.133,-54.7350,0.9994
8787.598,-54.7331,0.9995
8789.062,-54.7400,0.9995
8790.527,-54.7319,0.9995
8791.992,-54.7463,0.9994
8793.457,-54.7532,0.9994
8794.922,-54.7376,0.9994
8796.387,-54.7154,0.9994
8797.852,-54.7147,0.9993
8799.316,-54.7205,0.9994
8800.781,-54.7156,0.9995
8802.246,-54.7069,0.9994
8803.711,-54.7213,0.9994
8805.176,-54.7479,0.9994
8806.641,-54.7374,0.9993
8808.105,-54.7348,0.9993
8809.570,-54.7682,0.9993
8811.035,-54.7678,0.9993
8812.500,-54.7494,0.9993
8813.965,-54.7723,0.9993
8815.430,-54.7753,0.9994
8816.895,-54.7546,0.9993
8818.359,-54.7515,0.9993
8819.824,-54.7517,0.9993
8821.289,-54.7610,0.9993
8822.754,-54.7527,0.9993
8824.219,-54.7550,0.9993
8825.684,-54.7493,0.9992
8827.148,-54.7507,0.9993
8828.613,-54.7341,0.9993
8830.078,-54.7107,0.9993
8831.543,-54.7202,0.9993
8833.008,-54.7605,0.9992
8834.473,-54.7461,0.9992
8835.938,-54.7193,0.9992
8837.402,-54.7371,0.9992
8838.867,-54.7475,0.9992
8840.332,-54.7392,0.9993
8841.797,-54.7257,0.9993
8843.262,-54.7488,0.9994
8844.727,-54.7856,0.9993
8846.191,-54.7697,0.9992
8847.656,-54.7527,0.9990
8849.121,-54.7642,0.9992
8850.586,-54.7713,0.9993
8852.051,-54.7534,0.9993
8853.516,-54.7505,0.9994
8854.980,-54.7562,0.9994
8856.445,-54.7765,0.9992
8857.910,-54.7614,0.9994
8859.375,-54.7382,0.9994
8860.840,-54.7561,0.9993
8862.305,-54.7787,0.9994
8863.770,-54.7675,0.9993
8865.234,-54.7532,0.9994
8866.699,-54.7383,0.9993
8868.164,-54.7705,0.9993
8869.629,-54.7666,0.9992
8871.094,-54.7591,0.9992
8872.559,-54.7812,0.9992
8874.023,-54.7353,0.9991
8875.488,-54.7414,0.9992
8876.953,-54.7767,0.9992
8878.418,-54.7851,0.9993
8879.883,-54.7701,0.9994
8881.348,-54.7529,0.9992
8882.812,-54.7763,0.9992
8884.277,-54.7914,0.9992
8885.742,-54.7812,0.9993
8887.207,-54.7990,0.9992
8888.672,-54.8073,0.9992
8890.137,-54.7884,0.9992
8891.602,-54.7594,0.9991
8893.066,-54.7466,0.9992
8894.531,-54.7318,0.9994
8895.996,-54.7650,0.9991
8897.461,-54.7843,0.9990
8898.926,-54.7823,0.9992
8900.391,-54.7870,0.9992
8901.855,-54.8001,0.9993
8903.320,-54.7896,0.9993
8904.785,-54.7542,0.9992
8906.250,-54.7379,0.9991
8907.715,-54.7417,0.9991
8909.180,-54.7399,0.9991
8910.645,-54.7510,0.9992
8912.109,-54.8098,0.9990
8913.574,-54.8426,0.9992
8915.039,-54.8039,0.9992
8916.504,-54.7693,0.9992
8917.969,-54.7483,0.9991
8919.434,-54.7398,0.9990
8920.898,-54.7480,0.9991
8922.363,-54.7405,0.9991
8923.828,-54.7533,0.9990
8925.293,-54.7389,0.9991
8926.758,-54.7384,0.9988
8928.223,-54.7739,0.9990
8929.688,-54.8041,0.9991
8931.152,-54.7623,0.9992
8932.617,-54.7373,0.9991
8934.082,-54.7533,0.9990
8935.547,-54.7351,0.9992
8937.012,-54.7713,0.9993
8938.477,-54.7623,0.9991
8939.941,-54.7551,0.9991
8941.406,-54.7129,0.9990
8942.871,-54.7583,0.9990
8944.336,-54.7566,0.9991
8945.801,-54.7800,0.9991
8947.266,-54.7747,0.9991
8948.730,-54.7571,0.9992
8950.195,-54.7498,0.9991
8951.660,-54.7632,0.9991
8953.125,-54.8162,0.9992
8954.590,-54.7969,0.9990
8956.055,-54.7474,0.9989
8957.520,-54.7461,0.9990
8958.984,-54.7599,0.9988
8960.449,-54.7744,0.9987
8961.914,-54.7276,0.9990
8963.379,-54.7447,0.9990
8964.844,-54.7247,0.9992
8966.309,-54.7231,0.9991
8967.773,-54.7327,0.9989
8969.238,-54.7499,0.9990
8970.703,-54.7377,0.9992
8972.168,-54.7671,0.9989
8973.633,-54.7926,0.9990
8975.098,-54.7409,0.9990
8976.562,-54.7776,0.9989
8978.027,-54.7378,0.9988
8979.492,-54.7384,0.9989
8980.957,-54.7442,0.9989
8982.422,-54.7967,0.9990
8983.887,-54.7769,0.9988
8985.352,-54.7542,0.9988
8986.816,-54.7574,0.9988
8988.281,-54.7705,0.9989
8989.746,-54.7226,0.9991
8991.211,-54.7307,0.9990
8992.676,-54.6934,0.9989
8994.141,-54.7483,0.9991
8995.605,-54.7498,0.9989
8997.070,-54.7621,0.9988
8998.535,-54.7735,0.9988
9000.000,-54.7764,0.9989
9001.465,-54.7261,0.9991
9002.930,-54.7831,0.9990
9004.395,-54.7233,0.9988
9005.859,-54.7086,0.9988
9007.324,-54.7333,0.9990
9008.789,-54.7393,0.9988
9010.254,-54.7373,0.9987
9011.719,-54.7650,0.9987
9013.184,-54.7673,0.9990
9014.648,-54.7003,0.9989
9016.113,-54.7452,0.9987
9017.578,-54.7574,0.9986
9019.043,-54.7555,0.9988
9020.508,-54.7412,0.9987
9021.973,-54.7468,0.9987
9023.438,-54.7260,0.9989
9024.902,-54.7563,0.9989
9026.367,-54.7494,0.9987
9027.832,-54.7065,0.9988
9029.297,-54.7448,0.9988
9030.762,-54.7577,0.9989
9032.227,-54.7411,0.9988
9033.691,-54.7137,0.9988
9035.156,-54.7767,0.9988
9036.621,-54.7609,0.9987
9038.086,-54.7229,0.9987
9039.551,-54.7298,0.9986
9041.016,-54.7340,0.9989
9042.480,-54.7193,0.9987
9043.945,-54.7307,0.9986
9045.410,-54.7352,0.9986
9046.875,-54.7793,0.9986
9048.340,-54.7427,0.9986
9049.805,-54.7338,0.9988
9051.270,-54.7093,0.9988
9052.734,-54.7164,0.9987
9054.199,-54.7193,0.9988
9055.664,-54.7092,0.9989
9057.129,-54.7370,0.9986
9058.594,-54.7491,0.9988
9060.059,-54.7004,0.9988
9061.523,-54.6867,0.9988
9062.988,-54.7198,0.9986
9064.453,-54.7110,0.9987
9065.918,-54.7244,0.9987
9067.383,-54.7164,0.9989
9068.848,-54.7782,0.9990
9070.312,-54.7183,0.9989
9071.777,-54.7396,0.9989
9073.242,-54.7126,0.9989
9074.707,-54.7325,0.9988
9076.172,-54.6776,0.9987
9077.637,-54.6996,0.9986
9079.102,-54.6918,0.9987
9080.566,-54.7212,0.9986
9082.031,-54.7571,0.9988
9083.496,-54.7094,0.9990
9084.961,-54.7072,0.9989
9086.426,-54.7221,0.9988
9087.891,-54.7365,0.9989
9089.355,-54.7318,0.9989
9090.820,-54.7223,0.9989
9092.285,-54.7103,0.9990
9093.750,-54.7251,0.9990
9095.215,-54.6935,0.9988
9096.680,-54.7114,0.9987
9098.145,-54.7357,0.9987
9099.609,-54.7250,0.9989
9101.074,-54.7033,0.9989
9102.539,-54.6966,0.9987
9104.004,-54.7221,0.9989
9105.469,-54.7086,0.9990
9106.934,-54.7328,0.9988
9108.398,-54.7252,0.9988
9109.863,-54.6974,0.9989
9111.328,-54.7021,0.9990
9112.793,-54.6654,0.9991
9114.258,-54.7241,0.9988
9115.723,-54.7495,0.9988
9117.188,-54.7554,0.9989
9118.652,-54.6793,0.9988
9120.117,-54.7012,0.9989
9121.582,-54.6884,0.9988
9123.047,-54.7006,0.9988
9124.512,-54.6731,0.9989
9125.977,-54.7236,0.9987
9127.441,-54.6575,0.9988
9128.906,-54.6784,0.9990
9130.371,-54.7277,0.9990
9131.836,-54.7255,0.9990
9133.301,-54.7602,0.9989
9134.766,-54.7004,0.9989
9136.230,-54.7031,0.9989
9137.695,-54.7015,0.9989
9139.160,-54.7127,0.9989
9140.625,-54.7045,0.9990
9142.090,-54.7099,0.9990
9143.555,-54.6926,0.9989
9145.020,-54.6834,0.9989
9146.484,-54.6926,0.9989
9147.949,-54.6976,0.9989
9149.414,-54.7103,0.9990
9150.879,-54.7113,0.9990
9152.344,-54.6691,0.9990
9153.809,-54.7080,0.9989
9155.273,-54.7218,0.9990
9156.738,-54.7104,0.9991
9158.203,-54.7247,0.9990
9159.668,-54.6970,0.9990
9161.133,-54.7127,0.9989
9162.598,-54.7170,0.9989
9164.062,-54.6935,0.9990
9165.527,-54.7132,0.9990
9166.992,-54.6569,0.9991
9168.457,-54.6712,0.9990
9169.922,-54.6858,0.9991
9171.387,-54.6968,0.9990
9172.852,-54.6922,0.9991
9174.316,-54.7088,0.9990
9175.781,-54.7094,0.9989
9177.246,-54.6590,0.9991
9178.711,-54.6734,0.9989
9180.176,-54.6791,0.9990
9181.641,-54.7041,0.9991
9183.105,-54.6856,0.9992
9184.570,-54.7192,0.9989
9186.035,-54.7167,0.9988
9187.500,-54.6811,0.9991
9188.965,-54.6622,0.9990
9190.430,-54.6743,0.9991
9191.895,-54.6825,0.9992
9193.359,-54.6866,0.9993
9194.824,-54.7053,0.9991
9196.289,-54.7065,0.9991
9197.754,-54.6864,0.9992
9199.219,-54.6821,0.9991
9200.684,-54.6840,0.9990
9202.148,-54.7072,0.9989
9203.613,-54.6999,0.9990
9205.078,-54.6937,0.9991
9206.543,-54.7183,0.9991
9208.008,-54.6756,0.9992
9209.473,-54.6432,0.9993
9210.938,-54.6948,0.9992
9212.402,-54.6825,0.9991
9213.867,-54.6471,0.9993
9215.332,-54.6639,0.9992
9216.797,-54.6853,0.9991
9218.262,-54.6876,0.9990
9219.727,-54.7162,0.9992
9221.191,-54.7064,0.9992
9222.656,-54.6429,0.9992
9224.121,-54.6804,0.9992
9225.586,-54.6907,0.9992
9227.051,-54.6695,0.9991
9228.516,-54.6942,0.9992
9229.980,-54.7348,0.9991
9231.445,-54.7141,0.9991
9232.910,-54.6988,0.9991
9234.375,-54.6562,0.9993
9235.840,-54.6830,0.9993
9237.305,-54.6990,0.9993
9238.770,-54.6997,0.9992
9240.234,-54.6804,0.9992
9241.699,-54.6921,0.9992
9243.164,-54.6789,0.9992
9244.629,-54.6734,0.9992
9246.094,-54.7190,0.9992
9247.559,-54.7305,0.9992
9249.023,-54.6764,0.9993
9250.488,-54.6590,0.9993
9251.953,-54.6800,0.9994
9253.418,-54.6913,0.9992
9254.883,-54.6879,0.9992
9256.348,-54.7162,0.9992
9257.812,-54.7109,0.9992
9259.277,-54.7138,0.9992
9260.742,-54.6756,0.9992
9262.207,-54.6769,0.9992
9263.672,-54.6838,0.9992
9265.137,-54.6894,0.9992
9266.602,-54.6675,0.9992
9268.066,-54.6580,0.9994
9269.531,-54.6759,0.9994
9270.996,-54.6828,0.9994
9272.461,-54.6750,0.9993
9273.926,-54.6859,0.9994
9275.391,-54.7052,0.9994
9276.855,-54.6966,0.9992
9278.320,-54.6895,0.9993
9279.785,-54.7093,0.9992
9281.250,-54.7074,0.9992
9282.715,-54.7151,0.9994
9284.180,-54.6924,0.9993
9285.645,-54.6568,0.9991
9287.109,-54.6725,0.9993
9288.574,-54.7087,0.9994
9290.039,-54.7190,0.9994
9291.504,-54.7239,0.9993
9292.969,-54.6973,0.9994
9294.434,-54.6966,0.9994
9295.898,-54.7244,0.9994
9297.363,-54.7200,0.9993
9298.828,-54.6951,0.9993
9300.293,-54.6807,0.9994
9301.758,-54.6882,0.9994
9303.223,-54.6851,0.9994
9304.688,-54.6910,0.9994
9306.152,-54.7115,0.9994
9307.617,-54.6963,0.9993
9309.082,-54.6779,0.9993
9310.547,-54.7014,0.9994
9312.012,-54.6902,0.9994
9313.477,-54.6884,0.9993
9314.941,-54.7041,0.9994
9316.406,-54.6873,0.9994
9317.871,-54.6975,0.9993
9319.336,-54.7191,0.9994
9320.801,-54.7047,0.9994
9322.266,-54.6939,0.9994
9323.730,-54.7011,0.9993
9325.195,-54.7034,0.9994
9326.660,-54.7051,0.9993
9328.125,-54.7059,0.9994
9329.590,-54.7165,0.9994
9331.055,-54.7084,0.9994
9332.520,-54.6931,0.9993
9333.984,-54.6996,0.9993
9335.449,-54.7210,0.9994
9336.914,-54.7259,0.9992
9338.379,-54.7223,0.9992
9339.844,-54.7275,0.9994
9341.309,-54.7300,0.9993
9342.773,-54.7131,0.9993
9344.238,-54.6936,0.9994
9345.703,-54.7019,0.9994
9347.168,-54.7198,0.9994
9348.633,-54.7256,0.9995
9350.098,-54.7310,0.9995
9351.562,-54.7282,0.9993
9353.027,-54.7172,0.9993
9354.492,-54.6967,0.9994
9355.957,-54.7029,0.9995
9357.422,-54.7096,0.9995
9358.887,-54.7058,0.9994
9360.352,-54.7198,0.9994
9361.816,-54.7227,0.9994
9363.281,-54.7215,0.9994
9364.746,-54.7204,0.9993
9366.211,-54.7156,0.9993
9367.676,-54.7144,0.9994
9369.141,-54.7105,0.9993
9370.605,-54.7095,0.9994
9372.070,-54.7348,0.9993
9373.535,-54.7354,0.9994
9375.000,-54.7309,0.9994
9376.465,-54.7485,0.9994
9377.930,-54.7462,0.9994
9379.395,-54.7288,0.9995
9380.859,-54.7164,0.9995
9382.324,-54.7143,0.9994
9383.789,-54.7084,0.9993
9385.254,-54.7086,0.9993
9386.719,-54.7168,0.9994
9388.184,-54.7288,0.9994
9389.648,-54.7144,0.9994
9391.113,-54.6907,0.9995
9392.578,-54.7101,0.9994
9394.043,-54.7395,0.9995
9395.508,-54.7399,0.9995
9396.973,-54.7306,0.9993
9398.438,-54.7265,0.9995
9399.902,-54.7105,0.9994
9401.367,-54.6949,0.9994
9402.832,-54.6983,0.9993
9404.297,-54.7108,0.9993
9405.762,-54.7223,0.9994
9407.227,-54.7298,0.9993
9408.691,-54.7340,0.9994
9410.156,-54.7436,0.9994
9411.621,-54.7492,0.9994
9413.086,-54.7396,0.9994
9414.551,-54.7303,0.9994
9416.016,-54.7315,0.9994
9417.480,-54.7376,0.9995
9418.945,-54.7514,0.9995
9420.410,-54.7602,0.9995
9421.875,-54.7513,0.9993
9423.340,-54.7435,0.9993
9424.805,-54.7466,0.9994
9426.270,-54.7509,0.9994
9427.734,-54.7456,0.9994
9429.199,-54.7284,0.9995
9430.664,-54.7254,0.9995
9432.129,-54.7367,0.9995
9433.594,-54.7285,0.9994
9435.059,-54.7183,0.9994
9436.523,-54.7215,0.9995
9437.988,-54.7312,0.9994
9439.453,-54.7323,0.9995
9440.918,-54.7150,0.9993
9442.383,-54.7149,0.9993
9443.848,-54.7414,0.9994
9445.312,-54.7519,0.9994
9446.777,-54.7381,0.9993
9448.242,-54.7276,0.9995
9449.707,-54.7199,0.9995
9451.172,-54.7156,0.9995
9452.637,-54.7298,0.9995
9454.102,-54.7596,0.9995
9455.566,-54.7560,0.9994
9457.031,-54.7230,0.9995
9458.496,-54.7093,0.9994
9459.961,-54.6982,0.9993
9461.426,-54.7047,0.9994
9462.891,-54.7427,0.9994
9464.355,-54.7625,0.9994
9465.820,-54.7539,0.9994
9467.285,-54.7479,0.9994
9468.750,-54.7389,0.9993
9470.215,-54.7248,0.9994
9471.680,-54.7033,0.9994
9473.145,-54.7128,0.9995
9474.609,-54.7534,0.9995
9476.074,-54.7673,0.9994
9477.539,-54.7609,0.9995
9479.004,-54.7422,0.9994
9480.469,-54.7242,0.9994
9481.934,-54.7206,0.9994
9483.398,-54.7154,0.9993
9484.863,-54.7157,0.9993
9486.328,-54.7236,0.9993
9487.793,-54.7332,0.9994
9489.258,-54.7274,0.9995
9490.723,-54.7082,0.9995
9492.188,-54.7257,0.9995
9493.652,-54.7529,0.9994
9495.117,-54.7606,0.9994
9496.582,-54.7687,0.9994
9498.047,-54.7533,0.9994
9499.512,-54.7353,0.9994
9500.977,-54.7318,0.9995
9502.441,-54.7264,0.9995
9503.906,-54.7221,0.9994
9505.371,-54.7305,0.9994
9506.836,-54.7294,0.9993
9508.301,-54.7166,0.9994
9509.766,-54.7342,0.9994
9511.230,-54.7540,0.9993
9512.695,-54.7352,0.9994
9514.160,-54.7077,0.9995
9515.625,-54.7079,0.9995
9517.090,-54.7250,0.9994
9518.555,-54.7378,0.9995
9520.020,-54.7521,0.9994
9521.484,-54.7597,0.9994
9522.949,-54.7573,0.9993
9524.414,-54.7590,0.9994
9525.879,-54.7576,0.9994
9527.344,-54.7442,0.9994
9528.809,-54.7398,0.9995
9530.273,-54.7360,0.9994
9531.738,-54.7406,0.9994
9533.203,-54.7484,0.9994
9534.668,-54.7394,0.9994
9536.133,-54.7392,0.9993
9537.598,-54.7451,0.9993
9539.062,-54.7385,0.9994
9540.527,-54.7221,0.9994
9541.992,-54.7338,0.9993
9543.457,-54.7534,0.9994
9544.922,-54.7339,0.9993
9546.387,-54.7417,0.9993
9547.852,-54.7546,0.9993
9549.316,-54.7435,0.9993
9550.781,-54.7432,0.9992
9552.246,-54.7552,0.9993
9553.711,-54.7618,0.9995
9555.176,-54.7702,0.9995
9556.641,-54.7615,0.9994
9558.105,-54.7504,0.9993
9559.570,-54.7307,0.9992
9561.035,-54.7248,0.9993
9562.500,-54.7402,0.9993
9563.965,-54.7492,0.9993
9565.430,-54.7784,0.9993
9566.895,-54.7847,0.9994
9568.359,-54.7661,0.9994
9569.824,-54.7482,0.9993
9571.289,-54.7363,0.9993
9572.754,-54.7584,0.9993
9574.219,-54.7695,0.9993
9575.684,-54.7499,0.9992
9577.148,-54.7598,0.9994
9578.613,-54.7727,0.9994
9580.078,-54.7609,0.9993
9581.543,-54.7525,0.9992
9583.008,-54.7442,0.9993
9584.473,-54.7353,0.9994
9585.938,-54.7279,0.9994
9587.402,-54.7439,0.9994
9588.867,-54.7539,0.9993
9590.332,-54.7436,0.9993
9591.797,-54.7508,0.9994
9593.262,-54.7498,0.9994
9594.727,-54.7506,0.9993
9596.191,-54.7631,0.9993
9597.656,-54.7496,0.9992
9599.121,-54.7417,0.9992
9600.586,-54.7468,0.9993
9602.051,-54.7718,0.9994
9603.516,-54.7689,0.9994
9604.980,-54.7609,0.9993
9606.445,-54.7565,0.9993
9607.910,-54.7331,0.9992
9609.375,-54.7509,0.9993
9610.840,-54.7474,0.9992
9612.305,-54.7526,0.9991
9613.770,-54.7973,0.9991
9615.234,-54.7655,0.9992
9616.699,-54.7300,0.9993
9618.164,-54.7592,0.9993
9619.629,-54.7677,0.9991
9621.094,-54.7658,0.9990
9622.559,-54.7595,0.9993
9624.023,-54.7621,0.9991
9625.488,-54.7762,0.9991
9626.953,-54.7502,0.9992
9628.418,-54.7913,0.9992
9629.883,-54.8270,0.9993
9631.348,-54.7915,0.9992
9632.812,-54.7686,0.9993
9634.277,-54.7620,0.9993
9635.742,-54.7608,0.9992
9637.207,-54.7106,0.9991
9638.672,-54.7143,0.9992
9640.137,-54.7193,0.9993
9641.602,-54.7177,0.9991
9643.066,-54.7122,0.9993
9644.531,-54.7339,0.9992
9645.996,-54.7502,0.9991
9647.461,-54.7375,0.9990
9648.926,-54.7601,0.9991
9650.391,-54.7731,0.9993
9651.855,-54.7767,0.9992
9653.320,-54.7513,0.9991
9654.785,-54.7480,0.9991
9656.250,-54.7344,0.9991
9657.715,-54.7326,0.9991
9659.180,-54.7477,0.9990
9660.645,-54.7671,0.9991
9662.109,-54.7405,0.9992
9663.574,-54.7567,0.9991
9665.039,-54.7724,0.9990
9666.504,-54.7690,0.9990
9667.969,-54.7084,0.9990
9669.434,-54.7122,0.9992
9670.898,-54.7373,0.9991
9672.363,-54.7275,0.9990
9673.828,-54.7577,0.9991
9675.293,-54.7475,0.9990
9676.758,-54.7602,0.9991
9678.223,-54.7600,0.9990
9679.688,-54.7521,0.9990
9681.152,-54.7306,0.9989
9682.617,-54.7625,0.9990
9684.082,-54.7745,0.9991
9685.547,-54.7857,0.9990
9687.012,-54.7577,0.9990
9688.477,-54.7981,0.9990
9689.941,-54.7772,0.9991
9691.406,-54.7527,0.9990
9692.871,-54.7558,0.9988
9694.336,-54.7868,0.9990
9695.801,-54.7787,0.9992
9697.266,-54.7655,0.9991
9698.730,-54.7509,0.9992
9700.195,-54.7495,0.9992
9701.660,-54.7566,0.9989
9703.125,-54.7583,0.9989
9704.590,-54.7310,0.9990
9706.055,-54.7482,0.9989
9707.520,-54.7958,0.9990
9708.984,-54.7702,0.9989
9710.449,-54.8038,0.9990
9711.914,-54.7718,0.9990
9713.379,-54.7658,0.9990
9714.844,-54.7325,0.9990
9716.309,-54.7920,0.9987
9717.773,-54.7835,0.9988
9719.238,-54.7446,0.9991
9720.703,-54.7689,0.9990
9722.168,-54.7548,0.9988
9723.633,-54.7183,0.9990
9725.098,-54.7391,0.9988
9726.562,-54.7508,0.9989
9728.027,-54.7296,0.9989
9729.492,-54.7348,0.9990
9730.957,-54.7422,0.9989
9732.422,-54.7195,0.9990
9733.887,-54.7286,0.9989
9735.352,-54.7546,0.9989
9736.816,-54.7578,0.9990
9738.281,-54.7205,0.9989
9739.746,-54.7407,0.9987
9741.211,-54.7830,0.9985
9742.676,-54.7466,0.9989
9744.141,-54.7130,0.9989
9745.605,-54.7624,0.9988
9747.070,-54.7551,0.9989
9748.535,-54.7557,0.9989
9750.000,-54.7597,0.9990
9751.465,-54.7648,0.9988
9752.930,-54.7820,0.9988
9754.395,-54.7836,0.9988
9755.859,-54.7882,0.9990
9757.324,-54.7379,0.9989
9758.789,-54.7132,0.9989
9760.254,-54.7119,0.9988
9761.719,-54.7132,0.9985
9763.184,-54.7319,0.9986
9764.648,-54.7653,0.9988
9766.113,-54.7148,0.9986
9767.578,-54.7448,0.9988
9769.043,-54.7208,0.9989
9770.508,-54.7370,0.9988
9771.973,-54.7227,0.9987
9773.438,-54.7554,0.9988
9774.902,-54.7337,0.9986
9776.367,-54.7469,0.9985
9777.832,-54.7421,0.9988
9779.297,-54.7612,0.9986
9780.762,-54.7479,0.9985
9782.227,-54.7391,0.9989
9783.691,-54.6972,0.9988
9785.156,-54.7390,0.9989
9786.621,-54.7436,0.9988
9788.086,-54.7271,0.9988
9789.551,-54.6945,0.9988
9791.016,-54.7478,0.9988
9792.480,-54.7356,0.9987
9793.945,-54.7449,0.9986
9795.410,-54.7350,0.9987
9796.875,-54.7805,0.9986
9798.340,-54.7383,0.9987
9799.805,-54.7168,0.9989
9801.270,-54.7101,0.9989
9802.734,-54.6852,0.9987
9804.199,-54.6703,0.9987
9805.664,-54.7304,0.9987
9807.129,-54.7448,0.9987
9808.594,-54.7180,0.9987
9810.059,-54.7732,0.9989
9811.523,-54.7308,0.9988
9812.988,-54.7362,0.9986
9814.453,-54.7617,0.9987
9815.918,-54.7218,0.9988
9817.383,-54.7363,0.9987
9818.848,-54.7131,0.9987
9820.312,-54.7468,0.9988
9821.777,-54.7278,0.9988
9823.242,-54.7368,0.9986
9824.707,-54.7492,0.9987
9826.172,-54.7462,0.9987
9827.637,-54.7036,0.9984
9829.102,-54.6823,0.9986
9830.566,-54.7294,0.9987
9832.031,-54.7328,0.9988
9833.496,-54.7638,0.9987
9834.961,-54.7047,0.9985
9836.426,-54.7033,0.9986
9837.891,-54.7044,0.9985
9839.355,-54.7658,0.9988
9840.820,-54.7547,0.9987
9842.285,-54.6892,0.9987
9843.750,-54.7357,0.9988
9845.215,-54.7430,0.9991
9846.680,-54.7097,0.9991
9848.145,-54.6987,0.9988
9849.609,-54.7263,0.9986
9851.074,-54.7409,0.9986
9852.539,-54.7369,0.9988
9854.004,-54.7403,0.9988
9855.469,-54.7221,0.9988
9856.934,-54.7441,0.9987
9858.398,-54.7509,0.9988
9859.863,-54.7495,0.9986
9861.328,-54.7644,0.9985
9862.793,-54.6901,0.9985
9864.258,-54.6965,0.9987
9865.723,-54.7262,0.9986
9867.188,-54.7342,0.9985
9868.652,-54.7193,0.9987
9870.117,-54.7313,0.9988
9871.582,-54.7064,0.9990
9873.047,-54.6763,0.9988
9874.512,-54.6826,0.9986
9875.977,-54.7085,0.9987
9877.441,-54.6737,0.9988
9878.906,-54.6881,0.9987
9880.371,-54.7156,0.9986
9881.836,-54.7164,0.9988
9883.301,-54.6737,0.9989
9884.766,-54.7087,0.9987
9886.230,-54.7211,0.9987
9887.695,-54.7063,0.9987
9889.160,-54.6772,0.9987
9890.625,-54.6742,0.9989
9892.090,-54.6928,0.9987
9893.555,-54.6770,0.9988
9895.020,-54.7177,0.9988
9896.484,-54.6827,0.9989
9897.949,-54.6939,0.9986
9899.414,-54.7219,0.9986
9900.879,-54.6869,0.9989
9902.344,-54.6600,0.9990
9903.809,-54.6749,0.9989
9905.273,-54.7153,0.9987
9906.738,-54.7104,0.9988
9908.203,-54.6819,0.9990
9909.668,-54.6709,0.9987
9911.133,-54.7361,0.9988
9912.598,-54.7086,0.9988
9914.062,-54.6575,0.9989
9915.527,-54.6701,0.9989
9916.992,-54.6724,0.9990
9918.457,-54.6636,0.9989
9919.922,-54.6683,0.9988
9921.387,-54.6757,0.9987
9922.852,-54.7139,0.9987
9924.316,-54.6995,0.9986
9925.781,-54.6736,0.9988
9927.246,-54.6653,0.9990
9928.711,-54.6818,0.9991
9930.176,-54.6471,0.9989
9931.641,-54.6645,0.9989
9933.105,-54.6927,0.9989
9934.570,-54.7046,0.9991
9936.035,-54.6721,0.9989
9937.500,-54.6987,0.9988
9938.965,-54.6750,0.9988
9940.430,-54.6865,0.9988
9941.895,-54.7570,0.9988
9943.359,-54.6974,0.9988
9944.824,-54.7000,0.9988
9946.289,-54.7026,0.9988
9947.754,-54.6845,0.9990
9949.219,-54.6994,0.9989
9950.684,-54.6791,0.9989
9952.148,-54.7209,0.9987
9953.613,-54.7233,0.9989
9955.078,-54.6925,0.9992
9956.543,-54.6877,0.9990
9958.008,-54.6903,0.9989
9959.473,-54.6678,0.9991
9960.938,-54.6743,0.9991
9962.402,-54.6924,0.9990
9963.867,-54.6793,0.9990
9965.332,-54.6842,0.9990
9966.797,-54.6870,0.9990
9968.262,-54.6685,0.9990
9969.727,-54.6673,0.9990
9971.191,-54.6474,0.9990
9972.656,-54.6634,0.9989
9974.121,-54.6987,0.9990
9975.586,-54.6986,0.9992
9977.051,-54.6974,0.9992
9978.516,-54.6690,0.9993
9979.980,-54.7011,0.9990
9981.445,-54.6774,0.9991
9982.910,-54.6662,0.9991
9984.375,-54.6900,0.9988
9985.840,-54.6429,0.9990
9987.305,-54.6578,0.9990
9988.770,-54.6605,0.9992
9990.234,-54.7191,0.9991
9991.699,-54.7302,0.9989
9993.164,-54.6999,0.9991
9994.629,-54.7092,0.9991
9996.094,-54.7132,0.9992
9997.559,-54.6939,0.9992
9999.023,-54.6767,0.9990
10000.488,-54.7113,0.9991
10001.953,-54.6900,0.9991
10003.418,-54.6704,0.9990
10004.883,-54.6722,0.9991
10006.348,-54.6779,0.9991
10007.812,-54.6870,0.9993
10009.277,-54.7215,0.9991
10010.742,-54.7014,0.9993
10012.207,-54.6859,0.9991
10013.672,-54.6897,0.9991
10015.137,-54.6860,0.9989
10016.602,-54.6597,0.9990
10018.066,-54.6771,0.9992
10019.531,-54.6770,0.9989
10020.996,-54.6796,0.9989
10022.461,-54.7060,0.9991
10023.926,-54.6927,0.9992
10025.391,-54.6782,0.9992
10026.855,-54.6960,0.9990
10028.320,-54.7154,0.9991
10029.785,-54.6937,0.9991
10031.250,-54.7060,0.9992
10032.715,-54.7054,0.9992
10034.180,-54.6861,0.9990
10035.645,-54.7074,0.9989
10037.109,-54.7102,0.9990
10038.574,-54.7054,0.9992
10040.039,-54.6983,0.9993
10041.504,-54.6896,0.9992
10042.969,-54.6681,0.9991
10044.434,-54.6692,0.9992
10045.898,-54.7078,0.9991
10047.363,-54.7110,0.9992
10048.828,-54.6897,0.9991
10050.293,-54.6927,0.9992
10051.758,-54.7152,0.9992
10053.223,-54.7191,0.9991
10054.688,-54.7176,0.9993
10056.152,-54.7271,0.9993
10057.617,-54.7056,0.9992
10059.082,-54.7005,0.9992
10060.547,-54.7202,0.9993
10062.012,-54.7249,0.9991
10063.477,-54.6878,0.9991
10064.941,-54.6762,0.9993
10066.406,-54.7124,0.9992
10067.871,-54.7112,0.9993
10069.336,-54.6897,0.9994
10070.801,-54.7087,0.9992
10072.266,-54.7158,0.9991
10073.730,-54.6976,0.9992
10075.195,-54.6875,0.9993
10076.660,-54.6989,0.9992
10078.125,-54.7172,0.9990
10079.590,-54.7477,0.9992
10081.055,-54.7268,0.9992
10082.520,-54.6707,0.9992
10083.984,-54.6724,0.9992
10085.449,-54.7024,0.9993
10086.914,-54.6983,0.9993
10088.379,-54.6895,0.9992
10089.844,-54.6599,0.9992
10091.309,-54.6773,0.9992
10092.773,-54.6835,0.9993
10094.238,-54.7057,0.9994
10095.703,-54.7096,0.9994
10097.168,-54.6857,0.9993
10098.633,-54.7148,0.9992
10100.098,-54.7132,0.9993
10101.562,-54.7172,0.9992
10103.027,-54.7168,0.9992
10104.492,-54.7088,0.9993
10105.957,-54.7022,0.9994
10107.422,-54.7111,0.9993
10108.887,-54.6991,0.9993
10110.352,-54.7081,0.9993
10111.816,-54.7221,0.9994
10113.281,-54.7141,0.9994
10114.746,-54.7015,0.9993
10116.211,-54.6924,0.9992
10117.676,-54.6942,0.9992
10119.141,-54.7014,0.9992
10120.605,-54.6783,0.9994
10122.070,-54.6634,0.9994
10123.535,-54.6804,0.9994
10125.000,-54.7089,0.9993
10126.465,-54.7132,0.9992
10127.930,-54.7034,0.9993
10129.395,-54.6924,0.9993
10130.859,-54.6926,0.9993
10132.324,-54.7211,0.9995
10133.789,-54.7288,0.9993
10135.254,-54.7263,0.9993
10136.719,-54.7242,0.9993
10138.184,-54.7036,0.9992
10139.648,-54.7074,0.9993
10141.113,-54.7320,0.9993
10142.578,-54.7244,0.9993
10144.043,-54.7037,0.9993
10145.508,-54.7059,0.9993
10146.973,-54.7155,0.9992
10148.438,-54.7151,0.9993
10149.902,-54.7305,0.9994
10151.367,-54.7205,0.9993
10152.832,-54.6973,0.9993
10154.297,-54.7128,0.9992
10155.762,-54.7107,0.9993
10157.227,-54.7141,0.9993
10158.691,-54.7278,0.9994
10160.156,-54.7323,0.9995
10161.621,-54.7332,0.9993
10163.086,-54.7317,0.9993
10164.551,-54.7341,0.9993
10166.016,-54.7393,0.9993
10167.480,-54.7419,0.9993
10168.945,-54.7227,0.9993
10170.410,-54.7143,0.9994
10171.875,-54.7303,0.9994
10173.340,-54.7310,0.9994
10174.805,-54.7165,0.9994
10176.270,-54.7074,0.9992
10177.734,-54.7182,0.9993
10179.199,-54.7347,0.9992
10180.664,-54.7230,0.9993
10182.129,-54.7108,0.9994
10183.594,-54.7231,0.9994
10185.059,-54.7232,0.9994
10186.523,-54.7262,0.9993
10187.988,-54.7300,0.9993
10189.453,-54.6942,0.9993
10190.918,-54.6719,0.9994
10192.383,-54.7001,0.9994
10193.848,-54.7362,0.9993
10195.312,-54.7436,0.9993
10196.777,-54.7392,0.9993
10198.242,-54.7422,0.9994
10199.707,-54.7373,0.9995
10201.172,-54.7259,0.9995
10202.637,-54.7288,0.9994
10204.102,-54.7320,0.9993
10205.566,-54.7338,0.9993
10207.031,-54.7444,0.9994
10208.496,-54.7465,0.9995
10209.961,-54.7224,0.9994
10211.426,-54.6942,0.9995
10212.891,-54.6928,0.9994
10214.355,-54.7010,0.9994
10215.820,-54.7111,0.9994
10217.285,-54.7203,0.9993
10218.750,-54.7269,0.9994
10220.215,-54.7274,0.9995
10221.680,-54.7186,0.9995
10223.145,-54.7406,0.9994
10224.609,-54.7463,0.9993
10226.074,-54.7185,0.9993
10227.539,-54.7269,0.9994
10229.004,-54.7397,0.9994
10230.469,-54.7326,0.9994
10231.934,-54.7316,0.9994
10233.398,-54.7330,0.9994
10234.863,-54.7183,0.9995
10236.328,-54.7001,0.9994
10237.793,-54.6974,0.9994
10239.258,-54.7056,0.9994
10240.723,-54.7130,0.9994
10242.188,-54.7213,0.9993
10243.652,-54.7347,0.9994
10245.117,-54.7380,0.9994
10246.582,-54.7305,0.9993
10248.047,-54.7276,0.9992
10249.512,-54.7323,0.9993
10250.977,-54.7195,0.9995
10252.441,-54.7151,0.9993
10253.906,-54.7338,0.9993
10255.371,-54.7289,0.9993
10256.836,-54.7114,0.9994
10258.301,-54.7174,0.9994
10259.766,-54.7450,0.9994
10261.230,-54.7420,0.9993
10262.695,-54.7125,0.9992
10264.160,-54.7121,0.9992
10265.625,-54.7347,0.9994
10267.090,-54.7394,0.9993
10268.555,-54.7191,0.9995
10270.020,-54.7141,0.9994
10271.484,-54.7300,0.9993
10272.949,-54.7468,0.9994
10274.414,-54.7559,0.9994
10275.879,-54.7474,0.9995
10277.344,-54.7285,0.9994
10278.809,-54.7261,0.9994
10280.273,-54.7445,0.9994
10281.738,-54.7520,0.9993
10283.203,-54.7423,0.9993
10284.668,-54.7367,0.9994
10286.133,-54.7411,0.9995
10287.598,-54.7416,0.9994
10289.062,-54.7378,0.9994
10290.527,-54.7340,0.9994
10291.992,-54.7284,0.9993
10293.457,-54.7227,0.9993
10294.922,-54.7254,0.9993
10296.387,-54.7384,0.9994
10297.852,-54.7489,0.9993
10299.316,-54.7462,0.9994
10300.781,-54.7399,0.9994
10302.246,-54.7441,0.9994
10303.711,-54.7456,0.9994
10305.176,-54.7301,0.9993
10306.641,-54.7270,0.9994
10308.105,-54.7180,0.9994
10309.570,-54.7026,0.9993
10311.035,-54.7314,0.9994
10312.500,-54.7444,0.9994
10313.965,-54.7278,0.9993
10315.430,-54.7271,0.9993
10316.895,-54.7328,0.9993
10318.359,-54.7503,0.9993
10319.824,-54.7866,0.9995
10321.289,-54.7837,0.9993
10322.754,-54.7522,0.9992
10324.219,-54.7437,0.9993
10325.684,-54.7425,0.9994
10327.148,-54.7617,0.9992
10328.613,-54.7821,0.9992
10330.078,-54.7660,0.9994
10331.543,-54.7514,0.9994
10333.008,-54.7583,0.9994
10334.473,-54.7445,0.9992
10335.938,-54.7496,0.9992
10337.402,-54.7543,0.9992
10338.867,-54.7365,0.9992
10340.332,-54.7403,0.9994
10341.797,-54.7507,0.9993
10343.262,-54.7525,0.9994
10344.727,-54.7312,0.9994
10346.191,-54.7380,0.9992
10347.656,-54.7807,0.9994
10349.121,-54.7998,0.9994
10350.586,-54.7775,0.9994
10352.051,-54.7487,0.9994
10353.516,-54.7461,0.9993
10354.980,-54.7483,0.9993
10356.445,-54.7582,0.9993
10357.910,-54.7659,0.9994
10359.375,-54.7545,0.9994
10360.840,-54.7721,0.9993
10362.305,-54.8006,0.9993
10363.770,-54.7748,0.9993
10365.234,-54.7429,0.9992
10366.699,-54.7402,0.9992
10368.164,-54.7565,0.9993
10369.629,-54.7613,0.9993
10371.094,-54.7453,0.9993
10372.559,-54.7411,0.9992
10374.023,-54.7495,0.9992
10375.488,-54.7312,0.9992
10376.953,-54.7347,0.9994
10378.418,-54.7432,0.9993
10379.883,-54.7518,0.9992
10381.348,-54.7710,0.9993
10382.812,-54.7617,0.9993
10384.277,-54.7447,0.9991
10385.742,-54.7469,0.9992
10387.207,-54.7504,0.9993
10388.672,-54.7522,0.9993
10390.137,-54.7504,0.9992
10391.602,-54.7552,0.9992
10393.066,-54.7539,0.9993
10394.531,-54.7592,0.9994
10395.996,-54.7568,0.9994
10397.461,-54.7447,0.9993
10398.926,-54.7548,0.9991
10400.391,-54.7768,0.9993
10401.855,-54.7562,0.9994
10403.320,-54.7505,0.9991
10404.785,-54.7735,0.9991
10406.250,-54.7691,0.9991
10407.715,-54.7346,0.9992
10409.180,-54.7401,0.9994
10410.645,-54.7498,0.9992
10412.109,-54.7451,0.9992
10413.574,-54.7632,0.9993
10415.039,-54.7644,0.9993
10416.504,-54.7252,0.9993
10417.969,-54.7181,0.9994
10419.434,-54.7433,0.9992
10420.898,-54.7612,0.9993
10422.363,-54.7542,0.9991
10423.828,-54.7686,0.9992
10425.293,-54.7600,0.9993
10426.758,-54.7576,0.9993
10428.223,-54.7570,0.9991
10429.688,-54.7721,0.9991
10431.152,-54.7688,0.9992
10432.617,-54.7661,0.9992
10434.082,-54.7723,0.9990
10435.547,-54.7552,0.9992
10437.012,-54.7453,0.9994
10438.477,-54.7274,0.9993
10439.941,-54.7315,0.9992
10441.406,-54.7668,0.9991
10442.871,-54.8056,0.9992
10444.336,-54.7778,0.9991
10445.801,-54.7491,0.9992
10447.266,-54.7488,0.9993
10448.730,-54.7449,0.9992
10450.195,-54.7630,0.9992
10451.660,-54.7632,0.9991
10453.125,-54.7514,0.9991
10454.590,-54.7530,0.9990
10456.055,-54.7599,0.9991
10457.520,-54.7819,0.9992
10458.984,-54.7914,0.9991
10460.449,-54.7647,0.9991
10461.914,-54.7828,0.9992
10463.379,-54.7765,0.9992
10464.844,-54.7433,0.9991
10466.309,-54.7581,0.9991
10467.773,-54.7412,0.9991
10469.238,-54.7714,0.9991
10470.703,-54.7766,0.9991
10472.168,-54.7242,0.9991
10473.633,-54.7456,0.9992
10475.098,-54.7650,0.9990
10476.562,-54.7690,0.9988
10478.027,-54.7382,0.9990
10479.492,-54.7161,0.9992
10480.957,-54.7649,0.9991
10482.422,-54.7466,0.9989
10483.887,-54.7514,0.9990
10485.352,-54.7673,0.9991
10486.816,-54.7487,0.9992
10488.281,-54.7723,0.9990
10489.746,-54.7738,0.9990
10491.211,-54.7704,0.9990
10492.676,-54.8052,0.9989
10494.141,-54.7843,0.9989
10495.605,-54.7681,0.9989
10497.070,-54.7552,0.9988
10498.535,-54.7502,0.9990
10500.000,-54.7534,0.9990
10501.465,-54.7665,0.9988
10502.930,-54.7860,0.9989
10504.395,-54.7584,0.9988
10505.859,-54.7452,0.9990
10507.324,-54.7511,0.9990
10508.789,-54.7527,0.9990
10510.254,-54.7449,0.9989
10511.719,-54.7593,0.9990
10513.184,-54.7488,0.9992
10514.648,-54.7520,0.9991
10516.113,-54.7842,0.9990
10517.578,-54.7517,0.9989
10519.043,-54.7648,0.9991
10520.508,-54.7556,0.9991
10521.973,-54.7435,0.9990
10523.438,-54.7736,0.9988
10524.902,-54.7728,0.9987
10526.367,-54.7442,0.9988
10527.832,-54.7404,0.9990
10529.297,-54.7715,0.9989
10530.762,-54.7829,0.9987
10532.227,-54.7524,0.9987
10533.691,-54.7361,0.9989
10535.156,-54.7535,0.9989
10536.621,-54.7869,0.9989
10538.086,-54.7799,0.9988
10539.551,-54.7690,0.9987
10541.016,-54.7872,0.9989
10542.480,-54.7795,0.9989
10543.945,-54.7797,0.9990
10545.410,-54.7720,0.9988
10546.875,-54.7624,0.9988
10548.340,-54.7821,0.9990
10549.805,-54.8024,0.9991
10551.270,-54.7541,0.9989
10552.734,-54.7358,0.9988
10554.199,-54.7276,0.9989
10555.664,-54.7116,0.9990
10557.129,-54.7391,0.9987
10558.594,-54.7279,0.9987
10560.059,-54.7068,0.9989
10561.523,-54.7449,0.9987
10562.988,-54.7218,0.9986
10564.453,-54.7512,0.9988
10565.918,-54.7996,0.9988
10567.383,-54.7564,0.9986
10568.848,-54.7556,0.9986
10570.312,-54.7785,0.9989
10571.777,-54.7667,0.9988
10573.242,-54.7910,0.9989
10574.707,-54.7656,0.9990
10576.172,-54.7189,0.9989
10577.637,-54.7553,0.9988
10579.102,-54.7521,0.9989
10580.566,-54.7775,0.9987
10582.031,-54.7892,0.9989
10583.496,-54.7410,0.9990
10584.961,-54.7288,0.9987
10586.426,-54.7380,0.9988
10587.891,-54.7564,0.9987
10589.355,-54.7842,0.9986
10590.820,-54.7799,0.9985
10592.285,-54.7756,0.9985
10593.750,-54.7515,0.9988
10595.215,-54.7648,0.9988
10596.680,-54.7637,0.9986
10598.145,-54.7639,0.9986
10599.609,-54.7343,0.9988
10601.074,-54.7670,0.9987
10602.539,-54.7691,0.9986
10604.004,-54.7240,0.9986
10605.469,-54.7770,0.9986
10606.934,-54.7795,0.9987
10608.398,-54.7287,0.9987
10609.863,-54.7305,0.9989
10611.328,-54.7567,0.9987
10612.793,-54.7570,0.9985
10614.258,-54.7817,0.9986
10615.723,-54.7368,0.9986
10617.188,-54.7535,0.9985
10618.652,-54.7228,0.9986
10620.117,-54.7145,0.9986
10621.582,-54.7292,0.9989
10623.047,-54.7742,0.9988
10624.512,-54.7684,0.9987
10625.977,-54.7401,0.9986
10627.441,-54.7875,0.9985
10628.906,-54.7335,0.9985
10630.371,-54.7561,0.9985
10631.836,-54.7138,0.9984
10633.301,-54.7661,0.9987
10634.766,-54.7752,0.9988
10636.230,-54.7040,0.9988
10637.695,-54.7494,0.9988
10639.160,-54.7112,0.9988
10640.625,-54.7463,0.9985
10642.090,-54.7866,0.9985
10643.555,-54.8060,0.9986
10645.020,-54.7345,0.9988
10646.484,-54.7516,0.9985
10647.949,-54.7306,0.9983
10649.414,-54.7367,0.9987
10650.879,-54.7343,0.9986
10652.344,-54.7276,0.9986
10653.809,-54.6959,0.9985
10655.273,-54.7308,0.9984
10656.738,-54.7408,0.9984
10658.203,-54.7554,0.9986
10659.668,-54.7371,0.9988
10661.133,-54.7083,0.9987
10662.598,-54.7018,0.9988
10664.062,-54.7465,0.9988
10665.527,-54.7558,0.9988
10666.992,-54.7297,0.9986
10668.457,-54.7247,0.9985
10669.922,-54.7360,0.9988
10671.387,-54.7155,0.9987
10672.852,-54.6936,0.9987
10674.316,-54.6982,0.9985
10675.781,-54.7737,0.9984
10677.246,-54.6857,0.9986
10678.711,-54.7052,0.9986
10680.176,-54.6985,0.9987
10681.641,-54.7028,0.9985
10683.105,-54.7039,0.9988
10684.570,-54.7174,0.9988
10686.035,-54.7546,0.9986
10687.500,-54.7183,0.9986
10688.965,-54.7346,0.9987
10690.430,-54.7240,0.9986
10691.895,-54.6718,0.9984
10693.359,-54.7012,0.9984
10694.824,-54.7128,0.9986
10696.289,-54.7191,0.9988
10697.754,-54.7521,0.9985
10699.219,-54.7269,0.9985
10700.684,-54.7344,0.9987
10702.148,-54.6887,0.9989
10703.613,-54.7381,0.9985
10705.078,-54.6966,0.9983
10706.543,-54.7231,0.9985
10708.008,-54.6819,0.9987
10709.473,-54.7099,0.9988
10710.938,-54.7471,0.9985
10712.402,-54.6996,0.9985
10713.867,-54.7213,0.9985
10715.332,-54.7235,0.9988
10716.797,-54.7038,0.9988
10718.262,-54.7375,0.9984
10719.727,-54.6696,0.9985
10721.191,-54.7302,0.9985
10722.656,-54.6971,0.9987
10724.121,-54.7414,0.9985
10725.586,-54.6652,0.9985
10727.051,-54.7247,0.9987
10728.516,-54.7263,0.9989
10729.980,-54.7345,0.9986
10731.445,-54.6946,0.9986
10732.910,-54.7185,0.9987
10734.375,-54.7267,0.9985
10735.840,-54.7033,0.9985
10737.305,-54.7283,0.9988
10738.770,-54.6861,0.9987
10740.234,-54.7294,0.9986
10741.699,-54.6862,0.9987
10743.164,-54.6883,0.9987
10744.629,-54.6682,0.9986
10746.094,-54.6675,0.9987
10747.559,-54.7098,0.9986
10749.023,-54.7096,0.9985
10750.488,-54.7417,0.9986
10751.953,-54.7347,0.9985
10753.418,-54.6993,0.9986
10754.883,-54.7462,0.9990
10756.348,-54.7179,0.9987
10757.812,-54.6971,0.9987
10759.277,-54.7347,0.9987
10760.742,-54.7192,0.9989
10762.207,-54.6850,0.9989
10763.672,-54.6755,0.9988
10765.137,-54.7230,0.9986
10766.602,-54.7175,0.9988
10768.066,-54.7190,0.9990
10769.531,-54.7316,0.9989
10770.996,-54.6763,0.9987
10772.461,-54.7089,0.9987
10773.926,-54.6843,0.9989
10775.391,-54.6737,0.9990
10776.855,-54.7163,0.9989
10778.320,-54.6961,0.9990
10779.785,-54.7233,0.9990
10781.250,-54.6606,0.9989
10782.715,-54.6849,0.9989
10784.180,-54.7029,0.9990
10785.645,-54.6984,0.9988
10787.109,-54.6967,0.9988
10788.574,-54.7047,0.9987
10790.039,-54.7041,0.9988
10791.504,-54.6805,0.9989
10792.969,-54.7212,0.9990
10794.434,-54.7202,0.9988
10795.898,-54.6538,0.9987
10797.363,-54.6668,0.9987
10798.828,-54.6999,0.9989
10800.293,-54.7509,0.9989
10801.758,-54.7272,0.9988
10803.223,-54.7205,0.9989
10804.688,-54.7375,0.9991
10806.152,-54.7147,0.9990
10807.617,-54.7286,0.9987
10809.082,-54.7191,0.9989
10810.547,-54.7202,0.9987
10812.012,-54.7118,0.9988
10813.477,-54.6858,0.9989
10814.941,-54.6568,0.9990
10816.406,-54.7043,0.9988
10817.871,-54.6915,0.9988
10819.336,-54.6768,0.9990
10820.801,-54.6892,0.9990
10822.266,-54.7126,0.9990
10823.730,-54.6786,0.9988
10825.195,-54.7093,0.9989
10826.660,-54.7297,0.9988
10828.125,-54.6772,0.9990
10829.590,-54.6801,0.9991
10831.055,-54.7022,0.9991
10832.520,-54.6967,0.9991
10833.984,-54.6955,0.9991
10835.449,-54.7129,0.9991
10836.914,-54.6986,0.9989
10838.379,-54.6884,0.9988
10839.844,-54.6890,0.9989
10841.309,-54.6901,0.9988
10842.773,-54.6847,0.9988
10844.238,-54.6974,0.9989
10845.703,-54.7365,0.9990
10847.168,-54.7133,0.9990
10848.633,-54.6934,0.9990
10850.098,-54.7153,0.9989
10851.562,-54.6977,0.9990
10853.027,-54.6646,0.9989
10854.492,-54.6596,0.9988
10855.957,-54.6629,0.9988
10857.422,-54.6576,0.9989
10858.887,-54.6562,0.9991
10860.352,-54.6691,0.9991
10861.816,-54.6714,0.9990
10863.281,-54.7191,0.9990
10864.746,-54.7306,0.9991
10866.211,-54.6812,0.9992
10867.676,-54.6592,0.9989
10869.141,-54.6520,0.9990
10870.605,-54.6858,0.9992
10872.070,-54.6729,0.9992
10873.535,-54.6872,0.9990
10875.000,-54.6986,0.9990
10876.465,-54.6840,0.9991
10877.930,-54.6888,0.9991
10879.395,-54.6734,0.9991
10880.859,-54.6871,0.9989
10882.324,-54.6896,0.9990
10883.789,-54.6624,0.9991
10885.254,-54.6375,0.9990
10886.719,-54.6643,0.9992
10888.184,-54.7103,0.9992
10889.648,-54.6997,0.9992
10891.113,-54.7150,0.9993
10892.578,-54.7044,0.9993
10894.043,-54.7147,0.9990
10895.508,-54.6983,0.9990
10896.973,-54.6911,0.9992
10898.438,-54.6621,0.9991
10899.902,-54.6570,0.9991
10901.367,-54.6644,0.9993
10902.832,-54.7100,0.9992
10904.297,-54.7292,0.9992
10905.762,-54.7076,0.9992
10907.227,-54.6731,0.9991
10908.691,-54.6687,0.9992
10910.156,-54.6648,0.9991
10911.621,-54.6717,0.9990
10913.086,-54.6693,0.9992
10914.551,-54.7014,0.9991
10916.016,-54.6932,0.9991
10917.480,-54.6934,0.9992
10918.945,-54.6744,0.9993
10920.410,-54.6733,0.9992
10921.875,-54.7109,0.9993
10923.340,-54.7166,0.9991
10924.805,-54.7004,0.9992
10926.270,-54.6807,0.9993
10927.734,-54.6832,0.9991
10929.199,-54.6867,0.9993
10930.664,-54.6923,0.9994
10932.129,-54.7321,0.9992
10933.594,-54.7551,0.9992
10935.059,-54.7434,0.9991
10936.523,-54.7240,0.9991
10937.988,-54.7257,0.9992
10939.453,-54.7167,0.9992
10940.918,-54.7178,0.9992
10942.383,-54.6862,0.9993
10943.848,-54.6851,0.9993
10945.312,-54.7127,0.9992
10946.777,-54.7034,0.9992
10948.242,-54.7056,0.9993
10949.707,-54.6957,0.9993
10951.172,-54.6825,0.9992
10952.637,-54.6946,0.9994
10954.102,-54.7085,0.9993
10955.566,-54.7297,0.9993
10957.031,-54.7474,0.9993
10958.496,-54.7488,0.9992
10959.961,-54.7177,0.9993
10961.426,-54.6787,0.9993
10962.891,-54.6804,0.9993
10964.355,-54.7278,0.9992
10965.820,-54.7118,0.9993
10967.285,-54.7118,0.9992
10968.750,-54.7102,0.9992
10970.215,-54.7050,0.9994
10971.680,-54.7149,0.9993
10973.145,-54.7061,0.9992
10974.609,-54.6768,0.9993
10976.074,-54.6792,0.9992
10977.539,-54.6866,0.9993
10979.004,-54.6969,0.9994
10980.469,-54.7171,0.9994
10981.934,-54.7318,0.9993
10983.398,-54.7191,0.9994
10984.863,-54.7052,0.9992
10986.328,-54.7008,0.9992
10987.793,-54.7140,0.9993
10989.258,-54.7396,0.9994
10990.723,-54.7376,0.9994
10992.188,-54.7124,0.9993
10993.652,-54.7031,0.9994
10995.117,-54.7108,0.9994
10996.582,-54.6962,0.9995
10998.047,-54.7094,0.9994
10999.512,-54.7301,0.9993
11000.977,-54.7157,0.9992
11002.441,-54.7056,0.9993
11003.906,-54.7023,0.9994
11005.371,-54.7055,0.9993
11006.836,-54.6927,0.9992
11008.301,-54.6793,0.9993
11009.766,-54.7109,0.9993
11011.230,-54.7422,0.9994
11012.695,-54.7373,0.9993
11014.160,-54.7190,0.9993
11015.625,-54.7112,0.9992
11017.090,-54.6982,0.9992
11018.555,-54.7016,0.9992
11020.020,-54.7056,0.9993
11021.484,-54.7105,0.9994
11022.949,-54.6953,0.9994
11024.414,-54.6828,0.9994
11025.879,-54.7005,0.9993
11027.344,-54.7235,0.9993
11028.809,-54.7364,0.9993
11030.273,-54.7250,0.9992
11031.738,-54.7076,0.9992
11033.203,-54.7000,0.9992
11034.668,-54.7113,0.9992
11036.133,-54.7230,0.9993
11037.598,-54.7225,0.9994
11039.062,-54.7288,0.9993
11040.527,-54.7176,0.9994
11041.992,-54.7143,0.9992
11043.457,-54.7111,0.9992
11044.922,-54.7033,0.9993
11046.387,-54.7197,0.9993
11047.852,-54.7353,0.9993
11049.316,-54.7275,0.9993
11050.781,-54.7226,0.9992
11052.246,-54.7288,0.9993
11053.711,-54.7256,0.9994
11055.176,-54.7149,0.9994
11056.641,-54.7149,0.9994
11058.105,-54.7217,0.9993
11059.570,-54.7350,0.9993
11061.035,-54.7386,0.9993
11062.500,-54.7175,0.9992
11063.965,-54.7041,0.9992
11065.430,-54.7233,0.9993
11066.895,-54.7167,0.9993
11068.359,-54.7130,0.9993
11069.824,-54.7409,0.9995
11071.289,-54.7488,0.9993
11072.754,-54.7336,0.9992
11074.219,-54.7120,0.9994
11075.684,-54.7035,0.9994
11077.148,-54.7107,0.9994
11078.613,-54.7233,0.9994
11080.078,-54.7336,0.9993
11081.543,-54.7323,0.9993
11083.008,-54.7319,0.9994
11084.473,-54.7287,0.9994
11085.938,-54.7302,0.9994
11087.402,-54.7340,0.9993
11088.867,-54.7150,0.9993
11090.332,-54.7200,0.9995
11091.797,-54.7360,0.9994
11093.262,-54.7150,0.9994
11094.727,-54.6936,0.9994
11096.191,-54.6960,0.9995
11097.656,-54.7166,0.9995
11099.121,-54.7276,0.9994
11100.586,-54.7197,0.9994
11102.051,-54.7203,0.9993
11103.516,-54.7408,0.9993
11104.980,-54.7465,0.9994
11106.445,-54.7326,0.9994
11107.910,-54.7410,0.9994
11109.375,-54.7440,0.9994
11110.840,-54.7184,0.9993
11112.305,-54.7048,0.9993
11113.770,-54.7226,0.9994
11115.234,-54.7373,0.9994
11116.699,-54.7296,0.9994
11118.164,-54.7252,0.9994
11119.629,-54.7305,0.9994
11121.094,-54.7355,0.9993
11122.559,-54.7255,0.9993
11124.023,-54.7032,0.9993
11125.488,-54.6982,0.9993
11126.953,-54.7043,0.9994
11128.418,-54.7166,0.9994
11129.883,-54.7379,0.9994
11131.348,-54.7414,0.9993
11132.812,-54.7178,0.9993
11134.277,-54.6968,0.9993
11135.742,-54.6965,0.9992
11137.207,-54.7009,0.9994
11138.672,-54.7066,0.9995
11140.137,-54.7266,0.9993
11141.602,-54.7520,0.9993
11143.066,-54.7629,0.9994
11144.531,-54.7538,0.9992
11145.996,-54.7263,0.9993
11147.461,-54.7084,0.9993
11148.926,-54.7169,0.9993
11150.391,-54.7207,0.9992
11151.855,-54.7267,0.9993
11153.320,-54.7369,0.9994
11154.785,-54.7239,0.9994
11156.250,-54.7293,0.9993
11157.715,-54.7483,0.9994
11159.180,-54.7363,0.9993
11160.645,-54.7243,0.9992
11162.109,-54.7192,0.9993
11163.574,-54.7283,0.9992
11165.039,-54.7535,0.9991
11166.504,-54.7592,0.9992
11167.969,-54.7414,0.9993
11169.434,-54.7157,0.9994
11170.898,-54.7083,0.9993
11172.363,-54.7080,0.9993
11173.828,-54.7147,0.9993
11175.293,-54.7391,0.9993
11176.758,-54.7524,0.9993
11178.223,-54.7505,0.9993
11179.688,-54.7482,0.9991
11181.152,-54.7295,0.9992
11182.617,-54.7158,0.9994
11184.082,-54.7212,0.9994
11185.547,-54.7325,0.9993
11187.012,-54.7633,0.9993
11188.477,-54.7663,0.9994
11189.941,-54.7528,0.9994
11191.406,-54.7312,0.9993
11192.871,-54.7101,0.9992
11194.336,-54.7295,0.9991
11195.801,-54.7629,0.9991
11197.266,-54.7543,0.9992
11198.730,-54.7093,0.9991
11200.195,-54.7012,0.9993
11201.660,-54.7300,0.9994
11203.125,-54.7428,0.9993
11204.590,-54.7507,0.9993
11206.055,-54.7556,0.9994
11207.520,-54.7386,0.9994
11208.984,-54.7488,0.9992
11210.449,-54.7447,0.9991
11211.914,-54.7227,0.9991
11213.379,-54.7451,0.9993
11214.844,-54.7472,0.9992
11216.309,-54.7286,0.9990
11217.773,-54.7276,0.9990
11219.238,-54.7499,0.9994
11220.703,-54.7551,0.9993
11222.168,-54.7574,0.9994
11223.633,-54.7593,0.9993
11225.098,-54.7419,0.9993
11226.562,-54.7332,0.9993
11228.027,-54.7461,0.9993
11229.492,-54.7667,0.9994
11230.957,-54.7571,0.9992
11232.422,-54.7236,0.9991
11233.887,-54.7356,0.9990
11235.352,-54.7620,0.9992
11236.816,-54.7709,0.9992
11238.281,-54.7677,0.9992
11239.746,-54.7565,0.9993
11241.211,-54.7594,0.9994
11242.676,-54.7397,0.9992
11244.141,-54.7436,0.9992
11245.605,-54.7570,0.9993
11247.070,-54.7760,0.9993
11248.535,-54.7568,0.9992
11250.000,-54.7157,0.9993
11251.465,-54.7396,0.9993
11252.930,-54.7579,0.9993
11254.395,-54.7438,0.9992
11255.859,-54.7503,0.9992
11257.324,-54.7788,0.9992
11258.789,-54.7892,0.9992
11260.254,-54.7452,0.9993
11261.719,-54.7375,0.9992
11263.184,-54.7588,0.9992
11264.648,-54.7584,0.9992
11266.113,-54.7755,0.9992
11267.578,-54.7502,0.9990
11269.043,-54.7246,0.9990
11270.508,-54.7570,0.9993
11271.973,-54.7482,0.9992
11273.438,-54.7418,0.9992
11274.902,-54.7566,0.9993
11276.367,-54.7225,0.9993
11277.832,-54.7138,0.9992
11279.297,-54.7152,0.9991
11280.762,-54.7284,0.9992
11282.227,-54.7717,0.9991
11283.691,-54.7709,0.9991
11285.156,-54.7692,0.9990
11286.621,-54.7843,0.9989
11288.086,-54.7903,0.9991
11289.551,-54.7652,0.9991
11291.016,-54.7512,0.9991
11292.480,-54.7719,0.9992
11293.945,-54.7487,0.9992
11295.410,-54.7254,0.9993
11296.875,-54.7589,0.9992
11298.340,-54.7843,0.9992
11299.805,-54.7662,0.9990
11301.270,-54.7557,0.9992
11302.734,-54.7703,0.9992
11304.199,-54.7840,0.9991
11305.664,-54.7747,0.9991
11307.129,-54.7971,0.9991
11308.594,-54.7990,0.9993
11310.059,-54.7687,0.9993
11311.523,-54.7931,0.9991
11312.988,-54.7716,0.9992
11314.453,-54.7202,0.9992
11315.918,-54.7629,0.9992
11317.383,-54.7682,0.9991
11318.848,-54.7474,0.9992
11320.312,-54.7613,0.9992
11321.777,-54.7742,0.9993
11323.242,-54.7435,0.9993
11324.707,-54.7474,0.9992
11326.172,-54.7541,0.9988
11327.637,-54.7559,0.9990
11329.102,-54.7715,0.9992
11330.566,-54.7656,0.9992
11332.031,-54.7774,0.9992
11333.496,-54.8049,0.9991
11334.961,-54.7890,0.9989
11336.426,-54.7791,0.9991
11337.891,-54.8058,0.9991
11339.355,-54.7841,0.9990
11340.820,-54.7689,0.9990
11342.285,-54.7867,0.9991
11343.750,-54.7789,0.9991
11345.215,-54.7699,0.9990
11346.680,-54.7327,0.9992
11348.145,-54.7301,0.9990
11349.609,-54.7762,0.9991
11351.074,-54.7608,0.9991
11352.539,-54.7734,0.9990
11354.004,-54.7904,0.9988
11355.469,-54.7711,0.9989
11356.934,-54.7640,0.9991
11358.398,-54.7684,0.9991
11359.863,-54.7578,0.9992
11361.328,-54.7722,0.9988
11362.793,-54.7827,0.9989
11364.258,-54.7706,0.9990
11365.723,-54.7752,0.9990
11367.188,-54.7851,0.9990
11368.652,-54.7676,0.9988
11370.117,-54.7345,0.9989
11371.582,-54.7547,0.9991
11373.047,-54.7598,0.9991
11374.512,-54.7499,0.9989
11375.977,-54.7729,0.9991
11377.441,-54.7851,0.9990
11378.906,-54.7505,0.9990
11380.371,-54.7380,0.9990
11381.836,-54.7664,0.9991
11383.301,-54.7815,0.9988
11384.766,-54.8030,0.9990
11386.230,-54.7953,0.9989
11387.695,-54.7530,0.9990
11389.160,-54.7392,0.9989
11390.625,-54.7366,0.9988
11392.090,-54.7494,0.9990
11393.555,-54.7694,0.9989
11395.020,-54.7673,0.9988
11396.484,-54.7781,0.9988
11397.949,-54.8078,0.9990
11399.414,-54.7821,0.9990
11400.879,-54.7864,0.9989
11402.344,-54.8310,0.9988
11403.809,-54.7675,0.9987
11405.273,-54.7168,0.9989
11406.738,-54.7473,0.9989
11408.203,-54.7707,0.9988
11409.668,-54.7491,0.9989
11411.133,-54.7499,0.9988
11412.598,-54.7635,0.9989
11414.062,-54.7707,0.9989
11415.527,-54.7847,0.9989
11416.992,-54.7985,0.9988
11418.457,-54.8073,0.9990
11419.922,-54.7592,0.9990
11421.387,-54.7731,0.9989
11422.852,-54.8193,0.9987
11424.316,-54.7885,0.9985
11425.781,-54.7655,0.9987
11427.246,-54.7940,0.9988
11428.711,-54.7677,0.9989
11430.176,-54.7446,0.9990
11431.641,-54.7807,0.9990
11433.105,-54.7958,0.9988
11434.570,-54.7919,0.9987
11436.035,-54.7912,0.9987
11437.500,-54.7803,0.9987
11438.965,-54.7395,0.9988
11440.430,-54.7621,0.9987
11441.895,-54.8139,0.9986
11443.359,-54.7910,0.9987
11444.824,-54.7866,0.9989
11446.289,-54.7695,0.9987
11447.754,-54.7993,0.9989
11449.219,-54.7709,0.9987
11450.684,-54.7937,0.9986
11452.148,-54.7627,0.9988
11453.613,-54.7851,0.9988
11455.078,-54.7776,0.9989
11456.543,-54.7611,0.9990
11458.008,-54.7128,0.9988
11459.473,-54.7485,0.9987
11460.938,-54.7588,0.9989
11462.402,-54.7561,0.9988
11463.867,-54.7778,0.9988
11465.332,-54.7579,0.9986
11466.797,-54.7831,0.9988
11468.262,-54.7563,0.9988
11469.727,-54.7601,0.9987
11471.191,-54.7594,0.9988
11472.656,-54.7616,0.9987
11474.121,-54.7502,0.9989
11475.586,-54.7891,0.9984
11477.051,-54.7441,0.9986
11478.516,-54.7671,0.9988
11479.980,-54.7431,0.9987
11481.445,-54.7079,0.9987
11482.910,-54.7459,0.9985
11484.375,-54.7647,0.9986
11485.840,-54.7400,0.9987
11487.305,-54.7598,0.9988
11488.770,-54.7754,0.9987
11490.234,-54.7435,0.9987
11491.699,-54.7148,0.9987
11493.164,-54.7445,0.9988
11494.629,-54.8022,0.9988
11496.094,-54.7871,0.9988
11497.559,-54.7374,0.9985
11499.023,-54.7729,0.9986
11500.488,-54.7385,0.9987
11501.953,-54.7603,0.9987
11503.418,-54.7754,0.9986
11504.883,-54.7816,0.9987
11506.348,-54.7705,0.9986
11507.812,-54.7348,0.9987
11509.277,-54.7558,0.9986
11510.742,-54.7702,0.9986
11512.207,-54.7307,0.9987
11513.672,-54.7398,0.9988
11515.137,-54.7558,0.9988
11516.602,-54.7741,0.9987
11518.066,-54.7523,0.9987
11519.531,-54.7651,0.9985
11520.996,-54.7679,0.9987
11522.461,-54.7676,0.9988
11523.926,-54.7811,0.9989
11525.391,-54.8177,0.9985
11526.855,-54.7517,0.9983
11528.320,-54.7236,0.9985
11529.785,-54.6968,0.9987
11531.250,-54.7143,0.9983
11532.715,-54.7966,0.9983
11534.180,-54.7801,0.9987
11535.645,-54.7419,0.9987
11537.109,-54.7430,0.9985
11538.574,-54.7625,0.9985
11540.039,-54.7719,0.9981
11541.504,-54.7513,0.9984
11542.969,-54.7196,0.9987
11544.434,-54.7710,0.9985
11545.898,-54.7911,0.9986
11547.363,-54.7798,0.9987
11548.828,-54.7501,0.9985
11550.293,-54.7313,0.9983
11551.758,-54.7794,0.9984
11553.223,-54.7450,0.9984
11554.688,-54.6913,0.9987
11556.152,-54.7179,0.9986
11557.617,-54.7141,0.9985
11559.082,-54.7470,0.9987
11560.547,-54.7402,0.9987
11562.012,-54.7610,0.9985
11563.477,-54.7016,0.9985
11564.941,-54.7753,0.9984
11566.406,-54.7295,0.9985
11567.871,-54.7500,0.9985
11569.336,-54.7251,0.9985
11570.801,-54.7232,0.9984
11572.266,-54.7517,0.9984
11573.730,-54.7166,0.9985
11575.195,-54.7221,0.9986
11576.660,-54.7656,0.9983
11578.125,-54.7242,0.9982
11579.590,-54.7145,0.9984
11581.055,-54.7577,0.9984
11582.520,-54.7371,0.9985
11583.984,-54.7142,0.9984
11585.449,-54.7239,0.9983
11586.914,-54.7529,0.9986
11588.379,-54.7728,0.9985
11589.844,-54.7493,0.9984
11591.309,-54.7308,0.9986
11592.773,-54.7542,0.9984
11594.238,-54.7257,0.9983
11595.703,-54.7495,0.9983
11597.168,-54.7124,0.9984
11598.633,-54.6712,0.9985
11600.098,-54.7084,0.9985
11601.562,-54.7008,0.9984
11603.027,-54.7165,0.9983
11604.492,-54.7535,0.9981
11605.957,-54.7134,0.9983
11607.422,-54.7238,0.9984
11608.887,-54.6807,0.9984
11610.352,-54.7394,0.9983
11611.816,-54.7393,0.9987
11613.281,-54.6919,0.9988
11614.746,-54.7564,0.9986
11616.211,-54.7467,0.9987
11617.676,-54.7403,0.9986
11619.141,-54.7336,0.9984
11620.605,-54.7311,0.9986
11622.070,-54.7072,0.9986
11623.535,-54.7411,0.9987
11625.000,-54.7442,0.9987
11626.465,-54.6817,0.9987
11627.930,-54.7055,0.9984
11629.395,-54.7384,0.9982
11630.859,-54.7123,0.9983
11632.324,-54.7038,0.9986
11633.789,-54.7417,0.9986
11635.254,-54.6989,0.9987
11636.719,-54.7259,0.9985
11638.184,-54.7139,0.9985
11639.648,-54.7322,0.9981
11641.113,-54.6919,0.9980
11642.578,-54.6684,0.9983
11644.043,-54.7007,0.9986
11645.508,-54.7405,0.9987
11646.973,-54.7272,0.9985
11648.438,-54.7332,0.9986
11649.902,-54.7100,0.9986
11651.367,-54.6929,0.9985
11652.832,-54.7465,0.9987
11654.297,-54.7246,0.9987
11655.762,-54.6921,0.9987
11657.227,-54.7165,0.9985
11658.691,-54.7175,0.9985
11660.156,-54.7456,0.9987
11661.621,-54.7725,0.9986
11663.086,-54.7492,0.9987
11664.551,-54.7047,0.9986
11666.016,-54.6720,0.9986
11667.480,-54.6752,0.9984
11668.945,-54.7458,0.9985
11670.410,-54.7411,0.9987
11671.875,-54.7168,0.9987
11673.340,-54.6671,0.9988
11674.805,-54.6994,0.9986
11676.270,-54.7076,0.9985
11677.734,-54.7194,0.9988
11679.199,-54.7082,0.9988
11680.664,-54.7249,0.9986
11682.129,-54.7311,0.9986
11683.594,-54.6641,0.9989
11685.059,-54.7161,0.9989
11686.523,-54.7129,0.9984
11687.988,-54.7057,0.9984
11689.453,-54.7102,0.9984
11690.918,-54.7146,0.9985
11692.383,-54.7311,0.9986
11693.848,-54.6822,0.9985
11695.312,-54.6457,0.9986
11696.777,-54.6934,0.9988
11698.242,-54.6680,0.9990
11699.707,-54.6806,0.9988
11701.172,-54.7164,0.9986
11702.637,-54.6871,0.9988
11704.102,-54.7013,0.9987
11705.566,-54.7165,0.9987
11707.031,-54.7238,0.9989
11708.496,-54.7541,0.9990
11709.961,-54.7250,0.9989
11711.426,-54.6689,0.9988
11712.891,-54.6659,0.9986
11714.355,-54.7018,0.9986
11715.820,-54.7107,0.9988
11717.285,-54.6981,0.9989
11718.750,-54.6786,0.9988
11720.215,-54.6922,0.9987
11721.680,-54.7305,0.9987
11723.145,-54.6769,0.9988
11724.609,-54.6667,0.9990
11726.074,-54.6948,0.9989
11727.539,-54.7202,0.9987
11729.004,-54.7053,0.9988
11730.469,-54.7213,0.9988
11731.934,-54.7142,0.9989
11733.398,-54.6908,0.9987
11734.863,-54.7108,0.9988
11736.328,-54.6831,0.9988
11737.793,-54.6831,0.9989
11739.258,-54.7003,0.9988
11740.723,-54.6798,0.9989
11742.188,-54.6956,0.9990
11743.652,-54.7287,0.9989
11745.117,-54.6965,0.9989
11746.582,-54.6922,0.9988
11748.047,-54.6942,0.9988
11749.512,-54.6672,0.9988
11750.977,-54.6697,0.9989
11752.441,-54.7147,0.9988
11753.906,-54.7158,0.9990
11755.371,-54.7041,0.9992
11756.836,-54.6979,0.9990
11758.301,-54.7090,0.9989
11759.766,-54.7102,0.9990
11761.230,-54.6946,0.9991
11762.695,-54.7160,0.9991
11764.160,-54.7284,0.9991
11765.625,-54.7071,0.9990
11767.090,-54.6739,0.9989
11768.555,-54.6819,0.9990
11770.020,-54.6784,0.9989
11771.484,-54.6821,0.9991
11772.949,-54.7319,0.9990
11774.414,-54.7058,0.9990
11775.879,-54.6984,0.9990
11777.344,-54.7288,0.9987
11778.809,-54.7212,0.9990
11780.273,-54.6892,0.9990
11781.738,-54.6919,0.9990
11783.203,-54.7178,0.9991
11784.668,-54.6812,0.9991
11786.133,-54.6879,0.9990
11787.598,-54.7410,0.9990
11789.062,-54.7365,0.9989
11790.527,-54.7033,0.9989
11791.992,-54.7082,0.9990
11793.457,-54.6977,0.9993
11794.922,-54.6866,0.9991
11796.387,-54.7012,0.9990
11797.852,-54.6722,0.9990
11799.316,-54.6763,0.9988
11800.781,-54.7093,0.9988
11802.246,-54.7450,0.9991
11803.711,-54.7454,0.9991
11805.176,-54.7268,0.9990
11806.641,-54.7043,0.9989
11808.105,-54.6965,0.9990
11809.570,-54.6914,0.9989
11811.035,-54.6475,0.9989
11812.500,-54.6701,0.9990
11813.965,-54.7206,0.9990
11815.430,-54.7098,0.9989
11816.895,-54.6796,0.9989
11818.359,-54.7045,0.9990
11819.824,-54.7113,0.9989
11821.289,-54.7107,0.9990
11822.754,-54.7108,0.9989
11824.219,-54.7358,0.9990
11825.684,-54.7599,0.9989
11827.148,-54.7661,0.9990
11828.613,-54.7546,0.9992
11830.078,-54.7327,0.9990
11831.543,-54.7286,0.9991
11833.008,-54.6922,0.9991
11834.473,-54.6935,0.9989
11835.938,-54.6843,0.9991
11837.402,-54.6963,0.9989
11838.867,-54.6950,0.9990
11840.332,-54.7199,0.9991
11841.797,-54.7493,0.9993
11843.262,-54.6877,0.9990
11844.727,-54.6598,0.9990
11846.191,-54.6847,0.9990
11847.656,-54.6977,0.9991
11849.121,-54.7111,0.9989
11850.586,-54.7133,0.9990
11852.051,-54.7155,0.9992
11853.516,-54.7078,0.9990
11854.980,-54.7247,0.9991
11856.445,-54.7491,0.9991
11857.910,-54.7157,0.9993
11859.375,-54.6976,0.9994
11860.840,-54.6768,0.9992
11862.305,-54.6775,0.9991
11863.770,-54.6770,0.9991
11865.234,-54.6843,0.9992
11866.699,-54.6977,0.9992
11868.164,-54.7359,0.9991
11869.629,-54.7562,0.9991
11871.094,-54.7229,0.9992
11872.559,-54.7176,0.9992
11874.023,-54.7335,0.9992
11875.488,-54.7456,0.9992
11876.953,-54.7198,0.9991
11878.418,-54.7032,0.9991
11879.883,-54.7202,0.9992
11881.348,-54.7463,0.9990
11882.812,-54.7535,0.9991
11884.277,-54.7067,0.9991
11885.742,-54.6881,0.9991
11887.207,-54.7110,0.9990
11888.672,-54.7239,0.9991
11890.137,-54.7322,0.9992
11891.602,-54.7280,0.9993
11893.066,-54.6984,0.9993
11894.531,-54.7007,0.9993
11895.996,-54.7303,0.9993
11897.461,-54.7438,0.9990
11898.926,-54.7308,0.9990
11900.391,-54.7420,0.9990
11901.855,-54.7213,0.9993
11903.320,-54.6791,0.9993
11904.785,-54.6976,0.9991
11906.250,-54.7219,0.9991
11907.715,-54.6937,0.9992
11909.180,-54.6988,0.9992
11910.645,-54.7105,0.9992
11912.109,-54.6849,0.9992
11913.574,-54.6996,0.9992
11915.039,-54.7345,0.9992
11916.504,-54.7220,0.9993
11917.969,-54.7069,0.9993
11919.434,-54.7308,0.9993
11920.898,-54.7525,0.9992
11922.363,-54.7352,0.9994
11923.828,-54.7363,0.9993
11925.293,-54.7293,0.9993
11926.758,-54.7037,0.9992
11928.223,-54.7120,0.9992
11929.688,-54.7188,0.9993
11931.152,-54.6976,0.9991
11932.617,-54.7046,0.9991
11934.082,-54.7325,0.9991
11935.547,-54.7339,0.9992
11937.012,-54.7137,0.9994
11938.477,-54.7213,0.9992
11939.941,-54.7352,0.9991
11941.406,-54.7383,0.9991
11942.871,-54.7193,0.9992
11944.336,-54.7043,0.9994
11945.801,-54.7185,0.9993
11947.266,-54.7153,0.9993
11948.730,-54.6855,0.9994
11950.195,-54.6983,0.9993
11951.660,-54.7369,0.9993
11953.125,-54.7166,0.9992
11954.590,-54.7002,0.9991
11956.055,-54.6928,0.9992
11957.520,-54.6957,0.9992
11958.984,-54.7173,0.9991
11960.449,-54.7400,0.9992
11961.914,-54.7643,0.9993
11963.379,-54.7471,0.9993
11964.844,-54.7317,0.9993
11966.309,-54.7340,0.9992
11967.773,-54.7318,0.9992
11969.238,-54.7466,0.9993
11970.703,-54.7301,0.9993
11972.168,-54.6945,0.9993
11973.633,-54.6983,0.9993
11975.098,-54.7229,0.9992
11976.562,-54.7479,0.9993
11978.027,-54.7444,0.9993
11979.492,-54.7327,0.9993
11980.957,-54.7492,0.9993
11982.422,-54.7718,0.9993
11983.887,-54.7451,0.9992
11985.352,-54.7036,0.9993
11986.816,-54.6960,0.9993
11988.281,-54.7157,0.9992
11989.746,-54.7340,0.9992
11991.211,-54.7325,0.9993
11992.676,-54.7399,0.9994
11994.141,-54.7501,0.9994
11995.605,-54.7375,0.9991
11997.070,-54.7170,0.9993
11998.535,-54.7222,0.9993
12000.000,-54.7316,0.9993
12001.465,-54.7215,0.9993
12002.930,-54.7179,0.9993
12004.395,-54.7191,0.9993
12005.859,-54.7314,0.9993
12007.324,-54.7634,0.9993
12008.789,-54.7753,0.9992
12010.254,-54.7669,0.9990
12011.719,-54.7538,0.9991
12013.184,-54.7404,0.9993
12014.648,-54.7430,0.9992
12016.113,-54.7556,0.9992
12017.578,-54.7442,0.9992
12019.043,-54.7282,0.9992
12020.508,-54.7357,0.9993
12021.973,-54.7389,0.9993
12023.438,-54.7319,0.9994
12024.902,-54.7266,0.9994
12026.367,-54.7145,0.9993
12027.832,-54.7115,0.9993
12029.297,-54.7307,0.9993
12030.762,-54.7640,0.9992
12032.227,-54.7810,0.9991
12033.691,-54.7551,0.9992
12035.156,-54.7341,0.9993
12036.621,-54.7436,0.9994
12038.086,-54.7484,0.9993
12039.551,-54.7308,0.9993
12041.016,-54.7234,0.9993
12042.480,-54.7333,0.9993
12043.945,-54.7221,0.9994
12045.410,-54.6945,0.9992
12046.875,-54.6804,0.9992
12048.340,-54.6964,0.9993
12049.805,-54.7197,0.9993
12051.270,-54.7377,0.9993
12052.734,-54.7527,0.9991
12054.199,-54.7604,0.9991
12055.664,-54.7687,0.9992
12057.129,-54.7631,0.9992
12058.594,-54.7434,0.9993
12060.059,-54.7293,0.9992
12061.523,-54.7306,0.9993
12062.988,-54.7437,0.9993
12064.453,-54.7490,0.9991
12065.918,-54.7538,0.9992
12067.383,-54.7581,0.9992
12068.848,-54.7382,0.9991
12070.312,-54.7242,0.9992
12071.777,-54.7332,0.9993
12073.242,-54.7241,0.9993
12074.707,-54.7112,0.9992
12076.172,-54.7147,0.9992
12077.637,-54.7182,0.9991
12079.102,-54.7146,0.9991
12080.566,-54.7170,0.9993
12082.031,-54.7355,0.9994
12083.496,-54.7283,0.9993
12084.961,-54.7074,0.9991
12086.426,-54.7298,0.9992
12087.891,-54.7693,0.9993
12089.355,-54.7688,0.9993
12090.820,-54.7490,0.9993
12092.285,-54.7391,0.9993
12093.750,-54.7447,0.9993
12095.215,-54.7588,0.9992
12096.680,-54.7488,0.9992
12098.145,-54.7370,0.9992
12099.609,-54.7413,0.9993
12101.074,-54.7484,0.9993
12102.539,-54.7374,0.9993
12104.004,-54.7119,0.9992
12105.469,-54.7034,0.9992
12106.934,-54.7282,0.9993
12108.398,-54.7442,0.9994
12109.863,-54.7293,0.9993
12111.328,-54.7090,0.9992
12112.793,-54.7053,0.9992
12114.258,-54.7356,0.9992
12115.723,-54.7536,0.9991
12117.188,-54.7439,0.9993
12118.652,-54.7333,0.9992
12120.117,-54.7405,0.9991
12121.582,-54.7709,0.9992
12123.047,-54.8069,0.9993
12124.512,-54.8056,0.9991
12125.977,-54.7717,0.9991
12127.441,-54.7479,0.9992
12128.906,-54.7534,0.9994
12130.371,-54.7736,0.9993
12131.836,-54.7559,0.9993
12133.301,-54.7290,0.9993
12134.766,-54.7317,0.9993
12136.230,-54.7336,0.9992
12137.695,-54.7336,0.9993
12139.160,-54.7605,0.9992
12140.625,-54.7966,0.9992
12142.090,-54.8056,0.9993
12143.555,-54.7873,0.9992
12145.020,-54.7401,0.9992
12146.484,-54.7144,0.9993
12147.949,-54.7324,0.9993
12149.414,-54.7348,0.9993
12150.879,-54.7359,0.9992
12152.344,-54.7529,0.9992
12153.809,-54.7629,0.9992
12155.273,-54.7662,0.9992
12156.738,-54.7631,0.9993
12158.203,-54.7560,0.9991
12159.668,-54.7717,0.9991
12161.133,-54.7984,0.9992
12162.598,-54.7733,0.9992
12164.062,-54.7532,0.9993
12165.527,-54.7704,0.9992
12166.992,-54.7518,0.9991
12168.457,-54.7564,0.9991
12169.922,-54.7870,0.9993
12171.387,-54.7779,0.9992
12172.852,-54.7750,0.9993
12174.316,-54.7638,0.9993
12175.781,-54.7638,0.9992
12177.246,-54.7872,0.9991
12178.711,-54.7918,0.9991
12180.176,-54.7890,0.9991
12181.641,-54.7617,0.9991
12183.105,-54.7491,0.9992
12184.570,-54.7667,0.9992
12186.035,-54.7410,0.9992
12187.500,-54.7168,0.9992
12188.965,-54.7493,0.9993
12190.430,-54.7765,0.9993
12191.895,-54.7945,0.9993
12193.359,-54.7916,0.9993
12194.824,-54.7744,0.9992
12196.289,-54.7781,0.9992
12197.754,-54.7833,0.9991
12199.219,-54.7686,0.9992
12200.684,-54.7590,0.9992
12202.148,-54.7667,0.9991
12203.613,-54.7284,0.9993
12205.078,-54.7418,0.9993
12206.543,-54.7735,0.9991
12208.008,-54.7802,0.9992
12209.473,-54.7824,0.9990
12210.938,-54.7692,0.9990
12212.402,-54.7698,0.9992
12213.867,-54.7708,0.9992
12215.332,-54.7738,0.9992
12216.797,-54.7600,0.9992
12218.262,-54.7547,0.9993
12219.727,-54.7541,0.9992
12221.191,-54.7468,0.9991
12222.656,-54.7394,0.9991
12224.121,-54.7333,0.9992
12225.586,-54.7530,0.9992
12227.051,-54.7722,0.9991
12228.516,-54.7812,0.9991
12229.980,-54.7962,0.9991
12231.445,-54.7724,0.9992
12232.910,-54.7399,0.9992
12234.375,-54.7524,0.9991
12235.840,-54.7887,0.9990
12237.305,-54.8000,0.9991
12238.770,-54.8048,0.9992
12240.234,-54.7845,0.9993
12241.699,-54.7554,0.9992
12243.164,-54.7534,0.9991
12244.629,-54.7465,0.9991
12246.094,-54.7523,0.9992
12247.559,-54.7686,0.9991
12249.023,-54.7789,0.9991
12250.488,-54.7600,0.9992
12251.953,-54.7223,0.9991
12253.418,-54.7453,0.9991
12254.883,-54.7671,0.9992
12256.348,-54.7543,0.9990
12257.812,-54.7490,0.9991
12259.277,-54.7735,0.9992
12260.742,-54.7897,0.9991
12262.207,-54.7963,0.9990
12263.672,-54.7889,0.9992
12265.137,-54.7758,0.9991
12266.602,-54.7790,0.9989
12268.066,-54.7788,0.9990
12269.531,-54.8069,0.9990
12270.996,-54.8123,0.9991
12272.461,-54.7944,0.9990
12273.926,-54.8049,0.9990
12275.391,-54.7660,0.9990
12276.855,-54.7557,0.9993
12278.320,-54.7890,0.9991
12279.785,-54.8090,0.9990
12281.250,-54.8068,0.9990
12282.715,-54.7482,0.9990
12284.180,-54.7508,0.9991
12285.645,-54.7557,0.9990
12287.109,-54.7491,0.9991
12288.574,-54.7684,0.9991
12290.039,-54.7903,0.9990
12291.504,-54.7659,0.9993
12292.969,-54.7518,0.9991
12294.434,-54.7785,0.9990
12295.898,-54.7844,0.9991
12297.363,-54.7707,0.9989
12298.828,-54.7516,0.9992
12300.293,-54.7620,0.9991
12301.758,-54.7833,0.9990
12303.223,-54.7692,0.9990
12304.688,-54.7866,0.9990
12306.152,-54.7755,0.9989
12307.617,-54.7611,0.9990
12309.082,-54.7695,0.9990
12310.547,-54.8213,0.9990
12312.012,-54.8208,0.9990
12313.477,-54.7958,0.9990
12314.941,-54.7728,0.9990
12316.406,-54.7724,0.9990
12317.871,-54.7782,0.9990
12319.336,-54.7920,0.9988
12320.801,-54.7991,0.9989
12322.266,-54.8241,0.9988
12323.730,-54.8028,0.9988
12325.195,-54.7751,0.9991
12326.660,-54.7844,0.9990
12328.125,-54.7936,0.9992
12329.590,-54.7861,0.9989
12331.055,-54.7551,0.9988
12332.520,-54.7542,0.9989
12333.984,-54.7677,0.9989
12335.449,-54.7480,0.9990
12336.914,-54.7613,0.9990
12338.379,-54.7838,0.9989
12339.844,-54.8125,0.9989
12341.309,-54.8203,0.9990
12342.773,-54.8240,0.9990
12344.238,-54.7943,0.9989
12345.703,-54.7735,0.9990
12347.168,-54.7933,0.9988
12348.633,-54.7747,0.9989
12350.098,-54.7438,0.9991
12351.562,-54.7620,0.9990
12353.027,-54.7781,0.9988
12354.492,-54.7495,0.9988
12355.957,-54.7303,0.9988
12357.422,-54.7770,0.9987
12358.887,-54.7573,0.9990
12360.352,-54.7384,0.9991
12361.816,-54.7884,0.9989
12363.281,-54.7792,0.9990
12364.746,-54.7992,0.9989
12366.211,-54.7821,0.9988
12367.676,-54.8031,0.9986
12369.141,-54.7829,0.9988
12370.605,-54.7954,0.9989
12372.070,-54.8014,0.9989
12373.535,-54.7713,0.9988
12375.000,-54.7502,0.9986
12376.465,-54.7977,0.9989
12377.930,-54.7829,0.9989
12379.395,-54.7473,0.9988
12380.859,-54.7703,0.9987
12382.324,-54.7719,0.9989
12383.789,-54.7679,0.9987
12385.254,-54.7646,0.9987
12386.719,-54.7790,0.9986
12388.184,-54.7945,0.9988
12389.648,-54.7855,0.9988
12391.113,-54.7634,0.9988
12392.578,-54.7890,0.9990
12394.043,-54.7947,0.9989
12395.508,-54.7780,0.9988
12396.973,-54.7700,0.9990
12398.438,-54.8094,0.9990
12399.902,-54.7769,0.9988
12401.367,-54.7607,0.9988
12402.832,-54.7803,0.9987
12404.297,-54.7710,0.9986
12405.762,-54.7631,0.9988
12407.227,-54.7737,0.9988
12408.691,-54.7718,0.9987
12410.156,-54.7717,0.9987
12411.621,-54.7208,0.9987
12413.086,-54.7546,0.9987
12414.551,-54.7873,0.9988
12416.016,-54.7902,0.9987
12417.480,-54.7960,0.9984
12418.945,-54.8353,0.9985
12420.410,-54.8205,0.9987
12421.875,-54.7693,0.9985
12423.340,-54.7874,0.9984
12424.805,-54.8230,0.9987
12426.270,-54.7401,0.9985
12427.734,-54.8209,0.9988
12429.199,-54.8448,0.9987
12430.664,-54.8008,0.9987
12432.129,-54.7714,0.9988
12433.594,-54.7879,0.9990
12435.059,-54.7629,0.9987
12436.523,-54.7662,0.9985
12437.988,-54.7848,0.9988
12439.453,-54.7847,0.9989
12440.918,-54.7895,0.9987
12442.383,-54.7614,0.9988
12443.848,-54.8051,0.9988
12445.312,-54.7814,0.9985
12446.777,-54.7517,0.9985
12448.242,-54.7824,0.9987
12449.707,-54.8181,0.9986
12451.172,-54.8006,0.9984
12452.637,-54.7769,0.9985
12454.102,-54.7421,0.9989
12455.566,-54.7798,0.9987
12457.031,-54.7875,0.9988
12458.496,-54.7794,0.9987
12459.961,-54.7606,0.9985
12461.426,-54.7956,0.9985
12462.891,-54.7539,0.9986
12464.355,-54.7452,0.9987
12465.820,-54.7269,0.9985
12467.285,-54.7337,0.9984
12468.750,-54.7557,0.9984
12470.215,-54.7572,0.9987
12471.680,-54.8034,0.9986
12473.145,-54.8122,0.9984
12474.609,-54.8171,0.9981
12476.074,-54.7362,0.9982
12477.539,-54.7983,0.9986
12479.004,-54.8195,0.9986
12480.469,-54.7638,0.9983
12481.934,-54.7380,0.9984
12483.398,-54.7914,0.9988
12484.863,-54.7759,0.9987
12486.328,-54.7240,0.9986
12487.793,-54.7825,0.9986
12489.258,-54.8046,0.9989
12490.723,-54.7655,0.9988
12492.188,-54.8052,0.9986
12493.652,-54.8005,0.9985
12495.117,-54.8258,0.9986
12496.582,-54.7118,0.9985
12498.047,-54.7777,0.9983
12499.512,-54.7702,0.9986
12500.977,-54.7747,0.9986
12502.441,-54.7882,0.9987
12503.906,-54.7568,0.9986
12505.371,-54.7580,0.9984
12506.836,-54.7203,0.9986
12508.301,-54.7267,0.9985
12509.766,-54.7503,0.9984
12511.230,-54.7131,0.9984
12512.695,-54.7111,0.9984
12514.160,-54.7630,0.9982
12515.625,-54.8044,0.9985
12517.090,-54.7637,0.9987
12518.555,-54.7875,0.9988
12520.020,-54.7919,0.9986
12521.484,-54.7741,0.9984
12522.949,-54.7703,0.9984
12524.414,-54.7717,0.9986
12525.879,-54.7259,0.9986
12527.344,-54.7553,0.9986
12528.809,-54.7585,0.9986
12530.273,-54.7905,0.9986
12531.738,-54.7551,0.9983
12533.203,-54.7276,0.9987
12534.668,-54.7595,0.9985
12536.133,-54.7782,0.9983
12537.598,-54.7334,0.9986
12539.062,-54.7527,0.9984
12540.527,-54.7867,0.9983
12541.992,-54.7689,0.9984
12543.457,-54.7570,0.9983
12544.922,-54.7042,0.9985
12546.387,-54.7213,0.9985
12547.852,-54.7229,0.9984
12549.316,-54.7491,0.9985
12550.781,-54.7627,0.9984
12552.246,-54.8109,0.9986
12553.711,-54.7427,0.9986
12555.176,-54.7569,0.9984
12556.641,-54.7943,0.9983
12558.105,-54.7694,0.9985
12559.570,-54.7948,0.9983
12561.035,-54.7418,0.9986
12562.500,-54.7973,0.9982
12563.965,-54.7969,0.9979
12565.430,-54.7184,0.9978
12566.895,-54.7704,0.9978
12568.359,-54.7218,0.9983
12569.824,-54.7440,0.9984
12571.289,-54.7092,0.9985
12572.754,-54.7305,0.9985
12574.219,-54.7681,0.9983
12575.684,-54.7697,0.9985
12577.148,-54.7446,0.9985
12578.613,-54.7769,0.9984
12580.078,-54.7275,0.9982
12581.543,-54.7326,0.9984
12583.008,-54.7481,0.9984
12584.473,-54.7234,0.9986
12585.938,-54.7247,0.9984
12587.402,-54.7044,0.9983
12588.867,-54.7346,0.9984
12590.332,-54.7119,0.9985
12591.797,-54.7204,0.9983
12593.262,-54.7392,0.9981
12594.727,-54.7493,0.9983
12596.191,-54.7445,0.9984
12597.656,-54.7449,0.9984
12599.121,-54.7284,0.9985
12600.586,-54.7674,0.9984
12602.051,-54.7397,0.9984
12603.516,-54.7209,0.9983
12604.980,-54.7368,0.9984
12606.445,-54.7875,0.9981
12607.910,-54.7507,0.9984
12609.375,-54.7378,0.9986
12610.840,-54.7447,0.9985
12612.305,-54.7562,0.9982
12613.770,-54.7629,0.9985
12615.234,-54.7587,0.9983
12616.699,-54.7093,0.9986
12618.164,-54.7376,0.9986
12619.629,-54.7390,0.9984
12621.094,-54.7399,0.9986
12622.559,-54.7407,0.9985
12624.023,-54.7483,0.9981
12625.488,-54.7459,0.9982
12626.953,-54.6856,0.9982
12628.418,-54.7204,0.9983
12629.883,-54.7185,0.9979
12631.348,-54.7530,0.9981
12632.812,-54.7724,0.9985
12634.277,-54.7993,0.9981
12635.742,-54.7147,0.9985
12637.207,-54.7243,0.9987
12638.672,-54.7461,0.9985
12640.137,-54.6958,0.9985
12641.602,-54.7327,0.9983
12643.066,-54.7201,0.9984
12644.531,-54.7299,0.9982
12645.996,-54.7460,0.9982
12647.461,-54.7552,0.9982
12648.926,-54.6838,0.9985
12650.391,-54.7038,0.9985
12651.855,-54.7298,0.9987
12653.320,-54.7600,0.9987
12654.785,-54.7105,0.9985
12656.250,-54.7569,0.9982
12657.715,-54.7166,0.9984
12659.180,-54.7219,0.9987
12660.645,-54.7169,0.9986
12662.109,-54.6996,0.9988
12663.574,-54.7530,0.9988
12665.039,-54.6974,0.9988
12666.504,-54.7611,0.9986
12667.969,-54.7118,0.9986
12669.434,-54.7387,0.9984
12670.898,-54.7429,0.9985
12672.363,-54.7300,0.9987
12673.828,-54.7135,0.9984
12675.293,-54.6818,0.9984
12676.758,-54.6723,0.9986
12678.223,-54.7167,0.9987
12679.688,-54.7077,0.9987
12681.152,-54.7212,0.9983
12682.617,-54.7638,0.9981
12684.082,-54.7281,0.9982
12685.547,-54.7592,0.9984
12687.012,-54.7278,0.9986
12688.477,-54.7461,0.9987
12689.941,-54.7797,0.9989
12691.406,-54.7659,0.9986
12692.871,-54.7467,0.9987
12694.336,-54.6972,0.9985
12695.801,-54.7151,0.9984
12697.266,-54.7360,0.9984
12698.730,-54.7192,0.9988
12700.195,-54.7460,0.9987
12701.660,-54.7261,0.9986
12703.125,-54.7399,0.9986
12704.590,-54.7409,0.9988
12706.055,-54.7447,0.9989
12707.520,-54.6400,0.9985
12708.984,-54.6727,0.9985
12710.449,-54.7562,0.9985
12711.914,-54.7652,0.9985
12713.379,-54.7351,0.9987
12714.844,-54.7639,0.9986
12716.309,-54.6673,0.9987
12717.773,-54.6666,0.9986
12719.238,-54.6829,0.9987
12720.703,-54.7354,0.9986
12722.168,-54.7433,0.9986
12723.633,-54.7477,0.9987
12725.098,-54.6924,0.9986
12726.562,-54.7469,0.9988
12728.027,-54.7437,0.9986
12729.492,-54.6866,0.9987
12730.957,-54.7035,0.9988
12732.422,-54.7812,0.9987
12733.887,-54.7614,0.9988
12735.352,-54.6970,0.9987
12736.816,-54.7000,0.9987
12738.281,-54.7225,0.9990
12739.746,-54.7487,0.9988
12741.211,-54.7007,0.9986
12742.676,-54.7105,0.9987
12744.141,-54.7464,0.9988
12745.605,-54.7512,0.9989
12747.070,-54.7211,0.9988
12748.535,-54.7725,0.9986
12750.000,-54.7552,0.9989
12751.465,-54.7485,0.9988
12752.930,-54.7282,0.9987
12754.395,-54.6860,0.9990
12755.859,-54.7180,0.9988
12757.324,-54.7254,0.9986
12758.789,-54.7481,0.9986
12760.254,-54.7373,0.9988
12761.719,-54.7261,0.9990
12763.184,-54.7426,0.9987
12764.648,-54.7445,0.9990
12766.113,-54.7803,0.9986
12767.578,-54.7326,0.9986
12769.043,-54.7387,0.9988
12770.508,-54.7477,0.9990
12771.973,-54.7322,0.9988
12773.438,-54.7192,0.9989
12774.902,-54.7138,0.9988
12776.367,-54.7324,0.9988
12777.832,-54.7198,0.9989
12779.297,-54.7550,0.9989
12780.762,-54.7453,0.9990
12782.227,-54.7416,0.9988
12783.691,-54.7503,0.9990
12785.156,-54.7408,0.9988
12786.621,-54.6975,0.9989
12788.086,-54.7442,0.9988
12789.551,-54.7769,0.9986
12791.016,-54.7440,0.9988
12792.480,-54.7386,0.9988
12793.945,-54.7312,0.9989
12795.410,-54.7590,0.9989
12796.875,-54.7304,0.9988
12798.340,-54.7112,0.9990
12799.805,-54.7196,0.9989
12801.270,-54.7032,0.9991
12802.734,-54.7218,0.9990
12804.199,-54.7167,0.9990
12805.664,-54.7122,0.9990
12807.129,-54.7152,0.9989
12808.594,-54.7449,0.9989
12810.059,-54.6929,0.9990
12811.523,-54.7140,0.9990
12812.988,-54.7624,0.9990
12814.453,-54.7433,0.9991
12815.918,-54.7566,0.9990
12817.383,-54.7395,0.9991
12818.848,-54.6964,0.9992
12820.312,-54.7226,0.9991
12821.777,-54.7399,0.9990
12823.242,-54.7271,0.9991
12824.707,-54.6982,0.9991
12826.172,-54.6810,0.9990
12827.637,-54.6989,0.9991
12829.102,-54.7589,0.9991
12830.566,-54.7372,0.9990
12832.031,-54.7057,0.9988
12833.496,-54.7031,0.9989
12834.961,-54.7341,0.9991
12836.426,-54.7296,0.9989
12837.891,-54.7347,0.9988
12839.355,-54.7533,0.9990
12840.820,-54.7491,0.9990
12842.285,-54.7226,0.9992
12843.750,-54.7441,0.9990
12845.215,-54.7399,0.9989
12846.680,-54.7317,0.9989
12848.145,-54.6790,0.9990
12849.609,-54.6728,0.9990
12851.074,-54.6886,0.9988
12852.539,-54.7006,0.9989
12854.004,-54.7107,0.9990
12855.469,-54.7140,0.9989
12856.934,-54.7087,0.9991
12858.398,-54.7013,0.9991
12859.863,-54.7119,0.9992
12861.328,-54.7119,0.9990
12862.793,-54.7431,0.9988
12864.258,-54.7356,0.9990
12865.723,-54.6732,0.9991
12867.188,-54.6617,0.9990
12868.652,-54.6997,0.9989
12870.117,-54.7247,0.9991
12871.582,-54.7010,0.9993
12873.047,-54.7163,0.9992
12874.512,-54.7189,0.9990
12875.977,-54.7200,0.9990
12877.441,-54.7408,0.9990
12878.906,-54.7600,0.9988
12880.371,-54.7716,0.9989
12881.836,-54.7153,0.9991
12883.301,-54.6754,0.9991
12884.766,-54.7011,0.9992
12886.230,-54.7426,0.9991
12887.695,-54.7377,0.9990
12889.160,-54.7226,0.9992
12890.625,-54.7333,0.9993
12892.090,-54.7236,0.9992
12893.555,-54.7300,0.9991
12895.020,-54.7423,0.9989
12896.484,-54.7158,0.9990
12897.949,-54.6883,0.9990
12899.414,-54.7010,0.9991
12900.879,-54.7231,0.9991
12902.344,-54.7443,0.9990
12903.809,-54.7422,0.9991
12905.273,-54.7448,0.9990
12906.738,-54.7275,0.9992
12908.203,-54.7238,0.9992
12909.668,-54.7497,0.9992
12911.133,-54.7417,0.9991
12912.598,-54.7416,0.9991
12914.062,-54.7282,0.9991
12915.527,-54.7072,0.9990
12916.992,-54.6884,0.9991
12918.457,-54.6797,0.9992
12919.922,-54.7022,0.9991
12921.387,-54.7202,0.9991
12922.852,-54.7208,0.9991
12924.316,-54.7248,0.9991
12925.781,-54.7334,0.9991
12927.246,-54.7017,0.9992
12928.711,-54.7065,0.9992
12930.176,-54.7141,0.9992
12931.641,-54.7222,0.9992
12933.105,-54.7173,0.9992
12934.570,-54.7349,0.9992
12936.035,-54.7511,0.9990
12937.500,-54.7342,0.9991
12938.965,-54.7147,0.9990
12940.430,-54.7295,0.9992
12941.895,-54.7422,0.9993
12943.359,-54.7387,0.9992
12944.824,-54.7308,0.9992
12946.289,-54.7274,0.9991
12947.754,-54.7093,0.9990
12949.219,-54.7124,0.9991
12950.684,-54.7574,0.9992
12952.148,-54.7405,0.9990
12953.613,-54.7267,0.9991
12955.078,-54.7318,0.9992
12956.543,-54.7461,0.9991
12958.008,-54.7567,0.9991
12959.473,-54.7541,0.9991
12960.938,-54.7477,0.9992
12962.402,-54.7375,0.9992
12963.867,-54.7350,0.9991
12965.332,-54.7585,0.9992
12966.797,-54.7735,0.9993
12968.262,-54.7678,0.9992
12969.727,-54.7563,0.9992
12971.191,-54.7855,0.9992
12972.656,-54.7887,0.9991
12974.121,-54.7336,0.9993
12975.586,-54.6944,0.9992
12977.051,-54.7068,0.9991
12978.516,-54.7287,0.9992
12979.980,-54.7410,0.9992
12981.445,-54.7515,0.9992
12982.910,-54.7517,0.9991
12984.375,-54.7284,0.9991
12985.840,-54.7269,0.9991
12987.305,-54.7429,0.9993
12988.770,-54.7451,0.9992
12990.234,-54.7634,0.9992
12991.699,-54.7712,0.9991
12993.164,-54.7481,0.9992
12994.629,-54.7239,0.9992
12996.094,-54.7225,0.9991
12997.559,-54.7407,0.9991
12999.023,-54.7555,0.9991
13000.488,-54.7515,0.9992
13001.953,-54.7342,0.9992
13003.418,-54.7360,0.9992
13004.883,-54.7413,0.9993
13006.348,-54.7311,0.9992
13007.812,-54.7362,0.9991
13009.277,-54.7626,0.9993
13010.742,-54.7528,0.9992
13012.207,-54.7281,0.9992
13013.672,-54.7446,0.9991
13015.137,-54.7689,0.9992
13016.602,-54.7661,0.9993
13018.066,-54.7542,0.9994
13019.531,-54.7577,0.9993
13020.996,-54.7545,0.9993
13022.461,-54.7535,0.9993
13023.926,-54.7723,0.9993
13025.391,-54.7729,0.9992
13026.855,-54.7573,0.9993
13028.320,-54.7448,0.9993
13029.785,-54.7329,0.9992
13031.250,-54.7471,0.9991
13032.715,-54.7767,0.9992
13034.180,-54.7754,0.9993
13035.645,-54.7606,0.9993
13037.109,-54.7555,0.9991
13038.574,-54.7528,0.9991
13040.039,-54.7513,0.9992
13041.504,-54.7572,0.9991
13042.969,-54.7556,0.9992
13044.434,-54.7263,0.9992
13045.898,-54.7153,0.9990
13047.363,-54.7328,0.9991
13048.828,-54.7528,0.9992
13050.293,-54.7737,0.9992
13051.758,-54.7782,0.9993
13053.223,-54.7711,0.9993
13054.688,-54.7525,0.9993
13056.152,-54.7360,0.9993
13057.617,-54.7466,0.9992
13059.082,-54.7656,0.9993
13060.547,-54.7812,0.9992
13062.012,-54.7645,0.9994
13063.477,-54.7318,0.9994
13064.941,-54.7229,0.9993
13066.406,-54.7334,0.9991
13067.871,-54.7531,0.9993
13069.336,-54.7738,0.9993
13070.801,-54.7885,0.9992
13072.266,-54.7700,0.9992
13073.730,-54.7404,0.9993
13075.195,-54.7423,0.9993
13076.660,-54.7532,0.9993
13078.125,-54.7476,0.9992
13079.590,-54.7363,0.9991
13081.055,-54.7385,0.9993
13082.520,-54.7512,0.9994
13083.984,-54.7678,0.9993
13085.449,-54.7743,0.9992
13086.914,-54.7577,0.9992
13088.379,-54.7622,0.9993
13089.844,-54.7721,0.9993
13091.309,-54.7540,0.9991
13092.773,-54.7426,0.9992
13094.238,-54.7453,0.9992
13095.703,-54.7655,0.9992
13097.168,-54.7698,0.9993
13098.633,-54.7554,0.9991
13100.098,-54.7543,0.9992
13101.562,-54.7535,0.9991
13103.027,-54.7451,0.9991
13104.492,-54.7363,0.9992
13105.957,-54.7436,0.9992
13107.422,-54.7396,0.9992
13108.887,-54.7409,0.9992
13110.352,-54.7798,0.9991
13111.816,-54.8055,0.9992
13113.281,-54.7990,0.9992
13114.746,-54.7655,0.9992
13116.211,-54.7422,0.9992
13117.676,-54.7617,0.9993
13119.141,-54.7815,0.9993
13120.605,-54.7669,0.9991
13122.070,-54.7576,0.9991
13123.535,-54.7758,0.9993
13125.000,-54.7619,0.9993
13126.465,-54.7295,0.9992
13127.930,-54.7356,0.9993
13129.395,-54.7603,0.9992
13130.859,-54.7652,0.9992
13132.324,-54.7523,0.9992
13133.789,-54.7510,0.9992
13135.254,-54.7553,0.9991
13136.719,-54.7585,0.9991
13138.184,-54.7652,0.9993
13139.648,-54.7736,0.9992
13141.113,-54.7744,0.9992
13142.578,-54.7713,0.9992
13144.043,-54.7730,0.9992
13145.508,-54.7726,0.9992
13146.973,-54.7781,0.9992
13148.438,-54.7825,0.9992
13149.902,-54.7628,0.9993
13151.367,-54.7471,0.9993
13152.832,-54.7575,0.9993
13154.297,-54.7565,0.9993
13155.762,-54.7539,0.9993
13157.227,-54.7523,0.9993
13158.691,-54.7515,0.9993
13160.156,-54.7516,0.9992
13161.621,-54.7663,0.9991
13163.086,-54.7991,0.9991
13164.551,-54.7742,0.9992
13166.016,-54.7517,0.9991
13167.480,-54.7722,0.9993
13168.945,-54.7674,0.9992
13170.410,-54.7609,0.9991
13171.875,-54.7806,0.9992
13173.340,-54.7912,0.9992
13174.805,-54.7793,0.9992
13176.270,-54.7893,0.9991
13177.734,-54.8012,0.9993
13179.199,-54.7818,0.9991
13180.664,-54.7817,0.9990
13182.129,-54.8087,0.9990
13183.594,-54.8134,0.9991
13185.059,-54.7696,0.9993
13186.523,-54.7346,0.9991
13187.988,-54.7571,0.9991
13189.453,-54.7861,0.9994
13190.918,-54.7688,0.9993
13192.383,-54.7449,0.9992
13193.848,-54.7300,0.9990
13195.312,-54.7421,0.9991
13196.777,-54.7690,0.9990
13198.242,-54.7812,0.9989
13199.707,-54.7761,0.9990
13201.172,-54.7663,0.9991
13202.637,-54.7705,0.9993
13204.102,-54.7903,0.9992
13205.566,-54.7930,0.9992
13207.031,-54.7784,0.9992
13208.496,-54.7715,0.9991
13209.961,-54.7775,0.9991
13211.426,-54.7927,0.9991
13212.891,-54.7678,0.9991
13214.355,-54.7611,0.9992
13215.820,-54.7763,0.9992
13217.285,-54.7700,0.9992
13218.750,-54.7778,0.9992
13220.215,-54.7900,0.9993
13221.680,-54.7698,0.9992
13223.145,-54.7651,0.9992
13224.609,-54.7751,0.9993
13226.074,-54.7736,0.9993
13227.539,-54.7562,0.9992
13229.004,-54.7628,0.9990
13230.469,-54.7847,0.9991
13231.934,-54.7843,0.9990
13233.398,-54.7956,0.9992
13234.863,-54.7774,0.9992
13236.328,-54.7594,0.9991
13237.793,-54.7884,0.9991
13239.258,-54.7831,0.9991
13240.723,-54.7554,0.9990
13242.188,-54.7648,0.9990
13243.652,-54.7583,0.9991
13245.117,-54.7668,0.9991
13246.582,-54.7766,0.9990
13248.047,-54.7863,0.9990
13249.512,-54.7852,0.9989
13250.977,-54.7863,0.9990
13252.441,-54.8186,0.9991
13253.906,-54.8304,0.9992
13255.371,-54.7887,0.9991
13256.836,-54.7599,0.9990
13258.301,-54.7779,0.9991
13259.766,-54.7998,0.9990
13261.230,-54.8020,0.9991
13262.695,-54.7815,0.9991
13264.160,-54.7797,0.9989
13265.625,-54.8025,0.9990
13267.090,-54.7981,0.9991
13268.555,-54.7672,0.9993
13270.020,-54.7826,0.9992
13271.484,-54.8051,0.9990
13272.949,-54.7852,0.9992
13274.414,-54.7848,0.9991
13275.879,-54.7793,0.9989
13277.344,-54.7846,0.9991
13278.809,-54.7766,0.9989
13280.273,-54.7750,0.9990
13281.738,-54.8005,0.9992
13283.203,-54.8341,0.9992
13284.668,-54.8160,0.9990
13286.133,-54.8156,0.9990
13287.598,-54.8111,0.9990
13289.062,-54.7699,0.9991
13290.527,-54.7608,0.9990
13291.992,-54.7951,0.9992
13293.457,-54.7800,0.9993
13294.922,-54.7613,0.9991
13296.387,-54.7757,0.9991
13297.852,-54.7782,0.9990
13299.316,-54.7860,0.9990
13300.781,-54.8032,0.9990
13302.246,-54.8015,0.9990
13303.711,-54.7787,0.9991
13305.176,-54.7869,0.9991
13306.641,-54.7834,0.9989
13308.105,-54.7794,0.9990
13309.570,-54.7891,0.9990
13311.035,-54.7921,0.9990
13312.500,-54.7849,0.9990
13313.965,-54.7906,0.9990
13315.430,-54.8076,0.9991
13316.895,-54.8232,0.9991
13318.359,-54.7986,0.9990
13319.824,-54.7904,0.9990
13321.289,-54.8107,0.9990
13322.754,-54.8382,0.9991
13324.219,-54.8148,0.9990
13325.684,-54.7688,0.9992
13327.148,-54.8177,0.9990
13328.613,-54.8393,0.9989
13330.078,-54.7964,0.9990
13331.543,-54.7908,0.9990
13333.008,-54.8071,0.9990
13334.473,-54.8027,0.9990
13335.938,-54.7843,0.9990
13337.402,-54.8164,0.9989
13338.867,-54.8386,0.9991
13340.332,-54.8201,0.9991
13341.797,-54.7918,0.9991
13343.262,-54.7704,0.9989
13344.727,-54.7827,0.9990
13346.191,-54.7922,0.9990
13347.656,-54.8072,0.9991
13349.121,-54.8157,0.9991
13350.586,-54.8063,0.9987
13352.051,-54.8137,0.9988
13353.516,-54.8248,0.9989
13354.980,-54.7824,0.9990
13356.445,-54.7602,0.9991
13357.910,-54.8138,0.9991
13359.375,-54.8089,0.9990
13360.840,-54.8269,0.9990
13362.305,-54.7975,0.9989
13363.770,-54.7919,0.9988
13365.234,-54.8081,0.9988
13366.699,-54.7737,0.9989
13368.164,-54.7743,0.9988
13369.629,-54.8022,0.9987
13371.094,-54.8042,0.9988
13372.559,-54.7986,0.9987
13374.023,-54.8130,0.9986
13375.488,-54.8355,0.9984
13376.953,-54.8117,0.9987
13378.418,-54.8019,0.9989
13379.883,-54.8200,0.9990
13381.348,-54.8302,0.9989
13382.812,-54.8099,0.9989
13384.277,-54.7829,0.9987
13385.742,-54.8194,0.9989
13387.207,-54.8010,0.9989
13388.672,-54.7904,0.9988
13390.137,-54.8214,0.9989
13391.602,-54.8289,0.9991
13393.066,-54.7823,0.9990
13394.531,-54.7857,0.9990
13395.996,-54.7674,0.9989
13397.461,-54.8106,0.9991
13398.926,-54.8210,0.9989
13400.391,-54.8399,0.9986
13401.855,-54.8106,0.9985
13403.320,-54.8051,0.9986
13404.785,-54.8353,0.9988
13406.250,-54.7885,0.9988
13407.715,-54.7918,0.9989
13409.180,-54.7901,0.9987
13410.645,-54.7885,0.9988
13412.109,-54.7665,0.9990
13413.574,-54.7787,0.9986
13415.039,-54.8166,0.9988
13416.504,-54.7867,0.9989
13417.969,-54.7995,0.9988
13419.434,-54.8335,0.9986
13420.898,-54.7930,0.9985
13422.363,-54.7963,0.9990
13423.828,-54.8123,0.9989
13425.293,-54.8110,0.9989
13426.758,-54.8076,0.9987
13428.223,-54.8191,0.9987
13429.688,-54.7884,0.9988
13431.152,-54.7898,0.9989
13432.617,-54.8096,0.9987
13434.082,-54.8115,0.9984
13435.547,-54.8113,0.9987
13437.012,-54.7982,0.9988
13438.477,-54.8017,0.9988
13439.941,-54.7991,0.9988
13441.406,-54.7687,0.9986
13442.871,-54.8083,0.9987
13444.336,-54.7872,0.9987
13445.801,-54.7789,0.9988
13447.266,-54.7401,0.9987
13448.730,-54.8053,0.9988
13450.195,-54.8273,0.9986
13451.660,-54.7762,0.9987
13453.125,-54.7722,0.9989
13454.590,-54.7788,0.9984
13456.055,-54.8027,0.9986
13457.520,-54.8401,0.9985
13458.984,-54.8178,0.9988
13460.449,-54.8078,0.9989
13461.914,-54.8176,0.9987
13463.379,-54.8253,0.9987
13464.844,-54.8464,0.9989
13466.309,-54.8094,0.9986
13467.773,-54.7950,0.9988
13469.238,-54.8047,0.9987
13470.703,-54.8137,0.9985
13472.168,-54.7840,0.9987
13473.633,-54.7983,0.9986
13475.098,-54.8236,0.9984
13476.562,-54.8055,0.9985
13478.027,-54.8076,0.9986
13479.492,-54.7903,0.9985
13480.957,-54.8409,0.9983
13482.422,-54.7954,0.9983
13483.887,-54.8269,0.9984
13485.352,-54.7827,0.9987
13486.816,-54.7583,0.9986
13488.281,-54.7592,0.9987
13489.746,-54.8234,0.9984
13491.211,-54.8273,0.9986
13492.676,-54.7748,0.9987
13494.141,-54.8036,0.9986
13495.605,-54.8338,0.9983
13497.070,-54.8267,0.9985
13498.535,-54.8133,0.9985
13500.000,-54.7654,0.9984
13501.465,-54.8233,0.9985
13502.930,-54.8326,0.9986
13504.395,-54.8184,0.9988
13505.859,-54.8432,0.9987
13507.324,-54.8037,0.9988
13508.789,-54.8269,0.9985
13510.254,-54.8073,0.9983
13511.719,-54.8137,0.9982
13513.184,-54.8563,0.9986
13514.648,-54.7947,0.9986
13516.113,-54.7850,0.9985
13517.578,-54.8087,0.9986
13519.043,-54.8131,0.9986
13520.508,-54.7942,0.9987
13521.973,-54.8042,0.9986
13523.438,-54.8093,0.9986
13524.902,-54.8049,0.9983
13526.367,-54.7782,0.9982
13527.832,-54.7953,0.9986
13529.297,-54.8268,0.9983
13530.762,-54.7825,0.9982
13532.227,-54.8269,0.9984
13533.691,-54.8338,0.9981
13535.156,-54.8374,0.9980
13536.621,-54.7859,0.9985
13538.086,-54.8347,0.9985
13539.551,-54.8007,0.9981
13541.016,-54.8297,0.9983
13542.480,-54.8111,0.9983
13543.945,-54.7747,0.9983
13545.410,-54.8478,0.9988
13546.875,-54.8293,0.9987
13548.340,-54.8426,0.9986
13549.805,-54.7690,0.9984
13551.270,-54.7556,0.9983
13552.734,-54.7787,0.9982
13554.199,-54.8249,0.9983
13555.664,-54.7773,0.9986
13557.129,-54.7782,0.9986
13558.594,-54.7845,0.9984
13560.059,-54.8131,0.9983
13561.523,-54.8006,0.9983
13562.988,-54.7637,0.9984
13564.453,-54.8150,0.9987
13565.918,-54.7694,0.9985
13567.383,-54.7930,0.9984
13568.848,-54.7989,0.9983
13570.312,-54.7972,0.9984
13571.777,-54.7398,0.9982
13573.242,-54.8015,0.9981
13574.707,-54.7666,0.9981
13576.172,-54.7357,0.9983
13577.637,-54.7809,0.9985
13579.102,-54.8098,0.9983
13580.566,-54.8017,0.9985
13582.031,-54.7365,0.9986
13583.496,-54.8096,0.9983
13584.961,-54.7965,0.9985
13586.426,-54.7876,0.9983
13587.891,-54.8019,0.9986
13589.355,-54.7507,0.9986
13590.820,-54.7716,0.9985
13592.285,-54.7733,0.9983
13593.750,-54.7907,0.9980
13595.215,-54.7410,0.9984
13596.680,-54.7255,0.9984
13598.145,-54.7576,0.9984
13599.609,-54.7871,0.9985
13601.074,-54.7923,0.9984
13602.539,-54.8206,0.9983
13604.004,-54.8248,0.9982
13605.469,-54.7070,0.9986
13606.934,-54.7978,0.9985
13608.398,-54.7347,0.9981
13609.863,-54.7337,0.9985
13611.328,-54.7299,0.9984
13612.793,-54.8236,0.9982
13614.258,-54.8194,0.9985
13615.723,-54.8447,0.9985
13617.188,-54.7962,0.9986
13618.652,-54.7897,0.9983
13620.117,-54.7695,0.9982
13621.582,-54.7121,0.9985
13623.047,-54.7654,0.9984
13624.512,-54.8058,0.9982
13625.977,-54.7996,0.9982
13627.441,-54.8020,0.9978
13628.906,-54.7796,0.9983
13630.371,-54.7894,0.9985
13631.836,-54.7673,0.9985
13633.301,-54.7216,0.9983
13634.766,-54.7918,0.9981
13636.230,-54.7766,0.9979
13637.695,-54.7168,0.9983
13639.160,-54.7839,0.9981
13640.625,-54.8200,0.9985
13642.090,-54.7736,0.9985
13643.555,-54.7640,0.9984
13645.020,-54.7771,0.9983
13646.484,-54.8113,0.9985
13647.949,-54.7448,0.9983
13649.414,-54.7751,0.9982
13650.879,-54.7788,0.9982
13652.344,-54.7046,0.9987
13653.809,-54.7479,0.9982
13655.273,-54.7618,0.9983
13656.738,-54.7581,0.9984
13658.203,-54.7556,0.9982
13659.668,-54.7637,0.9982
13661.133,-54.7418,0.9984
13662.598,-54.8031,0.9984
13664.062,-54.8006,0.9986
13665.527,-54.7725,0.9981
13666.992,-54.7753,0.9984
13668.457,-54.7568,0.9982
13669.922,-54.7357,0.9981
13671.387,-54.7520,0.9985
13672.852,-54.7881,0.9982
13674.316,-54.7355,0.9982
13675.781,-54.7767,0.9982
13677.246,-54.7439,0.9980
13678.711,-54.7672,0.9984
13680.176,-54.7342,0.9984
13681.641,-54.7733,0.9982
13683.105,-54.7849,0.9985
13684.570,-54.7379,0.9983
13686.035,-54.7243,0.9981
13687.500,-54.7605,0.9982
13688.965,-54.7538,0.9984
13690.430,-54.7670,0.9983
13691.895,-54.7485,0.9985
13693.359,-54.7637,0.9984
13694.824,-54.8041,0.9985
13696.289,-54.7636,0.9984
13697.754,-54.7725,0.9980
13699.219,-54.7682,0.9981
13700.684,-54.7660,0.9983
13702.148,-54.7209,0.9983
13703.613,-54.7625,0.9982
13705.078,-54.7526,0.9981
13706.543,-54.7357,0.9982
13708.008,-54.7018,0.9980
13709.473,-54.7704,0.9982
13710.938,-54.7496,0.9983
13712.402,-54.7612,0.9984
13713.867,-54.7590,0.9982
13715.332,-54.7028,0.9982
13716.797,-54.7230,0.9981
13718.262,-54.6841,0.9984
13719.727,-54.7661,0.9986
13721.191,-54.7607,0.9987
13722.656,-54.7702,0.9981
13724.121,-54.7364,0.9982
13725.586,-54.7388,0.9986
13727.051,-54.7828,0.9984
13728.516,-54.7336,0.9984
13729.980,-54.7625,0.9985
13731.445,-54.7689,0.9984
13732.910,-54.6966,0.9986
13734.375,-54.7504,0.9985
13735.840,-54.7274,0.9985
13737.305,-54.7433,0.9983
13738.770,-54.7549,0.9984
13740.234,-54.7597,0.9985
13741.699,-54.7276,0.9987
13743.164,-54.7814,0.9983
13744.629,-54.7660,0.9983
13746.094,-54.6817,0.9985
13747.559,-54.6850,0.9982
13749.023,-54.7914,0.9985
13750.488,-54.7685,0.9984
13751.953,-54.7238,0.9982
13753.418,-54.7456,0.9983
13754.883,-54.7777,0.9983
13756.348,-54.7554,0.9984
13757.812,-54.7357,0.9984
13759.277,-54.7344,0.9983
13760.742,-54.7311,0.9982
13762.207,-54.7494,0.9982
13763.672,-54.7800,0.9985
13765.137,-54.7429,0.9986
13766.602,-54.7503,0.9988
13768.066,-54.7798,0.9983
13769.531,-54.7175,0.9984
13770.996,-54.7427,0.9985
13772.461,-54.7633,0.9984
13773.926,-54.7292,0.9984
13775.391,-54.7336,0.9986
13776.855,-54.7410,0.9986
13778.320,-54.7895,0.9985
13779.785,-54.7392,0.9986
13781.250,-54.7363,0.9986
13782.715,-54.7714,0.9985
13784.180,-54.7843,0.9985
13785.645,-54.7670,0.9986
13787.109,-54.7431,0.9985
13788.574,-54.7134,0.9986
13790.039,-54.7336,0.9985
13791.504,-54.7482,0.9986
13792.969,-54.7302,0.9986
13794.434,-54.7759,0.9987
13795.898,-54.7545,0.9987
13797.363,-54.7232,0.9987
13798.828,-54.7374,0.9986
13800.293,-54.7459,0.9986
13801.758,-54.7426,0.9987
13803.223,-54.7762,0.9985
13804.688,-54.7839,0.9985
13806.152,-54.7827,0.9985
13807.617,-54.7437,0.9986
13809.082,-54.7010,0.9987
13810.547,-54.7275,0.9985
13812.012,-54.7149,0.9986
13813.477,-54.7104,0.9987
13814.941,-54.7214,0.9986
13816.406,-54.7523,0.9987
13817.871,-54.7195,0.9988
13819.336,-54.7331,0.9987
13820.801,-54.7478,0.9988
13822.266,-54.7328,0.9987
13823.730,-54.7718,0.9986
13825.195,-54.7519,0.9988
13826.660,-54.7301,0.9988
13828.125,-54.7143,0.9989
13829.590,-54.7294,0.9988
13831.055,-54.7473,0.9987
13832.520,-54.7321,0.9988
13833.984,-54.7033,0.9989
13835.449,-54.7500,0.9986
13836.914,-54.7432,0.9985
13838.379,-54.7425,0.9986
13839.844,-54.7127,0.9987
13841.309,-54.7699,0.9984
13842.773,-54.7932,0.9983
13844.238,-54.7635,0.9986
13845.703,-54.7540,0.9986
13847.168,-54.7290,0.9988
13848.633,-54.7391,0.9985
13850.098,-54.6935,0.9985
13851.562,-54.7069,0.9986
13853.027,-54.7267,0.9988
13854.492,-54.7609,0.9989
13855.957,-54.6870,0.9987
13857.422,-54.7266,0.9986
13858.887,-54.7542,0.9987
13860.352,-54.7294,0.9987
13861.816,-54.7196,0.9987
13863.281,-54.7177,0.9987
13864.746,-54.7152,0.9987
13866.211,-54.6832,0.9988
13867.676,-54.7258,0.9987
13869.141,-54.7502,0.9985
13870.605,-54.6889,0.9986
13872.070,-54.6891,0.9988
13873.535,-54.7341,0.9990
13875.000,-54.7270,0.9988
13876.465,-54.7431,0.9985
13877.930,-54.7555,0.9987
13879.395,-54.7435,0.9985
13880.859,-54.7452,0.9985
13882.324,-54.7213,0.9988
13883.789,-54.7181,0.9989
13885.254,-54.7437,0.9988
13886.719,-54.7352,0.9986
13888.184,-54.7047,0.9989
13889.648,-54.7510,0.9988
13891.113,-54.7530,0.9988
13892.578,-54.7555,0.9989
13894.043,-54.7527,0.9987
13895.508,-54.7407,0.9988
13896.973,-54.7566,0.9988
13898.438,-54.7796,0.9988
13899.902,-54.7184,0.9988
13901.367,-54.7164,0.9986
13902.832,-54.7370,0.9990
13904.297,-54.7603,0.9988
13905.762,-54.7480,0.9986
13907.227,-54.7703,0.9986
13908.691,-54.7394,0.9987
13910.156,-54.7649,0.9988
13911.621,-54.7818,0.9990
13913.086,-54.7120,0.9988
13914.551,-54.7165,0.9989
13916.016,-54.7810,0.9988
13917.480,-54.7366,0.9990
13918.945,-54.7097,0.9989
13920.410,-54.7657,0.9989
13921.875,-54.7383,0.9990
13923.340,-54.7165,0.9990
13924.805,-54.7239,0.9990
13926.270,-54.7083,0.9990
13927.734,-54.7116,0.9989
13929.199,-54.7054,0.9988
13930.664,-54.7090,0.9990
13932.129,-54.7539,0.9990
13933.594,-54.7616,0.9990
13935.059,-54.7562,0.9989
13936.523,-54.7538,0.9991
13937.988,-54.7002,0.9991
13939.453,-54.6952,0.9991
13940.918,-54.7201,0.9992
13942.383,-54.7539,0.9990
13943.848,-54.7622,0.9990
13945.312,-54.7578,0.9992
13946.777,-54.7437,0.9992
13948.242,-54.7303,0.9991
13949.707,-54.7504,0.9990
13951.172,-54.7455,0.9989
13952.637,-54.7423,0.9989
13954.102,-54.7278,0.9990
13955.566,-54.7206,0.9990
13957.031,-54.7552,0.9990
13958.496,-54.7436,0.9989
13959.961,-54.7527,0.9989
13961.426,-54.7718,0.9990
13962.891,-54.7728,0.9990
13964.355,-54.7611,0.9989
13965.820,-54.7544,0.9989
13967.285,-54.7072,0.9990
13968.750,-54.7197,0.9989
13970.215,-54.7597,0.9989
13971.680,-54.7547,0.9990
13973.145,-54.7409,0.9989
13974.609,-54.7351,0.9991
13976.074,-54.7084,0.9991
13977.539,-54.7216,0.9989
13979.004,-54.7223,0.9991
13980.469,-54.6958,0.9991
13981.934,-54.7017,0.9990
13983.398,-54.7516,0.9989
13984.863,-54.7685,0.9989
13986.328,-54.7661,0.9990
13987.793,-54.7187,0.9987
13989.258,-54.7019,0.9988
13990.723,-54.7352,0.9990
13992.188,-54.7420,0.9989
13993.652,-54.7272,0.9988
13995.117,-54.6959,0.9989
13996.582,-54.7220,0.9989
13998.047,-54.7541,0.9989
13999.512,-54.7518,0.9988
14000.977,-54.7193,0.9990
14002.441,-54.7309,0.9992
14003.906,-54.7843,0.9991
14005.371,-54.7984,0.9990
14006.836,-54.7841,0.9991
14008.301,-54.7578,0.9991
14009.766,-54.7441,0.9993
14011.230,-54.7423,0.9992
14012.695,-54.7385,0.9991
14014.160,-54.7353,0.9990
14015.625,-54.7553,0.9991
14017.090,-54.7682,0.9990
14018.555,-54.7601,0.9990
14020.020,-54.7570,0.9989
14021.484,-54.7774,0.9990
14022.949,-54.7783,0.9992
14024.414,-54.7603,0.9993
14025.879,-54.7590,0.9991
14027.344,-54.7440,0.9989
14028.809,-54.7496,0.9989
14030.273,-54.7723,0.9990
14031.738,-54.7706,0.9991
14033.203,-54.7579,0.9989
14034.668,-54.7767,0.9989
14036.133,-54.7695,0.9990
14037.598,-54.7503,0.9990
14039.062,-54.7585,0.9991
14040.527,-54.7403,0.9990
14041.992,-54.7432,0.9990
14043.457,-54.7477,0.9991
14044.922,-54.7552,0.9990
14046.387,-54.7548,0.9989
14047.852,-54.7403,0.9991
14049.316,-54.7430,0.9992
14050.781,-54.7652,0.9991
14052.246,-54.7417,0.9991
14053.711,-54.7171,0.9990
14055.176,-54.7366,0.9990
14056.641,-54.7574,0.9991
14058.105,-54.7677,0.9990
14059.570,-54.7578,0.9991
14061.035,-54.7506,0.9990
14062.500,-54.7433,0.9990
14063.965,-54.7392,0.9992
14065.430,-54.7358,0.9991
14066.895,-54.7425,0.9991
14068.359,-54.7344,0.9993
14069.824,-54.7293,0.9992
14071.289,-54.7305,0.9992
14072.754,-54.7500,0.9991
14074.219,-54.7361,0.9989
14075.684,-54.7199,0.9991
14077.148,-54.7440,0.9992
14078.613,-54.7743,0.9991
14080.078,-54.7702,0.9992
14081.543,-54.7421,0.9992
14083.008,-54.7332,0.9991
14084.473,-54.7390,0.9992
14085.938,-54.7381,0.9991
14087.402,-54.7627,0.9992
14088.867,-54.7807,0.9991
14090.332,-54.7793,0.9991
14091.797,-54.7843,0.9991
14093.262,-54.7678,0.9992
14094.727,-54.7366,0.9992
14096.191,-54.7305,0.9991
14097.656,-54.7474,0.9993
14099.121,-54.7694,0.9992
14100.586,-54.7821,0.9991
14102.051,-54.7789,0.9989
14103.516,-54.7617,0.9992
14104.980,-54.7342,0.9991
14106.445,-54.7242,0.9991
14107.910,-54.7728,0.9992
14109.375,-54.8040,0.9992
14110.840,-54.7999,0.9992
14112.305,-54.7909,0.9991
14113.770,-54.7588,0.9991
14115.234,-54.7462,0.9991
14116.699,-54.7747,0.9992
14118.164,-54.8078,0.9991
14119.629,-54.8276,0.9991
14121.094,-54.7742,0.9991
14122.559,-54.7222,0.9991
14124.023,-54.7500,0.9991
14125.488,-54.7818,0.9992
14126.953,-54.7886,0.9990
14128.418,-54.7581,0.9992
14129.883,-54.7260,0.9993
14131.348,-54.7505,0.9993
14132.812,-54.7891,0.9992
14134.277,-54.7826,0.9991
14135.742,-54.7595,0.9992
14137.207,-54.7502,0.9991
14138.672,-54.7637,0.9991
14140.137,-54.7850,0.9993
14141.602,-54.7930,0.9991
14143.066,-54.8035,0.9989
14144.531,-54.7886,0.9990
14145.996,-54.7523,0.9991
14147.461,-54.7508,0.9991
14148.926,-54.7586,0.9992
14150.391,-54.7642,0.9992
14151.855,-54.7851,0.9992
14153.320,-54.7960,0.9990
14154.785,-54.7824,0.9990
14156.250,-54.7630,0.9991
14157.715,-54.7657,0.9991
14159.180,-54.7778,0.9992
14160.645,-54.7766,0.9991
14162.109,-54.7723,0.9991
14163.574,-54.7758,0.9991
14165.039,-54.8022,0.9990
14166.504,-54.8003,0.9992
14167.969,-54.7742,0.9992
14169.434,-54.7715,0.9990
14170.898,-54.7713,0.9992
14172.363,-54.7722,0.9991
14173.828,-54.7591,0.9991
14175.293,-54.7300,0.9993
14176.758,-54.7300,0.9994
14178.223,-54.7535,0.9992
14179.688,-54.7615,0.9991
14181.152,-54.7668,0.9991
14182.617,-54.7766,0.9990
14184.082,-54.7652,0.9989
14185.547,-54.7510,0.9990
14187.012,-54.7622,0.9990
14188.477,-54.7736,0.9990
14189.941,-54.7581,0.9991
14191.406,-54.7462,0.9990
14192.871,-54.7590,0.9991
14194.336,-54.7757,0.9991
14195.801,-54.7853,0.9991
14197.266,-54.7906,0.9992
14198.730,-54.7915,0.9991
14200.195,-54.7816,0.9991
14201.660,-54.7734,0.9991
14203.125,-54.7803,0.9992
14204.590,-54.7708,0.9992
14206.055,-54.7512,0.9992
14207.520,-54.7635,0.9991
14208.984,-54.7780,0.9991
14210.449,-54.7801,0.9992
14211.914,-54.7971,0.9991
14213.379,-54.8045,0.9991
14214.844,-54.7969,0.9992
14216.309,-54.7954,0.9993
14217.773,-54.7787,0.9991
14219.238,-54.7641,0.9992
14220.703,-54.7659,0.9993
14222.168,-54.7540,0.9991
14223.633,-54.7573,0.9991
14225.098,-54.7894,0.9993
14226.562,-54.7938,0.9993
14228.027,-54.7665,0.9993
14229.492,-54.7660,0.9992
14230.957,-54.7973,0.9993
14232.422,-54.8223,0.9993
14233.887,-54.8083,0.9992
14235.352,-54.7787,0.9991
14236.816,-54.7786,0.9989
14238.281,-54.7730,0.9991
14239.746,-54.7591,0.9992
14241.211,-54.7767,0.9993
14242.676,-54.7779,0.9992
14244.141,-54.7596,0.9991
14245.605,-54.7759,0.9990
14247.070,-54.7911,0.9991
14248.535,-54.7934,0.9992
14250.000,-54.8034,0.9992
14251.465,-54.7975,0.9992
14252.930,-54.7717,0.9990
14254.395,-54.7528,0.9990
14255.859,-54.7386,0.9992
14257.324,-54.7551,0.9991
14258.789,-54.7895,0.9991
14260.254,-54.7993,0.9992
14261.719,-54.8102,0.9992
14263.184,-54.8058,0.9992
14264.648,-54.7824,0.9991
14266.113,-54.7699,0.9992
14267.578,-54.7711,0.9991
14269.043,-54.7738,0.9990
14270.508,-54.7715,0.9990
14271.973,-54.7630,0.9992
14273.438,-54.7670,0.9992
14274.902,-54.8000,0.9992
14276.367,-54.8189,0.9992
14277.832,-54.7926,0.9993
14279.297,-54.7633,0.9992
14280.762,-54.7692,0.9993
14282.227,-54.8061,0.9993
14283.691,-54.8108,0.9992
14285.156,-54.7702,0.9991
14286.621,-54.7672,0.9991
14288.086,-54.7889,0.9990
14289.551,-54.7790,0.9989
14291.016,-54.7632,0.9992
14292.480,-54.7665,0.9992
14293.945,-54.7766,0.9991
14295.410,-54.7885,0.9992
14296.875,-54.7891,0.9992
14298.340,-54.7971,0.9990
14299.805,-54.8239,0.9991
14301.270,-54.8290,0.9993
14302.734,-54.8142,0.9992
14304.199,-54.7790,0.9991
14305.664,-54.7779,0.9992
14307.129,-54.8325,0.9992
14308.594,-54.8555,0.9989
14310.059,-54.8485,0.9990
14311.523,-54.8391,0.9991
14312.988,-54.8402,0.9991
14314.453,-54.8419,0.9992
14315.918,-54.8372,0.9993
14317.383,-54.8178,0.9992
14318.848,-54.7942,0.9990
14320.312,-54.7960,0.9989
14321.777,-54.7941,0.9991
14323.242,-54.7872,0.9992
14324.707,-54.7937,0.9990
14326.172,-54.7893,0.9991
14327.637,-54.7777,0.9992
14329.102,-54.7929,0.9991
14330.566,-54.8042,0.9992
14332.031,-54.8064,0.9991
14333.496,-54.8031,0.9990
14334.961,-54.8024,0.9992
14336.426,-54.7967,0.9992
14337.891,-54.7989,0.9989
14339.355,-54.8153,0.9989
14340.820,-54.8187,0.9991
14342.285,-54.8053,0.9992
14343.750,-54.7860,0.9991
14345.215,-54.8062,0.9991
14346.680,-54.8158,0.9990
14348.145,-54.7883,0.9990
14349.609,-54.7955,0.9989
14351.074,-54.8032,0.9991
14352.539,-54.7970,0.9992
14354.004,-54.8065,0.9991
14355.469,-54.7986,0.9991
14356.934,-54.8224,0.9992
14358.398,-54.8559,0.9992
14359.863,-54.8509,0.9992
14361.328,-54.8170,0.9991
14362.793,-54.7621,0.9991
14364.258,-54.7496,0.9992
14365.723,-54.7960,0.9992
14367.188,-54.8347,0.9990
14368.652,-54.8385,0.9991
14370.117,-54.8330,0.9990
14371.582,-54.8565,0.9990
14373.047,-54.8441,0.9989
14374.512,-54.8059,0.9987
14375.977,-54.8222,0.9989
14377.441,-54.8200,0.9990
14378.906,-54.8038,0.9989
14380.371,-54.8121,0.9990
14381.836,-54.8079,0.9991
14383.301,-54.7949,0.9991
14384.766,-54.8012,0.9991
14386.230,-54.7987,0.9991
14387.695,-54.7779,0.9991
14389.160,-54.7822,0.9991
14390.625,-54.8083,0.9990
14392.090,-54.8382,0.9991
14393.555,-54.8234,0.9991
14395.020,-54.8143,0.9990
14396.484,-54.8127,0.9991
14397.949,-54.8083,0.9990
14399.414,-54.8123,0.9989
14400.879,-54.7890,0.9989
14402.344,-54.7690,0.9990
14403.809,-54.7831,0.9990
14405.273,-54.7820,0.9990
14406.738,-54.7767,0.9991
14408.203,-54.7998,0.9990
14409.668,-54.8067,0.9990
14411.133,-54.8262,0.9991
14412.598,-54.8025,0.9989
14414.062,-54.7704,0.9990
14415.527,-54.7722,0.9991
14416.992,-54.8155,0.9990
14418.457,-54.8432,0.9991
14419.922,-54.7992,0.9990
14421.387,-54.7690,0.9989
14422.852,-54.7785,0.9989
14424.316,-54.8015,0.9991
14425.781,-54.8039,0.9991
14427.246,-54.8156,0.9988
14428.711,-54.8546,0.9989
14430.176,-54.8341,0.9990
14431.641,-54.7978,0.9990
14433.105,-54.7977,0.9991
14434.570,-54.7840,0.9989
14436.035,-54.7986,0.9988
14437.500,-54.8205,0.9989
14438.965,-54.8010,0.9989
14440.430,-54.7884,0.9989
14441.895,-54.8023,0.9991
14443.359,-54.8268,0.9990
14444.824,-54.8250,0.9988
14446.289,-54.8148,0.9988
14447.754,-54.8132,0.9989
14449.219,-54.8016,0.9987
14450.684,-54.8302,0.9987
14452.148,-54.8571,0.9989
14453.613,-54.8348,0.9988
14455.078,-54.8204,0.9987
14456.543,-54.8167,0.9989
14458.008,-54.7963,0.9990
14459.473,-54.8056,0.9988
14460.938,-54.8105,0.9988
14462.402,-54.8100,0.9990
14463.867,-54.8348,0.9990
14465.332,-54.8199,0.9988
14466.797,-54.8269,0.9989
14468.262,-54.7943,0.9991
14469.727,-54.7861,0.9990
14471.191,-54.8048,0.9988
14472.656,-54.8309,0.9988
14474.121,-54.8076,0.9988
14475.586,-54.8120,0.9987
14477.051,-54.8333,0.9990
14478.516,-54.8073,0.9989
14479.980,-54.7998,0.9989
14481.445,-54.8103,0.9989
14482.910,-54.8272,0.9989
14484.375,-54.8125,0.9989
14485.840,-54.7981,0.9988
14487.305,-54.8265,0.9989
14488.770,-54.8270,0.9988
14490.234,-54.8227,0.9988
14491.699,-54.8568,0.9989
14493.164,-54.8506,0.9988
14494.629,-54.8197,0.9986
14496.094,-54.8142,0.9987
14497.559,-54.8258,0.9989
14499.023,-54.8499,0.9990
14500.488,-54.8334,0.9989
14501.953,-54.7834,0.9989
14503.418,-54.7520,0.9991
14504.883,-54.8040,0.9989
14506.348,-54.8168,0.9985
14507.812,-54.8130,0.9989
14509.277,-54.7720,0.9989
14510.742,-54.7748,0.9988
14512.207,-54.7987,0.9989
14513.672,-54.8182,0.9988
14515.137,-54.7887,0.9988
14516.602,-54.7910,0.9989
14518.066,-54.8144,0.9989
14519.531,-54.8191,0.9987
14520.996,-54.8268,0.9986
14522.461,-54.8233,0.9986
14523.926,-54.8057,0.9985
14525.391,-54.8657,0.9987
14526.855,-54.8732,0.9987
14528.320,-54.8370,0.9989
14529.785,-54.8454,0.9988
14531.250,-54.8313,0.9986
14532.715,-54.8215,0.9988
14534.180,-54.8236,0.9988
14535.645,-54.8275,0.9990
14537.109,-54.8132,0.9985
14538.574,-54.8218,0.9988
14540.039,-54.7686,0.9989
14541.504,-54.7671,0.9986
14542.969,-54.8556,0.9986
14544.434,-54.8392,0.9985
14545.898,-54.8163,0.9986
14547.363,-54.7914,0.9987
14548.828,-54.8198,0.9988
14550.293,-54.8041,0.9987
14551.758,-54.7831,0.9984
14553.223,-54.8021,0.9986
14554.688,-54.8217,0.9986
14556.152,-54.8391,0.9988
14557.617,-54.8217,0.9987
14559.082,-54.8047,0.9987
14560.547,-54.7876,0.9987
14562.012,-54.7664,0.9987
14563.477,-54.8304,0.9988
14564.941,-54.8321,0.9987
14566.406,-54.8370,0.9984
14567.871,-54.8377,0.9985
14569.336,-54.8202,0.9987
14570.801,-54.8002,0.9986
14572.266,-54.8377,0.9987
14573.730,-54.8639,0.9985
14575.195,-54.8056,0.9986
14576.660,-54.8087,0.9988
14578.125,-54.8408,0.9986
14579.590,-54.7898,0.9985
14581.055,-54.7846,0.9986
14582.520,-54.8389,0.9987
14583.984,-54.7913,0.9988
14585.449,-54.7839,0.9985
14586.914,-54.7906,0.9984
14588.379,-54.8378,0.9986
14589.844,-54.8085,0.9987
14591.309,-54.7926,0.9985
14592.773,-54.8030,0.9983
14594.238,-54.7927,0.9985
14595.703,-54.7617,0.9983
14597.168,-54.7898,0.9984
14598.633,-54.8178,0.9986
14600.098,-54.7841,0.9987
14601.562,-54.7911,0.9987
14603.027,-54.7841,0.9984
14604.492,-54.8040,0.9985
14605.957,-54.8432,0.9984
14607.422,-54.8151,0.9984
14608.887,-54.8105,0.9985
14610.352,-54.8239,0.9987
14611.816,-54.8343,0.9986
14613.281,-54.8835,0.9983
14614.746,-54.8150,0.9985
14616.211,-54.7815,0.9986
14617.676,-54.8262,0.9987
14619.141,-54.7886,0.9987
14620.605,-54.7741,0.9987
14622.070,-54.7904,0.9985
14623.535,-54.8432,0.9983
14625.000,-54.8152,0.9983
14626.465,-54.7863,0.9984
14627.930,-54.8026,0.9984
14629.395,-54.7983,0.9985
14630.859,-54.7839,0.9987
14632.324,-54.7900,0.9985
14633.789,-54.7560,0.9986
14635.254,-54.7915,0.9984
14636.719,-54.8414,0.9982
14638.184,-54.8577,0.9983
14639.648,-54.8071,0.9984
14641.113,-54.8146,0.9985
14642.578,-54.8104,0.9986
14644.043,-54.7745,0.9986
14645.508,-54.8170,0.9980
14646.973,-54.8540,0.9983
14648.438,-54.8062,0.9982
14649.902,-54.8740,0.9983
14651.367,-54.7999,0.9986
14652.832,-54.7995,0.9985
14654.297,-54.8443,0.9984
14655.762,-54.8450,0.9985
14657.227,-54.8219,0.9987
14658.691,-54.8267,0.9986
14660.156,-54.7562,0.9983
14661.621,-54.8298,0.9982
14663.086,-54.7999,0.9983
14664.551,-54.7576,0.9982
14666.016,-54.7592,0.9985
14667.480,-54.8105,0.9984
14668.945,-54.8295,0.9984
14670.410,-54.7850,0.9982
14671.875,-54.8515,0.9986
14673.340,-54.8293,0.9983
14674.805,-54.8287,0.9982
14676.270,-54.8037,0.9980
14677.734,-54.8140,0.9980
14679.199,-54.7621,0.9982
14680.664,-54.8207,0.9984
14682.129,-54.8391,0.9982
14683.594,-54.8536,0.9983
14685.059,-54.7652,0.9982
14686.523,-54.7976,0.9983
14687.988,-54.7646,0.9983
14689.453,-54.7679,0.9982
14690.918,-54.8061,0.9985
14692.383,-54.7810,0.9985
14693.848,-54.7368,0.9985
14695.312,-54.8112,0.9988
14696.777,-54.7631,0.9987
14698.242,-54.7329,0.9988
14699.707,-54.8128,0.9985
14701.172,-54.8059,0.9984
14702.637,-54.7702,0.9982
14704.102,-54.8158,0.9984
14705.566,-54.7896,0.9981
14707.031,-54.7411,0.9978
14708.496,-54.8249,0.9978
14709.961,-54.8525,0.9983
14711.426,-54.7843,0.9984
14712.891,-54.8239,0.9983
14714.355,-54.8236,0.9984
14715.820,-54.7816,0.9985
14717.285,-54.7994,0.9981
14718.750,-54.8658,0.9978
14720.215,-54.8091,0.9979
14721.680,-54.8317,0.9983
14723.145,-54.8291,0.9985
14724.609,-54.8121,0.9983
14726.074,-54.7694,0.9982
14727.539,-54.7991,0.9982
14729.004,-54.7673,0.9983
14730.469,-54.7816,0.9980
14731.934,-54.7803,0.9981
14733.398,-54.7960,0.9984
14734.863,-54.8021,0.9983
14736.328,-54.8630,0.9980
14737.793,-54.8265,0.9982
14739.258,-54.7673,0.9981
14740.723,-54.7744,0.9976
14742.188,-54.7923,0.9983
14743.652,-54.8028,0.9981
14745.117,-54.8260,0.9981
14746.582,-54.7783,0.9980
14748.047,-54.7490,0.9982
14749.512,-54.7676,0.9982
14750.977,-54.7349,0.9983
14752.441,-54.7292,0.9982
14753.906,-54.7692,0.9981
14755.371,-54.7735,0.9982
14756.836,-54.8405,0.9982
14758.301,-54.7781,0.9981
14759.766,-54.7741,0.9981
14761.230,-54.7853,0.9983
14762.695,-54.8100,0.9985
14764.160,-54.7903,0.9979
14765.625,-54.7939,0.9982
14767.090,-54.8393,0.9983
14768.555,-54.8057,0.9981
14770.020,-54.7634,0.9979
14771.484,-54.7776,0.9980
14772.949,-54.7573,0.9982
14774.414,-54.8078,0.9981
14775.879,-54.7985,0.9981
14777.344,-54.8045,0.9981
14778.809,-54.7743,0.9981
14780.273,-54.7783,0.9980
14781.738,-54.8088,0.9981
14783.203,-54.7863,0.9982
14784.668,-54.7850,0.9982
14786.133,-54.7985,0.9982
14787.598,-54.7988,0.9982
14789.062,-54.7125,0.9984
14790.527,-54.8007,0.9982
14791.992,-54.7998,0.9983
14793.457,-54.7684,0.9985
14794.922,-54.8222,0.9982
14796.387,-54.8126,0.9982
14797.852,-54.7540,0.9983
14799.316,-54.8185,0.9981
14800.781,-54.7894,0.9982
14802.246,-54.7742,0.9983
14803.711,-54.8076,0.9986
14805.176,-54.7713,0.9985
14806.641,-54.7890,0.9982
14808.105,-54.8070,0.9983
14809.570,-54.8265,0.9983
14811.035,-54.7922,0.9976
14812.500,-54.7704,0.9975
14813.965,-54.7937,0.9980
14815.430,-54.7675,0.9980
14816.895,-54.7755,0.9979
14818.359,-54.7725,0.9981
14819.824,-54.7842,0.9980
14821.289,-54.7327,0.9977
14822.754,-54.7307,0.9979
14824.219,-54.7670,0.9982
14825.684,-54.7576,0.9985
14827.148,-54.7749,0.9986
14828.613,-54.7384,0.9981
14830.078,-54.7655,0.9979
14831.543,-54.7750,0.9981
14833.008,-54.7427,0.9977
14834.473,-54.8327,0.9978
14835.938,-54.7906,0.9981
14837.402,-54.8185,0.9985
14838.867,-54.7526,0.9986
14840.332,-54.7788,0.9983
14841.797,-54.8027,0.9979
14843.262,-54.7550,0.9981
14844.727,-54.7720,0.9981
14846.191,-54.7977,0.9979
14847.656,-54.7543,0.9978
14849.121,-54.7175,0.9978
14850.586,-54.7493,0.9982
14852.051,-54.7280,0.9982
14853.516,-54.7805,0.9981
14854.980,-54.7823,0.9979
14856.445,-54.7449,0.9982
14857.910,-54.7674,0.9981
14859.375,-54.7260,0.9980
14860.840,-54.7535,0.9980
14862.305,-54.7822,0.9980
14863.770,-54.7722,0.9980
14865.234,-54.7136,0.9981
14866.699,-54.7565,0.9981
14868.164,-54.7756,0.9982
14869.629,-54.8149,0.9981
14871.094,-54.7789,0.9979
14872.559,-54.7434,0.9978
14874.023,-54.7397,0.9983
14875.488,-54.7580,0.9979
14876.953,-54.7839,0.9978
14878.418,-54.7342,0.9980
14879.883,-54.7482,0.9984
14881.348,-54.7748,0.9980
14882.812,-54.8110,0.9981
14884.277,-54.7638,0.9983
14885.742,-54.7767,0.9982
14887.207,-54.7318,0.9982
14888.672,-54.7621,0.9983
14890.137,-54.8234,0.9982
14891.602,-54.7699,0.9984
14893.066,-54.7842,0.9985
14894.531,-54.8192,0.9986
14895.996,-54.7994,0.9983
14897.461,-54.7024,0.9981
14898.926,-54.8033,0.9982
14900.391,-54.7779,0.9985
14901.855,-54.7590,0.9985
14903.320,-54.7879,0.9979
14904.785,-54.7739,0.9979
14906.250,-54.7265,0.9984
14907.715,-54.7562,0.9986
14909.180,-54.7706,0.9984
14910.645,-54.7678,0.9982
14912.109,-54.7356,0.9984
14913.574,-54.7939,0.9982
14915.039,-54.7385,0.9985
14916.504,-54.7582,0.9985
14917.969,-54.7844,0.9983
14919.434,-54.7234,0.9984
14920.898,-54.7650,0.9983
14922.363,-54.7525,0.9984
14923.828,-54.8055,0.9985
14925.293,-54.8178,0.9984
14926.758,-54.8158,0.9983
14928.223,-54.8382,0.9984
14929.688,-54.7674,0.9983
14931.152,-54.7278,0.9982
14932.617,-54.7772,0.9983
14934.082,-54.7980,0.9985
14935.547,-54.7615,0.9986
14937.012,-54.7549,0.9984
14938.477,-54.7760,0.9985
14939.941,-54.7793,0.9983
14941.406,-54.7386,0.9983
14942.871,-54.7648,0.9983
14944.336,-54.7619,0.9984
14945.801,-54.7497,0.9985
14947.266,-54.7029,0.9985
14948.730,-54.7552,0.9984
14950.195,-54.7607,0.9986
14951.660,-54.7617,0.9985
14953.125,-54.7478,0.9984
14954.590,-54.7970,0.9984
14956.055,-54.7846,0.9985
14957.520,-54.7841,0.9983
14958.984,-54.7363,0.9985
14960.449,-54.7043,0.9986
14961.914,-54.7223,0.9982
14963.379,-54.7656,0.9982
14964.844,-54.7396,0.9986
14966.309,-54.7275,0.9988
14967.773,-54.7647,0.9982
14969.238,-54.7645,0.9987
14970.703,-54.7559,0.9987
14972.168,-54.7730,0.9985
14973.633,-54.7469,0.9983
14975.098,-54.7497,0.9984
14976.562,-54.7275,0.9988
14978.027,-54.7892,0.9987
14979.492,-54.7979,0.9983
14980.957,-54.7475,0.9981
14982.422,-54.7457,0.9987
14983.887,-54.7881,0.9987
14985.352,-54.7760,0.9985
14986.816,-54.7256,0.9984
14988.281,-54.7523,0.9984
14989.746,-54.7766,0.9983
14991.211,-54.7718,0.9985
14992.676,-54.7435,0.9984
14994.141,-54.6938,0.9987
14995.605,-54.7466,0.9988
14997.070,-54.8031,0.9986
14998.535,-54.7882,0.9986
15000.000,-54.7304,0.9987
15001.465,-54.7326,0.9985
15002.930,-54.7700,0.9983
15004.395,-54.7160,0.9986
15005.859,-54.7588,0.9985
15007.324,-54.7421,0.9987
15008.789,-54.7586,0.9985
15010.254,-54.7361,0.9982
15011.719,-54.7720,0.9985
15013.184,-54.7822,0.9985
15014.648,-54.7507,0.9985
15016.113,-54.7602,0.9986
15017.578,-54.7675,0.9986
15019.043,-54.7583,0.9984
15020.508,-54.7247,0.9986
15021.973,-54.7664,0.9984
15023.438,-54.7693,0.9986
15024.902,-54.7243,0.9986
15026.367,-54.7420,0.9986
15027.832,-54.7159,0.9988
15029.297,-54.7112,0.9987
15030.762,-54.7499,0.9987
15032.227,-54.7231,0.9987
15033.691,-54.7077,0.9988
15035.156,-54.7587,0.9984
15036.621,-54.7431,0.9983
15038.086,-54.7152,0.9986
15039.551,-54.7871,0.9987
15041.016,-54.7944,0.9985
15042.480,-54.7485,0.9987
15043.945,-54.7622,0.9987
15045.410,-54.7698,0.9986
15046.875,-54.7728,0.9984
15048.340,-54.7478,0.9989
15049.805,-54.7481,0.9987
15051.270,-54.7453,0.9985
15052.734,-54.7964,0.9986
15054.199,-54.7992,0.9986
15055.664,-54.7361,0.9985
15057.129,-54.7329,0.9986
15058.594,-54.7666,0.9986
15060.059,-54.7563,0.9987
15061.523,-54.7558,0.9985
15062.988,-54.7488,0.9986
15064.453,-54.8062,0.9987
15065.918,-54.7776,0.9988
15067.383,-54.7360,0.9986
15068.848,-54.7418,0.9987
15070.312,-54.7689,0.9987
15071.777,-54.7680,0.9986
15073.242,-54.7338,0.9987
15074.707,-54.6926,0.9987
15076.172,-54.7130,0.9987
15077.637,-54.7597,0.9987
15079.102,-54.7353,0.9987
15080.566,-54.7256,0.9984
15082.031,-54.7265,0.9985
15083.496,-54.7342,0.9985
15084.961,-54.7494,0.9986
15086.426,-54.7673,0.9984
15087.891,-54.7375,0.9985
15089.355,-54.7351,0.9987
15090.820,-54.7837,0.9988
15092.285,-54.7884,0.9987
15093.750,-54.7685,0.9986
15095.215,-54.7747,0.9987
15096.680,-54.7400,0.9987
15098.145,-54.7230,0.9986
15099.609,-54.7568,0.9987
15101.074,-54.7315,0.9989
15102.539,-54.7104,0.9989
15104.004,-54.7403,0.9988
15105.469,-54.7771,0.9987
15106.934,-54.7644,0.9988
15108.398,-54.7274,0.9991
15109.863,-54.7307,0.9991
15111.328,-54.7603,0.9989
15112.793,-54.7533,0.9990
15114.258,-54.7173,0.9989
15115.723,-54.7485,0.9987
15117.188,-54.7462,0.9989
15118.652,-54.7508,0.9988
15120.117,-54.7685,0.9989
15121.582,-54.7625,0.9988
15123.047,-54.7440,0.9990
15124.512,-54.7260,0.9990
15125.977,-54.7190,0.9988
15127.441,-54.7645,0.9987
15128.906,-54.7755,0.9988
15130.371,-54.7688,0.9989
15131.836,-54.7487,0.9990
15133.301,-54.7873,0.9988
15134.766,-54.7633,0.9988
15136.230,-54.7418,0.9988
15137.695,-54.7374,0.9990
15139.160,-54.7199,0.9990
15140.625,-54.7412,0.9989
15142.090,-54.7556,0.9989
15143.555,-54.7389,0.9989
15145.020,-54.7710,0.9989
15146.484,-54.7683,0.9988
15147.949,-54.7311,0.9989
15149.414,-54.7296,0.9992
15150.879,-54.7829,0.9990
15152.344,-54.7867,0.9991
15153.809,-54.7528,0.9990
15155.273,-54.7527,0.9990
15156.738,-54.7838,0.9988
15158.203,-54.7791,0.9988
15159.668,-54.7366,0.9988
15161.133,-54.7318,0.9987
15162.598,-54.7547,0.9988
15164.062,-54.7414,0.9988
15165.527,-54.7342,0.9990
15166.992,-54.7355,0.9990
15168.457,-54.7403,0.9989
15169.922,-54.7710,0.9990
15171.387,-54.7689,0.9988
15172.852,-54.7599,0.9989
15174.316,-54.7588,0.9989
15175.781,-54.7604,0.9990
15177.246,-54.7929,0.9988
15178.711,-54.7754,0.9988
15180.176,-54.7432,0.9988
15181.641,-54.7278,0.9988
15183.105,-54.7528,0.9989
15184.570,-54.7592,0.9990
15186.035,-54.7549,0.9989
15187.500,-54.7250,0.9989
15188.965,-54.7338,0.9990
15190.430,-54.7767,0.9990
15191.895,-54.7856,0.9991
15193.359,-54.7425,0.9990
15194.824,-54.7501,0.9988
15196.289,-54.7647,0.9989
15197.754,-54.7472,0.9991
15199.219,-54.7642,0.9990
15200.684,-54.7636,0.9988
15202.148,-54.7385,0.9989
15203.613,-54.7535,0.9989
15205.078,-54.7606,0.9991
15206.543,-54.7541,0.9993
15208.008,-54.7384,0.9992
15209.473,-54.7309,0.9989
15210.938,-54.7513,0.9991
15212.402,-54.7588,0.9991
15213.867,-54.7430,0.9990
15215.332,-54.7356,0.9988
15216.797,-54.7330,0.9988
15218.262,-54.7361,0.9988
15219.727,-54.7550,0.9989
15221.191,-54.7555,0.9990
15222.656,-54.7413,0.9989
15224.121,-54.7508,0.9989
15225.586,-54.7658,0.9989
15227.051,-54.7429,0.9989
15228.516,-54.7503,0.9989
15229.980,-54.7530,0.9991
15231.445,-54.7230,0.9991
15232.910,-54.7277,0.9990
15234.375,-54.7425,0.9989
15235.840,-54.7438,0.9990
15237.305,-54.7425,0.9989
15238.770,-54.7283,0.9990
15240.234,-54.7414,0.9991
15241.699,-54.7454,0.9989
15243.164,-54.7379,0.9991
15244.629,-54.7543,0.9992
15246.094,-54.7714,0.9990
15247.559,-54.7602,0.9991
15249.023,-54.7510,0.9991
15250.488,-54.7401,0.9990
15251.953,-54.7267,0.9989
15253.418,-54.7315,0.9990
15254.883,-54.7438,0.9990
15256.348,-54.7573,0.9991
15257.812,-54.7749,0.9992
15259.277,-54.7749,0.9989
15260.742,-54.7366,0.9991
15262.207,-54.7045,0.9990
15263.672,-54.7304,0.9990
15265.137,-54.7543,0.9992
15266.602,-54.7357,0.9992
15268.066,-54.7251,0.9992
15269.531,-54.7577,0.9990
15270.996,-54.7684,0.9990
15272.461,-54.7413,0.9990
15273.926,-54.7331,0.9990
15275.391,-54.7486,0.9990
15276.855,-54.7548,0.9990
15278.320,-54.7410,0.9992
15279.785,-54.7536,0.9993
15281.250,-54.7667,0.9992
15282.715,-54.7612,0.9990
15284.180,-54.7707,0.9990
15285.645,-54.7687,0.9991
15287.109,-54.7456,0.9989
15288.574,-54.7470,0.9989
15290.039,-54.7611,0.9991
15291.504,-54.7364,0.9991
15292.969,-54.7451,0.9991
15294.434,-54.7729,0.9991
15295.898,-54.7594,0.9991
15297.363,-54.7431,0.9991
15298.828,-54.7543,0.9990
15300.293,-54.7761,0.9990
15301.758,-54.7792,0.9991
15303.223,-54.7844,0.9992
15304.688,-54.7729,0.9993
15306.152,-54.7454,0.9992
15307.617,-54.7545,0.9991
15309.082,-54.7845,0.9991
15310.547,-54.7680,0.9990
15312.012,-54.7439,0.9988
15313.477,-54.7621,0.9989
15314.941,-54.7577,0.9992
15316.406,-54.7331,0.9992
15317.871,-54.7543,0.9991
15319.336,-54.7725,0.9990
15320.801,-54.7502,0.9990
15322.266,-54.7476,0.9991
15323.730,-54.7702,0.9992
15325.195,-54.7748,0.9991
15326.660,-54.7600,0.9990
15328.125,-54.7590,0.9990
15329.590,-54.7602,0.9989
15331.055,-54.7716,0.9990
15332.520,-54.7934,0.9991
15333.984,-54.8163,0.9990
15335.449,-54.8068,0.9991
15336.914,-54.7594,0.9990
15338.379,-54.7452,0.9991
15339.844,-54.7633,0.9992
15341.309,-54.7608,0.9992
15342.773,-54.7566,0.9990
15344.238,-54.7710,0.9990
15345.703,-54.7658,0.9991
15347.168,-54.7362,0.9989
15348.633,-54.7373,0.9991
15350.098,-54.7579,0.9992
15351.562,-54.7630,0.9992
15353.027,-54.7714,0.9992
15354.492,-54.7666,0.9990
15355.957,-54.7503,0.9990
15357.422,-54.7604,0.9991
15358.887,-54.7779,0.9991
15360.352,-54.7717,0.9990
15361.816,-54.7582,0.9991
15363.281,-54.7659,0.9990
15364.746,-54.7665,0.9991
15366.211,-54.7384,0.9991
15367.676,-54.7361,0.9991
15369.141,-54.7643,0.9991
15370.605,-54.7803,0.9991
15372.070,-54.7912,0.9991
15373.535,-54.7966,0.9990
15375.000,-54.7744,0.9992
15376.465,-54.7433,0.9991
15377.930,-54.7225,0.9991
15379.395,-54.7334,0.9992
15380.859,-54.7715,0.9992
15382.324,-54.7869,0.9991
15383.789,-54.7765,0.9991
15385.254,-54.7615,0.9991
15386.719,-54.7537,0.9991
15388.184,-54.7670,0.9989
15389.648,-54.7683,0.9989
15391.113,-54.7651,0.9992
15392.578,-54.7888,0.9993
15394.043,-54.8082,0.9990
15395.508,-54.7935,0.9990
15396.973,-54.7591,0.9990
15398.438,-54.7423,0.9990
15399.902,-54.7496,0.9991
15401.367,-54.7694,0.9990
15402.832,-54.7784,0.9990
15404.297,-54.7704,0.9990
15405.762,-54.7837,0.9991
15407.227,-54.7944,0.9991
15408.691,-54.7809,0.9993
15410.156,-54.7758,0.9990
15411.621,-54.7665,0.9990
15413.086,-54.7652,0.9992
15414.551,-54.7821,0.9991
15416.016,-54.7877,0.9990
15417.480,-54.7797,0.9990
15418.945,-54.7646,0.9991
15420.410,-54.7625,0.9990
15421.875,-54.7772,0.9990
15423.340,-54.7768,0.9991
15424.805,-54.7608,0.9991
15426.270,-54.7688,0.9990
15427.734,-54.7857,0.9990
15429.199,-54.7658,0.9991
15430.664,-54.7368,0.9991
15432.129,-54.7425,0.9990
15433.594,-54.7558,0.9990
15435.059,-54.7602,0.9991
15436.523,-54.7782,0.9989
15437.988,-54.7808,0.9990
15439.453,-54.7737,0.9991
15440.918,-54.7796,0.9992
15442.383,-54.7749,0.9991
15443.848,-54.7743,0.9991
15445.312,-54.7889,0.9991
15446.777,-54.7973,0.9991
15448.242,-54.7986,0.9991
15449.707,-54.7855,0.9991
15451.172,-54.7717,0.9990
15452.637,-54.7802,0.9990
15454.102,-54.7889,0.9991
15455.566,-54.7758,0.9991
15457.031,-54.7412,0.9992
15458.496,-54.7370,0.9990
15459.961,-54.7634,0.9990
15461.426,-54.7785,0.9992
15462.891,-54.7922,0.9990
15464.355,-54.7922,0.9990
15465.820,-54.7702,0.9991
15467.285,-54.7533,0.9991
15468.750,-54.7686,0.9991
15470.215,-54.7783,0.9991
15471.680,-54.7805,0.9990
15473.145,-54.7940,0.9990
15474.609,-54.7780,0.9991
15476.074,-54.7558,0.9991
15477.539,-54.7554,0.9991
15479.004,-54.7613,0.9992
15480.469,-54.7803,0.9991
15481.934,-54.7841,0.9991
15483.398,-54.7733,0.9988
15484.863,-54.8073,0.9988
15486.328,-54.8224,0.9989
15487.793,-54.7508,0.9989
15489.258,-54.7053,0.9988
15490.723,-54.7412,0.9988
15492.188,-54.7952,0.9990
15493.652,-54.8093,0.9990
15495.117,-54.7688,0.9991
15496.582,-54.7471,0.9991
15498.047,-54.7585,0.9991
15499.512,-54.7504,0.9992
15500.977,-54.7690,0.9991
15502.441,-54.8101,0.9989
15503.906,-54.8117,0.9990
15505.371,-54.7822,0.9991
15506.836,-54.7726,0.9989
15508.301,-54.7771,0.9990
15509.766,-54.7766,0.9991
15511.230,-54.7748,0.9990
15512.695,-54.7709,0.9991
15514.160,-54.7753,0.9991
15515.625,-54.7634,0.9992
15517.090,-54.7426,0.9992
15518.555,-54.7746,0.9991
15520.020,-54.8007,0.9990
15521.484,-54.7889,0.9991
15522.949,-54.7668,0.9991
15524.414,-54.7585,0.9990
15525.879,-54.7661,0.9991
15527.344,-54.7641,0.9992
15528.809,-54.7874,0.9991
15530.273,-54.8133,0.9990
15531.738,-54.7892,0.9989
15533.203,-54.7745,0.9990
15534.668,-54.7577,0.9988
15536.133,-54.7585,0.9987
15537.598,-54.7869,0.9990
15539.062,-54.7843,0.9992
15540.527,-54.7806,0.9989
15541.992,-54.7893,0.9989
15543.457,-54.7820,0.9991
15544.922,-54.7728,0.9992
15546.387,-54.7738,0.9991
15547.852,-54.7773,0.9991
15549.316,-54.7650,0.9991
15550.781,-54.7598,0.9990
15552.246,-54.7775,0.9992
15553.711,-54.7736,0.9992
15555.176,-54.7805,0.9990
15556.641,-54.7845,0.9991
15558.105,-54.7773,0.9992
15559.570,-54.7861,0.9991
15561.035,-54.7727,0.9990
15562.500,-54.7591,0.9991
15563.965,-54.7702,0.9991
15565.430,-54.7943,0.9991
15566.895,-54.7751,0.9991
15568.359,-54.7590,0.9991
15569.824,-54.8064,0.9991
15571.289,-54.8180,0.9991
15572.754,-54.7904,0.9990
15574.219,-54.7683,0.9991
15575.684,-54.7372,0.9990
15577.148,-54.7497,0.9990
15578.613,-54.7740,0.9989
15580.078,-54.7890,0.9990
15581.543,-54.7889,0.9991
15583.008,-54.7831,0.9989
15584.473,-54.7463,0.9988
15585.938,-54.7131,0.9986
15587.402,-54.7228,0.9988
15588.867,-54.7454,0.9989
15590.332,-54.7836,0.9989
15591.797,-54.8161,0.9990
15593.262,-54.8015,0.9991
15594.727,-54.7787,0.9990
15596.191,-54.7634,0.9990
15597.656,-54.7428,0.9990
15599.121,-54.7677,0.9991
15600.586,-54.7967,0.9990
15602.051,-54.7880,0.9989
15603.516,-54.7645,0.9990
15604.980,-54.7577,0.9990
15606.445,-54.7781,0.9990
15607.910,-54.7836,0.9987
15609.375,-54.7812,0.9988
15610.840,-54.7645,0.9991
15612.305,-54.7425,0.9990
15613.770,-54.7447,0.9989
15615.234,-54.7707,0.9990
15616.699,-54.7660,0.9992
15618.164,-54.7784,0.9987
15619.629,-54.7972,0.9987
15621.094,-54.7984,0.9990
15622.559,-54.7615,0.9991
15624.023,-54.7827,0.9990
15625.488,-54.8161,0.9990
15626.953,-54.8039,0.9990
15628.418,-54.7960,0.9990
15629.883,-54.8092,0.9988
15631.348,-54.8049,0.9989
15632.812,-54.7726,0.9989
15634.277,-54.7961,0.9989
15635.742,-54.8075,0.9990
15637.207,-54.7954,0.9992
15638.672,-54.7691,0.9990
15640.137,-54.7498,0.9989
15641.602,-54.7697,0.9989
15643.066,-54.7978,0.9987
15644.531,-54.7988,0.9988
15645.996,-54.7962,0.9988
15647.461,-54.7976,0.9987
15648.926,-54.8037,0.9990
15650.391,-54.8177,0.9990
15651.855,-54.8234,0.9990
15653.320,-54.7601,0.9989
15654.785,-54.7442,0.9990
15656.250,-54.7526,0.9988
15657.715,-54.7701,0.9988
15659.180,-54.8185,0.9988
15660.645,-54.8493,0.9988
15662.109,-54.8262,0.9987
15663.574,-54.8057,0.9988
15665.039,-54.8284,0.9988
15666.504,-54.8166,0.9988
15667.969,-54.8028,0.9988
15669.434,-54.8043,0.9987
15670.898,-54.8072,0.9988
15672.363,-54.8167,0.9988
15673.828,-54.8189,0.9989
15675.293,-54.7687,0.9990
15676.758,-54.7973,0.9986
15678.223,-54.7984,0.9986
15679.688,-54.7911,0.9987
15681.152,-54.7676,0.9987
15682.617,-54.7507,0.9989
15684.082,-54.7549,0.9991
15685.547,-54.7819,0.9990
15687.012,-54.7778,0.9987
15688.477,-54.7930,0.9986
15689.941,-54.8189,0.9989
15691.406,-54.7985,0.9988
15692.871,-54.7689,0.9989
15694.336,-54.7758,0.9991
15695.801,-54.8073,0.9990
15697.266,-54.7903,0.9987
15698.730,-54.7751,0.9987
15700.195,-54.8145,0.9991
15701.660,-54.8059,0.9991
15703.125,-54.8075,0.9990
15704.590,-54.7562,0.9989
15706.055,-54.7612,0.9987
15707.520,-54.8013,0.9986
15708.984,-54.8098,0.9987
15710.449,-54.8050,0.9987
15711.914,-54.8411,0.9988
15713.379,-54.8450,0.9990
15714.844,-54.8595,0.9989
15716.309,-54.8487,0.9989
15717.773,-54.8012,0.9990
15719.238,-54.7768,0.9990
15720.703,-54.7837,0.9988
15722.168,-54.8338,0.9986
15723.633,-54.8312,0.9988
15725.098,-54.8110,0.9988
15726.562,-54.7869,0.9988
15728.027,-54.8217,0.9987
15729.492,-54.7844,0.9986
15730.957,-54.7941,0.9983
15732.422,-54.8355,0.9986
15733.887,-54.8396,0.9987
15735.352,-54.8388,0.9985
15736.816,-54.7986,0.9986
15738.281,-54.8150,0.9988
15739.746,-54.8390,0.9987
15741.211,-54.7879,0.9986
15742.676,-54.7745,0.9987
15744.141,-54.8146,0.9987
15745.605,-54.8309,0.9986
15747.070,-54.8063,0.9987
15748.535,-54.8210,0.9986
15750.000,-54.8129,0.9986
15751.465,-54.8247,0.9987
15752.930,-54.8143,0.9988
15754.395,-54.8051,0.9987
15755.859,-54.8280,0.9984
15757.324,-54.7990,0.9985
15758.789,-54.8039,0.9987
15760.254,-54.8186,0.9988
15761.719,-54.8278,0.9987
15763.184,-54.8202,0.9986
15764.648,-54.8130,0.9985
15766.113,-54.8117,0.9986
15767.578,-54.8074,0.9987
15769.043,-54.8037,0.9985
15770.508,-54.8392,0.9985
15771.973,-54.8233,0.9986
15773.438,-54.8495,0.9984
15774.902,-54.8481,0.9986
15776.367,-54.8123,0.9987
15777.832,-54.8266,0.9986
15779.297,-54.8364,0.9986
15780.762,-54.8600,0.9985
15782.227,-54.8043,0.9987
15783.691,-54.8035,0.9987
15785.156,-54.8127,0.9985
15786.621,-54.8356,0.9986
15788.086,-54.8327,0.9986
15789.551,-54.8246,0.9985
15791.016,-54.8238,0.9982
15792.480,-54.8172,0.9985
15793.945,-54.7856,0.9986
15795.410,-54.8008,0.9986
15796.875,-54.7936,0.9986
15798.340,-54.7920,0.9984
15799.805,-54.8408,0.9982
15801.270,-54.8153,0.9983
15802.734,-54.7789,0.9987
15804.199,-54.7881,0.9987
15805.664,-54.8513,0.9988
15807.129,-54.8443,0.9989
15808.594,-54.8083,0.9986
15810.059,-54.7953,0.9983
15811.523,-54.7988,0.9981
15812.988,-54.8596,0.9987
15814.453,-54.8027,0.9985
15815.918,-54.7897,0.9985
15817.383,-54.8129,0.9983
15818.848,-54.7865,0.9981
15820.312,-54.8374,0.9985
15821.777,-54.8094,0.9984
15823.242,-54.7653,0.9985
15824.707,-54.7568,0.9986
15826.172,-54.7694,0.9984
15827.637,-54.7976,0.9984
15829.102,-54.8300,0.9983
15830.566,-54.8493,0.9982
15832.031,-54.8098,0.9986
15833.496,-54.8348,0.9987
15834.961,-54.8659,0.9986
15836.426,-54.8292,0.9983
15837.891,-54.7909,0.9985
15839.355,-54.7946,0.9983
15840.820,-54.8505,0.9983
15842.285,-54.8566,0.9983
15843.750,-54.8189,0.9985
15845.215,-54.7862,0.9983
15846.680,-54.7776,0.9987
15848.145,-54.7891,0.9982
15849.609,-54.8218,0.9982
15851.074,-54.8205,0.9986
15852.539,-54.8145,0.9986
15854.004,-54.7918,0.9982
15855.469,-54.8376,0.9982
15856.934,-54.8056,0.9982
15858.398,-54.8015,0.9982
15859.863,-54.7884,0.9983
15861.328,-54.8369,0.9983
15862.793,-54.8096,0.9984
15864.258,-54.8148,0.9986
15865.723,-54.7839,0.9982
15867.188,-54.7830,0.9982
15868.652,-54.8323,0.9984
15870.117,-54.7986,0.9983
15871.582,-54.7695,0.9985
15873.047,-54.8243,0.9983
15874.512,-54.8273,0.9983
15875.977,-54.8450,0.9986
15877.441,-54.7973,0.9983
15878.906,-54.8066,0.9982
15880.371,-54.7929,0.9984
15881.836,-54.8765,0.9985
15883.301,-54.8344,0.9983
15884.766,-54.8403,0.9979
15886.230,-54.7941,0.9979
15887.695,-54.8188,0.9983
15889.160,-54.8845,0.9983
15890.625,-54.8663,0.9982
15892.090,-54.8595,0.9981
15893.555,-54.8012,0.9984
15895.020,-54.8000,0.9983
15896.484,-54.8174,0.9979
15897.949,-54.7897,0.9982
15899.414,-54.8033,0.9982
15900.879,-54.8098,0.9984
15902.344,-54.7933,0.9985
15903.809,-54.8035,0.9984
15905.273,-54.7935,0.9981
15906.738,-54.8006,0.9982
15908.203,-54.8899,0.9982
15909.668,-54.8048,0.9983
15911.133,-54.8050,0.9983
15912.598,-54.7856,0.9981
15914.062,-54.7757,0.9980
15915.527,-54.8074,0.9978
15916.992,-54.8389,0.9982
15918.457,-54.7919,0.9982
15919.922,-54.7440,0.9982
15921.387,-54.7891,0.9980
15922.852,-54.8511,0.9980
15924.316,-54.8353,0.9982
15925.781,-54.8086,0.9977
15927.246,-54.8040,0.9981
15928.711,-54.8132,0.9985
15930.176,-54.7962,0.9982
15931.641,-54.7488,0.9981
15933.105,-54.7893,0.9980
15934.570,-54.8239,0.9978
15936.035,-54.8062,0.9976
15937.500,-54.7968,0.9979
15938.965,-54.7635,0.9979
15940.430,-54.7763,0.9982
15941.895,-54.8080,0.9981
15943.359,-54.7955,0.9980
15944.824,-54.7828,0.9981
15946.289,-54.7781,0.9982
15947.754,-54.8095,0.9981
15949.219,-54.8575,0.9982
15950.684,-54.8546,0.9985
15952.148,-54.8124,0.9981
15953.613,-54.7801,0.9982
15955.078,-54.7456,0.9983
15956.543,-54.7843,0.9982
15958.008,-54.7780,0.9981
15959.473,-54.8487,0.9980
15960.938,-54.8641,0.9983
15962.402,-54.7357,0.9984
15963.867,-54.7528,0.9981
15965.332,-54.7932,0.9982
15966.797,-54.8633,0.9979
15968.262,-54.8595,0.9977
15969.727,-54.7715,0.9981
15971.191,-54.7919,0.9981
15972.656,-54.7799,0.9978
15974.121,-54.7690,0.9981
15975.586,-54.8231,0.9982
15977.051,-54.7736,0.9982
15978.516,-54.7798,0.9982
15979.980,-54.8145,0.9980
15981.445,-54.7902,0.9980
15982.910,-54.8253,0.9980
15984.375,-54.7603,0.9980
15985.840,-54.8017,0.9975
15987.305,-54.7544,0.9977
15988.770,-54.8171,0.9981
15990.234,-54.7930,0.9978
15991.699,-54.8032,0.9983
15993.164,-54.8162,0.9984
15994.629,-54.8202,0.9983
15996.094,-54.8091,0.9982
15997.559,-54.8494,0.9980
15999.023,-54.8292,0.9978
16000.488,-54.7854,0.9983
16001.953,-54.8122,0.9984
16003.418,-54.8335,0.9978
16004.883,-54.8011,0.9980
16006.348,-54.7802,0.9982
16007.812,-54.8391,0.9978
16009.277,-54.7400,0.9978
16010.742,-54.8285,0.9978
16012.207,-54.8490,0.9980
16013.672,-54.8183,0.9983
16015.137,-54.8399,0.9983
16016.602,-54.8201,0.9981
16018.066,-54.7701,0.9980
16019.531,-54.7967,0.9981
16020.996,-54.8078,0.9982
16022.461,-54.8017,0.9982
16023.926,-54.8344,0.9978
16025.391,-54.8173,0.9983
16026.855,-54.7441,0.9983
16028.320,-54.7984,0.9980
16029.785,-54.8327,0.9980
16031.250,-54.7778,0.9980
16032.715,-54.8119,0.9983
16034.180,-54.7678,0.9981
16035.645,-54.8307,0.9981
16037.109,-54.7502,0.9977
16038.574,-54.8015,0.9979
16040.039,-54.7959,0.9980
16041.504,-54.7736,0.9977
16042.969,-54.7905,0.9978
16044.434,-54.7880,0.9980
16045.898,-54.8010,0.9983
16047.363,-54.8209,0.9981
16048.828,-54.8484,0.9977
16050.293,-54.8197,0.9974
16051.758,-54.7572,0.9974
16053.223,-54.8005,0.9977
16054.688,-54.8335,0.9978
16056.152,-54.8437,0.9977
16057.617,-54.7797,0.9982
16059.082,-54.7444,0.9982
16060.547,-54.8045,0.9980
16062.012,-54.8306,0.9979
16063.477,-54.7694,0.9982
16064.941,-54.7807,0.9982
16066.406,-54.7935,0.9978
16067.871,-54.8287,0.9975
16069.336,-54.7982,0.9978
16070.801,-54.7552,0.9979
16072.266,-54.7280,0.9980
16073.730,-54.7961,0.9982
16075.195,-54.8375,0.9976
16076.660,-54.7482,0.9980
16078.125,-54.8111,0.9978
16079.590,-54.8487,0.9977
16081.055,-54.7752,0.9980
16082.520,-54.7536,0.9980
16083.984,-54.7832,0.9979
16085.449,-54.7951,0.9977
16086.914,-54.7827,0.9977
16088.379,-54.7354,0.9978
16089.844,-54.7392,0.9980
16091.309,-54.7474,0.9978
16092.773,-54.7851,0.9978
16094.238,-54.8260,0.9979
16095.703,-54.7293,0.9983
16097.168,-54.7629,0.9981
16098.633,-54.7809,0.9980
16100.098,-54.7671,0.9980
16101.562,-54.8374,0.9977
16103.027,-54.7886,0.9978
16104.492,-54.7979,0.9980
16105.957,-54.7551,0.9981
16107.422,-54.7864,0.9984
16108.887,-54.8313,0.9984
16110.352,-54.8172,0.9985
16111.816,-54.8632,0.9983
16113.281,-54.8761,0.9981
16114.746,-54.7590,0.9979
16116.211,-54.7757,0.9977
16117.676,-54.8241,0.9980
16119.141,-54.7975,0.9979
16120.605,-54.8054,0.9976
16122.070,-54.7612,0.9981
16123.535,-54.8194,0.9978
16125.000,-54.7630,0.9979
16126.465,-54.7437,0.9981
16127.930,-54.6831,0.9982
16129.395,-54.7699,0.9981
16130.859,-54.8043,0.9981
16132.324,-54.7400,0.9981
16133.789,-54.7713,0.9981
16135.254,-54.7435,0.9981
16136.719,-54.7865,0.9978
16138.184,-54.8266,0.9981
16139.648,-54.7898,0.9984
16141.113,-54.7763,0.9980
16142.578,-54.8188,0.9981
16144.043,-54.8029,0.9983
16145.508,-54.7940,0.9984
16146.973,-54.8047,0.9984
16148.438,-54.7554,0.9979
16149.902,-54.7792,0.9977
16151.367,-54.7649,0.9982
16152.832,-54.7164,0.9981
16154.297,-54.7578,0.9979
16155.762,-54.8153,0.9979
16157.227,-54.7907,0.9982
16158.691,-54.7751,0.9982
16160.156,-54.7074,0.9982
16161.621,-54.7515,0.9985
16163.086,-54.7932,0.9984
16164.551,-54.7150,0.9983
16166.016,-54.7708,0.9981
16167.480,-54.8340,0.9979
16168.945,-54.7371,0.9982
16170.410,-54.8078,0.9984
16171.875,-54.7984,0.9982
16173.340,-54.7763,0.9980
16174.805,-54.7655,0.9979
16176.270,-54.7585,0.9980
16177.734,-54.7636,0.9981
16179.199,-54.7887,0.9983
16180.664,-54.7814,0.9983
16182.129,-54.7333,0.9983
16183.594,-54.7832,0.9979
16185.059,-54.7836,0.9980
16186.523,-54.7364,0.9984
16187.988,-54.8312,0.9984
16189.453,-54.7791,0.9980
16190.918,-54.7559,0.9981
16192.383,-54.7331,0.9981
16193.848,-54.7189,0.9981
16195.312,-54.7897,0.9981
16196.777,-54.7832,0.9984
16198.242,-54.7090,0.9985
16199.707,-54.7309,0.9982
16201.172,-54.7465,0.9982
16202.637,-54.7691,0.9985
16204.102,-54.7740,0.9981
16205.566,-54.7023,0.9981
16207.031,-54.7352,0.9986
16208.496,-54.7516,0.9983
16209.961,-54.7917,0.9982
16211.426,-54.8193,0.9984
16212.891,-54.7652,0.9982
16214.355,-54.7546,0.9978
16215.820,-54.8439,0.9977
16217.285,-54.7974,0.9978
16218.750,-54.8083,0.9982
16220.215,-54.8225,0.9981
16221.680,-54.8033,0.9985
16223.145,-54.8323,0.9985
16224.609,-54.8220,0.9982
16226.074,-54.7819,0.9980
16227.539,-54.7266,0.9985
16229.004,-54.8023,0.9984
16230.469,-54.7238,0.9982
16231.934,-54.7651,0.9983
16233.398,-54.7337,0.9986
16234.863,-54.7589,0.9985
16236.328,-54.7884,0.9984
16237.793,-54.7792,0.9982
16239.258,-54.7326,0.9982
16240.723,-54.7759,0.9980
16242.188,-54.7538,0.9979
16243.652,-54.7579,0.9984
16245.117,-54.7513,0.9982
16246.582,-54.7265,0.9982
16248.047,-54.7074,0.9984
16249.512,-54.7377,0.9986
16250.977,-54.7709,0.9985
16252.441,-54.7431,0.9985
16253.906,-54.7337,0.9982
16255.371,-54.7499,0.9981
16256.836,-54.7285,0.9982
16258.301,-54.7867,0.9983
16259.766,-54.7840,0.9981
16261.230,-54.7399,0.9984
16262.695,-54.7600,0.9983
16264.160,-54.6639,0.9987
16265.625,-54.7160,0.9983
16267.090,-54.7224,0.9982
16268.555,-54.7435,0.9985
16270.020,-54.7775,0.9985
16271.484,-54.7910,0.9985
16272.949,-54.7953,0.9983
16274.414,-54.7958,0.9983
16275.879,-54.7957,0.9983
16277.344,-54.7934,0.9982
16278.809,-54.8094,0.9982
16280.273,-54.8040,0.9985
16281.738,-54.7596,0.9986
16283.203,-54.7151,0.9982
16284.668,-54.7041,0.9984
16286.133,-54.7141,0.9981
16287.598,-54.7829,0.9983
16289.062,-54.7833,0.9984
16290.527,-54.7197,0.9986
16291.992,-54.7569,0.9986
16293.457,-54.7626,0.9986
16294.922,-54.7458,0.9987
16296.387,-54.7509,0.9987
16297.852,-54.7404,0.9986
16299.316,-54.7872,0.9984
16300.781,-54.7815,0.9982
16302.246,-54.7429,0.9985
16303.711,-54.7831,0.9985
16305.176,-54.7516,0.9985
16306.641,-54.7594,0.9985
16308.105,-54.7688,0.9985
16309.570,-54.7633,0.9986
16311.035,-54.7712,0.9988
16312.500,-54.7820,0.9987
16313.965,-54.7191,0.9985
16315.430,-54.7048,0.9983
16316.895,-54.6968,0.9984
16318.359,-54.7480,0.9985
16319.824,-54.7648,0.9989
16321.289,-54.7535,0.9986
16322.754,-54.7930,0.9981
16324.219,-54.7531,0.9983
16325.684,-54.7424,0.9983
16327.148,-54.7420,0.9983
16328.613,-54.7155,0.9984
16330.078,-54.7507,0.9988
16331.543,-54.7292,0.9985
16333.008,-54.7374,0.9984
16334.473,-54.7685,0.9985
16335.938,-54.7785,0.9986
16337.402,-54.7714,0.9986
16338.867,-54.7734,0.9988
16340.332,-54.7907,0.9987
16341.797,-54.7665,0.9983
16343.262,-54.7813,0.9982
16344.727,-54.7709,0.9984
16346.191,-54.7651,0.9987
16347.656,-54.7371,0.9987
16349.121,-54.7305,0.9989
16350.586,-54.7812,0.9986
16352.051,-54.7557,0.9983
16353.516,-54.7492,0.9983
16354.980,-54.7548,0.9983
16356.445,-54.7883,0.9985
16357.910,-54.7343,0.9985
16359.375,-54.7266,0.9986
16360.840,-54.7671,0.9990
16362.305,-54.7779,0.9987
16363.770,-54.7717,0.9985
16365.234,-54.7500,0.9987
16366.699,-54.7361,0.9989
16368.164,-54.7469,0.9989
16369.629,-54.6990,0.9989
16371.094,-54.7731,0.9985
16372.559,-54.7689,0.9982
16374.023,-54.7034,0.9987
16375.488,-54.7480,0.9988
16376.953,-54.7421,0.9988
16378.418,-54.7348,0.9985
16379.883,-54.7419,0.9986
16381.348,-54.7818,0.9988
16382.812,-54.7747,0.9989
16384.277,-54.7749,0.9987
16385.742,-54.8007,0.9986
16387.207,-54.7873,0.9986
16388.672,-54.7768,0.9986
16390.137,-54.7913,0.9985
16391.602,-54.7474,0.9984
16393.066,-54.7185,0.9985
16394.531,-54.7321,0.9988
16395.996,-54.7671,0.9988
16397.461,-54.7625,0.9987
16398.926,-54.7549,0.9987
16400.391,-54.7875,0.9987
16401.855,-54.7547,0.9985
16403.320,-54.7422,0.9987
16404.785,-54.7137,0.9986
16406.250,-54.7227,0.9985
16407.715,-54.7677,0.9985
16409.180,-54.7627,0.9986
16410.645,-54.7506,0.9988
16412.109,-54.7722,0.9986
16413.574,-54.7858,0.9986
16415.039,-54.8242,0.9987
16416.504,-54.7741,0.9988
16417.969,-54.7449,0.9989
16419.434,-54.7401,0.9988
16420.898,-54.7457,0.9988
16422.363,-54.7636,0.9986
16423.828,-54.7578,0.9987
16425.293,-54.7689,0.9987
16426.758,-54.7485,0.9984
16428.223,-54.7453,0.9987
16429.688,-54.7360,0.9988
16431.152,-54.7450,0.9989
16432.617,-54.7942,0.9987
16434.082,-54.7871,0.9988
16435.547,-54.7645,0.9989
16437.012,-54.7547,0.9989
16438.477,-54.7643,0.9989
16439.941,-54.7778,0.9988
16441.406,-54.7813,0.9988
16442.871,-54.7530,0.9987
16444.336,-54.7299,0.9988
16445.801,-54.7470,0.9986
16447.266,-54.7994,0.9987
16448.730,-54.8143,0.9986
16450.195,-54.7836,0.9986
16451.660,-54.8066,0.9987
16453.125,-54.7923,0.9988
16454.590,-54.7908,0.9989
16456.055,-54.7806,0.9987
16457.520,-54.7833,0.9988
16458.984,-54.7911,0.9988
16460.449,-54.7937,0.9989
16461.914,-54.8103,0.9989
16463.379,-54.7900,0.9987
16464.844,-54.7455,0.9987
16466.309,-54.7438,0.9986
16467.773,-54.7762,0.9986
16469.238,-54.8149,0.9989
16470.703,-54.8286,0.9989
16472.168,-54.7977,0.9987
16473.633,-54.7619,0.9987
16475.098,-54.7571,0.9989
16476.562,-54.7532,0.9988
16478.027,-54.7517,0.9987
16479.492,-54.7708,0.9989
16480.957,-54.7570,0.9989
16482.422,-54.7420,0.9989
16483.887,-54.7428,0.9988
16485.352,-54.7427,0.9988
16486.816,-54.7096,0.9990
16488.281,-54.7226,0.9989
16489.746,-54.7789,0.9987
16491.211,-54.7709,0.9987
16492.676,-54.7446,0.9987
16494.141,-54.7578,0.9989
16495.605,-54.7619,0.9989
16497.070,-54.7580,0.9987
16498.535,-54.7660,0.9986
16500.000,-54.7851,0.9989
16501.465,-54.7748,0.9990
16502.930,-54.7291,0.9989
16504.395,-54.7198,0.9989
16505.859,-54.7495,0.9990
16507.324,-54.7748,0.9990
16508.789,-54.7778,0.9991
16510.254,-54.7584,0.9988
16511.719,-54.7606,0.9988
16513.184,-54.7694,0.9989
16514.648,-54.7483,0.9989
16516.113,-54.7469,0.9988
16517.578,-54.7566,0.9990
16519.043,-54.7449,0.9989
16520.508,-54.7558,0.9988
16521.973,-54.7788,0.9990
16523.438,-54.7954,0.9988
16524.902,-54.7694,0.9989
16526.367,-54.7544,0.9989
16527.832,-54.7829,0.9988
16529.297,-54.7735,0.9989
16530.762,-54.7395,0.9986
16532.227,-54.7535,0.9987
16533.691,-54.7633,0.9990
16535.156,-54.7424,0.9990
16536.621,-54.7415,0.9990
16538.086,-54.7557,0.9989
16539.551,-54.7742,0.9988
16541.016,-54.8200,0.9990
16542.480,-54.8197,0.9990
16543.945,-54.7987,0.9989
16545.410,-54.7740,0.9989
16546.875,-54.7672,0.9988
16548.340,-54.7761,0.9990
16549.805,-54.7837,0.9990
16551.270,-54.7912,0.9991
16552.734,-54.7867,0.9990
16554.199,-54.8011,0.9989
16555.664,-54.7960,0.9989
16557.129,-54.7727,0.9989
16558.594,-54.7639,0.9991
16560.059,-54.7575,0.9990
16561.523,-54.7652,0.9990
16562.988,-54.7821,0.9990
16564.453,-54.7820,0.9991
16565.918,-54.7578,0.9991
16567.383,-54.7486,0.9991
16568.848,-54.7581,0.9992
16570.312,-54.7731,0.9992
16571.777,-54.7944,0.9990
16573.242,-54.7990,0.9989
16574.707,-54.7895,0.9990
16576.172,-54.7918,0.9991
16577.637,-54.8244,0.9989
16579.102,-54.8026,0.9988
16580.566,-54.7731,0.9986
16582.031,-54.7647,0.9987
16583.496,-54.7780,0.9990
16584.961,-54.7956,0.9988
16586.426,-54.7656,0.9989
16587.891,-54.7780,0.9988
16589.355,-54.7856,0.9989
16590.820,-54.7689,0.9990
16592.285,-54.7732,0.9991
16593.750,-54.7957,0.9989
16595.215,-54.7886,0.9991
16596.680,-54.7659,0.9992
16598.145,-54.7926,0.9989
16599.609,-54.8120,0.9987
16601.074,-54.7835,0.9990
16602.539,-54.7824,0.9989
16604.004,-54.7827,0.9990
16605.469,-54.7629,0.9991
16606.934,-54.7448,0.9990
16608.398,-54.7581,0.9990
16609.863,-54.7761,0.9990
16611.328,-54.7699,0.9989
16612.793,-54.7673,0.9990
16614.258,-54.7793,0.9990
16615.723,-54.7736,0.9989
16617.188,-54.7763,0.9989
16618.652,-54.7768,0.9992
16620.117,-54.7683,0.9991
16621.582,-54.7607,0.9992
16623.047,-54.7745,0.9991
16624.512,-54.7783,0.9991
16625.977,-54.7594,0.9991
16627.441,-54.7720,0.9989
16628.906,-54.7733,0.9990
16630.371,-54.7600,0.9991
16631.836,-54.7654,0.9990
16633.301,-54.7570,0.9991
16634.766,-54.7580,0.9992
16636.230,-54.7759,0.9991
16637.695,-54.7800,0.9990
16639.160,-54.7792,0.9991
16640.625,-54.7858,0.9989
16642.090,-54.7802,0.9990
16643.555,-54.7603,0.9991
16645.020,-54.7525,0.9991
16646.484,-54.7729,0.9989
16647.949,-54.7722,0.9989
16649.414,-54.7506,0.9990
16650.879,-54.7502,0.9991
16652.344,-54.7563,0.9990
16653.809,-54.7621,0.9987
16655.273,-54.7790,0.9987
16656.738,-54.7815,0.9989
16658.203,-54.7850,0.9990
16659.668,-54.8038,0.9989
16661.133,-54.8004,0.9990
16662.598,-54.7673,0.9991
16664.062,-54.7437,0.9991
16665.527,-54.7665,0.9989
16666.992,-54.7778,0.9989
16668.457,-54.7656,0.9990
16669.922,-54.7676,0.9989
16671.387,-54.7604,0.9990
16672.852,-54.7597,0.9989
16674.316,-54.7668,0.9990
16675.781,-54.7778,0.9989
16677.246,-54.7911,0.9988
16678.711,-54.8130,0.9990
16680.176,-54.8359,0.9989
16681.641,-54.8085,0.9989
16683.105,-54.7867,0.9989
16684.570,-54.8060,0.9990
16686.035,-54.8021,0.9990
16687.500,-54.7877,0.9989
16688.965,-54.8075,0.9990
16690.430,-54.8201,0.9990
16691.895,-54.8117,0.9991
16693.359,-54.8064,0.9989
16694.824,-54.8040,0.9990
16696.289,-54.8103,0.9990
16697.754,-54.7864,0.9989
16699.219,-54.7488,0.9990
16700.684,-54.7601,0.9989
16702.148,-54.7852,0.9989
16703.613,-54.7802,0.9989
16705.078,-54.7762,0.9990
16706.543,-54.7955,0.9991
16708.008,-54.8002,0.9991
16709.473,-54.7713,0.9990
16710.938,-54.7605,0.9991
16712.402,-54.8002,0.9991
16713.867,-54.8108,0.9991
16715.332,-54.7810,0.9992
16716.797,-54.7794,0.9991
16718.262,-54.7858,0.9991
16719.727,-54.7877,0.9990
16721.191,-54.7941,0.9991
16722.656,-54.8105,0.9991
16724.121,-54.8321,0.9989
16725.586,-54.8295,0.9989
16727.051,-54.8065,0.9992
16728.516,-54.7795,0.9991
16729.980,-54.7852,0.9990
16731.445,-54.8217,0.9990
16732.910,-54.8255,0.9990
16734.375,-54.8083,0.9989
16735.840,-54.8150,0.9988
16737.305,-54.8269,0.9988
16738.770,-54.8275,0.9987
16740.234,-54.8238,0.9989
16741.699,-54.7987,0.9992
16743.164,-54.7922,0.9992
16744.629,-54.8040,0.9992
16746.094,-54.7926,0.9992
16747.559,-54.7909,0.9991
16749.023,-54.7990,0.9990
16750.488,-54.8055,0.9991
16751.953,-54.8425,0.9989
16753.418,-54.8630,0.9988
16754.883,-54.8301,0.9988
16756.348,-54.8068,0.9987
16757.812,-54.7992,0.9989
16759.277,-54.7775,0.9989
16760.742,-54.7594,0.9989
16762.207,-54.7700,0.9991
16763.672,-54.8048,0.9990
16765.137,-54.8296,0.9990
16766.602,-54.8039,0.9989
16768.066,-54.7765,0.9991
16769.531,-54.7751,0.9990
16770.996,-54.7650,0.9989
16772.461,-54.7631,0.9989
16773.926,-54.7833,0.9992
16775.391,-54.8113,0.9992
16776.855,-54.8231,0.9993
16778.320,-54.8085,0.9992
16779.785,-54.7846,0.9989
16781.250,-54.7745,0.9991
16782.715,-54.7906,0.9990
16784.180,-54.8191,0.9991
16785.645,-54.8396,0.9990
16787.109,-54.8435,0.9992
16788.574,-54.8363,0.9992
16790.039,-54.8344,0.9991
16791.504,-54.8266,0.9990
16792.969,-54.8222,0.9988
16794.434,-54.8189,0.9990
16795.898,-54.8038,0.9991
16797.363,-54.8205,0.9991
16798.828,-54.8299,0.9992
16800.293,-54.8028,0.9991
16801.758,-54.8061,0.9991
16803.223,-54.8127,0.9990
16804.688,-54.7868,0.9990
16806.152,-54.7707,0.9991
16807.617,-54.7789,0.9991
16809.082,-54.8039,0.9991
16810.547,-54.8066,0.9990
16812.012,-54.7748,0.9991
16813.477,-54.7632,0.9991
16814.941,-54.8018,0.9990
16816.406,-54.8291,0.9989
16817.871,-54.7968,0.9991
16819.336,-54.7641,0.9991
16820.801,-54.7764,0.9991
16822.266,-54.7926,0.9991
16823.730,-54.7953,0.9989
16825.195,-54.8078,0.9991
16826.660,-54.8164,0.9992
16828.125,-54.8170,0.9991
16829.590,-54.8128,0.9988
16831.055,-54.8047,0.9989
16832.520,-54.7949,0.9990
16833.984,-54.8023,0.9989
16835.449,-54.7952,0.9990
16836.914,-54.7768,0.9989
16838.379,-54.7783,0.9989
16839.844,-54.7997,0.9990
16841.309,-54.8088,0.9990
16842.773,-54.8079,0.9991
16844.238,-54.8044,0.9990
16845.703,-54.7935,0.9990
16847.168,-54.7816,0.9989
16848.633,-54.7713,0.9989
16850.098,-54.7801,0.9991
16851.562,-54.7978,0.9991
16853.027,-54.8055,0.9990
16854.492,-54.8346,0.9989
16855.957,-54.8412,0.9988
16857.422,-54.8020,0.9989
16858.887,-54.7955,0.9990
16860.352,-54.8163,0.9990
16861.816,-54.8114,0.9989
16863.281,-54.8459,0.9989
16864.746,-54.8744,0.9989
16866.211,-54.8274,0.9990
16867.676,-54.7945,0.9991
16869.141,-54.8217,0.9991
16870.605,-54.8314,0.9990
16872.070,-54.8142,0.9991
16873.535,-54.8038,0.9990
16875.000,-54.8454,0.9989
16876.465,-54.8734,0.9987
16877.930,-54.8723,0.9988
16879.395,-54.8727,0.9989
16880.859,-54.8629,0.9989
16882.324,-54.8419,0.9988
16883.789,-54.8099,0.9990
16885.254,-54.8082,0.9990
16886.719,-54.8097,0.9990
16888.184,-54.7995,0.9990
16889.648,-54.7904,0.9988
16891.113,-54.7913,0.9989
16892.578,-54.8040,0.9990
16894.043,-54.7956,0.9989
16895.508,-54.7696,0.9988
16896.973,-54.7819,0.9989
16898.438,-54.8054,0.9992
16899.902,-54.8335,0.9992
16901.367,-54.8242,0.9991
16902.832,-54.8176,0.9989
16904.297,-54.8197,0.9989
16905.762,-54.8277,0.9990
16907.227,-54.8481,0.9988
16908.691,-54.8522,0.9988
16910.156,-54.8699,0.9988
16911.621,-54.8809,0.9989
16913.086,-54.8518,0.9989
16914.551,-54.8202,0.9987
16916.016,-54.8128,0.9987
16917.480,-54.8202,0.9989
16918.945,-54.8396,0.9990
16920.410,-54.8506,0.9991
16921.875,-54.8167,0.9992
16923.340,-54.7836,0.9989
16924.805,-54.7737,0.9990
16926.270,-54.7916,0.9991
16927.734,-54.8345,0.9989
16929.199,-54.8505,0.9989
16930.664,-54.8410,0.9990
16932.129,-54.8458,0.9988
16933.594,-54.8180,0.9991
16935.059,-54.8320,0.9990
16936.523,-54.8441,0.9987
16937.988,-54.8150,0.9988
16939.453,-54.8323,0.9990
16940.918,-54.8465,0.9991
16942.383,-54.7828,0.9990
16943.848,-54.7675,0.9988
16945.312,-54.7738,0.9989
16946.777,-54.7805,0.9988
16948.242,-54.8103,0.9990
16949.707,-54.8284,0.9991
16951.172,-54.8359,0.9989
16952.637,-54.8434,0.9988
16954.102,-54.8263,0.9989
16955.566,-54.8073,0.9989
16957.031,-54.8076,0.9989
16958.496,-54.8223,0.9989
16959.961,-54.8158,0.9990
16961.426,-54.8255,0.9987
16962.891,-54.8596,0.9986
16964.355,-54.8277,0.9986
16965.820,-54.8075,0.9988
16967.285,-54.8115,0.9989
16968.750,-54.7903,0.9989
16970.215,-54.7916,0.9987
16971.680,-54.8057,0.9988
16973.145,-54.8306,0.9989
16974.609,-54.8454,0.9988
16976.074,-54.8177,0.9990
16977.539,-54.8152,0.9988
16979.004,-54.8161,0.9986
16980.469,-54.7984,0.9986
16981.934,-54.8236,0.9987
16983.398,-54.8479,0.9988
16984.863,-54.8288,0.9987
16986.328,-54.8298,0.9987
16987.793,-54.8290,0.9989
16989.258,-54.8472,0.9989
16990.723,-54.8318,0.9989
16992.188,-54.8209,0.9986
16993.652,-54.8373,0.9986
16995.117,-54.8468,0.9988
16996.582,-54.8487,0.9987
16998.047,-54.8161,0.9989
16999.512,-54.8128,0.9989
17000.977,-54.8249,0.9989
17002.441,-54.8294,0.9989
17003.906,-54.8723,0.9988
17005.371,-54.8637,0.9986
17006.836,-54.8500,0.9987
17008.301,-54.8462,0.9988
17009.766,-54.7955,0.9987
17011.230,-54.8069,0.9987
17012.695,-54.8222,0.9988
17014.160,-54.8257,0.9987
17015.625,-54.8412,0.9987
17017.090,-54.8094,0.9988
17018.555,-54.8445,0.9987
17020.020,-54.8567,0.9985
17021.484,-54.8489,0.9985
17022.949,-54.8366,0.9990
17024.414,-54.8350,0.9988
17025.879,-54.8059,0.9984
17027.344,-54.8217,0.9985
17028.809,-54.8413,0.9986
17030.273,-54.8132,0.9986
17031.738,-54.8129,0.9985
17033.203,-54.8091,0.9988
17034.668,-54.8016,0.9985
17036.133,-54.8450,0.9985
17037.598,-54.8627,0.9988
17039.062,-54.8187,0.9988
17040.527,-54.7942,0.9985
17041.992,-54.8529,0.9984
17043.457,-54.8627,0.9987
17044.922,-54.8602,0.9986
17046.387,-54.8637,0.9984
17047.852,-54.8452,0.9984
17049.316,-54.8105,0.9987
17050.781,-54.8273,0.9990
17052.246,-54.8356,0.9988
17053.711,-54.8241,0.9987
17055.176,-54.8156,0.9987
17056.641,-54.8417,0.9986
17058.105,-54.8454,0.9986
17059.570,-54.8031,0.9985
17061.035,-54.8278,0.9987
17062.500,-54.8342,0.9988
17063.965,-54.8261,0.9987
17065.430,-54.8369,0.9987
17066.895,-54.8476,0.9986
17068.359,-54.8271,0.9989
17069.824,-54.8228,0.9990
17071.289,-54.8145,0.9988
17072.754,-54.8100,0.9987
17074.219,-54.8012,0.9985
17075.684,-54.8356,0.9987
17077.148,-54.8657,0.9989
17078.613,-54.7941,0.9989
17080.078,-54.7717,0.9989
17081.543,-54.8182,0.9985
17083.008,-54.8626,0.9986
17084.473,-54.8643,0.9983
17085.938,-54.8321,0.9983
17087.402,-54.8276,0.9987
17088.867,-54.8058,0.9984
17090.332,-54.8259,0.9982
17091.797,-54.8556,0.9985
17093.262,-54.8482,0.9986
17094.727,-54.8162,0.9986
17096.191,-54.7741,0.9985
17097.656,-54.8690,0.9984
17099.121,-54.9049,0.9987
17100.586,-54.8331,0.9986
17102.051,-54.7689,0.9988
17103.516,-54.8113,0.9985
17104.980,-54.8687,0.9983
17106.445,-54.8099,0.9986
17107.910,-54.8356,0.9987
17109.375,-54.8618,0.9985
17110.840,-54.8236,0.9987
17112.305,-54.8490,0.9984
17113.770,-54.8495,0.9984
17115.234,-54.7789,0.9985
17116.699,-54.7932,0.9985
17118.164,-54.8047,0.9983
17119.629,-54.8165,0.9986
17121.094,-54.8588,0.9986
17122.559,-54.8486,0.9985
17124.023,-54.8270,0.9985
17125.488,-54.7993,0.9985
17126.953,-54.8095,0.9983
17128.418,-54.7535,0.9982
17129.883,-54.8179,0.9986
17131.348,-54.8146,0.9984
17132.812,-54.8314,0.9985
17134.277,-54.8820,0.9983
17135.742,-54.8754,0.9982
17137.207,-54.8438,0.9983
17138.672,-54.8251,0.9987
17140.137,-54.8710,0.9983
17141.602,-54.8811,0.9984
17143.066,-54.8351,0.9984
17144.531,-54.8752,0.9983
17145.996,-54.8839,0.9985
17147.461,-54.8594,0.9988
17148.926,-54.8443,0.9989
17150.391,-54.8699,0.9986
17151.855,-54.8658,0.9985
17153.320,-54.8091,0.9986
17154.785,-54.7922,0.9984
17156.250,-54.8182,0.9984
17157.715,-54.8077,0.9982
17159.180,-54.8308,0.9984
17160.645,-54.8504,0.9984
17162.109,-54.8079,0.9983
17163.574,-54.7730,0.9983
17165.039,-54.7922,0.9980
17166.504,-54.8305,0.9981
17167.969,-54.8411,0.9983
17169.434,-54.8328,0.9982
17170.898,-54.8890,0.9982
17172.363,-54.9058,0.9984
17173.828,-54.8663,0.9982
17175.293,-54.8634,0.9982
17176.758,-54.8200,0.9983
17178.223,-54.7827,0.9984
17179.688,-54.8594,0.9982
17181.152,-54.8699,0.9985
17182.617,-54.8203,0.9985
17184.082,-54.8250,0.9982
17185.547,-54.8218,0.9983
17187.012,-54.8253,0.9986
17188.477,-54.9005,0.9984
17189.941,-54.8417,0.9982
17191.406,-54.8394,0.9984
17192.871,-54.8080,0.9983
17194.336,-54.7768,0.9984
17195.801,-54.8374,0.9983
17197.266,-54.8577,0.9980
17198.730,-54.8216,0.9982
17200.195,-54.8200,0.9985
17201.660,-54.8263,0.9982
17203.125,-54.8452,0.9982
17204.590,-54.8810,0.9984
17206.055,-54.8559,0.9981
17207.520,-54.8741,0.9980
17208.984,-54.8697,0.9983
17210.449,-54.8050,0.9983
17211.914,-54.7932,0.9984
17213.379,-54.8444,0.9983
17214.844,-54.8152,0.9985
17216.309,-54.8686,0.9985
17217.773,-54.8882,0.9984
17219.238,-54.8382,0.9982
17220.703,-54.8311,0.9979
17222.168,-54.8425,0.9979
17223.633,-54.8709,0.9979
17225.098,-54.8040,0.9981
17226.562,-54.8445,0.9982
17228.027,-54.8520,0.9987
17229.492,-54.9230,0.9981
17230.957,-54.8741,0.9978
17232.422,-54.7778,0.9981
17233.887,-54.8277,0.9979
17235.352,-54.8320,0.9981
17236.816,-54.8470,0.9977
17238.281,-54.8568,0.9978
17239.746,-54.7656,0.9980
17241.211,-54.7450,0.9982
17242.676,-54.8393,0.9981
17244.141,-54.7605,0.9984
17245.605,-54.8150,0.9981
17247.070,-54.8538,0.9981
17248.535,-54.8135,0.9983
17250.000,-54.8099,0.9978
17251.465,-54.8564,0.9980
17252.930,-54.8545,0.9981
17254.395,-54.8927,0.9981
17255.859,-54.8884,0.9977
17257.324,-54.8481,0.9976
17258.789,-54.8526,0.9979
17260.254,-54.8023,0.9978
17261.719,-54.7950,0.9978
17263.184,-54.7726,0.9981
17264.648,-54.8444,0.9981
17266.113,-54.8644,0.9980
17267.578,-54.8555,0.9981
17269.043,-54.8896,0.9978
17270.508,-54.8702,0.9980
17271.973,-54.8198,0.9982
17273.438,-54.8050,0.9985
17274.902,-54.7952,0.9982
17276.367,-54.8343,0.9980
17277.832,-54.8638,0.9982
17279.297,-54.8830,0.9981
17280.762,-54.8399,0.9979
17282.227,-54.8148,0.9981
17283.691,-54.7750,0.9983
17285.156,-54.8985,0.9977
17286.621,-54.8504,0.9978
17288.086,-54.9181,0.9978
17289.551,-54.8521,0.9978
17291.016,-54.8026,0.9981
17292.480,-54.8493,0.9981
17293.945,-54.8618,0.9982
17295.410,-54.8387,0.9981
17296.875,-54.8131,0.9979
17298.340,-54.8515,0.9980
17299.805,-54.8250,0.9979
17301.270,-54.8458,0.9976
17302.734,-54.8524,0.9978
17304.199,-54.8401,0.9984
17305.664,-54.8177,0.9983
17307.129,-54.8557,0.9981
17308.594,-54.7892,0.9978
17310.059,-54.7590,0.9979
17311.523,-54.8653,0.9981
17312.988,-54.8208,0.9983
17314.453,-54.7980,0.9980
17315.918,-54.8499,0.9979
17317.383,-54.8193,0.9978
17318.848,-54.8125,0.9977
17320.312,-54.7952,0.9979
17321.777,-54.8081,0.9977
17323.242,-54.8320,0.9977
17324.707,-54.7853,0.9980
17326.172,-54.8255,0.9981
17327.637,-54.8317,0.9978
17329.102,-54.7788,0.9981
17330.566,-54.8472,0.9980
17332.031,-54.8850,0.9978
17333.496,-54.8865,0.9979
17334.961,-54.8034,0.9978
17336.426,-54.8145,0.9980
17337.891,-54.8478,0.9978
17339.355,-54.8384,0.9977
17340.820,-54.8064,0.9979
17342.285,-54.8244,0.9976
17343.750,-54.8624,0.9980
17345.215,-54.8312,0.9979
17346.680,-54.8122,0.9982
17348.145,-54.8128,0.9982
17349.609,-54.8244,0.9979
17351.074,-54.8008,0.9980
17352.539,-54.7901,0.9982
17354.004,-54.7696,0.9978
17355.469,-54.8175,0.9980
17356.934,-54.8626,0.9979
17358.398,-54.8938,0.9981
17359.863,-54.8755,0.9981
17361.328,-54.8191,0.9981
17362.793,-54.8162,0.9978
17364.258,-54.8406,0.9978
17365.723,-54.8742,0.9980
17367.188,-54.8329,0.9979
17368.652,-54.8267,0.9974
17370.117,-54.8008,0.9979
17371.582,-54.8373,0.9982
17373.047,-54.8409,0.9977
17374.512,-54.8297,0.9975
17375.977,-54.8543,0.9976
17377.441,-54.7822,0.9978
17378.906,-54.7525,0.9979
17380.371,-54.8201,0.9977
17381.836,-54.8903,0.9976
17383.301,-54.8602,0.9973
17384.766,-54.8085,0.9978
17386.230,-54.8042,0.9980
17387.695,-54.7972,0.9980
17389.160,-54.8084,0.9979
17390.625,-54.8555,0.9977
17392.090,-54.8753,0.9981
17393.555,-54.8140,0.9981
17395.020,-54.7953,0.9975
17396.484,-54.8063,0.9974
17397.949,-54.8473,0.9974
17399.414,-54.8436,0.9977
17400.879,-54.7832,0.9980
17402.344,-54.8203,0.9981
17403.809,-54.8142,0.9983
17405.273,-54.8197,0.9980
17406.738,-54.7526,0.9980
17408.203,-54.8119,0.9979
17409.668,-54.8610,0.9979
17411.133,-54.8019,0.9977
17412.598,-54.7898,0.9979
17414.062,-54.8014,0.9981
17415.527,-54.8394,0.9983
17416.992,-54.8190,0.9979
17418.457,-54.7590,0.9975
17419.922,-54.7918,0.9976
17421.387,-54.8010,0.9977
17422.852,-54.7493,0.9979
17424.316,-54.8109,0.9979
17425.781,-54.8763,0.9981
17427.246,-54.8447,0.9981
17428.711,-54.8182,0.9976
17430.176,-54.8354,0.9979
17431.641,-54.7914,0.9976
17433.105,-54.8139,0.9976
17434.570,-54.8139,0.9981
17436.035,-54.8445,0.9982
17437.500,-54.8123,0.9983
17438.965,-54.8108,0.9979
17440.430,-54.7759,0.9977
17441.895,-54.7665,0.9979
17443.359,-54.8404,0.9975
17444.824,-54.8158,0.9977
17446.289,-54.8327,0.9976
17447.754,-54.8122,0.9975
17449.219,-54.9041,0.9975
17450.684,-54.7625,0.9980
17452.148,-54.8243,0.9980
17453.613,-54.8036,0.9982
17455.078,-54.8060,0.9977
17456.543,-54.8383,0.9976
17458.008,-54.8751,0.9978
17459.473,-54.8833,0.9976
17460.938,-54.7924,0.9980
17462.402,-54.8795,0.9979
17463.867,-54.7897,0.9979
17465.332,-54.8574,0.9976
17466.797,-54.8602,0.9979
17468.262,-54.8326,0.9981
17469.727,-54.8646,0.9978
17471.191,-54.8304,0.9977
17472.656,-54.7000,0.9974
17474.121,-54.7828,0.9974
17475.586,-54.7688,0.9974
17477.051,-54.8147,0.9974
17478.516,-54.8131,0.9973
17479.980,-54.7902,0.9975
17481.445,-54.8554,0.9977
17482.910,-54.8527,0.9976
17484.375,-54.7968,0.9970
17485.840,-54.7848,0.9975
17487.305,-54.8240,0.9978
17488.770,-54.7765,0.9982
17490.234,-54.7733,0.9981
17491.699,-54.8078,0.9979
17493.164,-54.8057,0.9982
17494.629,-54.7948,0.9981
17496.094,-54.7619,0.9979
17497.559,-54.8943,0.9979
17499.023,-54.8075,0.9978
17500.488,-54.7889,0.9978
17501.953,-54.8199,0.9978
17503.418,-54.8722,0.9979
17504.883,-54.8393,0.9981
17506.348,-54.8259,0.9980
17507.812,-54.8160,0.9980
17509.277,-54.8010,0.9977
17510.742,-54.7563,0.9980
17512.207,-54.8073,0.9980
17513.672,-54.8153,0.9981
17515.137,-54.8579,0.9981
17516.602,-54.7929,0.9980
17518.066,-54.8098,0.9984
17519.531,-54.8251,0.9976
17520.996,-54.8564,0.9974
17522.461,-54.8318,0.9977
17523.926,-54.8073,0.9976
17525.391,-54.8155,0.9978
17526.855,-54.8450,0.9980
17528.320,-54.7675,0.9977
17529.785,-54.7951,0.9978
17531.250,-54.7594,0.9979
17532.715,-54.7574,0.9976
17534.180,-54.8067,0.9977
17535.645,-54.7967,0.9978
17537.109,-54.7760,0.9982
17538.574,-54.8335,0.9979
17540.039,-54.7903,0.9979
17541.504,-54.8266,0.9975
17542.969,-54.8394,0.9975
17544.434,-54.7617,0.9980
17545.898,-54.7763,0.9978
17547.363,-54.8173,0.9976
17548.828,-54.8444,0.9980
17550.293,-54.8242,0.9984
17551.758,-54.7524,0.9980
17553.223,-54.7287,0.9979
17554.688,-54.7812,0.9975
17556.152,-54.8381,0.9978
17557.617,-54.8086,0.9981
17559.082,-54.7792,0.9978
17560.547,-54.7355,0.9975
17562.012,-54.7678,0.9977
17563.477,-54.7931,0.9981
17564.941,-54.7975,0.9982
17566.406,-54.7879,0.9982
17567.871,-54.7832,0.9980
17569.336,-54.6977,0.9983
17570.801,-54.7986,0.9983
17572.266,-54.8477,0.9983
17573.730,-54.8014,0.9981
17575.195,-54.7848,0.9980
17576.660,-54.7901,0.9981
17578.125,-54.8438,0.9979
17579.590,-54.8360,0.9980
17581.055,-54.8641,0.9980
17582.520,-54.7702,0.9980
17583.984,-54.7872,0.9982
17585.449,-54.8393,0.9979
17586.914,-54.7870,0.9978
17588.379,-54.7808,0.9982
17589.844,-54.8228,0.9981
17591.309,-54.7801,0.9981
17592.773,-54.7588,0.9980
17594.238,-54.7763,0.9979
17595.703,-54.7842,0.9979
17597.168,-54.7788,0.9979
17598.633,-54.8313,0.9980
17600.098,-54.8467,0.9978
17601.562,-54.7679,0.9983
17603.027,-54.7862,0.9983
17604.492,-54.7637,0.9980
17605.957,-54.7582,0.9982
17607.422,-54.7763,0.9984
17608.887,-54.7941,0.9982
17610.352,-54.7907,0.9979
17611.816,-54.8395,0.9983
17613.281,-54.8100,0.9982
17614.746,-54.8112,0.9980
17616.211,-54.7411,0.9984
17617.676,-54.8148,0.9982
17619.141,-54.8170,0.9978
17620.605,-54.7920,0.9981
17622.070,-54.7462,0.9982
17623.535,-54.7309,0.9982
17625.000,-54.7669,0.9983
17626.465,-54.8207,0.9983
17627.930,-54.8085,0.9978
17629.395,-54.8044,0.9981
17630.859,-54.7512,0.9984
17632.324,-54.7534,0.9984
17633.789,-54.7696,0.9980
17635.254,-54.7916,0.9982
17636.719,-54.7960,0.9983
17638.184,-54.7866,0.9981
17639.648,-54.8229,0.9981
17641.113,-54.8397,0.9980
17642.578,-54.7925,0.9980
17644.043,-54.8409,0.9978
17645.508,-54.8064,0.9981
17646.973,-54.8046,0.9982
17648.438,-54.8035,0.9982
17649.902,-54.8261,0.9983
17651.367,-54.8405,0.9984
17652.832,-54.7131,0.9985
17654.297,-54.7646,0.9984
17655.762,-54.8407,0.9980
17657.227,-54.8190,0.9983
17658.691,-54.8345,0.9981
17660.156,-54.7685,0.9981
17661.621,-54.8477,0.9981
17663.086,-54.8136,0.9982
17664.551,-54.7492,0.9984
17666.016,-54.7809,0.9982
17667.480,-54.8264,0.9977
17668.945,-54.7907,0.9980
17670.410,-54.7539,0.9985
17671.875,-54.8189,0.9985
17673.340,-54.7984,0.9983
17674.805,-54.8050,0.9982
17676.270,-54.7515,0.9980
17677.734,-54.8301,0.9978
17679.199,-54.8710,0.9980
17680.664,-54.8146,0.9984
17682.129,-54.8337,0.9985
17683.594,-54.8025,0.9983
17685.059,-54.8124,0.9982
17686.523,-54.8020,0.9984
17687.988,-54.7919,0.9980
17689.453,-54.8233,0.9983
17690.918,-54.7610,0.9982
17692.383,-54.8141,0.9981
17693.848,-54.8686,0.9983
17695.312,-54.8188,0.9983
17696.777,-54.7684,0.9984
17698.242,-54.8018,0.9983
17699.707,-54.8327,0.9984
17701.172,-54.8185,0.9985
17702.637,-54.7953,0.9984
17704.102,-54.7805,0.9984
17705.566,-54.7930,0.9983
17707.031,-54.8512,0.9983
17708.496,-54.8015,0.9983
17709.961,-54.7891,0.9984
17711.426,-54.8518,0.9983
17712.891,-54.8316,0.9983
17714.355,-54.8304,0.9982
17715.820,-54.8257,0.9981
17717.285,-54.8106,0.9983
17718.750,-54.8007,0.9982
17720.215,-54.8103,0.9983
17721.680,-54.7955,0.9982
17723.145,-54.7907,0.9986
17724.609,-54.8023,0.9986
17726.074,-54.7984,0.9985
17727.539,-54.7621,0.9986
17729.004,-54.7860,0.9986
17730.469,-54.8331,0.9984
17731.934,-54.8139,0.9985
17733.398,-54.8254,0.9983
17734.863,-54.8529,0.9983
17736.328,-54.8032,0.9986
17737.793,-54.7880,0.9984
17739.258,-54.8016,0.9983
17740.723,-54.8029,0.9984
17742.188,-54.8048,0.9987
17743.652,-54.8161,0.9984
17745.117,-54.8079,0.9986
17746.582,-54.7933,0.9987
17748.047,-54.7626,0.9987
17749.512,-54.8058,0.9985
17750.977,-54.7973,0.9985
17752.441,-54.8137,0.9986
17753.906,-54.8170,0.9987
17755.371,-54.7902,0.9988
17756.836,-54.8590,0.9986
17758.301,-54.8793,0.9985
17759.766,-54.8312,0.9983
17761.230,-54.7861,0.9982
17762.695,-54.8044,0.9986
17764.160,-54.8056,0.9985
17765.625,-54.7677,0.9985
17767.090,-54.7865,0.9985
17768.555,-54.8060,0.9985
17770.020,-54.7985,0.9983
17771.484,-54.7906,0.9984
17772.949,-54.7836,0.9985
17774.414,-54.7499,0.9986
17775.879,-54.7256,0.9987
17777.344,-54.7406,0.9986
17778.809,-54.7926,0.9986
17780.273,-54.8419,0.9986
17781.738,-54.7992,0.9987
17783.203,-54.7685,0.9986
17784.668,-54.7942,0.9983
17786.133,-54.8327,0.9984
17787.598,-54.7903,0.9984
17789.062,-54.7652,0.9985
17790.527,-54.7638,0.9985
17791.992,-54.7551,0.9984
17793.457,-54.7695,0.9986
17794.922,-54.7851,0.9986
17796.387,-54.8557,0.9986
17797.852,-54.8586,0.9984
17799.316,-54.8206,0.9987
17800.781,-54.7835,0.9984
17802.246,-54.8285,0.9984
17803.711,-54.8480,0.9987
17805.176,-54.8389,0.9987
17806.641,-54.8161,0.9988
17808.105,-54.8206,0.9986
17809.570,-54.8250,0.9984
17811.035,-54.8021,0.9986
17812.500,-54.8127,0.9985
17813.965,-54.8187,0.9986
17815.430,-54.7878,0.9985
17816.895,-54.7957,0.9984
17818.359,-54.7649,0.9987
17819.824,-54.7547,0.9987
17821.289,-54.7559,0.9988
17822.754,-54.8045,0.9984
17824.219,-54.8218,0.9983
17825.684,-54.8084,0.9988
17827.148,-54.7874,0.9985
17828.613,-54.7943,0.9984
17830.078,-54.8114,0.9990
17831.543,-54.8069,0.9989
17833.008,-54.7901,0.9988
17834.473,-54.7772,0.9987
17835.938,-54.8199,0.9987
17837.402,-54.8102,0.9987
17838.867,-54.7724,0.9988
17840.332,-54.7814,0.9986
17841.797,-54.8056,0.9984
17843.262,-54.8232,0.9984
17844.727,-54.7937,0.9989
17846.191,-54.8043,0.9987
17847.656,-54.8287,0.9985
17849.121,-54.8468,0.9986
17850.586,-54.8623,0.9985
17852.051,-54.8592,0.9987
17853.516,-54.8088,0.9988
17854.980,-54.7757,0.9988
17856.445,-54.7761,0.9988
17857.910,-54.8055,0.9989
17859.375,-54.8214,0.9986
17860.840,-54.7855,0.9984
17862.305,-54.7503,0.9984
17863.770,-54.7483,0.9984
17865.234,-54.7834,0.9986
17866.699,-54.7882,0.9988
17868.164,-54.7645,0.9988
17869.629,-54.7845,0.9984
17871.094,-54.7739,0.9984
17872.559,-54.7988,0.9987
17874.023,-54.8197,0.9987
17875.488,-54.8286,0.9988
17876.953,-54.8008,0.9989
17878.418,-54.7967,0.9985
17879.883,-54.7683,0.9988
17881.348,-54.7773,0.9987
17882.812,-54.8383,0.9987
17884.277,-54.8540,0.9987
17885.742,-54.8206,0.9987
17887.207,-54.8090,0.9986
17888.672,-54.8189,0.9988
17890.137,-54.7958,0.9988
17891.602,-54.7828,0.9988
17893.066,-54.8285,0.9988
17894.531,-54.7999,0.9989
17895.996,-54.8054,0.9988
17897.461,-54.8505,0.9986
17898.926,-54.8566,0.9986
17900.391,-54.8400,0.9988
17901.855,-54.8235,0.9988
17903.320,-54.8512,0.9987
17904.785,-54.8433,0.9988
17906.250,-54.8010,0.9987
17907.715,-54.7589,0.9989
17909.180,-54.7775,0.9988
17910.645,-54.7635,0.9987
17912.109,-54.7674,0.9987
17913.574,-54.8198,0.9987
17915.039,-54.7893,0.9987
17916.504,-54.8070,0.9988
17917.969,-54.8357,0.9986
17919.434,-54.7981,0.9986
17920.898,-54.7590,0.9987
17922.363,-54.7791,0.9989
17923.828,-54.8139,0.9989
17925.293,-54.7934,0.9989
17926.758,-54.7966,0.9988
17928.223,-54.7904,0.9989
17929.688,-54.7733,0.9987
17931.152,-54.7966,0.9985
17932.617,-54.8326,0.9986
17934.082,-54.8160,0.9987
17935.547,-54.8094,0.9987
17937.012,-54.8150,0.9990
17938.477,-54.8257,0.9988
17939.941,-54.8245,0.9988
17941.406,-54.8293,0.9987
17942.871,-54.8409,0.9988
17944.336,-54.7955,0.9989
17945.801,-54.7876,0.9986
17947.266,-54.8103,0.9987
17948.730,-54.7971,0.9991
17950.195,-54.8031,0.9989
17951.660,-54.8353,0.9987
17953.125,-54.8403,0.9988
17954.590,-54.8252,0.9990
17956.055,-54.8398,0.9989
17957.520,-54.8440,0.9988
17958.984,-54.8440,0.9987
17960.449,-54.8368,0.9989
17961.914,-54.8115,0.9989
17963.379,-54.7904,0.9988
17964.844,-54.7921,0.9987
17966.309,-54.7986,0.9988
17967.773,-54.7940,0.9987
17969.238,-54.7952,0.9987
17970.703,-54.8032,0.9988
17972.168,-54.8268,0.9987
17973.633,-54.8310,0.9989
17975.098,-54.8312,0.9988
17976.562,-54.8092,0.9989
17978.027,-54.7828,0.9990
17979.492,-54.7717,0.9990
17980.957,-54.7899,0.9989
17982.422,-54.8152,0.9987
17983.887,-54.8054,0.9987
17985.352,-54.7924,0.9990
17986.816,-54.7774,0.9989
17988.281,-54.7929,0.9990
17989.746,-54.7973,0.9989
17991.211,-54.8107,0.9991
17992.676,-54.8307,0.9989
17994.141,-54.8358,0.9988
17995.605,-54.8463,0.9989
17997.070,-54.8420,0.9990
17998.535,-54.8157,0.9989
18000.000,-54.7912,0.9989
18001.465,-54.7787,0.9989
18002.930,-54.7906,0.9987
18004.395,-54.8120,0.9986
18005.859,-54.8190,0.9989
18007.324,-54.8182,0.9988
18008.789,-54.8060,0.9988
18010.254,-54.7814,0.9988
18011.719,-54.7828,0.9989
18013.184,-54.8043,0.9990
18014.648,-54.8123,0.9990
18016.113,-54.7869,0.9990
18017.578,-54.7535,0.9991
18019.043,-54.7704,0.9992
18020.508,-54.8019,0.9989
18021.973,-54.7982,0.9987
18023.438,-54.8163,0.9988
18024.902,-54.8190,0.9989
18026.367,-54.7793,0.9988
18027.832,-54.7799,0.9986
18029.297,-54.8072,0.9990
18030.762,-54.7947,0.9990
18032.227,-54.7798,0.9989
18033.691,-54.8111,0.9989
18035.156,-54.8146,0.9989
18036.621,-54.7966,0.9990
18038.086,-54.7882,0.9990
18039.551,-54.8013,0.9989
18041.016,-54.8133,0.9988
18042.480,-54.7912,0.9990
18043.945,-54.7700,0.9990
18045.410,-54.7756,0.9990
18046.875,-54.8000,0.9988
18048.340,-54.8034,0.9989
18049.805,-54.8089,0.9989
18051.270,-54.8254,0.9989
18052.734,-54.8225,0.9990
18054.199,-54.8012,0.9990
18055.664,-54.8025,0.9989
18057.129,-54.8264,0.9988
18058.594,-54.8107,0.9990
18060.059,-54.7901,0.9989
18061.523,-54.7944,0.9988
18062.988,-54.7875,0.9989
18064.453,-54.7757,0.9989
18065.918,-54.7815,0.9989
18067.383,-54.8137,0.9989
18068.848,-54.8234,0.9991
18070.312,-54.7929,0.9991
18071.777,-54.7771,0.9989
18073.242,-54.8055,0.9989
18074.707,-54.8375,0.9989
18076.172,-54.8541,0.9990
18077.637,-54.8655,0.9990
18079.102,-54.8358,0.9988
18080.566,-54.7975,0.9987
18082.031,-54.8003,0.9990
18083.496,-54.8182,0.9989
18084.961,-54.8025,0.9991
18086.426,-54.7867,0.9991
18087.891,-54.8132,0.9991
18089.355,-54.8200,0.9990
18090.820,-54.8101,0.9990
18092.285,-54.8227,0.9990
18093.750,-54.8104,0.9989
18095.215,-54.7836,0.9988
18096.680,-54.7880,0.9988
18098.145,-54.7774,0.9989
18099.609,-54.7598,0.9988
18101.074,-54.7772,0.9989
18102.539,-54.7788,0.9990
18104.004,-54.7817,0.9988
18105.469,-54.8057,0.9989
18106.934,-54.8122,0.9989
18108.398,-54.8136,0.9989
18109.863,-54.8285,0.9988
18111.328,-54.8415,0.9987
18112.793,-54.8424,0.9988
18114.258,-54.8345,0.9989
18115.723,-54.8245,0.9988
18117.188,-54.8202,0.9986
18118.652,-54.8210,0.9986
18120.117,-54.8093,0.9987
18121.582,-54.7941,0.9989
18123.047,-54.8239,0.9991
18124.512,-54.8506,0.9989
18125.977,-54.8376,0.9989
18127.441,-54.8191,0.9990
18128.906,-54.8076,0.9990
18130.371,-54.8020,0.9990
18131.836,-54.7935,0.9990
18133.301,-54.7873,0.9987
18134.766,-54.7886,0.9990
18136.230,-54.7934,0.9990
18137.695,-54.8095,0.9988
18139.160,-54.8157,0.9988
18140.625,-54.8108,0.9988
18142.090,-54.8026,0.9986
18143.555,-54.7872,0.9988
18145.020,-54.8085,0.9987
18146.484,-54.8197,0.9991
18147.949,-54.7895,0.9990
18149.414,-54.7707,0.9988
18150.879,-54.7809,0.9988
18152.344,-54.8100,0.9990
18153.809,-54.8122,0.9989
18155.273,-54.8050,0.9989
18156.738,-54.8167,0.9989
18158.203,-54.8240,0.9990
18159.668,-54.8085,0.9990
18161.133,-54.7970,0.9988
18162.598,-54.8232,0.9987
18164.062,-54.8436,0.9988
18165.527,-54.8406,0.9990
18166.992,-54.8427,0.9991
18168.457,-54.8414,0.9990
18169.922,-54.8205,0.9989
18171.387,-54.8013,0.9989
18172.852,-54.7844,0.9990
18174.316,-54.8014,0.9989
18175.781,-54.8476,0.9987
18177.246,-54.8308,0.9987
18178.711,-54.7935,0.9989
18180.176,-54.8060,0.9990
18181.641,-54.8352,0.9989
18183.105,-54.8462,0.9988
18184.570,-54.8420,0.9989
18186.035,-54.8305,0.9988
18187.500,-54.8105,0.9990
18188.965,-54.7975,0.9991
18190.430,-54.8008,0.9990
18191.895,-54.8205,0.9989
18193.359,-54.8454,0.9986
18194.824,-54.8326,0.9987
18196.289,-54.8111,0.9988
18197.754,-54.8186,0.9989
18199.219,-54.8306,0.9990
18200.684,-54.8513,0.9991
18202.148,-54.8684,0.9990
18203.613,-54.8635,0.9990
18205.078,-54.8347,0.9989
18206.543,-54.7975,0.9987
18208.008,-54.8081,0.9988
18209.473,-54.8460,0.9988
18210.938,-54.8426,0.9989
18212.402,-54.8170,0.9992
18213.867,-54.8296,0.9991
18215.332,-54.8575,0.9988
18216.797,-54.8670,0.9987
18218.262,-54.8551,0.9988
18219.727,-54.8050,0.9986
18221.191,-54.7733,0.9988
18222.656,-54.7752,0.9988
18224.121,-54.7675,0.9987
18225.586,-54.7675,0.9987
18227.051,-54.7755,0.9988
18228.516,-54.8056,0.9989
18229.980,-54.8554,0.9989
18231.445,-54.8530,0.9989
18232.910,-54.8064,0.9988
18234.375,-54.7983,0.9988
18235.840,-54.8336,0.9988
18237.305,-54.8507,0.9990
18238.770,-54.8310,0.9989
18240.234,-54.7979,0.9990
18241.699,-54.7879,0.9990
18243.164,-54.8038,0.9989
18244.629,-54.8089,0.9986
18246.094,-54.8201,0.9987
18247.559,-54.8339,0.9989
18249.023,-54.8223,0.9989
18250.488,-54.8240,0.9988
18251.953,-54.8232,0.9987
18253.418,-54.7978,0.9988
18254.883,-54.7918,0.9990
18256.348,-54.8008,0.9988
18257.812,-54.8006,0.9988
18259.277,-54.8196,0.9986
18260.742,-54.8536,0.9986
18262.207,-54.8548,0.9989
18263.672,-54.8264,0.9990
18265.137,-54.8198,0.9989
18266.602,-54.8592,0.9989
18268.066,-54.8722,0.9987
18269.531,-54.8432,0.9987
18270.996,-54.8479,0.9986
18272.461,-54.8573,0.9988
18273.926,-54.8366,0.9989
18275.391,-54.8256,0.9988
18276.855,-54.8227,0.9988
18278.320,-54.8063,0.9988
18279.785,-54.8251,0.9987
18281.250,-54.8609,0.9988
18282.715,-54.8352,0.9989
18284.180,-54.7997,0.9989
18285.645,-54.8013,0.9990
18287.109,-54.8196,0.9990
18288.574,-54.8317,0.9991
18290.039,-54.8492,0.9990
18291.504,-54.8773,0.9989
18292.969,-54.8852,0.9990
18294.434,-54.8763,0.9990
18295.898,-54.8749,0.9987
18297.363,-54.8449,0.9987
18298.828,-54.8120,0.9988
18300.293,-54.7862,0.9988
18301.758,-54.7943,0.9987
18303.223,-54.8110,0.9987
18304.688,-54.8116,0.9985
18306.152,-54.8203,0.9987
18307.617,-54.8173,0.9987
18309.082,-54.8335,0.9990
18310.547,-54.8596,0.9989
18312.012,-54.8603,0.9989
18313.477,-54.8380,0.9988
18314.941,-54.8345,0.9988
18316.406,-54.8610,0.9987
18317.871,-54.8881,0.9989
18319.336,-54.8847,0.9988
18320.801,-54.8519,0.9988
18322.266,-54.8382,0.9990
18323.730,-54.8215,0.9988
18325.195,-54.8107,0.9988
18326.660,-54.8092,0.9988
18328.125,-54.7982,0.9989
18329.590,-54.8002,0.9989
18331.055,-54.7929,0.9989
18332.520,-54.8128,0.9988
18333.984,-54.8660,0.9989
18335.449,-54.8755,0.9989
18336.914,-54.8417,0.9988
18338.379,-54.8553,0.9988
18339.844,-54.8494,0.9989
18341.309,-54.8088,0.9990
18342.773,-54.8245,0.9988
18344.238,-54.8534,0.9987
18345.703,-54.8753,0.9988
18347.168,-54.8523,0.9987
18348.633,-54.8370,0.9987
18350.098,-54.8296,0.9987
18351.562,-54.8403,0.9989
18353.027,-54.8497,0.9988
18354.492,-54.8214,0.9988
18355.957,-54.8358,0.9988
18357.422,-54.8420,0.9988
18358.887,-54.8681,0.9987
18360.352,-54.9056,0.9988
18361.816,-54.8639,0.9992
18363.281,-54.8144,0.9991
18364.746,-54.8215,0.9989
18366.211,-54.8082,0.9988
18367.676,-54.7768,0.9988
18369.141,-54.7957,0.9988
18370.605,-54.8259,0.9987
18372.070,-54.8123,0.9988
18373.535,-54.8284,0.9987
18375.000,-54.8589,0.9989
18376.465,-54.8615,0.9989
18377.930,-54.8423,0.9988
18379.395,-54.8319,0.9988
18380.859,-54.8663,0.9987
18382.324,-54.8841,0.9988
18383.789,-54.8683,0.9987
18385.254,-54.8542,0.9989
18386.719,-54.8186,0.9988
18388.184,-54.8135,0.9988
18389.648,-54.8319,0.9988
18391.113,-54.8252,0.9986
18392.578,-54.8062,0.9989
18394.043,-54.8303,0.9991
18395.508,-54.8366,0.9990
18396.973,-54.8280,0.9989
18398.438,-54.8017,0.9988
18399.902,-54.8144,0.9987
18401.367,-54.8473,0.9986
18402.832,-54.8284,0.9988
18404.297,-54.8225,0.9987
18405.762,-54.8524,0.9985
18407.227,-54.8774,0.9986
18408.691,-54.8748,0.9989
18410.156,-54.8462,0.9988
18411.621,-54.8153,0.9986
18413.086,-54.8280,0.9987
18414.551,-54.8373,0.9987
18416.016,-54.8626,0.9988
18417.480,-54.8623,0.9988
18418.945,-54.8101,0.9987
18420.410,-54.8121,0.9987
18421.875,-54.8361,0.9986
18423.340,-54.8246,0.9985
18424.805,-54.8515,0.9987
18426.270,-54.8568,0.9989
18427.734,-54.8310,0.9987
18429.199,-54.8426,0.9986
18430.664,-54.8954,0.9987
18432.129,-54.8587,0.9986
18433.594,-54.8679,0.9987
18435.059,-54.9019,0.9987
18436.523,-54.8707,0.9987
18437.988,-54.8514,0.9987
18439.453,-54.8553,0.9989
18440.918,-54.8513,0.9987
18442.383,-54.8346,0.9986
18443.848,-54.8412,0.9985
18445.312,-54.8435,0.9987
18446.777,-54.8075,0.9987
18448.242,-54.8391,0.9988
18449.707,-54.8973,0.9990
18451.172,-54.8449,0.9989
18452.637,-54.7893,0.9990
18454.102,-54.8160,0.9986
18455.566,-54.8425,0.9986
18457.031,-54.8665,0.9985
18458.496,-54.8628,0.9984
18459.961,-54.8579,0.9986
18461.426,-54.8613,0.9986
18462.891,-54.8848,0.9985
18464.355,-54.8579,0.9987
18465.820,-54.8089,0.9986
18467.285,-54.8528,0.9986
18468.750,-54.8895,0.9985
18470.215,-54.8793,0.9985
18471.680,-54.8827,0.9985
18473.145,-54.8391,0.9985
18474.609,-54.8015,0.9986
18476.074,-54.7751,0.9987
18477.539,-54.7931,0.9985
18479.004,-54.8070,0.9984
18480.469,-54.8214,0.9984
18481.934,-54.8621,0.9985
18483.398,-54.8435,0.9983
18484.863,-54.7474,0.9986
18486.328,-54.7887,0.9987
18487.793,-54.8342,0.9986
18489.258,-54.8565,0.9986
18490.723,-54.8241,0.9988
18492.188,-54.7930,0.9986
18493.652,-54.8419,0.9986
18495.117,-54.8580,0.9985
18496.582,-54.8606,0.9987
18498.047,-54.8745,0.9986
18499.512,-54.8661,0.9985
18500.977,-54.8383,0.9987
18502.441,-54.8373,0.9986
18503.906,-54.8698,0.9987
18505.371,-54.8821,0.9986
18506.836,-54.9318,0.9985
18508.301,-54.9007,0.9987
18509.766,-54.8550,0.9986
18511.230,-54.8172,0.9986
18512.695,-54.8208,0.9988
18514.160,-54.8478,0.9987
18515.625,-54.8259,0.9986
18517.090,-54.8786,0.9985
18518.555,-54.8579,0.9985
18520.020,-54.8432,0.9985
18521.484,-54.8591,0.9987
18522.949,-54.8317,0.9987
18524.414,-54.8793,0.9986
18525.879,-54.8725,0.9985
18527.344,-54.8715,0.9985
18528.809,-54.8869,0.9986
18530.273,-54.8390,0.9986
18531.738,-54.8331,0.9987
18533.203,-54.8489,0.9985
18534.668,-54.8373,0.9986
18536.133,-54.8436,0.9986
18537.598,-54.8483,0.9988
18539.062,-54.8246,0.9986
18540.527,-54.8438,0.9984
18541.992,-54.8664,0.9985
18543.457,-54.8265,0.9984
18544.922,-54.8215,0.9983
18546.387,-54.8318,0.9984
18547.852,-54.8398,0.9983
18549.316,-54.8668,0.9983
18550.781,-54.8678,0.9987
18552.246,-54.8118,0.9985
18553.711,-54.8008,0.9984
18555.176,-54.8476,0.9981
18556.641,-54.8358,0.9983
18558.105,-54.8491,0.9986
18559.570,-54.8663,0.9986
18561.035,-54.8770,0.9981
18562.500,-54.8755,0.9982
18563.965,-54.8836,0.9986
18565.430,-54.8571,0.9983
18566.895,-54.8545,0.9983
18568.359,-54.9098,0.9982
18569.824,-54.9015,0.9980
18571.289,-54.8706,0.9984
18572.754,-54.8578,0.9982
18574.219,-54.8565,0.9982
18575.684,-54.8760,0.9982
18577.148,-54.8544,0.9984
18578.613,-54.8631,0.9984
18580.078,-54.9040,0.9983
18581.543,-54.9123,0.9982
18583.008,-54.9088,0.9981
18584.473,-54.9006,0.9982
18585.938,-54.8353,0.9985
18587.402,-54.8269,0.9986
18588.867,-54.8643,0.9988
18590.332,-54.8378,0.9985
18591.797,-54.8405,0.9984
18593.262,-54.8593,0.9982
18594.727,-54.8811,0.9984
18596.191,-54.8484,0.9985
18597.656,-54.8230,0.9986
18599.121,-54.8754,0.9982
18600.586,-54.8837,0.9985
18602.051,-54.8426,0.9988
18603.516,-54.8582,0.9985
18604.980,-54.8736,0.9982
18606.445,-54.8633,0.9984
18607.910,-54.8928,0.9983
18609.375,-54.8911,0.9985
18610.840,-54.8528,0.9986
18612.305,-54.8303,0.9986
18613.770,-54.8110,0.9986
18615.234,-54.8382,0.9983
18616.699,-54.8114,0.9985
18618.164,-54.7992,0.9986
18619.629,-54.8081,0.9986
18621.094,-54.7903,0.9981
18622.559,-54.7757,0.9984
18624.023,-54.8234,0.9985
18625.488,-54.8542,0.9986
18626.953,-54.8639,0.9983
18628.418,-54.8993,0.9981
18629.883,-54.8718,0.9982
18631.348,-54.8753,0.9984
18632.812,-54.8439,0.9981
18634.277,-54.8485,0.9983
18635.742,-54.8221,0.9983
18637.207,-54.8167,0.9983
18638.672,-54.8086,0.9982
18640.137,-54.8353,0.9983
18641.602,-54.8257,0.9978
18643.066,-54.8689,0.9981
18644.531,-54.9067,0.9981
18645.996,-54.8415,0.9983
18647.461,-54.8603,0.9983
18648.926,-54.8753,0.9980
18650.391,-54.8503,0.9983
18651.855,-54.8333,0.9984
18653.320,-54.8542,0.9981
18654.785,-54.8522,0.9980
18656.250,-54.8618,0.9977
18657.715,-54.8491,0.9979
18659.180,-54.8440,0.9980
18660.645,-54.8461,0.9979
18662.109,-54.8503,0.9982
18663.574,-54.8272,0.9983
18665.039,-54.8580,0.9986
18666.504,-54.8804,0.9984
18667.969,-54.8552,0.9982
18669.434,-54.8576,0.9983
18670.898,-54.8797,0.9982
18672.363,-54.8637,0.9983
18673.828,-54.8502,0.9983
18675.293,-54.8168,0.9981
18676.758,-54.8110,0.9982
18678.223,-54.7960,0.9984
18679.688,-54.8101,0.9980
18681.152,-54.8510,0.9979
18682.617,-54.8821,0.9977
18684.082,-54.8486,0.9982
18685.547,-54.8533,0.9985
18687.012,-54.8773,0.9980
18688.477,-54.8526,0.9979
18689.941,-54.8490,0.9980
18691.406,-54.8542,0.9982
18692.871,-54.8809,0.9981
18694.336,-54.8097,0.9982
18695.801,-54.8015,0.9981
18697.266,-54.8830,0.9983
18698.730,-54.8437,0.9979
18700.195,-54.8563,0.9981
18701.660,-54.8620,0.9980
18703.125,-54.8608,0.9981
18704.590,-54.8745,0.9979
18706.055,-54.8108,0.9981
18707.520,-54.8641,0.9978
18708.984,-54.8594,0.9978
18710.449,-54.9224,0.9980
18711.914,-54.9096,0.9981
18713.379,-54.8408,0.9978
18714.844,-54.8339,0.9981
18716.309,-54.8001,0.9985
18717.773,-54.8592,0.9985
18719.238,-54.8850,0.9980
18720.703,-54.8536,0.9981
18722.168,-54.8268,0.9982
18723.633,-54.7957,0.9979
18725.098,-54.8476,0.9982
18726.562,-54.8576,0.9979
18728.027,-54.8437,0.9978
18729.492,-54.8237,0.9977
18730.957,-54.8342,0.9980
18732.422,-54.9228,0.9981
18733.887,-54.8706,0.9977
18735.352,-54.8634,0.9977
18736.816,-54.8891,0.9979
18738.281,-54.8187,0.9979
18739.746,-54.8079,0.9977
18741.211,-54.8729,0.9978
18742.676,-54.8385,0.9981
18744.141,-54.8346,0.9984
18745.605,-54.8573,0.9981
18747.070,-54.8948,0.9981
18748.535,-54.9055,0.9979
18750.000,-54.8556,0.9979
18751.465,-54.8671,0.9978
18752.930,-54.8499,0.9978
18754.395,-54.8332,0.9976
18755.859,-54.8524,0.9978
18757.324,-54.8975,0.9979
18758.789,-54.8769,0.9980
18760.254,-54.7972,0.9980
18761.719,-54.8402,0.9979
18763.184,-54.8720,0.9977
18764.648,-54.8253,0.9976
18766.113,-54.8144,0.9979
18767.578,-54.8498,0.9981
18769.043,-54.8327,0.9977
18770.508,-54.8537,0.9976
18771.973,-54.8345,0.9978
18773.438,-54.7955,0.9977
18774.902,-54.8391,0.9978
18776.367,-54.8132,0.9978
18777.832,-54.8195,0.9976
18779.297,-54.9218,0.9975
18780.762,-54.8763,0.9981
18782.227,-54.8697,0.9980
18783.691,-54.8176,0.9979
18785.156,-54.8151,0.9981
18786.621,-54.8024,0.9981
18788.086,-54.8512,0.9975
18789.551,-54.7766,0.9980
18791.016,-54.7688,0.9978
18792.480,-54.8714,0.9974
18793.945,-54.8010,0.9979
18795.410,-54.8616,0.9978
18796.875,-54.8982,0.9980
18798.340,-54.8153,0.9978
18799.805,-54.7847,0.9981
18801.270,-54.8036,0.9982
18802.734,-54.8495,0.9980
18804.199,-54.8297,0.9976
18805.664,-54.7939,0.9977
18807.129,-54.8585,0.9978
18808.594,-54.9000,0.9973
18810.059,-54.8329,0.9971
18811.523,-54.8873,0.9975
18812.988,-54.7852,0.9974
18814.453,-54.8132,0.9978
18815.918,-54.8498,0.9977
18817.383,-54.8121,0.9978
18818.848,-54.8343,0.9977
18820.312,-54.8441,0.9980
18821.777,-54.8460,0.9982
18823.242,-54.8056,0.9981
18824.707,-54.8330,0.9979
18826.172,-54.8652,0.9976
18827.637,-54.8395,0.9976
18829.102,-54.8558,0.9979
18830.566,-54.7710,0.9978
18832.031,-54.8374,0.9979
18833.496,-54.8285,0.9981
18834.961,-54.8850,0.9979
18836.426,-54.8656,0.9978
18837.891,-54.8261,0.9977
18839.355,-54.8026,0.9977
18840.820,-54.8532,0.9975
18842.285,-54.7531,0.9980
18843.750,-54.8555,0.9975
18845.215,-54.8391,0.9978
18846.680,-54.8578,0.9975
18848.145,-54.8005,0.9980
18849.609,-54.7989,0.9982
18851.074,-54.8782,0.9978
18852.539,-54.8195,0.9980
18854.004,-54.8115,0.9982
18855.469,-54.8406,0.9978
18856.934,-54.8061,0.9978
18858.398,-54.7903,0.9978
18859.863,-54.7864,0.9976
18861.328,-54.7869,0.9979
18862.793,-54.8594,0.9977
18864.258,-54.8405,0.9976
18865.723,-54.9009,0.9976
18867.188,-54.8561,0.9976
18868.652,-54.8713,0.9978
18870.117,-54.8417,0.9975
18871.582,-54.8245,0.9976
18873.047,-54.8492,0.9979
18874.512,-54.8276,0.9980
18875.977,-54.8766,0.9978
18877.441,-54.8203,0.9978
18878.906,-54.7686,0.9981
18880.371,-54.8299,0.9979
18881.836,-54.8810,0.9977
18883.301,-54.8335,0.9984
18884.766,-54.8800,0.9978
18886.230,-54.8545,0.9975
18887.695,-54.8055,0.9972
18889.160,-54.8752,0.9977
18890.625,-54.8251,0.9979
18892.090,-54.9114,0.9975
18893.555,-54.8986,0.9978
18895.020,-54.9053,0.9972
18896.484,-54.8754,0.9971
18897.949,-54.8723,0.9977
18899.414,-54.8358,0.9980
18900.879,-54.7923,0.9980
18902.344,-54.7988,0.9976
18903.809,-54.9031,0.9976
18905.273,-54.8210,0.9975
18906.738,-54.7598,0.9978
18908.203,-54.8093,0.9977
18909.668,-54.8540,0.9978
18911.133,-54.8101,0.9977
18912.598,-54.8548,0.9971
18914.062,-54.8333,0.9972
18915.527,-54.7617,0.9974
18916.992,-54.7919,0.9976
18918.457,-54.7607,0.9972
18919.922,-54.8486,0.9974
18921.387,-54.8539,0.9980
18922.852,-54.7994,0.9981
18924.316,-54.7383,0.9978
18925.781,-54.7677,0.9973
18927.246,-54.8095,0.9975
18928.711,-54.8302,0.9975
18930.176,-54.8249,0.9974
18931.641,-54.8083,0.9974
18933.105,-54.7876,0.9976
18934.570,-54.7766,0.9975
18936.035,-54.8156,0.9975
18937.500,-54.8222,0.9977
18938.965,-54.8305,0.9979
18940.430,-54.8565,0.9978
18941.895,-54.7911,0.9974
18943.359,-54.8439,0.9975
18944.824,-54.8708,0.9975
18946.289,-54.8060,0.9972
18947.754,-54.7829,0.9979
18949.219,-54.8763,0.9978
18950.684,-54.8160,0.9976
18952.148,-54.8112,0.9976
18953.613,-54.8272,0.9972
18955.078,-54.7693,0.9970
18956.543,-54.7753,0.9975
18958.008,-54.7938,0.9975
18959.473,-54.8562,0.9980
18960.938,-54.7824,0.9979
18962.402,-54.7916,0.9979
18963.867,-54.7920,0.9980
18965.332,-54.7793,0.9977
18966.797,-54.7629,0.9974
18968.262,-54.8186,0.9978
18969.727,-54.8290,0.9977
18971.191,-54.8078,0.9977
18972.656,-54.7955,0.9978
18974.121,-54.7686,0.9980
18975.586,-54.7593,0.9976
18977.051,-54.8492,0.9975
18978.516,-54.8839,0.9977
18979.980,-54.8089,0.9977
18981.445,-54.7924,0.9975
18982.910,-54.7808,0.9977
18984.375,-54.7891,0.9981
18985.840,-54.7932,0.9977
18987.305,-54.7770,0.9977
18988.770,-54.7700,0.9974
18990.234,-54.8267,0.9976
18991.699,-54.8302,0.9977
18993.164,-54.8220,0.9979
18994.629,-54.8314,0.9982
18996.094,-54.8390,0.9975
18997.559,-54.8293,0.9973
18999.023,-54.8174,0.9975
19000.488,-54.8147,0.9978
19001.953,-54.7950,0.9976
19003.418,-54.7834,0.9978
19004.883,-54.8049,0.9980
19006.348,-54.8129,0.9980
19007.812,-54.8045,0.9978
19009.277,-54.7853,0.9978
19010.742,-54.8142,0.9980
19012.207,-54.8111,0.9979
19013.672,-54.8481,0.9978
19015.137,-54.7702,0.9976
19016.602,-54.8081,0.9978
19018.066,-54.7993,0.9980
19019.531,-54.8197,0.9976
19020.996,-54.7998,0.9974
19022.461,-54.8253,0.9975
19023.926,-54.8346,0.9973
19025.391,-54.7846,0.9974
19026.855,-54.7690,0.9977
19028.320,-54.7379,0.9975
19029.785,-54.8276,0.9981
19031.250,-54.8317,0.9979
19032.715,-54.8089,0.9976
19034.180,-54.7760,0.9978
19035.645,-54.7755,0.9980
19037.109,-54.8323,0.9980
19038.574,-54.8466,0.9979
19040.039,-54.7651,0.9980
19041.504,-54.7983,0.9978
19042.969,-54.7751,0.9981
19044.434,-54.7471,0.9980
19045.898,-54.8205,0.9975
19047.363,-54.8292,0.9979
19048.828,-54.8612,0.9982
19050.293,-54.8302,0.9980
19051.758,-54.8317,0.9981
19053.223,-54.8044,0.9978
19054.688,-54.7973,0.9980
19056.152,-54.8100,0.9981
19057.617,-54.7707,0.9978
19059.082,-54.7826,0.9978
19060.547,-54.7699,0.9978
19062.012,-54.8145,0.9976
19063.477,-54.7756,0.9976
19064.941,-54.8019,0.9979
19066.406,-54.8602,0.9979
19067.871,-54.8280,0.9978
19069.336,-54.8179,0.9976
19070.801,-54.7313,0.9979
19072.266,-54.7614,0.9979
19073.730,-54.7881,0.9979
19075.195,-54.7401,0.9982
19076.660,-54.7830,0.9978
19078.125,-54.7825,0.9976
19079.590,-54.8086,0.9978
19081.055,-54.7732,0.9981
19082.520,-54.7876,0.9982
19083.984,-54.8054,0.9983
19085.449,-54.7796,0.9979
19086.914,-54.8440,0.9975
19088.379,-54.7973,0.9979
19089.844,-54.7191,0.9982
19091.309,-54.7876,0.9980
19092.773,-54.8025,0.9979
19094.238,-54.7721,0.9975
19095.703,-54.8042,0.9978
19097.168,-54.8073,0.9982
19098.633,-54.8485,0.9981
19100.098,-54.8496,0.9978
19101.562,-54.8438,0.9979
19103.027,-54.8308,0.9980
19104.492,-54.7718,0.9983
19105.957,-54.8245,0.9982
19107.422,-54.8318,0.9979
19108.887,-54.7497,0.9981
19110.352,-54.7406,0.9982
19111.816,-54.7507,0.9978
19113.281,-54.7716,0.9978
19114.746,-54.7743,0.9981
19116.211,-54.8087,0.9979
19117.676,-54.7897,0.9985
19119.141,-54.7827,0.9979
19120.605,-54.7910,0.9979
19122.070,-54.8263,0.9982
19123.535,-54.8183,0.9983
19125.000,-54.8601,0.9978
19126.465,-54.7932,0.9981
19127.930,-54.7678,0.9983
19129.395,-54.7915,0.9981
19130.859,-54.8369,0.9981
19132.324,-54.8007,0.9980
19133.789,-54.7861,0.9982
19135.254,-54.8024,0.9978
19136.719,-54.7727,0.9979
19138.184,-54.8059,0.9983
19139.648,-54.8157,0.9982
19141.113,-54.7793,0.9981
19142.578,-54.7402,0.9981
19144.043,-54.8337,0.9980
19145.508,-54.7591,0.9980
19146.973,-54.7658,0.9980
19148.438,-54.7774,0.9984
19149.902,-54.7956,0.9981
19151.367,-54.8003,0.9980
19152.832,-54.7393,0.9984
19154.297,-54.8149,0.9980
19155.762,-54.7685,0.9984
19157.227,-54.7462,0.9985
19158.691,-54.7372,0.9984
19160.156,-54.7363,0.9984
19161.621,-54.7356,0.9983
19163.086,-54.7447,0.9980
19164.551,-54.8058,0.9979
19166.016,-54.7975,0.9980
19167.480,-54.7997,0.9982
19168.945,-54.8009,0.9981
19170.410,-54.7748,0.9984
19171.875,-54.8041,0.9981
19173.340,-54.7531,0.9979
19174.805,-54.7485,0.9978
19176.270,-54.7472,0.9983
19177.734,-54.7622,0.9984
19179.199,-54.7342,0.9984
19180.664,-54.7513,0.9985
19182.129,-54.7562,0.9984
19183.594,-54.7963,0.9984
19185.059,-54.8015,0.9980
19186.523,-54.7693,0.9981
19187.988,-54.7582,0.9985
19189.453,-54.7405,0.9982
19190.918,-54.7279,0.9982
19192.383,-54.7599,0.9982
19193.848,-54.7973,0.9984
19195.312,-54.7419,0.9981
19196.777,-54.7205,0.9981
19198.242,-54.8129,0.9979
19199.707,-54.7555,0.9979
19201.172,-54.7686,0.9980
19202.637,-54.7952,0.9981
19204.102,-54.8106,0.9979
19205.566,-54.7963,0.9981
19207.031,-54.7512,0.9982
19208.496,-54.8031,0.9981
19209.961,-54.8488,0.9981
19211.426,-54.8261,0.9981
19212.891,-54.8094,0.9980
19214.355,-54.8144,0.9985
19215.820,-54.8063,0.9984
19217.285,-54.7552,0.9984
19218.750,-54.7524,0.9982
19220.215,-54.7912,0.9979
19221.680,-54.7967,0.9984
19223.145,-54.8426,0.9982
19224.609,-54.7938,0.9985
19226.074,-54.7891,0.9983
19227.539,-54.7898,0.9985
19229.004,-54.7955,0.9985
19230.469,-54.7737,0.9985
19231.934,-54.7459,0.9983
19233.398,-54.7277,0.9981
19234.863,-54.7490,0.9983
19236.328,-54.7761,0.9984
19237.793,-54.8083,0.9980
19239.258,-54.7770,0.9980
19240.723,-54.7732,0.9984
19242.188,-54.7797,0.9986
19243.652,-54.8018,0.9984
19245.117,-54.8051,0.9983
19246.582,-54.7964,0.9985
19248.047,-54.7878,0.9985
19249.512,-54.8261,0.9986
19250.977,-54.8119,0.9986
19252.441,-54.7812,0.9985
19253.906,-54.8157,0.9983
19255.371,-54.7865,0.9984
19256.836,-54.7745,0.9985
19258.301,-54.8003,0.9984
19259.766,-54.7925,0.9986
19261.230,-54.7646,0.9983
19262.695,-54.7990,0.9983
19264.160,-54.8651,0.9983
19265.625,-54.8307,0.9979
19267.090,-54.8462,0.9983
19268.555,-54.8121,0.9985
19270.020,-54.7584,0.9986
19271.484,-54.8044,0.9985
19272.949,-54.8166,0.9984
19274.414,-54.8174,0.9986
19275.879,-54.8116,0.9985
19277.344,-54.8120,0.9986
19278.809,-54.8140,0.9985
19280.273,-54.7881,0.9986
19281.738,-54.8198,0.9983
19283.203,-54.8202,0.9984
19284.668,-54.7958,0.9984
19286.133,-54.7996,0.9985
19287.598,-54.7799,0.9985
19289.062,-54.7954,0.9987
19290.527,-54.8158,0.9986
19291.992,-54.8219,0.9987
19293.457,-54.8553,0.9985
19294.922,-54.8108,0.9987
19296.387,-54.7997,0.9984
19297.852,-54.7688,0.9984
19299.316,-54.7670,0.9980
19300.781,-54.8288,0.9983
19302.246,-54.8369,0.9984
19303.711,-54.7884,0.9984
19305.176,-54.7455,0.9985
19306.641,-54.7711,0.9984
19308.105,-54.7570,0.9981
19309.570,-54.7291,0.9984
19311.035,-54.7671,0.9986
19312.500,-54.8111,0.9987
19313.965,-54.7917,0.9987
19315.430,-54.8067,0.9987
19316.895,-54.8035,0.9984
19318.359,-54.8069,0.9985
19319.824,-54.8426,0.9985
19321.289,-54.8111,0.9986
19322.754,-54.7575,0.9988
19324.219,-54.7774,0.9986
19325.684,-54.7875,0.9983
19327.148,-54.7679,0.9982
19328.613,-54.7668,0.9984
19330.078,-54.7589,0.9983
19331.543,-54.7876,0.9984
19333.008,-54.7922,0.9984
19334.473,-54.7873,0.9985
19335.938,-54.8066,0.9987
19337.402,-54.8415,0.9987
19338.867,-54.8547,0.9987
19340.332,-54.8411,0.9985
19341.797,-54.8264,0.9986
19343.262,-54.8158,0.9986
19344.727,-54.7866,0.9987
19346.191,-54.7928,0.9985
19347.656,-54.8540,0.9985
19349.121,-54.8770,0.9986
19350.586,-54.7910,0.9987
19352.051,-54.7774,0.9987
19353.516,-54.8083,0.9986
19354.980,-54.7879,0.9985
19356.445,-54.8031,0.9985
19357.910,-54.8192,0.9985
19359.375,-54.8129,0.9987
19360.840,-54.7976,0.9989
19362.305,-54.8056,0.9987
19363.770,-54.8238,0.9985
19365.234,-54.8101,0.9983
19366.699,-54.7826,0.9986
19368.164,-54.7568,0.9984
19369.629,-54.7669,0.9984
19371.094,-54.8017,0.9985
19372.559,-54.8222,0.9985
19374.023,-54.8388,0.9987
19375.488,-54.8304,0.9987
19376.953,-54.7729,0.9988
19378.418,-54.7541,0.9986
19379.883,-54.7768,0.9985
19381.348,-54.7531,0.9984
19382.812,-54.7759,0.9986
19384.277,-54.8055,0.9988
19385.742,-54.7815,0.9987
19387.207,-54.7933,0.9985
19388.672,-54.8148,0.9986
19390.137,-54.8253,0.9984
19391.602,-54.8144,0.9985
19393.066,-54.8172,0.9985
19394.531,-54.7713,0.9984
19395.996,-54.7717,0.9986
19397.461,-54.7867,0.9985
19398.926,-54.7804,0.9986
19400.391,-54.8217,0.9986
19401.855,-54.8320,0.9985
19403.320,-54.8022,0.9985
19404.785,-54.7756,0.9986
19406.250,-54.7978,0.9984
19407.715,-54.7798,0.9985
19409.180,-54.7908,0.9987
19410.645,-54.8533,0.9986
19412.109,-54.8357,0.9985
19413.574,-54.8121,0.9985
19415.039,-54.7905,0.9985
19416.504,-54.7777,0.9987
19417.969,-54.8051,0.9989
19419.434,-54.8231,0.9986
19420.898,-54.8115,0.9986
19422.363,-54.8368,0.9986
19423.828,-54.8409,0.9986
19425.293,-54.8186,0.9986
19426.758,-54.8347,0.9986
19428.223,-54.8287,0.9986
19429.688,-54.8445,0.9988
19431.152,-54.8620,0.9987
19432.617,-54.8388,0.9987
19434.082,-54.8047,0.9987
19435.547,-54.8398,0.9987
19437.012,-54.8586,0.9984
19438.477,-54.8285,0.9986
19439.941,-54.8045,0.9988
19441.406,-54.7863,0.9988
19442.871,-54.7749,0.9988
19444.336,-54.7940,0.9988
19445.801,-54.8275,0.9988
19447.266,-54.8069,0.9987
19448.730,-54.8492,0.9986
19450.195,-54.8628,0.9987
19451.660,-54.8249,0.9988
19453.125,-54.8281,0.9988
19454.590,-54.8558,0.9989
19456.055,-54.8692,0.9986
19457.520,-54.8274,0.9984
19458.984,-54.7727,0.9986
19460.449,-54.7749,0.9987
19461.914,-54.8368,0.9987
19463.379,-54.8499,0.9986
19464.844,-54.8209,0.9986
19466.309,-54.8406,0.9987
19467.773,-54.8376,0.9985
19469.238,-54.7946,0.9986
19470.703,-54.7960,0.9989
19472.168,-54.8305,0.9988
19473.633,-54.8529,0.9988
19475.098,-54.8545,0.9988
19476.562,-54.8272,0.9987
19478.027,-54.8015,0.9986
19479.492,-54.7945,0.9984
19480.957,-54.7953,0.9986
19482.422,-54.8006,0.9986
19483.887,-54.8350,0.9985
19485.352,-54.8518,0.9985
19486.816,-54.8194,0.9989
19488.281,-54.8168,0.9985
19489.746,-54.8195,0.9988
19491.211,-54.8132,0.9988
19492.676,-54.8073,0.9987
19494.141,-54.7737,0.9988
19495.605,-54.7770,0.9988
19497.070,-54.7703,0.9989
19498.535,-54.7443,0.9989
19500.000,-54.7616,0.9989
19501.465,-54.8357,0.9988
19502.930,-54.8690,0.9986
19504.395,-54.8313,0.9985
19505.859,-54.8136,0.9985
19507.324,-54.7844,0.9991
19508.789,-54.7879,0.9991
19510.254,-54.8292,0.9990
19511.719,-54.8872,0.9989
19513.184,-54.8887,0.9989
19514.648,-54.8354,0.9989
19516.113,-54.7867,0.9985
19517.578,-54.8062,0.9983
19519.043,-54.8199,0.9986
19520.508,-54.8095,0.9990
19521.973,-54.8382,0.9988
19523.438,-54.8344,0.9988
19524.902,-54.8214,0.9986
19526.367,-54.8390,0.9987
19527.832,-54.8465,0.9989
19529.297,-54.8352,0.9988
19530.762,-54.8569,0.9988
19532.227,-54.8757,0.9986
19533.691,-54.8424,0.9987
19535.156,-54.8220,0.9988
19536.621,-54.8234,0.9988
19538.086,-54.8061,0.9987
19539.551,-54.7906,0.9984
19541.016,-54.8153,0.9987
19542.480,-54.8373,0.9989
19543.945,-54.8373,0.9989
19545.410,-54.8289,0.9988
19546.875,-54.8180,0.9987
19548.340,-54.7954,0.9987
19549.805,-54.7858,0.9986
19551.270,-54.8029,0.9985
19552.734,-54.8020,0.9987
19554.199,-54.8174,0.9988
19555.664,-54.8441,0.9988
19557.129,-54.8366,0.9988
19558.594,-54.8175,0.9989
19560.059,-54.8039,0.9989
19561.523,-54.8045,0.9988
19562.988,-54.8439,0.9987
19564.453,-54.8617,0.9986
19565.918,-54.8287,0.9986
19567.383,-54.8405,0.9988
19568.848,-54.8517,0.9987
19570.312,-54.8439,0.9985
19571.777,-54.8207,0.9986
19573.242,-54.8222,0.9988
19574.707,-54.8531,0.9990
19576.172,-54.8470,0.9989
19577.637,-54.8544,0.9988
19579.102,-54.8514,0.9989
19580.566,-54.8344,0.9990
19582.031,-54.8321,0.9988
19583.496,-54.8266,0.9988
19584.961,-54.8329,0.9989
19586.426,-54.8173,0.9990
19587.891,-54.7951,0.9989
19589.355,-54.7897,0.9988
19590.820,-54.7773,0.9989
19592.285,-54.7901,0.9987
19593.750,-54.8386,0.9987
19595.215,-54.8391,0.9987
19596.680,-54.8166,0.9989
19598.145,-54.8208,0.9990
19599.609,-54.8347,0.9989
19601.074,-54.8439,0.9987
19602.539,-54.8214,0.9987
19604.004,-54.8046,0.9988
19605.469,-54.8254,0.9988
19606.934,-54.8542,0.9987
19608.398,-54.8462,0.9989
19609.863,-54.8157,0.9990
19611.328,-54.8061,0.9990
19612.793,-54.8359,0.9990
19614.258,-54.8613,0.9989
19615.723,-54.8532,0.9988
19617.188,-54.8478,0.9988
19618.652,-54.8484,0.9988
19620.117,-54.8388,0.9988
19621.582,-54.8411,0.9989
19623.047,-54.8463,0.9989
19624.512,-54.8501,0.9989
19625.977,-54.8553,0.9988
19627.441,-54.8700,0.9987
19628.906,-54.8832,0.9988
19630.371,-54.8729,0.9987
19631.836,-54.8301,0.9988
19633.301,-54.8061,0.9990
19634.766,-54.8124,0.9988
19636.230,-54.8079,0.9989
19637.695,-54.8159,0.9989
19639.160,-54.8231,0.9989
19640.625,-54.8219,0.9990
19642.090,-54.8480,0.9989
19643.555,-54.8584,0.9988
19645.020,-54.8288,0.9988
19646.484,-54.8469,0.9988
19647.949,-54.8880,0.9988
19649.414,-54.8531,0.9989
19650.879,-54.8011,0.9989
19652.344,-54.8047,0.9990
19653.809,-54.8322,0.9990
19655.273,-54.8385,0.9989
19656.738,-54.8157,0.9990
19658.203,-54.8176,0.9989
19659.668,-54.8428,0.9990
19661.133,-54.8400,0.9990
19662.598,-54.8102,0.9989
19664.062,-54.7936,0.9988
19665.527,-54.8111,0.9989
19666.992,-54.8168,0.9989
19668.457,-54.8095,0.9990
19669.922,-54.8108,0.9991
19671.387,-54.8168,0.9988
19672.852,-54.8330,0.9989
19674.316,-54.8174,0.9989
19675.781,-54.8003,0.9989
19677.246,-54.8380,0.9988
19678.711,-54.8593,0.9988
19680.176,-54.8278,0.9990
19681.641,-54.7994,0.9989
19683.105,-54.8073,0.9986
19684.570,-54.8140,0.9990
19686.035,-54.7940,0.9991
19687.500,-54.7947,0.9988
19688.965,-54.8127,0.9987
19690.430,-54.8227,0.9988
19691.895,-54.8370,0.9990
19693.359,-54.8443,0.9989
19694.824,-54.8413,0.9990
19696.289,-54.8543,0.9990
19697.754,-54.8839,0.9989
19699.219,-54.8750,0.9990
19700.684,-54.8164,0.9989
19702.148,-54.8001,0.9990
19703.613,-54.8257,0.9989
19705.078,-54.8224,0.9988
19706.543,-54.8225,0.9988
19708.008,-54.8249,0.9988
19709.473,-54.8154,0.9990
19710.938,-54.8299,0.9989
19712.402,-54.8478,0.9991
19713.867,-54.8456,0.9990
19715.332,-54.8374,0.9988
19716.797,-54.8239,0.9988
19718.262,-54.8193,0.9986
19719.727,-54.8348,0.9986
19721.191,-54.8370,0.9988
19722.656,-54.8298,0.9989
19724.121,-54.8349,0.9988
19725.586,-54.8443,0.9990
19727.051,-54.8448,0.9988
19728.516,-54.8455,0.9986
19729.980,-54.8445,0.9986
19731.445,-54.8368,0.9988
19732.910,-54.8561,0.9986
19734.375,-54.8684,0.9987
19735.840,-54.8573,0.9989
19737.305,-54.8580,0.9987
19738.770,-54.8438,0.9987
19740.234,-54.8301,0.9988
19741.699,-54.8488,0.9988
19743.164,-54.8732,0.9990
19744.629,-54.8745,0.9990
19746.094,-54.8594,0.9989
19747.559,-54.8536,0.9986
19749.023,-54.8547,0.9986
19750.488,-54.8443,0.9989
19751.953,-54.8214,0.9991
19753.418,-54.8096,0.9990
19754.883,-54.8215,0.9989
19756.348,-54.8258,0.9988
19757.812,-54.8321,0.9987
19759.277,-54.8684,0.9987
19760.742,-54.8733,0.9989
19762.207,-54.8256,0.9989
19763.672,-54.8017,0.9987
19765.137,-54.8370,0.9989
19766.602,-54.8638,0.9989
19768.066,-54.8698,0.9988
19769.531,-54.8722,0.9989
19770.996,-54.8448,0.9989
19772.461,-54.8336,0.9987
19773.926,-54.8533,0.9986
19775.391,-54.8634,0.9988
19776.855,-54.8451,0.9987
19778.320,-54.8327,0.9989
19779.785,-54.8260,0.9987
19781.250,-54.8164,0.9986
19782.715,-54.8384,0.9989
19784.180,-54.8540,0.9990
19785.645,-54.8293,0.9989
19787.109,-54.7958,0.9990
19788.574,-54.7936,0.9991
19790.039,-54.8241,0.9989
19791.504,-54.8469,0.9989
19792.969,-54.8436,0.9990
19794.434,-54.8284,0.9988
19795.898,-54.8544,0.9987
19797.363,-54.9212,0.9986
19798.828,-54.9262,0.9988
19800.293,-54.8656,0.9989
19801.758,-54.8431,0.9989
19803.223,-54.8363,0.9988
19804.688,-54.8232,0.9987
19806.152,-54.8356,0.9988
19807.617,-54.8466,0.9991
19809.082,-54.8514,0.9989
19810.547,-54.8363,0.9990
19812.012,-54.8191,0.9989
19813.477,-54.8243,0.9990
19814.941,-54.8438,0.9990
19816.406,-54.8299,0.9989
19817.871,-54.8180,0.9986
19819.336,-54.8324,0.9988
19820.801,-54.8324,0.9988
19822.266,-54.8328,0.9989
19823.730,-54.8565,0.9989
19825.195,-54.8980,0.9990
19826.660,-54.9101,0.9989
19828.125,-54.9007,0.9986
19829.590,-54.9180,0.9988
19831.055,-54.8998,0.9990
19832.520,-54.8610,0.9989
19833.984,-54.8539,0.9989
19835.449,-54.8425,0.9988
19836.914,-54.8597,0.9988
19838.379,-54.8717,0.9987
19839.844,-54.8593,0.9986
19841.309,-54.8668,0.9989
19842.773,-54.8785,0.9989
19844.238,-54.8690,0.9988
19845.703,-54.8529,0.9989
19847.168,-54.8299,0.9989
19848.633,-54.8369,0.9990
19850.098,-54.8730,0.9990
19851.562,-54.8636,0.9989
19853.027,-54.8282,0.9989
19854.492,-54.8363,0.9988
19855.957,-54.8451,0.9987
19857.422,-54.8333,0.9987
19858.887,-54.8514,0.9989
19860.352,-54.8666,0.9990
19861.816,-54.8811,0.9989
19863.281,-54.8812,0.9989
19864.746,-54.8901,0.9986
19866.211,-54.9038,0.9988
19867.676,-54.8666,0.9988
19869.141,-54.8334,0.9989
19870.605,-54.8254,0.9989
19872.070,-54.8480,0.9987
19873.535,-54.8402,0.9987
19875.000,-54.8090,0.9988
19876.465,-54.8518,0.9988
19877.930,-54.8879,0.9987
19879.395,-54.8714,0.9985
19880.859,-54.8421,0.9986
19882.324,-54.8276,0.9987
19883.789,-54.8547,0.9986
19885.254,-54.8976,0.9987
19886.719,-54.8696,0.9986
19888.184,-54.8204,0.9985
19889.648,-54.8121,0.9987
19891.113,-54.8358,0.9988
19892.578,-54.8276,0.9988
19894.043,-54.8106,0.9989
19895.508,-54.8349,0.9989
19896.973,-54.8490,0.9987
19898.438,-54.8233,0.9988
19899.902,-54.8347,0.9986
19901.367,-54.8777,0.9984
19902.832,-54.8790,0.9986
19904.297,-54.8553,0.9987
19905.762,-54.8635,0.9988
19907.227,-54.8749,0.9988
19908.691,-54.8813,0.9988
19910.156,-54.9016,0.9990
19911.621,-54.8713,0.9991
19913.086,-54.8141,0.9990
19914.551,-54.8334,0.9989
19916.016,-54.8596,0.9987
19917.480,-54.8622,0.9987
19918.945,-54.8771,0.9988
19920.410,-54.8595,0.9990
19921.875,-54.8470,0.9989
19923.340,-54.8626,0.9986
19924.805,-54.8687,0.9987
19926.270,-54.8541,0.9987
19927.734,-54.8685,0.9987
19929.199,-54.8646,0.9988
19930.664,-54.8624,0.9986
19932.129,-54.8940,0.9988
19933.594,-54.8626,0.9990
19935.059,-54.8449,0.9986
19936.523,-54.8814,0.9986
19937.988,-54.8826,0.9988
19939.453,-54.8708,0.9987
19940.918,-54.8802,0.9985
19942.383,-54.8417,0.9984
19943.848,-54.8654,0.9986
19945.312,-54.8655,0.9988
19946.777,-54.8438,0.9985
19948.242,-54.8524,0.9986
19949.707,-54.8786,0.9987
19951.172,-54.9122,0.9987
19952.637,-54.8932,0.9987
19954.102,-54.8629,0.9986
19955.566,-54.8684,0.9987
19957.031,-54.8541,0.9987
19958.496,-54.8254,0.9986
19959.961,-54.8147,0.9985
19961.426,-54.8317,0.9985
19962.891,-54.8646,0.9985
19964.355,-54.8974,0.9984
19965.820,-54.8957,0.9984
19967.285,-54.8941,0.9987
19968.750,-54.8740,0.9986
19970.215,-54.8525,0.9984
19971.680,-54.8728,0.9985
19973.145,-54.8755,0.9987
19974.609,-54.8649,0.9988
19976.074,-54.8493,0.9988
19977.539,-54.8592,0.9986
19979.004,-54.8491,0.9988
19980.469,-54.8046,0.9990
19981.934,-54.8312,0.9984
19983.398,-54.9010,0.9985
19984.863,-54.8997,0.9987
19986.328,-54.8783,0.9985
19987.793,-54.8498,0.9987
19989.258,-54.8587,0.9985
19990.723,-54.8599,0.9984
19992.188,-54.8533,0.9985
19993.652,-54.8823,0.9987
19995.117,-54.8990,0.9986
19996.582,-54.8526,0.9987
19998.047,-54.8431,0.9986
19999.512,-54.8232,0.9984
