freq_hz,diff_nette_dB
20.508,-0.0742
21.973,-0.0744
23.438,-0.0746
24.902,-0.0744
26.367,-0.0742
27.832,-0.0748
29.297,-0.0737
30.762,-0.0743
32.227,-0.0743
33.691,-0.0735
35.156,-0.0749
36.621,-0.0732
38.086,-0.0750
39.551,-0.0737
41.016,-0.0739
42.480,-0.0748
43.945,-0.0719
45.410,-0.0760
46.875,-0.0725
48.340,-0.0738
49.805,-0.0753
51.270,-0.0715
52.734,-0.0749
54.199,-0.0754
55.664,-0.0716
57.129,-0.0750
58.594,-0.0760
60.059,-0.0721
61.523,-0.0731
62.988,-0.0765
64.453,-0.0735
65.918,-0.0711
67.383,-0.0752
68.848,-0.0759
70.312,-0.0728
71.777,-0.0713
73.242,-0.0761
74.707,-0.0761
76.172,-0.0733
77.637,-0.0711
79.102,-0.0746
80.566,-0.0768
82.031,-0.0744
83.496,-0.0719
84.961,-0.0715
86.426,-0.0764
87.891,-0.0761
89.355,-0.0738
90.820,-0.0716
92.285,-0.0717
93.750,-0.0765
95.215,-0.0765
96.680,-0.0743
98.145,-0.0723
99.609,-0.0710
101.074,-0.0748
102.539,-0.0771
104.004,-0.0753
105.469,-0.0734
106.934,-0.0714
108.398,-0.0710
109.863,-0.0751
111.328,-0.0769
112.793,-0.0754
114.258,-0.0736
115.723,-0.0718
117.188,-0.0708
118.652,-0.0734
120.117,-0.0770
121.582,-0.0765
123.047,-0.0751
124.512,-0.0731
125.977,-0.0717
127.441,-0.0710
128.906,-0.0739
130.371,-0.0770
131.836,-0.0765
133.301,-0.0752
134.766,-0.0733
136.230,-0.0719
137.695,-0.0709
139.160,-0.0719
140.625,-0.0757
142.090,-0.0769
143.555,-0.0761
145.020,-0.0747
146.484,-0.0732
147.949,-0.0718
149.414,-0.0710
150.879,-0.0719
152.344,-0.0753
153.809,-0.0772
155.273,-0.0767
156.738,-0.0755
158.203,-0.0741
159.668,-0.0728
161.133,-0.0715
162.598,-0.0712
164.062,-0.0728
165.527,-0.0758
166.992,-0.0771
168.457,-0.0769
169.922,-0.0758
171.387,-0.0743
172.852,-0.0731
174.316,-0.0717
175.781,-0.0712
177.246,-0.0717
178.711,-0.0739
180.176,-0.0764
181.641,-0.0771
183.105,-0.0768
184.570,-0.0756
186.035,-0.0744
187.500,-0.0732
188.965,-0.0721
190.430,-0.0712
191.895,-0.0716
193.359,-0.0730
194.824,-0.0754
196.289,-0.0769
197.754,-0.0772
199.219,-0.0765
200.684,-0.0754
202.148,-0.0744
203.613,-0.0732
205.078,-0.0722
206.543,-0.0712
208.008,-0.0714
209.473,-0.0726
210.938,-0.0746
212.402,-0.0764
213.867,-0.0772
215.332,-0.0768
216.797,-0.0759
218.262,-0.0749
219.727,-0.0739
221.191,-0.0728
222.656,-0.0719
224.121,-0.0711
225.586,-0.0710
227.051,-0.0721
228.516,-0.0739
229.980,-0.0757
231.445,-0.0769
232.910,-0.0770
234.375,-0.0763
235.840,-0.0755
237.305,-0.0744
238.770,-0.0737
240.234,-0.0727
241.699,-0.0718
243.164,-0.0712
244.629,-0.0710
246.094,-0.0719
247.559,-0.0735
249.023,-0.0752
250.488,-0.0766
251.953,-0.0772
253.418,-0.0769
254.883,-0.0762
256.348,-0.0754
257.812,-0.0745
259.277,-0.0735
260.742,-0.0726
262.207,-0.0717
263.672,-0.0712
265.137,-0.0709
266.602,-0.0715
268.066,-0.0728
269.531,-0.0744
270.996,-0.0758
272.461,-0.0768
273.926,-0.0768
275.391,-0.0765
276.855,-0.0758
278.320,-0.0749
279.785,-0.0742
281.250,-0.0734
282.715,-0.0726
284.180,-0.0718
285.645,-0.0711
287.109,-0.0709
288.574,-0.0711
290.039,-0.0720
291.504,-0.0733
292.969,-0.0749
294.434,-0.0763
295.898,-0.0769
297.363,-0.0770
298.828,-0.0767
300.293,-0.0761
301.758,-0.0754
303.223,-0.0746
304.688,-0.0739
306.152,-0.0731
307.617,-0.0724
309.082,-0.0717
310.547,-0.0711
312.012,-0.0711
313.477,-0.0714
314.941,-0.0722
316.406,-0.0735
317.871,-0.0750
319.336,-0.0761
320.801,-0.0769
322.266,-0.0771
323.730,-0.0769
325.195,-0.0763
326.660,-0.0757
328.125,-0.0750
329.590,-0.0744
331.055,-0.0737
332.520,-0.0730
333.984,-0.0723
335.449,-0.0718
336.914,-0.0713
338.379,-0.0711
339.844,-0.0714
341.309,-0.0719
342.773,-0.0730
344.238,-0.0744
345.703,-0.0756
347.168,-0.0766
348.633,-0.0771
350.098,-0.0772
351.562,-0.0769
353.027,-0.0764
354.492,-0.0758
355.957,-0.0751
357.422,-0.0745
358.887,-0.0738
360.352,-0.0732
361.816,-0.0726
363.281,-0.0719
364.746,-0.0714
366.211,-0.0710
367.676,-0.0709
369.141,-0.0712
370.605,-0.0719
372.070,-0.0729
373.535,-0.0741
375.000,-0.0754
376.465,-0.0762
377.930,-0.0768
379.395,-0.0770
380.859,-0.0768
382.324,-0.0765
383.789,-0.0760
385.254,-0.0754
386.719,-0.0749
388.184,-0.0742
389.648,-0.0736
391.113,-0.0730
392.578,-0.0725
394.043,-0.0719
395.508,-0.0714
396.973,-0.0711
398.438,-0.0709
399.902,-0.0711
401.367,-0.0715
402.832,-0.0721
404.297,-0.0732
405.762,-0.0745
407.227,-0.0755
408.691,-0.0763
410.156,-0.0767
411.621,-0.0770
413.086,-0.0769
414.551,-0.0766
416.016,-0.0762
417.480,-0.0756
418.945,-0.0752
420.410,-0.0747
421.875,-0.0741
423.340,-0.0735
424.805,-0.0730
426.270,-0.0724
427.734,-0.0719
429.199,-0.0715
430.664,-0.0712
432.129,-0.0710
433.594,-0.0711
435.059,-0.0714
436.523,-0.0720
437.988,-0.0728
439.453,-0.0738
440.918,-0.0749
442.383,-0.0759
443.848,-0.0765
445.312,-0.0769
446.777,-0.0770
448.242,-0.0769
449.707,-0.0767
451.172,-0.0763
452.637,-0.0759
454.102,-0.0753
455.566,-0.0748
457.031,-0.0743
458.496,-0.0738
459.961,-0.0733
461.426,-0.0727
462.891,-0.0723
464.355,-0.0718
465.820,-0.0714
467.285,-0.0711
468.750,-0.0709
470.215,-0.0710
471.680,-0.0711
473.145,-0.0716
474.609,-0.0723
476.074,-0.0733
477.539,-0.0742
479.004,-0.0751
480.469,-0.0760
481.934,-0.0767
483.398,-0.0769
484.863,-0.0769
486.328,-0.0769
487.793,-0.0767
489.258,-0.0763
490.723,-0.0759
492.188,-0.0754
493.652,-0.0749
495.117,-0.0744
496.582,-0.0738
498.047,-0.0733
499.512,-0.0728
500.977,-0.0724
502.441,-0.0720
503.906,-0.0715
505.371,-0.0711
506.836,-0.0708
508.301,-0.0706
509.766,-0.0705
511.230,-0.0708
512.695,-0.0710
514.160,-0.0716
515.625,-0.0725
517.090,-0.0733
518.555,-0.0742
520.020,-0.0751
521.484,-0.0759
522.949,-0.0764
524.414,-0.0767
525.879,-0.0768
527.344,-0.0767
528.809,-0.0766
530.273,-0.0764
531.738,-0.0759
533.203,-0.0756
534.668,-0.0752
536.133,-0.0747
537.598,-0.0742
539.062,-0.0737
540.527,-0.0733
541.992,-0.0728
543.457,-0.0724
544.922,-0.0719
546.387,-0.0716
547.852,-0.0713
549.316,-0.0708
550.781,-0.0707
552.246,-0.0707
553.711,-0.0706
555.176,-0.0708
556.641,-0.0711
558.105,-0.0716
559.570,-0.0722
561.035,-0.0730
562.500,-0.0738
563.965,-0.0746
565.430,-0.0754
566.895,-0.0760
568.359,-0.0763
569.824,-0.0764
571.289,-0.0765
572.754,-0.0764
574.219,-0.0762
575.684,-0.0759
577.148,-0.0757
578.613,-0.0754
580.078,-0.0750
581.543,-0.0746
583.008,-0.0741
584.473,-0.0738
585.938,-0.0734
587.402,-0.0730
588.867,-0.0726
590.332,-0.0723
591.797,-0.0718
593.262,-0.0715
594.727,-0.0712
596.191,-0.0709
597.656,-0.0706
599.121,-0.0703
600.586,-0.0705
602.051,-0.0707
603.516,-0.0709
604.980,-0.0712
606.445,-0.0718
607.910,-0.0726
609.375,-0.0733
610.840,-0.0741
612.305,-0.0748
613.770,-0.0755
615.234,-0.0759
616.699,-0.0763
618.164,-0.0765
619.629,-0.0766
621.094,-0.0766
622.559,-0.0765
624.023,-0.0762
625.488,-0.0759
626.953,-0.0757
628.418,-0.0753
629.883,-0.0750
631.348,-0.0746
632.812,-0.0743
634.277,-0.0739
635.742,-0.0735
637.207,-0.0731
638.672,-0.0727
640.137,-0.0724
641.602,-0.0720
643.066,-0.0716
644.531,-0.0714
645.996,-0.0711
647.461,-0.0708
648.926,-0.0707
650.391,-0.0706
651.855,-0.0706
653.320,-0.0708
654.785,-0.0709
656.250,-0.0713
657.715,-0.0719
659.180,-0.0725
660.645,-0.0732
662.109,-0.0740
663.574,-0.0748
665.039,-0.0753
666.504,-0.0759
667.969,-0.0764
669.434,-0.0767
670.898,-0.0768
672.363,-0.0769
673.828,-0.0768
675.293,-0.0767
676.758,-0.0765
678.223,-0.0763
679.688,-0.0761
681.152,-0.0757
682.617,-0.0754
684.082,-0.0752
685.547,-0.0747
687.012,-0.0744
688.477,-0.0741
689.941,-0.0738
691.406,-0.0734
692.871,-0.0731
694.336,-0.0726
695.801,-0.0724
697.266,-0.0721
698.730,-0.0717
700.195,-0.0715
701.660,-0.0711
703.125,-0.0710
704.590,-0.0709
706.055,-0.0709
707.520,-0.0708
708.984,-0.0709
710.449,-0.0711
711.914,-0.0714
713.379,-0.0719
714.844,-0.0724
716.309,-0.0729
717.773,-0.0736
719.238,-0.0742
720.703,-0.0750
722.168,-0.0756
723.633,-0.0761
725.098,-0.0765
726.562,-0.0766
728.027,-0.0768
729.492,-0.0769
730.957,-0.0769
732.422,-0.0767
733.887,-0.0765
735.352,-0.0764
736.816,-0.0762
738.281,-0.0759
739.746,-0.0755
741.211,-0.0752
742.676,-0.0750
744.141,-0.0747
745.605,-0.0743
747.070,-0.0740
748.535,-0.0737
750.000,-0.0733
751.465,-0.0729
752.930,-0.0726
754.395,-0.0723
755.859,-0.0721
757.324,-0.0718
758.789,-0.0715
760.254,-0.0711
761.719,-0.0709
763.184,-0.0708
764.648,-0.0706
766.113,-0.0705
767.578,-0.0706
769.043,-0.0707
770.508,-0.0707
771.973,-0.0710
773.438,-0.0714
774.902,-0.0718
776.367,-0.0724
777.832,-0.0729
779.297,-0.0736
780.762,-0.0741
782.227,-0.0746
783.691,-0.0751
785.156,-0.0756
786.621,-0.0760
788.086,-0.0763
789.551,-0.0764
791.016,-0.0763
792.480,-0.0764
793.945,-0.0763
795.410,-0.0763
796.875,-0.0760
798.340,-0.0759
799.805,-0.0757
801.270,-0.0755
802.734,-0.0752
804.199,-0.0750
805.664,-0.0746
807.129,-0.0743
808.594,-0.0740
810.059,-0.0737
811.523,-0.0734
812.988,-0.0731
814.453,-0.0728
815.918,-0.0725
817.383,-0.0722
818.848,-0.0720
820.312,-0.0718
821.777,-0.0714
823.242,-0.0712
824.707,-0.0710
826.172,-0.0708
827.637,-0.0707
829.102,-0.0707
830.566,-0.0705
832.031,-0.0705
833.496,-0.0705
834.961,-0.0707
836.426,-0.0707
837.891,-0.0710
839.355,-0.0715
840.820,-0.0717
842.285,-0.0723
843.750,-0.0729
845.215,-0.0734
846.680,-0.0740
848.145,-0.0746
849.609,-0.0751
851.074,-0.0756
852.539,-0.0759
854.004,-0.0762
855.469,-0.0764
856.934,-0.0766
858.398,-0.0767
859.863,-0.0766
861.328,-0.0766
862.793,-0.0765
864.258,-0.0763
865.723,-0.0761
867.188,-0.0760
868.652,-0.0758
870.117,-0.0756
871.582,-0.0753
873.047,-0.0751
874.512,-0.0748
875.977,-0.0746
877.441,-0.0743
878.906,-0.0741
880.371,-0.0738
881.836,-0.0735
883.301,-0.0732
884.766,-0.0730
886.230,-0.0727
887.695,-0.0724
889.160,-0.0721
890.625,-0.0718
892.090,-0.0716
893.555,-0.0714
895.020,-0.0712
896.484,-0.0710
897.949,-0.0709
899.414,-0.0708
900.879,-0.0706
902.344,-0.0706
903.809,-0.0706
905.273,-0.0706
906.738,-0.0708
908.203,-0.0710
909.668,-0.0713
911.133,-0.0715
912.598,-0.0720
914.062,-0.0726
915.527,-0.0729
916.992,-0.0735
918.457,-0.0740
919.922,-0.0745
921.387,-0.0749
922.852,-0.0754
924.316,-0.0757
925.781,-0.0761
927.246,-0.0764
928.711,-0.0766
930.176,-0.0768
931.641,-0.0767
933.105,-0.0767
934.570,-0.0767
936.035,-0.0767
937.500,-0.0765
938.965,-0.0764
940.430,-0.0762
941.895,-0.0760
943.359,-0.0758
944.824,-0.0756
946.289,-0.0753
947.754,-0.0751
949.219,-0.0749
950.684,-0.0746
952.148,-0.0743
953.613,-0.0741
955.078,-0.0738
956.543,-0.0736
958.008,-0.0734
959.473,-0.0732
960.938,-0.0729
962.402,-0.0726
963.867,-0.0724
965.332,-0.0722
966.797,-0.0719
968.262,-0.0717
969.727,-0.0714
971.191,-0.0713
972.656,-0.0711
974.121,-0.0709
975.586,-0.0708
977.051,-0.0707
978.516,-0.0705
979.980,-0.0704
981.445,-0.0705
982.910,-0.0707
984.375,-0.0708
985.840,-0.0709
987.305,-0.0712
988.770,-0.0715
990.234,-0.0718
991.699,-0.0722
993.164,-0.0727
994.629,-0.0731
996.094,-0.0735
997.559,-0.0740
999.023,-0.0746
1000.488,-0.0749
1001.953,-0.0753
1003.418,-0.0757
1004.883,-0.0759
1006.348,-0.0761
1007.812,-0.0763
1009.277,-0.0764
1010.742,-0.0764
1012.207,-0.0764
1013.672,-0.0765
1015.137,-0.0765
1016.602,-0.0764
1018.066,-0.0762
1019.531,-0.0761
1020.996,-0.0759
1022.461,-0.0757
1023.926,-0.0756
1025.391,-0.0753
1026.855,-0.0752
1028.320,-0.0750
1029.785,-0.0748
1031.250,-0.0745
1032.715,-0.0742
1034.180,-0.0740
1035.645,-0.0739
1037.109,-0.0736
1038.574,-0.0733
1040.039,-0.0732
1041.504,-0.0729
1042.969,-0.0727
1044.434,-0.0725
1045.898,-0.0722
1047.363,-0.0720
1048.828,-0.0718
1050.293,-0.0716
1051.758,-0.0714
1053.223,-0.0712
1054.688,-0.0711
1056.152,-0.0708
1057.617,-0.0706
1059.082,-0.0706
1060.547,-0.0705
1062.012,-0.0703
1063.477,-0.0703
1064.941,-0.0704
1066.406,-0.0704
1067.871,-0.0706
1069.336,-0.0707
1070.801,-0.0708
1072.266,-0.0711
1073.730,-0.0714
1075.195,-0.0718
1076.660,-0.0723
1078.125,-0.0725
1079.590,-0.0732
1081.055,-0.0735
1082.520,-0.0738
1083.984,-0.0744
1085.449,-0.0748
1086.914,-0.0752
1088.379,-0.0755
1089.844,-0.0757
1091.309,-0.0760
1092.773,-0.0762
1094.238,-0.0762
1095.703,-0.0763
1097.168,-0.0765
1098.633,-0.0765
1100.098,-0.0765
1101.562,-0.0764
1103.027,-0.0763
1104.492,-0.0762
1105.957,-0.0761
1107.422,-0.0758
1108.887,-0.0757
1110.352,-0.0756
1111.816,-0.0754
1113.281,-0.0752
1114.746,-0.0751
1116.211,-0.0749
1117.676,-0.0747
1119.141,-0.0745
1120.605,-0.0742
1122.070,-0.0741
1123.535,-0.0739
1125.000,-0.0737
1126.465,-0.0736
1127.930,-0.0733
1129.395,-0.0731
1130.859,-0.0728
1132.324,-0.0726
1133.789,-0.0724
1135.254,-0.0721
1136.719,-0.0720
1138.184,-0.0718
1139.648,-0.0716
1141.113,-0.0714
1142.578,-0.0712
1144.043,-0.0710
1145.508,-0.0709
1146.973,-0.0708
1148.438,-0.0707
1149.902,-0.0706
1151.367,-0.0705
1152.832,-0.0705
1154.297,-0.0704
1155.762,-0.0704
1157.227,-0.0706
1158.691,-0.0706
1160.156,-0.0707
1161.621,-0.0708
1163.086,-0.0711
1164.551,-0.0713
1166.016,-0.0716
1167.480,-0.0719
1168.945,-0.0723
1170.410,-0.0727
1171.875,-0.0731
1173.340,-0.0736
1174.805,-0.0739
1176.270,-0.0743
1177.734,-0.0747
1179.199,-0.0749
1180.664,-0.0753
1182.129,-0.0756
1183.594,-0.0758
1185.059,-0.0760
1186.523,-0.0761
1187.988,-0.0763
1189.453,-0.0763
1190.918,-0.0764
1192.383,-0.0764
1193.848,-0.0764
1195.312,-0.0764
1196.777,-0.0763
1198.242,-0.0763
1199.707,-0.0761
1201.172,-0.0759
1202.637,-0.0758
1204.102,-0.0756
1205.566,-0.0755
1207.031,-0.0753
1208.496,-0.0751
1209.961,-0.0750
1211.426,-0.0747
1212.891,-0.0745
1214.355,-0.0742
1215.820,-0.0740
1217.285,-0.0740
1218.750,-0.0737
1220.215,-0.0735
1221.680,-0.0733
1223.145,-0.0731
1224.609,-0.0729
1226.074,-0.0727
1227.539,-0.0725
1229.004,-0.0723
1230.469,-0.0721
1231.934,-0.0719
1233.398,-0.0718
1234.863,-0.0716
1236.328,-0.0714
1237.793,-0.0712
1239.258,-0.0711
1240.723,-0.0709
1242.188,-0.0708
1243.652,-0.0705
1245.117,-0.0704
1246.582,-0.0703
1248.047,-0.0702
1249.512,-0.0702
1250.977,-0.0702
1252.441,-0.0702
1253.906,-0.0702
1255.371,-0.0701
1256.836,-0.0703
1258.301,-0.0703
1259.766,-0.0706
1261.230,-0.0708
1262.695,-0.0710
1264.160,-0.0711
1265.625,-0.0714
1267.090,-0.0717
1268.555,-0.0721
1270.020,-0.0724
1271.484,-0.0727
1272.949,-0.0732
1274.414,-0.0736
1275.879,-0.0740
1277.344,-0.0742
1278.809,-0.0747
1280.273,-0.0749
1281.738,-0.0752
1283.203,-0.0755
1284.668,-0.0756
1286.133,-0.0759
1287.598,-0.0760
1289.062,-0.0761
1290.527,-0.0761
1291.992,-0.0763
1293.457,-0.0763
1294.922,-0.0762
1296.387,-0.0762
1297.852,-0.0762
1299.316,-0.0760
1300.781,-0.0760
1302.246,-0.0760
1303.711,-0.0758
1305.176,-0.0756
1306.641,-0.0754
1308.105,-0.0753
1309.570,-0.0751
1311.035,-0.0750
1312.500,-0.0749
1313.965,-0.0747
1315.430,-0.0745
1316.895,-0.0744
1318.359,-0.0741
1319.824,-0.0739
1321.289,-0.0737
1322.754,-0.0735
1324.219,-0.0734
1325.684,-0.0732
1327.148,-0.0730
1328.613,-0.0728
1330.078,-0.0726
1331.543,-0.0724
1333.008,-0.0723
1334.473,-0.0722
1335.938,-0.0719
1337.402,-0.0718
1338.867,-0.0717
1340.332,-0.0714
1341.797,-0.0713
1343.262,-0.0711
1344.727,-0.0710
1346.191,-0.0709
1347.656,-0.0708
1349.121,-0.0706
1350.586,-0.0704
1352.051,-0.0704
1353.516,-0.0703
1354.980,-0.0702
1356.445,-0.0703
1357.910,-0.0702
1359.375,-0.0702
1360.840,-0.0702
1362.305,-0.0702
1363.770,-0.0703
1365.234,-0.0705
1366.699,-0.0706
1368.164,-0.0706
1369.629,-0.0709
1371.094,-0.0711
1372.559,-0.0714
1374.023,-0.0717
1375.488,-0.0719
1376.953,-0.0722
1378.418,-0.0726
1379.883,-0.0728
1381.348,-0.0732
1382.812,-0.0736
1384.277,-0.0739
1385.742,-0.0742
1387.207,-0.0747
1388.672,-0.0749
1390.137,-0.0752
1391.602,-0.0754
1393.066,-0.0755
1394.531,-0.0758
1395.996,-0.0760
1397.461,-0.0761
1398.926,-0.0762
1400.391,-0.0761
1401.855,-0.0762
1403.320,-0.0763
1404.785,-0.0762
1406.250,-0.0761
1407.715,-0.0761
1409.180,-0.0760
1410.645,-0.0759
1412.109,-0.0759
1413.574,-0.0758
1415.039,-0.0757
1416.504,-0.0756
1417.969,-0.0754
1419.434,-0.0752
1420.898,-0.0751
1422.363,-0.0750
1423.828,-0.0748
1425.293,-0.0746
1426.758,-0.0745
1428.223,-0.0744
1429.688,-0.0742
1431.152,-0.0740
1432.617,-0.0739
1434.082,-0.0737
1435.547,-0.0735
1437.012,-0.0734
1438.477,-0.0731
1439.941,-0.0729
1441.406,-0.0729
1442.871,-0.0728
1444.336,-0.0726
1445.801,-0.0724
1447.266,-0.0723
1448.730,-0.0721
1450.195,-0.0720
1451.660,-0.0717
1453.125,-0.0716
1454.590,-0.0715
1456.055,-0.0713
1457.520,-0.0712
1458.984,-0.0711
1460.449,-0.0709
1461.914,-0.0707
1463.379,-0.0706
1464.844,-0.0706
1466.309,-0.0705
1467.773,-0.0704
1469.238,-0.0702
1470.703,-0.0701
1472.168,-0.0701
1473.633,-0.0701
1475.098,-0.0700
1476.562,-0.0701
1478.027,-0.0702
1479.492,-0.0702
1480.957,-0.0702
1482.422,-0.0703
1483.887,-0.0704
1485.352,-0.0706
1486.816,-0.0708
1488.281,-0.0711
1489.746,-0.0713
1491.211,-0.0716
1492.676,-0.0718
1494.141,-0.0720
1495.605,-0.0724
1497.070,-0.0728
1498.535,-0.0730
1500.000,-0.0733
1501.465,-0.0737
1502.930,-0.0741
1504.395,-0.0743
1505.859,-0.0746
1507.324,-0.0750
1508.789,-0.0752
1510.254,-0.0754
1511.719,-0.0755
1513.184,-0.0757
1514.648,-0.0759
1516.113,-0.0761
1517.578,-0.0762
1519.043,-0.0763
1520.508,-0.0763
1521.973,-0.0763
1523.438,-0.0763
1524.902,-0.0762
1526.367,-0.0762
1527.832,-0.0762
1529.297,-0.0762
1530.762,-0.0762
1532.227,-0.0761
1533.691,-0.0759
1535.156,-0.0760
1536.621,-0.0759
1538.086,-0.0756
1539.551,-0.0755
1541.016,-0.0753
1542.480,-0.0752
1543.945,-0.0751
1545.410,-0.0750
1546.875,-0.0749
1548.340,-0.0747
1549.805,-0.0745
1551.270,-0.0744
1552.734,-0.0743
1554.199,-0.0741
1555.664,-0.0740
1557.129,-0.0738
1558.594,-0.0738
1560.059,-0.0737
1561.523,-0.0734
1562.988,-0.0732
1564.453,-0.0730
1565.918,-0.0728
1567.383,-0.0727
1568.848,-0.0726
1570.312,-0.0724
1571.777,-0.0723
1573.242,-0.0721
1574.707,-0.0719
1576.172,-0.0718
1577.637,-0.0716
1579.102,-0.0715
1580.566,-0.0713
1582.031,-0.0712
1583.496,-0.0710
1584.961,-0.0709
1586.426,-0.0709
1587.891,-0.0707
1589.355,-0.0706
1590.820,-0.0704
1592.285,-0.0704
1593.750,-0.0703
1595.215,-0.0702
1596.680,-0.0702
1598.145,-0.0701
1599.609,-0.0702
1601.074,-0.0702
1602.539,-0.0702
1604.004,-0.0702
1605.469,-0.0701
1606.934,-0.0703
1608.398,-0.0704
1609.863,-0.0705
1611.328,-0.0705
1612.793,-0.0707
1614.258,-0.0711
1615.723,-0.0710
1617.188,-0.0714
1618.652,-0.0717
1620.117,-0.0720
1621.582,-0.0721
1623.047,-0.0724
1624.512,-0.0728
1625.977,-0.0731
1627.441,-0.0734
1628.906,-0.0737
1630.371,-0.0740
1631.836,-0.0743
1633.301,-0.0745
1634.766,-0.0748
1636.230,-0.0750
1637.695,-0.0753
1639.160,-0.0755
1640.625,-0.0757
1642.090,-0.0758
1643.555,-0.0760
1645.020,-0.0760
1646.484,-0.0761
1647.949,-0.0761
1649.414,-0.0762
1650.879,-0.0762
1652.344,-0.0762
1653.809,-0.0763
1655.273,-0.0762
1656.738,-0.0762
1658.203,-0.0761
1659.668,-0.0761
1661.133,-0.0761
1662.598,-0.0761
1664.062,-0.0759
1665.527,-0.0758
1666.992,-0.0757
1668.457,-0.0756
1669.922,-0.0755
1671.387,-0.0754
1672.852,-0.0753
1674.316,-0.0752
1675.781,-0.0751
1677.246,-0.0750
1678.711,-0.0750
1680.176,-0.0747
1681.641,-0.0745
1683.105,-0.0743
1684.570,-0.0742
1686.035,-0.0741
1687.500,-0.0740
1688.965,-0.0739
1690.430,-0.0737
1691.895,-0.0736
1693.359,-0.0735
1694.824,-0.0733
1696.289,-0.0732
1697.754,-0.0730
1699.219,-0.0728
1700.684,-0.0727
1702.148,-0.0726
1703.613,-0.0724
1705.078,-0.0722
1706.543,-0.0721
1708.008,-0.0720
1709.473,-0.0719
1710.938,-0.0717
1712.402,-0.0716
1713.867,-0.0715
1715.332,-0.0714
1716.797,-0.0713
1718.262,-0.0711
1719.727,-0.0709
1721.191,-0.0708
1722.656,-0.0707
1724.121,-0.0707
1725.586,-0.0706
1727.051,-0.0705
1728.516,-0.0705
1729.980,-0.0703
1731.445,-0.0702
1732.910,-0.0700
1734.375,-0.0702
1735.840,-0.0702
1737.305,-0.0703
1738.770,-0.0701
1740.234,-0.0701
1741.699,-0.0703
1743.164,-0.0703
1744.629,-0.0704
1746.094,-0.0704
1747.559,-0.0704
1749.023,-0.0706
1750.488,-0.0707
1751.953,-0.0709
1753.418,-0.0712
1754.883,-0.0714
1756.348,-0.0715
1757.812,-0.0717
1759.277,-0.0719
1760.742,-0.0722
1762.207,-0.0724
1763.672,-0.0727
1765.137,-0.0730
1766.602,-0.0734
1768.066,-0.0736
1769.531,-0.0739
1770.996,-0.0742
1772.461,-0.0743
1773.926,-0.0746
1775.391,-0.0748
1776.855,-0.0751
1778.320,-0.0753
1779.785,-0.0754
1781.250,-0.0756
1782.715,-0.0758
1784.180,-0.0759
1785.645,-0.0760
1787.109,-0.0760
1788.574,-0.0761
1790.039,-0.0762
1791.504,-0.0761
1792.969,-0.0762
1794.434,-0.0762
1795.898,-0.0762
1797.363,-0.0760
1798.828,-0.0761
1800.293,-0.0760
1801.758,-0.0760
1803.223,-0.0759
1804.688,-0.0758
1806.152,-0.0757
1807.617,-0.0756
1809.082,-0.0755
1810.547,-0.0755
1812.012,-0.0754
1813.477,-0.0753
1814.941,-0.0751
1816.406,-0.0749
1817.871,-0.0748
1819.336,-0.0747
1820.801,-0.0746
1822.266,-0.0745
1823.730,-0.0744
1825.195,-0.0742
1826.660,-0.0741
1828.125,-0.0740
1829.590,-0.0739
1831.055,-0.0737
1832.520,-0.0737
1833.984,-0.0735
1835.449,-0.0734
1836.914,-0.0732
1838.379,-0.0731
1839.844,-0.0730
1841.309,-0.0728
1842.773,-0.0726
1844.238,-0.0725
1845.703,-0.0723
1847.168,-0.0722
1848.633,-0.0721
1850.098,-0.0720
1851.562,-0.0719
1853.027,-0.0717
1854.492,-0.0715
1855.957,-0.0714
1857.422,-0.0713
1858.887,-0.0711
1860.352,-0.0710
1861.816,-0.0709
1863.281,-0.0708
1864.746,-0.0707
1866.211,-0.0707
1867.676,-0.0705
1869.141,-0.0704
1870.605,-0.0703
1872.070,-0.0702
1873.535,-0.0701
1875.000,-0.0700
1876.465,-0.0700
1877.930,-0.0699
1879.395,-0.0699
1880.859,-0.0699
1882.324,-0.0698
1883.789,-0.0698
1885.254,-0.0699
1886.719,-0.0698
1888.184,-0.0698
1889.648,-0.0698
1891.113,-0.0698
1892.578,-0.0699
1894.043,-0.0700
1895.508,-0.0701
1896.973,-0.0703
1898.438,-0.0704
1899.902,-0.0706
1901.367,-0.0708
1902.832,-0.0709
1904.297,-0.0711
1905.762,-0.0712
1907.227,-0.0714
1908.691,-0.0717
1910.156,-0.0719
1911.621,-0.0723
1913.086,-0.0724
1914.551,-0.0725
1916.016,-0.0729
1917.480,-0.0732
1918.945,-0.0733
1920.410,-0.0736
1921.875,-0.0737
1923.340,-0.0741
1924.805,-0.0744
1926.270,-0.0746
1927.734,-0.0748
1929.199,-0.0749
1930.664,-0.0751
1932.129,-0.0752
1933.594,-0.0753
1935.059,-0.0755
1936.523,-0.0756
1937.988,-0.0758
1939.453,-0.0758
1940.918,-0.0759
1942.383,-0.0759
1943.848,-0.0761
1945.312,-0.0761
1946.777,-0.0761
1948.242,-0.0762
1949.707,-0.0761
1951.172,-0.0761
1952.637,-0.0761
1954.102,-0.0761
1955.566,-0.0760
1957.031,-0.0760
1958.496,-0.0758
1959.961,-0.0757
1961.426,-0.0758
1962.891,-0.0757
1964.355,-0.0755
1965.820,-0.0755
1967.285,-0.0754
1968.750,-0.0754
1970.215,-0.0752
1971.680,-0.0750
1973.145,-0.0749
1974.609,-0.0748
1976.074,-0.0747
1977.539,-0.0747
1979.004,-0.0745
1980.469,-0.0745
1981.934,-0.0742
1983.398,-0.0742
1984.863,-0.0741
1986.328,-0.0740
1987.793,-0.0738
1989.258,-0.0738
1990.723,-0.0737
1992.188,-0.0735
1993.652,-0.0734
1995.117,-0.0732
1996.582,-0.0730
1998.047,-0.0730
1999.512,-0.0728
2000.977,-0.0726
2002.441,-0.0725
2003.906,-0.0725
2005.371,-0.0724
2006.836,-0.0722
2008.301,-0.0721
2009.766,-0.0720
2011.230,-0.0720
2012.695,-0.0718
2014.160,-0.0717
2015.625,-0.0715
2017.090,-0.0714
2018.555,-0.0713
2020.020,-0.0713
2021.484,-0.0712
2022.949,-0.0711
2024.414,-0.0710
2025.879,-0.0709
2027.344,-0.0707
2028.809,-0.0707
2030.273,-0.0707
2031.738,-0.0705
2033.203,-0.0705
2034.668,-0.0705
2036.133,-0.0704
2037.598,-0.0703
2039.062,-0.0702
2040.527,-0.0703
2041.992,-0.0701
2043.457,-0.0702
2044.922,-0.0701
2046.387,-0.0702
2047.852,-0.0702
2049.316,-0.0701
2050.781,-0.0702
2052.246,-0.0702
2053.711,-0.0703
2055.176,-0.0703
2056.641,-0.0704
2058.105,-0.0707
2059.570,-0.0707
2061.035,-0.0708
2062.500,-0.0710
2063.965,-0.0711
2065.430,-0.0712
2066.895,-0.0714
2068.359,-0.0716
2069.824,-0.0718
2071.289,-0.0721
2072.754,-0.0722
2074.219,-0.0724
2075.684,-0.0727
2077.148,-0.0728
2078.613,-0.0732
2080.078,-0.0734
2081.543,-0.0737
2083.008,-0.0738
2084.473,-0.0740
2085.938,-0.0742
2087.402,-0.0745
2088.867,-0.0747
2090.332,-0.0750
2091.797,-0.0750
2093.262,-0.0751
2094.727,-0.0753
2096.191,-0.0755
2097.656,-0.0756
2099.121,-0.0757
2100.586,-0.0758
2102.051,-0.0760
2103.516,-0.0760
2104.980,-0.0760
2106.445,-0.0762
2107.910,-0.0764
2109.375,-0.0763
2110.840,-0.0763
2112.305,-0.0763
2113.770,-0.0763
2115.234,-0.0763
2116.699,-0.0762
2118.164,-0.0760
2119.629,-0.0761
2121.094,-0.0761
2122.559,-0.0761
2124.023,-0.0759
2125.488,-0.0758
2126.953,-0.0757
2128.418,-0.0757
2129.883,-0.0757
2131.348,-0.0756
2132.812,-0.0755
2134.277,-0.0754
2135.742,-0.0752
2137.207,-0.0751
2138.672,-0.0750
2140.137,-0.0750
2141.602,-0.0749
2143.066,-0.0748
2144.531,-0.0747
2145.996,-0.0746
2147.461,-0.0745
2148.926,-0.0745
2150.391,-0.0743
2151.855,-0.0742
2153.320,-0.0741
2154.785,-0.0740
2156.250,-0.0739
2157.715,-0.0738
2159.180,-0.0737
2160.645,-0.0735
2162.109,-0.0735
2163.574,-0.0734
2165.039,-0.0732
2166.504,-0.0731
2167.969,-0.0729
2169.434,-0.0730
2170.898,-0.0728
2172.363,-0.0727
2173.828,-0.0725
2175.293,-0.0724
2176.758,-0.0723
2178.223,-0.0722
2179.688,-0.0721
2181.152,-0.0720
2182.617,-0.0719
2184.082,-0.0718
2185.547,-0.0716
2187.012,-0.0715
2188.477,-0.0714
2189.941,-0.0713
2191.406,-0.0712
2192.871,-0.0711
2194.336,-0.0710
2195.801,-0.0709
2197.266,-0.0708
2198.730,-0.0708
2200.195,-0.0706
2201.660,-0.0706
2203.125,-0.0705
2204.590,-0.0704
2206.055,-0.0703
2207.520,-0.0703
2208.984,-0.0703
2210.449,-0.0701
2211.914,-0.0702
2213.379,-0.0701
2214.844,-0.0700
2216.309,-0.0699
2217.773,-0.0700
2219.238,-0.0700
2220.703,-0.0701
2222.168,-0.0700
2223.633,-0.0700
2225.098,-0.0700
2226.562,-0.0701
2228.027,-0.0701
2229.492,-0.0702
2230.957,-0.0702
2232.422,-0.0704
2233.887,-0.0704
2235.352,-0.0706
2236.816,-0.0707
2238.281,-0.0708
2239.746,-0.0709
2241.211,-0.0712
2242.676,-0.0713
2244.141,-0.0714
2245.605,-0.0716
2247.070,-0.0717
2248.535,-0.0719
2250.000,-0.0721
2251.465,-0.0724
2252.930,-0.0726
2254.395,-0.0728
2255.859,-0.0730
2257.324,-0.0733
2258.789,-0.0734
2260.254,-0.0736
2261.719,-0.0738
2263.184,-0.0741
2264.648,-0.0744
2266.113,-0.0746
2267.578,-0.0748
2269.043,-0.0750
2270.508,-0.0751
2271.973,-0.0752
2273.438,-0.0753
2274.902,-0.0755
2276.367,-0.0756
2277.832,-0.0757
2279.297,-0.0758
2280.762,-0.0759
2282.227,-0.0760
2283.691,-0.0760
2285.156,-0.0760
2286.621,-0.0762
2288.086,-0.0762
2289.551,-0.0763
2291.016,-0.0763
2292.480,-0.0764
2293.945,-0.0763
2295.410,-0.0762
2296.875,-0.0763
2298.340,-0.0762
2299.805,-0.0761
2301.270,-0.0761
2302.734,-0.0759
2304.199,-0.0759
2305.664,-0.0759
2307.129,-0.0757
2308.594,-0.0756
2310.059,-0.0757
2311.523,-0.0757
2312.988,-0.0755
2314.453,-0.0755
2315.918,-0.0754
2317.383,-0.0753
2318.848,-0.0752
2320.312,-0.0752
2321.777,-0.0751
2323.242,-0.0749
2324.707,-0.0748
2326.172,-0.0747
2327.637,-0.0746
2329.102,-0.0746
2330.566,-0.0745
2332.031,-0.0744
2333.496,-0.0743
2334.961,-0.0742
2336.426,-0.0741
2337.891,-0.0740
2339.355,-0.0739
2340.820,-0.0737
2342.285,-0.0736
2343.750,-0.0735
2345.215,-0.0735
2346.680,-0.0734
2348.145,-0.0732
2349.609,-0.0731
2351.074,-0.0729
2352.539,-0.0729
2354.004,-0.0728
2355.469,-0.0727
2356.934,-0.0727
2358.398,-0.0725
2359.863,-0.0724
2361.328,-0.0722
2362.793,-0.0723
2364.258,-0.0722
2365.723,-0.0720
2367.188,-0.0719
2368.652,-0.0718
2370.117,-0.0718
2371.582,-0.0717
2373.047,-0.0715
2374.512,-0.0714
2375.977,-0.0713
2377.441,-0.0713
2378.906,-0.0712
2380.371,-0.0711
2381.836,-0.0710
2383.301,-0.0709
2384.766,-0.0708
2386.230,-0.0708
2387.695,-0.0707
2389.160,-0.0706
2390.625,-0.0705
2392.090,-0.0706
2393.555,-0.0705
2395.020,-0.0704
2396.484,-0.0705
2397.949,-0.0705
2399.414,-0.0702
2400.879,-0.0702
2402.344,-0.0701
2403.809,-0.0702
2405.273,-0.0702
2406.738,-0.0701
2408.203,-0.0701
2409.668,-0.0701
2411.133,-0.0700
2412.598,-0.0700
2414.062,-0.0701
2415.527,-0.0700
2416.992,-0.0700
2418.457,-0.0701
2419.922,-0.0702
2421.387,-0.0703
2422.852,-0.0703
2424.316,-0.0705
2425.781,-0.0705
2427.246,-0.0705
2428.711,-0.0706
2430.176,-0.0710
2431.641,-0.0709
2433.105,-0.0711
2434.570,-0.0712
2436.035,-0.0714
2437.500,-0.0717
2438.965,-0.0718
2440.430,-0.0718
2441.895,-0.0721
2443.359,-0.0724
2444.824,-0.0725
2446.289,-0.0729
2447.754,-0.0729
2449.219,-0.0731
2450.684,-0.0733
2452.148,-0.0734
2453.613,-0.0737
2455.078,-0.0740
2456.543,-0.0741
2458.008,-0.0743
2459.473,-0.0745
2460.938,-0.0746
2462.402,-0.0749
2463.867,-0.0750
2465.332,-0.0751
2466.797,-0.0753
2468.262,-0.0755
2469.727,-0.0754
2471.191,-0.0757
2472.656,-0.0757
2474.121,-0.0757
2475.586,-0.0758
2477.051,-0.0759
2478.516,-0.0760
2479.980,-0.0760
2481.445,-0.0760
2482.910,-0.0761
2484.375,-0.0761
2485.840,-0.0762
2487.305,-0.0762
2488.770,-0.0761
2490.234,-0.0761
2491.699,-0.0760
2493.164,-0.0761
2494.629,-0.0760
2496.094,-0.0760
2497.559,-0.0759
2499.023,-0.0760
2500.488,-0.0759
2501.953,-0.0758
2503.418,-0.0757
2504.883,-0.0756
2506.348,-0.0756
2507.812,-0.0756
2509.277,-0.0756
2510.742,-0.0755
2512.207,-0.0754
2513.672,-0.0754
2515.137,-0.0753
2516.602,-0.0752
2518.066,-0.0751
2519.531,-0.0751
2520.996,-0.0749
2522.461,-0.0748
2523.926,-0.0748
2525.391,-0.0748
2526.855,-0.0746
2528.320,-0.0746
2529.785,-0.0744
2531.250,-0.0743
2532.715,-0.0742
2534.180,-0.0741
2535.645,-0.0742
2537.109,-0.0740
2538.574,-0.0740
2540.039,-0.0740
2541.504,-0.0738
2542.969,-0.0737
2544.434,-0.0736
2545.898,-0.0735
2547.363,-0.0734
2548.828,-0.0733
2550.293,-0.0732
2551.758,-0.0731
2553.223,-0.0730
2554.688,-0.0729
2556.152,-0.0729
2557.617,-0.0727
2559.082,-0.0727
2560.547,-0.0726
2562.012,-0.0725
2563.477,-0.0725
2564.941,-0.0724
2566.406,-0.0723
2567.871,-0.0721
2569.336,-0.0720
2570.801,-0.0719
2572.266,-0.0718
2573.730,-0.0718
2575.195,-0.0717
2576.660,-0.0716
2578.125,-0.0715
2579.590,-0.0715
2581.055,-0.0714
2582.520,-0.0713
2583.984,-0.0712
2585.449,-0.0711
2586.914,-0.0711
2588.379,-0.0709
2589.844,-0.0709
2591.309,-0.0709
2592.773,-0.0709
2594.238,-0.0707
2595.703,-0.0706
2597.168,-0.0705
2598.633,-0.0706
2600.098,-0.0706
2601.562,-0.0704
2603.027,-0.0704
2604.492,-0.0704
2605.957,-0.0704
2607.422,-0.0703
2608.887,-0.0703
2610.352,-0.0702
2611.816,-0.0703
2613.281,-0.0702
2614.746,-0.0702
2616.211,-0.0702
2617.676,-0.0702
2619.141,-0.0704
2620.605,-0.0703
2622.070,-0.0704
2623.535,-0.0704
2625.000,-0.0704
2626.465,-0.0705
2627.930,-0.0706
2629.395,-0.0706
2630.859,-0.0707
2632.324,-0.0708
2633.789,-0.0709
2635.254,-0.0709
2636.719,-0.0712
2638.184,-0.0713
2639.648,-0.0713
2641.113,-0.0715
2642.578,-0.0718
2644.043,-0.0717
2645.508,-0.0720
2646.973,-0.0721
2648.438,-0.0724
2649.902,-0.0725
2651.367,-0.0727
2652.832,-0.0728
2654.297,-0.0731
2655.762,-0.0732
2657.227,-0.0734
2658.691,-0.0735
2660.156,-0.0737
2661.621,-0.0739
2663.086,-0.0741
2664.551,-0.0743
2666.016,-0.0744
2667.480,-0.0747
2668.945,-0.0748
2670.410,-0.0749
2671.875,-0.0751
2673.340,-0.0753
2674.805,-0.0754
2676.270,-0.0755
2677.734,-0.0756
2679.199,-0.0757
2680.664,-0.0759
2682.129,-0.0760
2683.594,-0.0760
2685.059,-0.0760
2686.523,-0.0760
2687.988,-0.0763
2689.453,-0.0764
2690.918,-0.0764
2692.383,-0.0762
2693.848,-0.0763
2695.312,-0.0763
2696.777,-0.0764
2698.242,-0.0763
2699.707,-0.0763
2701.172,-0.0764
2702.637,-0.0764
2704.102,-0.0764
2705.566,-0.0763
2707.031,-0.0763
2708.496,-0.0763
2709.961,-0.0763
2711.426,-0.0763
2712.891,-0.0762
2714.355,-0.0763
2715.820,-0.0761
2717.285,-0.0761
2718.750,-0.0761
2720.215,-0.0761
2721.680,-0.0760
2723.145,-0.0760
2724.609,-0.0759
2726.074,-0.0758
2727.539,-0.0757
2729.004,-0.0756
2730.469,-0.0756
2731.934,-0.0755
2733.398,-0.0754
2734.863,-0.0753
2736.328,-0.0753
2737.793,-0.0752
2739.258,-0.0751
2740.723,-0.0751
2742.188,-0.0750
2743.652,-0.0748
2745.117,-0.0748
2746.582,-0.0748
2748.047,-0.0747
2749.512,-0.0746
2750.977,-0.0746
2752.441,-0.0744
2753.906,-0.0743
2755.371,-0.0742
2756.836,-0.0739
2758.301,-0.0740
2759.766,-0.0740
2761.230,-0.0738
2762.695,-0.0738
2764.160,-0.0737
2765.625,-0.0736
2767.090,-0.0736
2768.555,-0.0734
2770.020,-0.0734
2771.484,-0.0733
2772.949,-0.0732
2774.414,-0.0731
2775.879,-0.0730
2777.344,-0.0730
2778.809,-0.0728
2780.273,-0.0727
2781.738,-0.0727
2783.203,-0.0727
2784.668,-0.0726
2786.133,-0.0725
2787.598,-0.0724
2789.062,-0.0722
2790.527,-0.0722
2791.992,-0.0721
2793.457,-0.0720
2794.922,-0.0718
2796.387,-0.0719
2797.852,-0.0718
2799.316,-0.0716
2800.781,-0.0716
2802.246,-0.0715
2803.711,-0.0715
2805.176,-0.0715
2806.641,-0.0713
2808.105,-0.0712
2809.570,-0.0712
2811.035,-0.0712
2812.500,-0.0711
2813.965,-0.0710
2815.430,-0.0709
2816.895,-0.0708
2818.359,-0.0707
2819.824,-0.0707
2821.289,-0.0708
2822.754,-0.0706
2824.219,-0.0706
2825.684,-0.0706
2827.148,-0.0706
2828.613,-0.0705
2830.078,-0.0705
2831.543,-0.0704
2833.008,-0.0703
2834.473,-0.0704
2835.938,-0.0704
2837.402,-0.0704
2838.867,-0.0704
2840.332,-0.0704
2841.797,-0.0704
2843.262,-0.0704
2844.727,-0.0704
2846.191,-0.0704
2847.656,-0.0705
2849.121,-0.0706
2850.586,-0.0707
2852.051,-0.0705
2853.516,-0.0706
2854.980,-0.0709
2856.445,-0.0708
2857.910,-0.0710
2859.375,-0.0710
2860.840,-0.0711
2862.305,-0.0712
2863.770,-0.0713
2865.234,-0.0714
2866.699,-0.0715
2868.164,-0.0718
2869.629,-0.0718
2871.094,-0.0719
2872.559,-0.0721
2874.023,-0.0723
2875.488,-0.0724
2876.953,-0.0726
2878.418,-0.0727
2879.883,-0.0728
2881.348,-0.0731
2882.812,-0.0732
2884.277,-0.0735
2885.742,-0.0735
2887.207,-0.0737
2888.672,-0.0739
2890.137,-0.0741
2891.602,-0.0742
2893.066,-0.0743
2894.531,-0.0745
2895.996,-0.0746
2897.461,-0.0747
2898.926,-0.0749
2900.391,-0.0751
2901.855,-0.0752
2903.320,-0.0752
2904.785,-0.0754
2906.250,-0.0755
2907.715,-0.0755
2909.180,-0.0757
2910.645,-0.0759
2912.109,-0.0759
2913.574,-0.0759
2915.039,-0.0760
2916.504,-0.0762
2917.969,-0.0762
2919.434,-0.0762
2920.898,-0.0761
2922.363,-0.0762
2923.828,-0.0764
2925.293,-0.0763
2926.758,-0.0763
2928.223,-0.0763
2929.688,-0.0764
2931.152,-0.0763
2932.617,-0.0763
2934.082,-0.0763
2935.547,-0.0765
2937.012,-0.0763
2938.477,-0.0763
2939.941,-0.0763
2941.406,-0.0763
2942.871,-0.0761
2944.336,-0.0761
2945.801,-0.0761
2947.266,-0.0761
2948.730,-0.0761
2950.195,-0.0760
2951.660,-0.0759
2953.125,-0.0759
2954.590,-0.0758
2956.055,-0.0758
2957.520,-0.0758
2958.984,-0.0757
2960.449,-0.0755
2961.914,-0.0755
2963.379,-0.0754
2964.844,-0.0755
2966.309,-0.0754
2967.773,-0.0752
2969.238,-0.0751
2970.703,-0.0751
2972.168,-0.0750
2973.633,-0.0750
2975.098,-0.0749
2976.562,-0.0749
2978.027,-0.0748
2979.492,-0.0747
2980.957,-0.0746
2982.422,-0.0745
2983.887,-0.0744
2985.352,-0.0743
2986.816,-0.0742
2988.281,-0.0741
2989.746,-0.0741
2991.211,-0.0740
2992.676,-0.0740
2994.141,-0.0739
2995.605,-0.0739
2997.070,-0.0737
2998.535,-0.0736
3000.000,-0.0735
3001.465,-0.0734
3002.930,-0.0733
3004.395,-0.0733
3005.859,-0.0732
3007.324,-0.0730
3008.789,-0.0730
3010.254,-0.0729
3011.719,-0.0729
3013.184,-0.0727
3014.648,-0.0726
3016.113,-0.0726
3017.578,-0.0725
3019.043,-0.0724
3020.508,-0.0723
3021.973,-0.0722
3023.438,-0.0721
3024.902,-0.0720
3026.367,-0.0720
3027.832,-0.0719
3029.297,-0.0718
3030.762,-0.0718
3032.227,-0.0718
3033.691,-0.0716
3035.156,-0.0715
3036.621,-0.0715
3038.086,-0.0714
3039.551,-0.0714
3041.016,-0.0712
3042.480,-0.0712
3043.945,-0.0711
3045.410,-0.0710
3046.875,-0.0709
3048.340,-0.0708
3049.805,-0.0707
3051.270,-0.0707
3052.734,-0.0707
3054.199,-0.0707
3055.664,-0.0706
3057.129,-0.0706
3058.594,-0.0705
3060.059,-0.0704
3061.523,-0.0704
3062.988,-0.0702
3064.453,-0.0702
3065.918,-0.0703
3067.383,-0.0702
3068.848,-0.0702
3070.312,-0.0701
3071.777,-0.0701
3073.242,-0.0701
3074.707,-0.0700
3076.172,-0.0701
3077.637,-0.0700
3079.102,-0.0699
3080.566,-0.0701
3082.031,-0.0700
3083.496,-0.0700
3084.961,-0.0701
3086.426,-0.0701
3087.891,-0.0699
3089.355,-0.0701
3090.820,-0.0701
3092.285,-0.0702
3093.750,-0.0701
3095.215,-0.0703
3096.680,-0.0704
3098.145,-0.0703
3099.609,-0.0704
3101.074,-0.0705
3102.539,-0.0706
3104.004,-0.0707
3105.469,-0.0708
3106.934,-0.0709
3108.398,-0.0711
3109.863,-0.0713
3111.328,-0.0714
3112.793,-0.0713
3114.258,-0.0716
3115.723,-0.0718
3117.188,-0.0718
3118.652,-0.0719
3120.117,-0.0722
3121.582,-0.0722
3123.047,-0.0724
3124.512,-0.0726
3125.977,-0.0727
3127.441,-0.0729
3128.906,-0.0731
3130.371,-0.0732
3131.836,-0.0733
3133.301,-0.0735
3134.766,-0.0736
3136.230,-0.0739
3137.695,-0.0741
3139.160,-0.0741
3140.625,-0.0743
3142.090,-0.0746
3143.555,-0.0746
3145.020,-0.0746
3146.484,-0.0749
3147.949,-0.0751
3149.414,-0.0751
3150.879,-0.0752
3152.344,-0.0754
3153.809,-0.0754
3155.273,-0.0755
3156.738,-0.0757
3158.203,-0.0757
3159.668,-0.0758
3161.133,-0.0758
3162.598,-0.0759
3164.062,-0.0760
3165.527,-0.0761
3166.992,-0.0762
3168.457,-0.0762
3169.922,-0.0762
3171.387,-0.0763
3172.852,-0.0763
3174.316,-0.0763
3175.781,-0.0763
3177.246,-0.0763
3178.711,-0.0765
3180.176,-0.0763
3181.641,-0.0762
3183.105,-0.0763
3184.570,-0.0763
3186.035,-0.0764
3187.500,-0.0763
3188.965,-0.0764
3190.430,-0.0763
3191.895,-0.0761
3193.359,-0.0762
3194.824,-0.0761
3196.289,-0.0761
3197.754,-0.0762
3199.219,-0.0761
3200.684,-0.0760
3202.148,-0.0759
3203.613,-0.0759
3205.078,-0.0758
3206.543,-0.0757
3208.008,-0.0758
3209.473,-0.0757
3210.938,-0.0756
3212.402,-0.0755
3213.867,-0.0756
3215.332,-0.0755
3216.797,-0.0754
3218.262,-0.0754
3219.727,-0.0753
3221.191,-0.0752
3222.656,-0.0752
3224.121,-0.0751
3225.586,-0.0751
3227.051,-0.0750
3228.516,-0.0748
3229.980,-0.0747
3231.445,-0.0747
3232.910,-0.0746
3234.375,-0.0746
3235.840,-0.0746
3237.305,-0.0746
3238.770,-0.0744
3240.234,-0.0744
3241.699,-0.0743
3243.164,-0.0743
3244.629,-0.0741
3246.094,-0.0741
3247.559,-0.0740
3249.023,-0.0739
3250.488,-0.0738
3251.953,-0.0737
3253.418,-0.0736
3254.883,-0.0735
3256.348,-0.0734
3257.812,-0.0734
3259.277,-0.0734
3260.742,-0.0733
3262.207,-0.0732
3263.672,-0.0731
3265.137,-0.0730
3266.602,-0.0730
3268.066,-0.0730
3269.531,-0.0729
3270.996,-0.0728
3272.461,-0.0727
3273.926,-0.0726
3275.391,-0.0725
3276.855,-0.0724
3278.320,-0.0724
3279.785,-0.0723
3281.250,-0.0723
3282.715,-0.0721
3284.180,-0.0721
3285.645,-0.0720
3287.109,-0.0720
3288.574,-0.0719
3290.039,-0.0718
3291.504,-0.0717
3292.969,-0.0717
3294.434,-0.0717
3295.898,-0.0716
3297.363,-0.0715
3298.828,-0.0714
3300.293,-0.0715
3301.758,-0.0715
3303.223,-0.0713
3304.688,-0.0712
3306.152,-0.0712
3307.617,-0.0711
3309.082,-0.0711
3310.547,-0.0710
3312.012,-0.0709
3313.477,-0.0709
3314.941,-0.0709
3316.406,-0.0709
3317.871,-0.0707
3319.336,-0.0707
3320.801,-0.0706
3322.266,-0.0707
3323.730,-0.0706
3325.195,-0.0705
3326.660,-0.0705
3328.125,-0.0705
3329.590,-0.0704
3331.055,-0.0704
3332.520,-0.0704
3333.984,-0.0704
3335.449,-0.0704
3336.914,-0.0703
3338.379,-0.0703
3339.844,-0.0703
3341.309,-0.0704
3342.773,-0.0704
3344.238,-0.0703
3345.703,-0.0703
3347.168,-0.0704
3348.633,-0.0704
3350.098,-0.0703
3351.562,-0.0705
3353.027,-0.0705
3354.492,-0.0705
3355.957,-0.0707
3357.422,-0.0708
3358.887,-0.0706
3360.352,-0.0706
3361.816,-0.0708
3363.281,-0.0709
3364.746,-0.0711
3366.211,-0.0710
3367.676,-0.0710
3369.141,-0.0711
3370.605,-0.0713
3372.070,-0.0715
3373.535,-0.0717
3375.000,-0.0716
3376.465,-0.0718
3377.930,-0.0719
3379.395,-0.0720
3380.859,-0.0719
3382.324,-0.0722
3383.789,-0.0724
3385.254,-0.0725
3386.719,-0.0726
3388.184,-0.0728
3389.648,-0.0729
3391.113,-0.0730
3392.578,-0.0732
3394.043,-0.0732
3395.508,-0.0734
3396.973,-0.0735
3398.438,-0.0738
3399.902,-0.0739
3401.367,-0.0739
3402.832,-0.0739
3404.297,-0.0742
3405.762,-0.0744
3407.227,-0.0746
3408.691,-0.0745
3410.156,-0.0748
3411.621,-0.0748
3413.086,-0.0749
3414.551,-0.0751
3416.016,-0.0752
3417.480,-0.0754
3418.945,-0.0754
3420.410,-0.0755
3421.875,-0.0756
3423.340,-0.0756
3424.805,-0.0758
3426.270,-0.0758
3427.734,-0.0758
3429.199,-0.0759
3430.664,-0.0760
3432.129,-0.0760
3433.594,-0.0762
3435.059,-0.0763
3436.523,-0.0762
3437.988,-0.0762
3439.453,-0.0764
3440.918,-0.0764
3442.383,-0.0764
3443.848,-0.0764
3445.312,-0.0765
3446.777,-0.0764
3448.242,-0.0764
3449.707,-0.0763
3451.172,-0.0765
3452.637,-0.0764
3454.102,-0.0764
3455.566,-0.0764
3457.031,-0.0764
3458.496,-0.0764
3459.961,-0.0763
3461.426,-0.0763
3462.891,-0.0763
3464.355,-0.0762
3465.820,-0.0761
3467.285,-0.0761
3468.750,-0.0761
3470.215,-0.0761
3471.680,-0.0761
3473.145,-0.0761
3474.609,-0.0759
3476.074,-0.0759
3477.539,-0.0759
3479.004,-0.0759
3480.469,-0.0758
3481.934,-0.0757
3483.398,-0.0757
3484.863,-0.0756
3486.328,-0.0755
3487.793,-0.0755
3489.258,-0.0755
3490.723,-0.0754
3492.188,-0.0753
3493.652,-0.0753
3495.117,-0.0752
3496.582,-0.0752
3498.047,-0.0751
3499.512,-0.0750
3500.977,-0.0750
3502.441,-0.0749
3503.906,-0.0749
3505.371,-0.0748
3506.836,-0.0746
3508.301,-0.0746
3509.766,-0.0745
3511.230,-0.0744
3512.695,-0.0743
3514.160,-0.0743
3515.625,-0.0743
3517.090,-0.0742
3518.555,-0.0742
3520.020,-0.0741
3521.484,-0.0740
3522.949,-0.0740
3524.414,-0.0739
3525.879,-0.0739
3527.344,-0.0738
3528.809,-0.0737
3530.273,-0.0737
3531.738,-0.0736
3533.203,-0.0735
3534.668,-0.0734
3536.133,-0.0734
3537.598,-0.0734
3539.062,-0.0732
3540.527,-0.0732
3541.992,-0.0730
3543.457,-0.0730
3544.922,-0.0730
3546.387,-0.0729
3547.852,-0.0728
3549.316,-0.0728
3550.781,-0.0727
3552.246,-0.0726
3553.711,-0.0726
3555.176,-0.0724
3556.641,-0.0723
3558.105,-0.0722
3559.570,-0.0722
3561.035,-0.0722
3562.500,-0.0720
3563.965,-0.0719
3565.430,-0.0719
3566.895,-0.0718
3568.359,-0.0718
3569.824,-0.0717
3571.289,-0.0715
3572.754,-0.0715
3574.219,-0.0714
3575.684,-0.0714
3577.148,-0.0712
3578.613,-0.0712
3580.078,-0.0712
3581.543,-0.0711
3583.008,-0.0710
3584.473,-0.0710
3585.938,-0.0710
3587.402,-0.0708
3588.867,-0.0708
3590.332,-0.0708
3591.797,-0.0708
3593.262,-0.0708
3594.727,-0.0707
3596.191,-0.0706
3597.656,-0.0704
3599.121,-0.0704
3600.586,-0.0703
3602.051,-0.0703
3603.516,-0.0703
3604.980,-0.0703
3606.445,-0.0702
3607.910,-0.0702
3609.375,-0.0702
3610.840,-0.0701
3612.305,-0.0701
3613.770,-0.0701
3615.234,-0.0701
3616.699,-0.0701
3618.164,-0.0700
3619.629,-0.0700
3621.094,-0.0700
3622.559,-0.0700
3624.023,-0.0699
3625.488,-0.0700
3626.953,-0.0700
3628.418,-0.0700
3629.883,-0.0701
3631.348,-0.0700
3632.812,-0.0701
3634.277,-0.0701
3635.742,-0.0700
3637.207,-0.0700
3638.672,-0.0701
3640.137,-0.0703
3641.602,-0.0702
3643.066,-0.0702
3644.531,-0.0703
3645.996,-0.0704
3647.461,-0.0705
3648.926,-0.0704
3650.391,-0.0704
3651.855,-0.0705
3653.320,-0.0708
3654.785,-0.0708
3656.250,-0.0709
3657.715,-0.0709
3659.180,-0.0710
3660.645,-0.0710
3662.109,-0.0710
3663.574,-0.0713
3665.039,-0.0714
3666.504,-0.0715
3667.969,-0.0716
3669.434,-0.0716
3670.898,-0.0718
3672.363,-0.0719
3673.828,-0.0721
3675.293,-0.0721
3676.758,-0.0723
3678.223,-0.0724
3679.688,-0.0726
3681.152,-0.0728
3682.617,-0.0728
3684.082,-0.0729
3685.547,-0.0732
3687.012,-0.0734
3688.477,-0.0734
3689.941,-0.0734
3691.406,-0.0736
3692.871,-0.0737
3694.336,-0.0740
3695.801,-0.0740
3697.266,-0.0742
3698.730,-0.0743
3700.195,-0.0743
3701.660,-0.0746
3703.125,-0.0747
3704.590,-0.0748
3706.055,-0.0748
3707.520,-0.0751
3708.984,-0.0751
3710.449,-0.0751
3711.914,-0.0754
3713.379,-0.0754
3714.844,-0.0754
3716.309,-0.0755
3717.773,-0.0755
3719.238,-0.0756
3720.703,-0.0758
3722.168,-0.0758
3723.633,-0.0758
3725.098,-0.0758
3726.562,-0.0759
3728.027,-0.0759
3729.492,-0.0759
3730.957,-0.0760
3732.422,-0.0760
3733.887,-0.0760
3735.352,-0.0762
3736.816,-0.0761
3738.281,-0.0761
3739.746,-0.0761
3741.211,-0.0761
3742.676,-0.0761
3744.141,-0.0762
3745.605,-0.0761
3747.070,-0.0761
3748.535,-0.0761
3750.000,-0.0762
3751.465,-0.0761
3752.930,-0.0761
3754.395,-0.0761
3755.859,-0.0761
3757.324,-0.0761
3758.789,-0.0761
3760.254,-0.0762
3761.719,-0.0761
3763.184,-0.0760
3764.648,-0.0760
3766.113,-0.0759
3767.578,-0.0758
3769.043,-0.0758
3770.508,-0.0759
3771.973,-0.0758
3773.438,-0.0758
3774.902,-0.0757
3776.367,-0.0756
3777.832,-0.0757
3779.297,-0.0756
3780.762,-0.0756
3782.227,-0.0755
3783.691,-0.0754
3785.156,-0.0755
3786.621,-0.0755
3788.086,-0.0754
3789.551,-0.0753
3791.016,-0.0753
3792.480,-0.0753
3793.945,-0.0751
3795.410,-0.0751
3796.875,-0.0751
3798.340,-0.0749
3799.805,-0.0748
3801.270,-0.0747
3802.734,-0.0747
3804.199,-0.0747
3805.664,-0.0746
3807.129,-0.0745
3808.594,-0.0744
3810.059,-0.0745
3811.523,-0.0744
3812.988,-0.0744
3814.453,-0.0742
3815.918,-0.0741
3817.383,-0.0741
3818.848,-0.0741
3820.312,-0.0741
3821.777,-0.0739
3823.242,-0.0739
3824.707,-0.0738
3826.172,-0.0738
3827.637,-0.0738
3829.102,-0.0736
3830.566,-0.0736
3832.031,-0.0734
3833.496,-0.0733
3834.961,-0.0733
3836.426,-0.0733
3837.891,-0.0731
3839.355,-0.0731
3840.820,-0.0730
3842.285,-0.0730
3843.750,-0.0729
3845.215,-0.0729
3846.680,-0.0728
3848.145,-0.0727
3849.609,-0.0727
3851.074,-0.0727
3852.539,-0.0726
3854.004,-0.0725
3855.469,-0.0725
3856.934,-0.0724
3858.398,-0.0723
3859.863,-0.0722
3861.328,-0.0722
3862.793,-0.0721
3864.258,-0.0720
3865.723,-0.0719
3867.188,-0.0719
3868.652,-0.0719
3870.117,-0.0718
3871.582,-0.0717
3873.047,-0.0715
3874.512,-0.0715
3875.977,-0.0716
3877.441,-0.0716
3878.906,-0.0714
3880.371,-0.0714
3881.836,-0.0714
3883.301,-0.0713
3884.766,-0.0713
3886.230,-0.0712
3887.695,-0.0712
3889.160,-0.0710
3890.625,-0.0708
3892.090,-0.0709
3893.555,-0.0709
3895.020,-0.0708
3896.484,-0.0708
3897.949,-0.0707
3899.414,-0.0708
3900.879,-0.0708
3902.344,-0.0707
3903.809,-0.0706
3905.273,-0.0705
3906.738,-0.0705
3908.203,-0.0705
3909.668,-0.0705
3911.133,-0.0704
3912.598,-0.0703
3914.062,-0.0704
3915.527,-0.0702
3916.992,-0.0702
3918.457,-0.0703
3919.922,-0.0704
3921.387,-0.0703
3922.852,-0.0702
3924.316,-0.0702
3925.781,-0.0702
3927.246,-0.0700
3928.711,-0.0700
3930.176,-0.0701
3931.641,-0.0701
3933.105,-0.0701
3934.570,-0.0700
3936.035,-0.0700
3937.500,-0.0700
3938.965,-0.0700
3940.430,-0.0700
3941.895,-0.0701
3943.359,-0.0700
3944.824,-0.0701
3946.289,-0.0701
3947.754,-0.0701
3949.219,-0.0701
3950.684,-0.0701
3952.148,-0.0702
3953.613,-0.0702
3955.078,-0.0704
3956.543,-0.0704
3958.008,-0.0704
3959.473,-0.0705
3960.938,-0.0704
3962.402,-0.0706
3963.867,-0.0707
3965.332,-0.0708
3966.797,-0.0708
3968.262,-0.0709
3969.727,-0.0709
3971.191,-0.0710
3972.656,-0.0711
3974.121,-0.0711
3975.586,-0.0712
3977.051,-0.0713
3978.516,-0.0716
3979.980,-0.0716
3981.445,-0.0717
3982.910,-0.0718
3984.375,-0.0719
3985.840,-0.0720
3987.305,-0.0722
3988.770,-0.0721
3990.234,-0.0723
3991.699,-0.0725
3993.164,-0.0725
3994.629,-0.0727
3996.094,-0.0727
3997.559,-0.0729
3999.023,-0.0728
4000.488,-0.0730
4001.953,-0.0731
4003.418,-0.0733
4004.883,-0.0736
4006.348,-0.0737
4007.812,-0.0738
4009.277,-0.0740
4010.742,-0.0740
4012.207,-0.0740
4013.672,-0.0742
4015.137,-0.0743
4016.602,-0.0743
4018.066,-0.0746
4019.531,-0.0747
4020.996,-0.0747
4022.461,-0.0747
4023.926,-0.0748
4025.391,-0.0749
4026.855,-0.0750
4028.320,-0.0749
4029.785,-0.0752
4031.250,-0.0752
4032.715,-0.0753
4034.180,-0.0755
4035.645,-0.0755
4037.109,-0.0755
4038.574,-0.0756
4040.039,-0.0756
4041.504,-0.0757
4042.969,-0.0758
4044.434,-0.0757
4045.898,-0.0758
4047.363,-0.0758
4048.828,-0.0757
4050.293,-0.0759
4051.758,-0.0761
4053.223,-0.0759
4054.688,-0.0759
4056.152,-0.0761
4057.617,-0.0761
4059.082,-0.0760
4060.547,-0.0760
4062.012,-0.0760
4063.477,-0.0760
4064.941,-0.0760
4066.406,-0.0759
4067.871,-0.0760
4069.336,-0.0760
4070.801,-0.0760
4072.266,-0.0759
4073.730,-0.0761
4075.195,-0.0760
4076.660,-0.0759
4078.125,-0.0760
4079.590,-0.0760
4081.055,-0.0759
4082.520,-0.0759
4083.984,-0.0759
4085.449,-0.0759
4086.914,-0.0758
4088.379,-0.0758
4089.844,-0.0757
4091.309,-0.0757
4092.773,-0.0757
4094.238,-0.0757
4095.703,-0.0755
4097.168,-0.0755
4098.633,-0.0754
4100.098,-0.0754
4101.562,-0.0754
4103.027,-0.0752
4104.492,-0.0752
4105.957,-0.0753
4107.422,-0.0752
4108.887,-0.0751
4110.352,-0.0750
4111.816,-0.0751
4113.281,-0.0750
4114.746,-0.0750
4116.211,-0.0750
4117.676,-0.0749
4119.141,-0.0748
4120.605,-0.0749
4122.070,-0.0748
4123.535,-0.0746
4125.000,-0.0745
4126.465,-0.0746
4127.930,-0.0745
4129.395,-0.0745
4130.859,-0.0744
4132.324,-0.0743
4133.789,-0.0742
4135.254,-0.0742
4136.719,-0.0742
4138.184,-0.0742
4139.648,-0.0741
4141.113,-0.0741
4142.578,-0.0740
4144.043,-0.0739
4145.508,-0.0739
4146.973,-0.0738
4148.438,-0.0738
4149.902,-0.0737
4151.367,-0.0736
4152.832,-0.0736
4154.297,-0.0736
4155.762,-0.0735
4157.227,-0.0734
4158.691,-0.0733
4160.156,-0.0732
4161.621,-0.0733
4163.086,-0.0732
4164.551,-0.0731
4166.016,-0.0730
4167.480,-0.0729
4168.945,-0.0730
4170.410,-0.0729
4171.875,-0.0728
4173.340,-0.0728
4174.805,-0.0727
4176.270,-0.0727
4177.734,-0.0727
4179.199,-0.0726
4180.664,-0.0725
4182.129,-0.0724
4183.594,-0.0723
4185.059,-0.0722
4186.523,-0.0721
4187.988,-0.0721
4189.453,-0.0721
4190.918,-0.0721
4192.383,-0.0720
4193.848,-0.0720
4195.312,-0.0719
4196.777,-0.0718
4198.242,-0.0717
4199.707,-0.0716
4201.172,-0.0715
4202.637,-0.0715
4204.102,-0.0715
4205.566,-0.0715
4207.031,-0.0714
4208.496,-0.0713
4209.961,-0.0713
4211.426,-0.0712
4212.891,-0.0712
4214.355,-0.0711
4215.820,-0.0711
4217.285,-0.0710
4218.750,-0.0710
4220.215,-0.0709
4221.680,-0.0708
4223.145,-0.0708
4224.609,-0.0708
4226.074,-0.0708
4227.539,-0.0707
4229.004,-0.0707
4230.469,-0.0705
4231.934,-0.0705
4233.398,-0.0705
4234.863,-0.0704
4236.328,-0.0704
4237.793,-0.0704
4239.258,-0.0704
4240.723,-0.0703
4242.188,-0.0703
4243.652,-0.0702
4245.117,-0.0703
4246.582,-0.0701
4248.047,-0.0701
4249.512,-0.0701
4250.977,-0.0700
4252.441,-0.0700
4253.906,-0.0701
4255.371,-0.0700
4256.836,-0.0700
4258.301,-0.0699
4259.766,-0.0699
4261.230,-0.0698
4262.695,-0.0698
4264.160,-0.0699
4265.625,-0.0700
4267.090,-0.0700
4268.555,-0.0698
4270.020,-0.0699
4271.484,-0.0699
4272.949,-0.0697
4274.414,-0.0699
4275.879,-0.0699
4277.344,-0.0699
4278.809,-0.0699
4280.273,-0.0698
4281.738,-0.0699
4283.203,-0.0699
4284.668,-0.0699
4286.133,-0.0700
4287.598,-0.0700
4289.062,-0.0701
4290.527,-0.0702
4291.992,-0.0701
4293.457,-0.0702
4294.922,-0.0702
4296.387,-0.0702
4297.852,-0.0704
4299.316,-0.0704
4300.781,-0.0705
4302.246,-0.0706
4303.711,-0.0705
4305.176,-0.0706
4306.641,-0.0707
4308.105,-0.0708
4309.570,-0.0710
4311.035,-0.0710
4312.500,-0.0711
4313.965,-0.0712
4315.430,-0.0711
4316.895,-0.0713
4318.359,-0.0713
4319.824,-0.0716
4321.289,-0.0715
4322.754,-0.0716
4324.219,-0.0718
4325.684,-0.0720
4327.148,-0.0719
4328.613,-0.0722
4330.078,-0.0723
4331.543,-0.0723
4333.008,-0.0725
4334.473,-0.0725
4335.938,-0.0728
4337.402,-0.0728
4338.867,-0.0729
4340.332,-0.0730
4341.797,-0.0731
4343.262,-0.0732
4344.727,-0.0733
4346.191,-0.0735
4347.656,-0.0736
4349.121,-0.0737
4350.586,-0.0737
4352.051,-0.0738
4353.516,-0.0741
4354.980,-0.0743
4356.445,-0.0742
4357.910,-0.0744
4359.375,-0.0745
4360.840,-0.0744
4362.305,-0.0747
4363.770,-0.0748
4365.234,-0.0748
4366.699,-0.0748
4368.164,-0.0749
4369.629,-0.0751
4371.094,-0.0752
4372.559,-0.0752
4374.023,-0.0753
4375.488,-0.0753
4376.953,-0.0754
4378.418,-0.0755
4379.883,-0.0756
4381.348,-0.0756
4382.812,-0.0757
4384.277,-0.0756
4385.742,-0.0757
4387.207,-0.0758
4388.672,-0.0758
4390.137,-0.0758
4391.602,-0.0759
4393.066,-0.0759
4394.531,-0.0757
4395.996,-0.0759
4397.461,-0.0760
4398.926,-0.0760
4400.391,-0.0761
4401.855,-0.0760
4403.320,-0.0761
4404.785,-0.0761
4406.250,-0.0761
4407.715,-0.0761
4409.180,-0.0761
4410.645,-0.0762
4412.109,-0.0761
4413.574,-0.0761
4415.039,-0.0760
4416.504,-0.0761
4417.969,-0.0760
4419.434,-0.0761
4420.898,-0.0762
4422.363,-0.0761
4423.828,-0.0761
4425.293,-0.0760
4426.758,-0.0758
4428.223,-0.0760
4429.688,-0.0759
4431.152,-0.0759
4432.617,-0.0759
4434.082,-0.0758
4435.547,-0.0758
4437.012,-0.0757
4438.477,-0.0756
4439.941,-0.0756
4441.406,-0.0757
4442.871,-0.0756
4444.336,-0.0756
4445.801,-0.0755
4447.266,-0.0756
4448.730,-0.0755
4450.195,-0.0754
4451.660,-0.0754
4453.125,-0.0753
4454.590,-0.0753
4456.055,-0.0753
4457.520,-0.0753
4458.984,-0.0752
4460.449,-0.0751
4461.914,-0.0752
4463.379,-0.0751
4464.844,-0.0749
4466.309,-0.0749
4467.773,-0.0749
4469.238,-0.0749
4470.703,-0.0749
4472.168,-0.0748
4473.633,-0.0747
4475.098,-0.0746
4476.562,-0.0745
4478.027,-0.0745
4479.492,-0.0745
4480.957,-0.0745
4482.422,-0.0744
4483.887,-0.0743
4485.352,-0.0743
4486.816,-0.0742
4488.281,-0.0741
4489.746,-0.0741
4491.211,-0.0741
4492.676,-0.0740
4494.141,-0.0739
4495.605,-0.0738
4497.070,-0.0738
4498.535,-0.0737
4500.000,-0.0737
4501.465,-0.0736
4502.930,-0.0736
4504.395,-0.0736
4505.859,-0.0736
4507.324,-0.0734
4508.789,-0.0734
4510.254,-0.0733
4511.719,-0.0733
4513.184,-0.0733
4514.648,-0.0733
4516.113,-0.0732
4517.578,-0.0731
4519.043,-0.0731
4520.508,-0.0729
4521.973,-0.0730
4523.438,-0.0729
4524.902,-0.0728
4526.367,-0.0727
4527.832,-0.0727
4529.297,-0.0727
4530.762,-0.0726
4532.227,-0.0726
4533.691,-0.0725
4535.156,-0.0725
4536.621,-0.0725
4538.086,-0.0725
4539.551,-0.0723
4541.016,-0.0723
4542.480,-0.0722
4543.945,-0.0721
4545.410,-0.0720
4546.875,-0.0720
4548.340,-0.0720
4549.805,-0.0720
4551.270,-0.0719
4552.734,-0.0718
4554.199,-0.0717
4555.664,-0.0716
4557.129,-0.0715
4558.594,-0.0715
4560.059,-0.0715
4561.523,-0.0715
4562.988,-0.0715
4564.453,-0.0714
4565.918,-0.0713
4567.383,-0.0712
4568.848,-0.0713
4570.312,-0.0712
4571.777,-0.0711
4573.242,-0.0710
4574.707,-0.0710
4576.172,-0.0710
4577.637,-0.0709
4579.102,-0.0710
4580.566,-0.0710
4582.031,-0.0708
4583.496,-0.0708
4584.961,-0.0708
4586.426,-0.0708
4587.891,-0.0706
4589.355,-0.0706
4590.820,-0.0706
4592.285,-0.0706
4593.750,-0.0705
4595.215,-0.0704
4596.680,-0.0704
4598.145,-0.0704
4599.609,-0.0704
4601.074,-0.0703
4602.539,-0.0702
4604.004,-0.0702
4605.469,-0.0702
4606.934,-0.0701
4608.398,-0.0701
4609.863,-0.0701
4611.328,-0.0702
4612.793,-0.0701
4614.258,-0.0701
4615.723,-0.0701
4617.188,-0.0700
4618.652,-0.0699
4620.117,-0.0699
4621.582,-0.0699
4623.047,-0.0698
4624.512,-0.0699
4625.977,-0.0698
4627.441,-0.0698
4628.906,-0.0698
4630.371,-0.0698
4631.836,-0.0698
4633.301,-0.0699
4634.766,-0.0698
4636.230,-0.0698
4637.695,-0.0698
4639.160,-0.0699
4640.625,-0.0698
4642.090,-0.0698
4643.555,-0.0698
4645.020,-0.0698
4646.484,-0.0698
4647.949,-0.0699
4649.414,-0.0699
4650.879,-0.0699
4652.344,-0.0700
4653.809,-0.0701
4655.273,-0.0700
4656.738,-0.0700
4658.203,-0.0701
4659.668,-0.0701
4661.133,-0.0702
4662.598,-0.0703
4664.062,-0.0702
4665.527,-0.0704
4666.992,-0.0704
4668.457,-0.0704
4669.922,-0.0706
4671.387,-0.0705
4672.852,-0.0705
4674.316,-0.0708
4675.781,-0.0709
4677.246,-0.0708
4678.711,-0.0709
4680.176,-0.0710
4681.641,-0.0711
4683.105,-0.0713
4684.570,-0.0713
4686.035,-0.0714
4687.500,-0.0713
4688.965,-0.0713
4690.430,-0.0716
4691.895,-0.0719
4693.359,-0.0716
4694.824,-0.0719
4696.289,-0.0721
4697.754,-0.0721
4699.219,-0.0722
4700.684,-0.0722
4702.148,-0.0724
4703.613,-0.0726
4705.078,-0.0727
4706.543,-0.0729
4708.008,-0.0728
4709.473,-0.0728
4710.938,-0.0732
4712.402,-0.0731
4713.867,-0.0732
4715.332,-0.0734
4716.797,-0.0735
4718.262,-0.0734
4719.727,-0.0736
4721.191,-0.0737
4722.656,-0.0739
4724.121,-0.0737
4725.586,-0.0741
4727.051,-0.0741
4728.516,-0.0742
4729.980,-0.0743
4731.445,-0.0742
4732.910,-0.0744
4734.375,-0.0746
4735.840,-0.0748
4737.305,-0.0747
4738.770,-0.0749
4740.234,-0.0749
4741.699,-0.0748
4743.164,-0.0750
4744.629,-0.0750
4746.094,-0.0752
4747.559,-0.0752
4749.023,-0.0753
4750.488,-0.0752
4751.953,-0.0753
4753.418,-0.0753
4754.883,-0.0755
4756.348,-0.0756
4757.812,-0.0756
4759.277,-0.0755
4760.742,-0.0757
4762.207,-0.0758
4763.672,-0.0757
4765.137,-0.0758
4766.602,-0.0758
4768.066,-0.0759
4769.531,-0.0759
4770.996,-0.0760
4772.461,-0.0760
4773.926,-0.0760
4775.391,-0.0759
4776.855,-0.0761
4778.320,-0.0760
4779.785,-0.0760
4781.250,-0.0759
4782.715,-0.0760
4784.180,-0.0760
4785.645,-0.0759
4787.109,-0.0760
4788.574,-0.0761
4790.039,-0.0760
4791.504,-0.0760
4792.969,-0.0761
4794.434,-0.0760
4795.898,-0.0760
4797.363,-0.0759
4798.828,-0.0760
4800.293,-0.0760
4801.758,-0.0759
4803.223,-0.0759
4804.688,-0.0759
4806.152,-0.0758
4807.617,-0.0758
4809.082,-0.0757
4810.547,-0.0757
4812.012,-0.0757
4813.477,-0.0757
4814.941,-0.0756
4816.406,-0.0757
4817.871,-0.0757
4819.336,-0.0755
4820.801,-0.0755
4822.266,-0.0754
4823.730,-0.0755
4825.195,-0.0755
4826.660,-0.0755
4828.125,-0.0754
4829.590,-0.0754
4831.055,-0.0753
4832.520,-0.0752
4833.984,-0.0752
4835.449,-0.0753
4836.914,-0.0752
4838.379,-0.0751
4839.844,-0.0752
4841.309,-0.0751
4842.773,-0.0749
4844.238,-0.0749
4845.703,-0.0750
4847.168,-0.0749
4848.633,-0.0749
4850.098,-0.0749
4851.562,-0.0747
4853.027,-0.0746
4854.492,-0.0745
4855.957,-0.0746
4857.422,-0.0745
4858.887,-0.0745
4860.352,-0.0745
4861.816,-0.0745
4863.281,-0.0745
4864.746,-0.0743
4866.211,-0.0743
4867.676,-0.0742
4869.141,-0.0742
4870.605,-0.0741
4872.070,-0.0741
4873.535,-0.0741
4875.000,-0.0740
4876.465,-0.0739
4877.930,-0.0739
4879.395,-0.0738
4880.859,-0.0738
4882.324,-0.0737
4883.789,-0.0737
4885.254,-0.0737
4886.719,-0.0737
4888.184,-0.0736
4889.648,-0.0735
4891.113,-0.0735
4892.578,-0.0735
4894.043,-0.0734
4895.508,-0.0733
4896.973,-0.0733
4898.438,-0.0732
4899.902,-0.0731
4901.367,-0.0732
4902.832,-0.0731
4904.297,-0.0730
4905.762,-0.0730
4907.227,-0.0729
4908.691,-0.0728
4910.156,-0.0728
4911.621,-0.0727
4913.086,-0.0728
4914.551,-0.0727
4916.016,-0.0726
4917.480,-0.0725
4918.945,-0.0725
4920.410,-0.0724
4921.875,-0.0724
4923.340,-0.0724
4924.805,-0.0723
4926.270,-0.0723
4927.734,-0.0722
4929.199,-0.0721
4930.664,-0.0721
4932.129,-0.0720
4933.594,-0.0719
4935.059,-0.0719
4936.523,-0.0719
4937.988,-0.0720
4939.453,-0.0719
4940.918,-0.0718
4942.383,-0.0718
4943.848,-0.0717
4945.312,-0.0717
4946.777,-0.0716
4948.242,-0.0716
4949.707,-0.0715
4951.172,-0.0714
4952.637,-0.0714
4954.102,-0.0714
4955.566,-0.0714
4957.031,-0.0713
4958.496,-0.0712
4959.961,-0.0711
4961.426,-0.0711
4962.891,-0.0712
4964.355,-0.0712
4965.820,-0.0711
4967.285,-0.0710
4968.750,-0.0709
4970.215,-0.0708
4971.680,-0.0709
4973.145,-0.0708
4974.609,-0.0708
4976.074,-0.0709
4977.539,-0.0707
4979.004,-0.0707
4980.469,-0.0707
4981.934,-0.0707
4983.398,-0.0706
4984.863,-0.0705
4986.328,-0.0704
4987.793,-0.0704
4989.258,-0.0704
4990.723,-0.0704
4992.188,-0.0703
4993.652,-0.0703
4995.117,-0.0702
4996.582,-0.0702
4998.047,-0.0702
4999.512,-0.0701
5000.977,-0.0702
5002.441,-0.0702
5003.906,-0.0701
5005.371,-0.0701
5006.836,-0.0701
5008.301,-0.0702
5009.766,-0.0702
5011.230,-0.0701
5012.695,-0.0700
5014.160,-0.0700
5015.625,-0.0701
5017.090,-0.0700
5018.555,-0.0699
5020.020,-0.0699
5021.484,-0.0699
5022.949,-0.0698
5024.414,-0.0698
5025.879,-0.0699
5027.344,-0.0699
5028.809,-0.0698
5030.273,-0.0698
5031.738,-0.0699
5033.203,-0.0699
5034.668,-0.0699
5036.133,-0.0700
5037.598,-0.0700
5039.062,-0.0698
5040.527,-0.0699
5041.992,-0.0700
5043.457,-0.0701
5044.922,-0.0699
5046.387,-0.0700
5047.852,-0.0699
5049.316,-0.0699
5050.781,-0.0699
5052.246,-0.0700
5053.711,-0.0700
5055.176,-0.0701
5056.641,-0.0702
5058.105,-0.0702
5059.570,-0.0702
5061.035,-0.0701
5062.500,-0.0703
5063.965,-0.0704
5065.430,-0.0704
5066.895,-0.0705
5068.359,-0.0704
5069.824,-0.0705
5071.289,-0.0706
5072.754,-0.0707
5074.219,-0.0709
5075.684,-0.0709
5077.148,-0.0708
5078.613,-0.0709
5080.078,-0.0711
5081.543,-0.0711
5083.008,-0.0711
5084.473,-0.0713
5085.938,-0.0713
5087.402,-0.0713
5088.867,-0.0716
5090.332,-0.0714
5091.797,-0.0717
5093.262,-0.0718
5094.727,-0.0718
5096.191,-0.0719
5097.656,-0.0719
5099.121,-0.0720
5100.586,-0.0722
5102.051,-0.0722
5103.516,-0.0724
5104.980,-0.0723
5106.445,-0.0725
5107.910,-0.0726
5109.375,-0.0728
5110.840,-0.0727
5112.305,-0.0728
5113.770,-0.0731
5115.234,-0.0731
5116.699,-0.0733
5118.164,-0.0733
5119.629,-0.0735
5121.094,-0.0735
5122.559,-0.0736
5124.023,-0.0737
5125.488,-0.0737
5126.953,-0.0738
5128.418,-0.0737
5129.883,-0.0739
5131.348,-0.0741
5132.812,-0.0741
5134.277,-0.0742
5135.742,-0.0745
5137.207,-0.0745
5138.672,-0.0747
5140.137,-0.0747
5141.602,-0.0746
5143.066,-0.0746
5144.531,-0.0747
5145.996,-0.0749
5147.461,-0.0750
5148.926,-0.0750
5150.391,-0.0750
5151.855,-0.0750
5153.320,-0.0752
5154.785,-0.0752
5156.250,-0.0752
5157.715,-0.0753
5159.180,-0.0753
5160.645,-0.0754
5162.109,-0.0753
5163.574,-0.0756
5165.039,-0.0755
5166.504,-0.0756
5167.969,-0.0757
5169.434,-0.0757
5170.898,-0.0758
5172.363,-0.0757
5173.828,-0.0757
5175.293,-0.0757
5176.758,-0.0758
5178.223,-0.0757
5179.688,-0.0757
5181.152,-0.0759
5182.617,-0.0758
5184.082,-0.0758
5185.547,-0.0758
5187.012,-0.0758
5188.477,-0.0758
5189.941,-0.0759
5191.406,-0.0759
5192.871,-0.0758
5194.336,-0.0759
5195.801,-0.0758
5197.266,-0.0758
5198.730,-0.0757
5200.195,-0.0758
5201.660,-0.0759
5203.125,-0.0759
5204.590,-0.0759
5206.055,-0.0758
5207.520,-0.0758
5208.984,-0.0760
5210.449,-0.0759
5211.914,-0.0757
5213.379,-0.0757
5214.844,-0.0758
5216.309,-0.0758
5217.773,-0.0757
5219.238,-0.0757
5220.703,-0.0757
5222.168,-0.0758
5223.633,-0.0757
5225.098,-0.0756
5226.562,-0.0756
5228.027,-0.0756
5229.492,-0.0756
5230.957,-0.0756
5232.422,-0.0756
5233.887,-0.0755
5235.352,-0.0754
5236.816,-0.0755
5238.281,-0.0754
5239.746,-0.0753
5241.211,-0.0754
5242.676,-0.0753
5244.141,-0.0753
5245.605,-0.0753
5247.070,-0.0752
5248.535,-0.0752
5250.000,-0.0751
5251.465,-0.0751
5252.930,-0.0750
5254.395,-0.0750
5255.859,-0.0750
5257.324,-0.0749
5258.789,-0.0750
5260.254,-0.0748
5261.719,-0.0748
5263.184,-0.0748
5264.648,-0.0748
5266.113,-0.0748
5267.578,-0.0746
5269.043,-0.0745
5270.508,-0.0745
5271.973,-0.0745
5273.438,-0.0745
5274.902,-0.0744
5276.367,-0.0744
5277.832,-0.0745
5279.297,-0.0744
5280.762,-0.0742
5282.227,-0.0742
5283.691,-0.0742
5285.156,-0.0742
5286.621,-0.0740
5288.086,-0.0740
5289.551,-0.0740
5291.016,-0.0739
5292.480,-0.0740
5293.945,-0.0739
5295.410,-0.0739
5296.875,-0.0738
5298.340,-0.0738
5299.805,-0.0738
5301.270,-0.0738
5302.734,-0.0737
5304.199,-0.0736
5305.664,-0.0737
5307.129,-0.0736
5308.594,-0.0734
5310.059,-0.0735
5311.523,-0.0735
5312.988,-0.0733
5314.453,-0.0734
5315.918,-0.0733
5317.383,-0.0733
5318.848,-0.0732
5320.312,-0.0731
5321.777,-0.0731
5323.242,-0.0730
5324.707,-0.0730
5326.172,-0.0731
5327.637,-0.0730
5329.102,-0.0729
5330.566,-0.0729
5332.031,-0.0729
5333.496,-0.0728
5334.961,-0.0728
5336.426,-0.0726
5337.891,-0.0725
5339.355,-0.0725
5340.820,-0.0725
5342.285,-0.0725
5343.750,-0.0725
5345.215,-0.0724
5346.680,-0.0723
5348.145,-0.0722
5349.609,-0.0723
5351.074,-0.0722
5352.539,-0.0721
5354.004,-0.0722
5355.469,-0.0721
5356.934,-0.0721
5358.398,-0.0721
5359.863,-0.0720
5361.328,-0.0720
5362.793,-0.0719
5364.258,-0.0720
5365.723,-0.0718
5367.188,-0.0717
5368.652,-0.0717
5370.117,-0.0716
5371.582,-0.0716
5373.047,-0.0715
5374.512,-0.0714
5375.977,-0.0714
5377.441,-0.0714
5378.906,-0.0714
5380.371,-0.0713
5381.836,-0.0713
5383.301,-0.0713
5384.766,-0.0713
5386.230,-0.0711
5387.695,-0.0711
5389.160,-0.0710
5390.625,-0.0710
5392.090,-0.0709
5393.555,-0.0710
5395.020,-0.0709
5396.484,-0.0708
5397.949,-0.0708
5399.414,-0.0707
5400.879,-0.0707
5402.344,-0.0707
5403.809,-0.0707
5405.273,-0.0708
5406.738,-0.0706
5408.203,-0.0707
5409.668,-0.0705
5411.133,-0.0704
5412.598,-0.0704
5414.062,-0.0704
5415.527,-0.0705
5416.992,-0.0703
5418.457,-0.0703
5419.922,-0.0703
5421.387,-0.0703
5422.852,-0.0703
5424.316,-0.0702
5425.781,-0.0703
5427.246,-0.0702
5428.711,-0.0701
5430.176,-0.0701
5431.641,-0.0700
5433.105,-0.0700
5434.570,-0.0700
5436.035,-0.0700
5437.500,-0.0701
5438.965,-0.0700
5440.430,-0.0700
5441.895,-0.0700
5443.359,-0.0700
5444.824,-0.0701
5446.289,-0.0701
5447.754,-0.0700
5449.219,-0.0701
5450.684,-0.0699
5452.148,-0.0700
5453.613,-0.0699
5455.078,-0.0699
5456.543,-0.0699
5458.008,-0.0699
5459.473,-0.0698
5460.938,-0.0700
5462.402,-0.0699
5463.867,-0.0699
5465.332,-0.0699
5466.797,-0.0700
5468.262,-0.0698
5469.727,-0.0700
5471.191,-0.0698
5472.656,-0.0699
5474.121,-0.0701
5475.586,-0.0700
5477.051,-0.0701
5478.516,-0.0701
5479.980,-0.0701
5481.445,-0.0702
5482.910,-0.0704
5484.375,-0.0702
5485.840,-0.0703
5487.305,-0.0703
5488.770,-0.0702
5490.234,-0.0702
5491.699,-0.0704
5493.164,-0.0704
5494.629,-0.0703
5496.094,-0.0705
5497.559,-0.0706
5499.023,-0.0705
5500.488,-0.0707
5501.953,-0.0707
5503.418,-0.0708
5504.883,-0.0708
5506.348,-0.0710
5507.812,-0.0710
5509.277,-0.0711
5510.742,-0.0711
5512.207,-0.0710
5513.672,-0.0712
5515.137,-0.0715
5516.602,-0.0713
5518.066,-0.0715
5519.531,-0.0716
5520.996,-0.0715
5522.461,-0.0717
5523.926,-0.0719
5525.391,-0.0718
5526.855,-0.0719
5528.320,-0.0719
5529.785,-0.0721
5531.250,-0.0721
5532.715,-0.0723
5534.180,-0.0722
5535.645,-0.0724
5537.109,-0.0726
5538.574,-0.0727
5540.039,-0.0726
5541.504,-0.0728
5542.969,-0.0729
5544.434,-0.0729
5545.898,-0.0731
5547.363,-0.0731
5548.828,-0.0732
5550.293,-0.0732
5551.758,-0.0733
5553.223,-0.0734
5554.688,-0.0736
5556.152,-0.0736
5557.617,-0.0737
5559.082,-0.0737
5560.547,-0.0739
5562.012,-0.0738
5563.477,-0.0741
5564.941,-0.0741
5566.406,-0.0742
5567.871,-0.0742
5569.336,-0.0743
5570.801,-0.0743
5572.266,-0.0744
5573.730,-0.0746
5575.195,-0.0746
5576.660,-0.0747
5578.125,-0.0748
5579.590,-0.0749
5581.055,-0.0750
5582.520,-0.0750
5583.984,-0.0750
5585.449,-0.0752
5586.914,-0.0753
5588.379,-0.0752
5589.844,-0.0753
5591.309,-0.0755
5592.773,-0.0755
5594.238,-0.0756
5595.703,-0.0756
5597.168,-0.0755
5598.633,-0.0755
5600.098,-0.0756
5601.562,-0.0756
5603.027,-0.0757
5604.492,-0.0758
5605.957,-0.0759
5607.422,-0.0759
5608.887,-0.0760
5610.352,-0.0760
5611.816,-0.0759
5613.281,-0.0759
5614.746,-0.0760
5616.211,-0.0760
5617.676,-0.0760
5619.141,-0.0761
5620.605,-0.0760
5622.070,-0.0760
5623.535,-0.0761
5625.000,-0.0762
5626.465,-0.0763
5627.930,-0.0760
5629.395,-0.0762
5630.859,-0.0762
5632.324,-0.0763
5633.789,-0.0761
5635.254,-0.0761
5636.719,-0.0761
5638.184,-0.0762
5639.648,-0.0761
5641.113,-0.0761
5642.578,-0.0764
5644.043,-0.0762
5645.508,-0.0762
5646.973,-0.0762
5648.438,-0.0763
5649.902,-0.0762
5651.367,-0.0761
5652.832,-0.0760
5654.297,-0.0760
5655.762,-0.0761
5657.227,-0.0761
5658.691,-0.0762
5660.156,-0.0761
5661.621,-0.0758
5663.086,-0.0759
5664.551,-0.0758
5666.016,-0.0759
5667.480,-0.0759
5668.945,-0.0758
5670.410,-0.0758
5671.875,-0.0759
5673.340,-0.0758
5674.805,-0.0757
5676.270,-0.0757
5677.734,-0.0756
5679.199,-0.0756
5680.664,-0.0756
5682.129,-0.0756
5683.594,-0.0755
5685.059,-0.0754
5686.523,-0.0754
5687.988,-0.0755
5689.453,-0.0754
5690.918,-0.0754
5692.383,-0.0754
5693.848,-0.0754
5695.312,-0.0753
5696.777,-0.0753
5698.242,-0.0753
5699.707,-0.0753
5701.172,-0.0753
5702.637,-0.0750
5704.102,-0.0752
5705.566,-0.0751
5707.031,-0.0750
5708.496,-0.0750
5709.961,-0.0750
5711.426,-0.0750
5712.891,-0.0749
5714.355,-0.0749
5715.820,-0.0747
5717.285,-0.0747
5718.750,-0.0747
5720.215,-0.0748
5721.680,-0.0746
5723.145,-0.0746
5724.609,-0.0746
5726.074,-0.0746
5727.539,-0.0744
5729.004,-0.0743
5730.469,-0.0743
5731.934,-0.0742
5733.398,-0.0743
5734.863,-0.0742
5736.328,-0.0742
5737.793,-0.0742
5739.258,-0.0741
5740.723,-0.0740
5742.188,-0.0740
5743.652,-0.0740
5745.117,-0.0739
5746.582,-0.0739
5748.047,-0.0739
5749.512,-0.0739
5750.977,-0.0738
5752.441,-0.0737
5753.906,-0.0736
5755.371,-0.0736
5756.836,-0.0736
5758.301,-0.0735
5759.766,-0.0735
5761.230,-0.0734
5762.695,-0.0734
5764.160,-0.0733
5765.625,-0.0733
5767.090,-0.0733
5768.555,-0.0732
5770.020,-0.0731
5771.484,-0.0731
5772.949,-0.0732
5774.414,-0.0731
5775.879,-0.0730
5777.344,-0.0731
5778.809,-0.0730
5780.273,-0.0729
5781.738,-0.0729
5783.203,-0.0729
5784.668,-0.0727
5786.133,-0.0727
5787.598,-0.0726
5789.062,-0.0727
5790.527,-0.0727
5791.992,-0.0727
5793.457,-0.0726
5794.922,-0.0726
5796.387,-0.0724
5797.852,-0.0724
5799.316,-0.0723
5800.781,-0.0723
5802.246,-0.0723
5803.711,-0.0723
5805.176,-0.0723
5806.641,-0.0723
5808.105,-0.0721
5809.570,-0.0720
5811.035,-0.0720
5812.500,-0.0720
5813.965,-0.0719
5815.430,-0.0719
5816.895,-0.0719
5818.359,-0.0719
5819.824,-0.0718
5821.289,-0.0717
5822.754,-0.0717
5824.219,-0.0716
5825.684,-0.0716
5827.148,-0.0715
5828.613,-0.0714
5830.078,-0.0715
5831.543,-0.0715
5833.008,-0.0713
5834.473,-0.0714
5835.938,-0.0714
5837.402,-0.0714
5838.867,-0.0715
5840.332,-0.0713
5841.797,-0.0712
5843.262,-0.0711
5844.727,-0.0710
5846.191,-0.0710
5847.656,-0.0711
5849.121,-0.0711
5850.586,-0.0710
5852.051,-0.0709
5853.516,-0.0708
5854.980,-0.0708
5856.445,-0.0708
5857.910,-0.0708
5859.375,-0.0709
5860.840,-0.0707
5862.305,-0.0708
5863.770,-0.0708
5865.234,-0.0706
5866.699,-0.0706
5868.164,-0.0706
5869.629,-0.0704
5871.094,-0.0705
5872.559,-0.0705
5874.023,-0.0705
5875.488,-0.0706
5876.953,-0.0703
5878.418,-0.0704
5879.883,-0.0703
5881.348,-0.0703
5882.812,-0.0703
5884.277,-0.0701
5885.742,-0.0702
5887.207,-0.0701
5888.672,-0.0703
5890.137,-0.0702
5891.602,-0.0701
5893.066,-0.0701
5894.531,-0.0701
5895.996,-0.0699
5897.461,-0.0701
5898.926,-0.0701
5900.391,-0.0700
5901.855,-0.0700
5903.320,-0.0699
5904.785,-0.0698
5906.250,-0.0698
5907.715,-0.0699
5909.180,-0.0699
5910.645,-0.0699
5912.109,-0.0699
5913.574,-0.0700
5915.039,-0.0699
5916.504,-0.0699
5917.969,-0.0699
5919.434,-0.0699
5920.898,-0.0699
5922.363,-0.0700
5923.828,-0.0700
5925.293,-0.0699
5926.758,-0.0698
5928.223,-0.0699
5929.688,-0.0700
5931.152,-0.0700
5932.617,-0.0698
5934.082,-0.0698
5935.547,-0.0700
5937.012,-0.0698
5938.477,-0.0700
5939.941,-0.0701
5941.406,-0.0700
5942.871,-0.0698
5944.336,-0.0698
5945.801,-0.0700
5947.266,-0.0700
5948.730,-0.0701
5950.195,-0.0701
5951.660,-0.0701
5953.125,-0.0701
5954.590,-0.0701
5956.055,-0.0702
5957.520,-0.0704
5958.984,-0.0704
5960.449,-0.0705
5961.914,-0.0705
5963.379,-0.0705
5964.844,-0.0705
5966.309,-0.0706
5967.773,-0.0704
5969.238,-0.0706
5970.703,-0.0708
5972.168,-0.0707
5973.633,-0.0707
5975.098,-0.0709
5976.562,-0.0707
5978.027,-0.0708
5979.492,-0.0709
5980.957,-0.0710
5982.422,-0.0710
5983.887,-0.0709
5985.352,-0.0713
5986.816,-0.0713
5988.281,-0.0713
5989.746,-0.0715
5991.211,-0.0715
5992.676,-0.0716
5994.141,-0.0717
5995.605,-0.0714
5997.070,-0.0718
5998.535,-0.0720
6000.000,-0.0720
6001.465,-0.0719
6002.930,-0.0720
6004.395,-0.0721
6005.859,-0.0724
6007.324,-0.0723
6008.789,-0.0722
6010.254,-0.0724
6011.719,-0.0724
6013.184,-0.0726
6014.648,-0.0727
6016.113,-0.0730
6017.578,-0.0729
6019.043,-0.0727
6020.508,-0.0730
6021.973,-0.0729
6023.438,-0.0731
6024.902,-0.0733
6026.367,-0.0734
6027.832,-0.0734
6029.297,-0.0736
6030.762,-0.0734
6032.227,-0.0733
6033.691,-0.0737
6035.156,-0.0737
6036.621,-0.0738
6038.086,-0.0740
6039.551,-0.0742
6041.016,-0.0742
6042.480,-0.0744
6043.945,-0.0742
6045.410,-0.0741
6046.875,-0.0743
6048.340,-0.0745
6049.805,-0.0744
6051.270,-0.0746
6052.734,-0.0745
6054.199,-0.0747
6055.664,-0.0747
6057.129,-0.0749
6058.594,-0.0747
6060.059,-0.0749
6061.523,-0.0749
6062.988,-0.0752
6064.453,-0.0752
6065.918,-0.0751
6067.383,-0.0751
6068.848,-0.0751
6070.312,-0.0751
6071.777,-0.0753
6073.242,-0.0754
6074.707,-0.0753
6076.172,-0.0754
6077.637,-0.0755
6079.102,-0.0755
6080.566,-0.0755
6082.031,-0.0756
6083.496,-0.0756
6084.961,-0.0757
6086.426,-0.0758
6087.891,-0.0758
6089.355,-0.0757
6090.820,-0.0757
6092.285,-0.0757
6093.750,-0.0758
6095.215,-0.0758
6096.680,-0.0759
6098.145,-0.0759
6099.609,-0.0758
6101.074,-0.0756
6102.539,-0.0757
6104.004,-0.0758
6105.469,-0.0759
6106.934,-0.0758
6108.398,-0.0758
6109.863,-0.0759
6111.328,-0.0760
6112.793,-0.0759
6114.258,-0.0759
6115.723,-0.0760
6117.188,-0.0760
6118.652,-0.0760
6120.117,-0.0759
6121.582,-0.0758
6123.047,-0.0759
6124.512,-0.0760
6125.977,-0.0759
6127.441,-0.0760
6128.906,-0.0762
6130.371,-0.0761
6131.836,-0.0760
6133.301,-0.0760
6134.766,-0.0761
6136.230,-0.0762
6137.695,-0.0760
6139.160,-0.0758
6140.625,-0.0757
6142.090,-0.0757
6143.555,-0.0759
6145.020,-0.0758
6146.484,-0.0758
6147.949,-0.0757
6149.414,-0.0758
6150.879,-0.0757
6152.344,-0.0757
6153.809,-0.0756
6155.273,-0.0756
6156.738,-0.0757
6158.203,-0.0757
6159.668,-0.0758
6161.133,-0.0756
6162.598,-0.0755
6164.062,-0.0755
6165.527,-0.0757
6166.992,-0.0755
6168.457,-0.0755
6169.922,-0.0755
6171.387,-0.0755
6172.852,-0.0753
6174.316,-0.0753
6175.781,-0.0753
6177.246,-0.0754
6178.711,-0.0754
6180.176,-0.0753
6181.641,-0.0753
6183.105,-0.0753
6184.570,-0.0751
6186.035,-0.0752
6187.500,-0.0751
6188.965,-0.0751
6190.430,-0.0750
6191.895,-0.0751
6193.359,-0.0751
6194.824,-0.0750
6196.289,-0.0750
6197.754,-0.0750
6199.219,-0.0748
6200.684,-0.0748
6202.148,-0.0748
6203.613,-0.0748
6205.078,-0.0747
6206.543,-0.0746
6208.008,-0.0747
6209.473,-0.0747
6210.938,-0.0747
6212.402,-0.0746
6213.867,-0.0745
6215.332,-0.0745
6216.797,-0.0744
6218.262,-0.0744
6219.727,-0.0744
6221.191,-0.0743
6222.656,-0.0742
6224.121,-0.0742
6225.586,-0.0741
6227.051,-0.0741
6228.516,-0.0741
6229.980,-0.0741
6231.445,-0.0741
6232.910,-0.0741
6234.375,-0.0740
6235.840,-0.0740
6237.305,-0.0739
6238.770,-0.0738
6240.234,-0.0737
6241.699,-0.0736
6243.164,-0.0737
6244.629,-0.0738
6246.094,-0.0737
6247.559,-0.0736
6249.023,-0.0737
6250.488,-0.0737
6251.953,-0.0736
6253.418,-0.0734
6254.883,-0.0733
6256.348,-0.0734
6257.812,-0.0733
6259.277,-0.0733
6260.742,-0.0732
6262.207,-0.0731
6263.672,-0.0731
6265.137,-0.0730
6266.602,-0.0731
6268.066,-0.0730
6269.531,-0.0730
6270.996,-0.0730
6272.461,-0.0730
6273.926,-0.0729
6275.391,-0.0727
6276.855,-0.0727
6278.320,-0.0728
6279.785,-0.0728
6281.250,-0.0727
6282.715,-0.0727
6284.180,-0.0727
6285.645,-0.0727
6287.109,-0.0728
6288.574,-0.0726
6290.039,-0.0723
6291.504,-0.0723
6292.969,-0.0722
6294.434,-0.0723
6295.898,-0.0723
6297.363,-0.0722
6298.828,-0.0722
6300.293,-0.0722
6301.758,-0.0721
6303.223,-0.0720
6304.688,-0.0719
6306.152,-0.0718
6307.617,-0.0720
6309.082,-0.0719
6310.547,-0.0719
6312.012,-0.0719
6313.477,-0.0719
6314.941,-0.0719
6316.406,-0.0719
6317.871,-0.0717
6319.336,-0.0718
6320.801,-0.0717
6322.266,-0.0715
6323.730,-0.0716
6325.195,-0.0716
6326.660,-0.0716
6328.125,-0.0714
6329.590,-0.0715
6331.055,-0.0716
6332.520,-0.0716
6333.984,-0.0715
6335.449,-0.0714
6336.914,-0.0714
6338.379,-0.0713
6339.844,-0.0712
6341.309,-0.0711
6342.773,-0.0712
6344.238,-0.0713
6345.703,-0.0711
6347.168,-0.0711
6348.633,-0.0710
6350.098,-0.0710
6351.562,-0.0709
6353.027,-0.0709
6354.492,-0.0709
6355.957,-0.0707
6357.422,-0.0708
6358.887,-0.0709
6360.352,-0.0708
6361.816,-0.0707
6363.281,-0.0706
6364.746,-0.0705
6366.211,-0.0705
6367.676,-0.0704
6369.141,-0.0707
6370.605,-0.0707
6372.070,-0.0705
6373.535,-0.0705
6375.000,-0.0705
6376.465,-0.0706
6377.930,-0.0705
6379.395,-0.0703
6380.859,-0.0704
6382.324,-0.0704
6383.789,-0.0704
6385.254,-0.0704
6386.719,-0.0703
6388.184,-0.0701
6389.648,-0.0700
6391.113,-0.0702
6392.578,-0.0701
6394.043,-0.0701
6395.508,-0.0702
6396.973,-0.0701
6398.438,-0.0702
6399.902,-0.0702
6401.367,-0.0703
6402.832,-0.0700
6404.297,-0.0700
6405.762,-0.0701
6407.227,-0.0699
6408.691,-0.0697
6410.156,-0.0697
6411.621,-0.0699
6413.086,-0.0700
6414.551,-0.0697
6416.016,-0.0697
6417.480,-0.0699
6418.945,-0.0699
6420.410,-0.0698
6421.875,-0.0700
6423.340,-0.0700
6424.805,-0.0699
6426.270,-0.0699
6427.734,-0.0698
6429.199,-0.0699
6430.664,-0.0698
6432.129,-0.0698
6433.594,-0.0698
6435.059,-0.0700
6436.523,-0.0701
6437.988,-0.0700
6439.453,-0.0700
6440.918,-0.0700
6442.383,-0.0700
6443.848,-0.0699
6445.312,-0.0700
6446.777,-0.0702
6448.242,-0.0701
6449.707,-0.0701
6451.172,-0.0701
6452.637,-0.0700
6454.102,-0.0702
6455.566,-0.0703
6457.031,-0.0702
6458.496,-0.0703
6459.961,-0.0702
6461.426,-0.0699
6462.891,-0.0702
6464.355,-0.0704
6465.820,-0.0705
6467.285,-0.0703
6468.750,-0.0705
6470.215,-0.0707
6471.680,-0.0706
6473.145,-0.0706
6474.609,-0.0706
6476.074,-0.0707
6477.539,-0.0707
6479.004,-0.0707
6480.469,-0.0708
6481.934,-0.0709
6483.398,-0.0711
6484.863,-0.0709
6486.328,-0.0709
6487.793,-0.0712
6489.258,-0.0710
6490.723,-0.0712
6492.188,-0.0711
6493.652,-0.0712
6495.117,-0.0714
6496.582,-0.0713
6498.047,-0.0715
6499.512,-0.0717
6500.977,-0.0716
6502.441,-0.0716
6503.906,-0.0715
6505.371,-0.0718
6506.836,-0.0717
6508.301,-0.0718
6509.766,-0.0719
6511.230,-0.0719
6512.695,-0.0718
6514.160,-0.0720
6515.625,-0.0722
6517.090,-0.0719
6518.555,-0.0724
6520.020,-0.0726
6521.484,-0.0724
6522.949,-0.0724
6524.414,-0.0726
6525.879,-0.0728
6527.344,-0.0728
6528.809,-0.0728
6530.273,-0.0729
6531.738,-0.0729
6533.203,-0.0730
6534.668,-0.0732
6536.133,-0.0731
6537.598,-0.0732
6539.062,-0.0734
6540.527,-0.0735
6541.992,-0.0734
6543.457,-0.0737
6544.922,-0.0736
6546.387,-0.0738
6547.852,-0.0737
6549.316,-0.0737
6550.781,-0.0740
6552.246,-0.0739
6553.711,-0.0744
6555.176,-0.0742
6556.641,-0.0743
6558.105,-0.0746
6559.570,-0.0747
6561.035,-0.0744
6562.500,-0.0745
6563.965,-0.0748
6565.430,-0.0746
6566.895,-0.0746
6568.359,-0.0749
6569.824,-0.0750
6571.289,-0.0747
6572.754,-0.0751
6574.219,-0.0749
6575.684,-0.0749
6577.148,-0.0751
6578.613,-0.0752
6580.078,-0.0751
6581.543,-0.0752
6583.008,-0.0755
6584.473,-0.0754
6585.938,-0.0754
6587.402,-0.0753
6588.867,-0.0755
6590.332,-0.0757
6591.797,-0.0758
6593.262,-0.0756
6594.727,-0.0755
6596.191,-0.0756
6597.656,-0.0757
6599.121,-0.0758
6600.586,-0.0758
6602.051,-0.0759
6603.516,-0.0757
6604.980,-0.0758
6606.445,-0.0759
6607.910,-0.0760
6609.375,-0.0761
6610.840,-0.0761
6612.305,-0.0760
6613.770,-0.0761
6615.234,-0.0761
6616.699,-0.0760
6618.164,-0.0760
6619.629,-0.0760
6621.094,-0.0759
6622.559,-0.0761
6624.023,-0.0762
6625.488,-0.0762
6626.953,-0.0763
6628.418,-0.0761
6629.883,-0.0758
6631.348,-0.0760
6632.812,-0.0762
6634.277,-0.0761
6635.742,-0.0762
6637.207,-0.0761
6638.672,-0.0762
6640.137,-0.0763
6641.602,-0.0762
6643.066,-0.0759
6644.531,-0.0759
6645.996,-0.0759
6647.461,-0.0760
6648.926,-0.0759
6650.391,-0.0761
6651.855,-0.0760
6653.320,-0.0760
6654.785,-0.0759
6656.250,-0.0759
6657.715,-0.0758
6659.180,-0.0757
6660.645,-0.0758
6662.109,-0.0758
6663.574,-0.0760
6665.039,-0.0758
6666.504,-0.0756
6667.969,-0.0759
6669.434,-0.0758
6670.898,-0.0757
6672.363,-0.0758
6673.828,-0.0758
6675.293,-0.0757
6676.758,-0.0758
6678.223,-0.0759
6679.688,-0.0758
6681.152,-0.0756
6682.617,-0.0756
6684.082,-0.0756
6685.547,-0.0756
6687.012,-0.0755
6688.477,-0.0755
6689.941,-0.0755
6691.406,-0.0754
6692.871,-0.0754
6694.336,-0.0755
6695.801,-0.0755
6697.266,-0.0755
6698.730,-0.0754
6700.195,-0.0753
6701.660,-0.0754
6703.125,-0.0753
6704.590,-0.0752
6706.055,-0.0751
6707.520,-0.0751
6708.984,-0.0751
6710.449,-0.0750
6711.914,-0.0752
6713.379,-0.0752
6714.844,-0.0750
6716.309,-0.0750
6717.773,-0.0751
6719.238,-0.0751
6720.703,-0.0750
6722.168,-0.0748
6723.633,-0.0748
6725.098,-0.0747
6726.562,-0.0747
6728.027,-0.0746
6729.492,-0.0743
6730.957,-0.0743
6732.422,-0.0744
6733.887,-0.0745
6735.352,-0.0745
6736.816,-0.0745
6738.281,-0.0745
6739.746,-0.0745
6741.211,-0.0744
6742.676,-0.0743
6744.141,-0.0742
6745.605,-0.0743
6747.070,-0.0743
6748.535,-0.0741
6750.000,-0.0740
6751.465,-0.0739
6752.930,-0.0738
6754.395,-0.0740
6755.859,-0.0739
6757.324,-0.0738
6758.789,-0.0738
6760.254,-0.0738
6761.719,-0.0739
6763.184,-0.0738
6764.648,-0.0736
6766.113,-0.0736
6767.578,-0.0736
6769.043,-0.0737
6770.508,-0.0738
6771.973,-0.0737
6773.438,-0.0735
6774.902,-0.0734
6776.367,-0.0733
6777.832,-0.0733
6779.297,-0.0733
6780.762,-0.0731
6782.227,-0.0732
6783.691,-0.0733
6785.156,-0.0732
6786.621,-0.0732
6788.086,-0.0731
6789.551,-0.0731
6791.016,-0.0731
6792.480,-0.0730
6793.945,-0.0731
6795.410,-0.0731
6796.875,-0.0729
6798.340,-0.0729
6799.805,-0.0729
6801.270,-0.0727
6802.734,-0.0726
6804.199,-0.0726
6805.664,-0.0726
6807.129,-0.0727
6808.594,-0.0727
6810.059,-0.0727
6811.523,-0.0727
6812.988,-0.0727
6814.453,-0.0727
6815.918,-0.0726
6817.383,-0.0723
6818.848,-0.0723
6820.312,-0.0722
6821.777,-0.0722
6823.242,-0.0721
6824.707,-0.0722
6826.172,-0.0722
6827.637,-0.0721
6829.102,-0.0721
6830.566,-0.0721
6832.031,-0.0721
6833.496,-0.0721
6834.961,-0.0720
6836.426,-0.0719
6837.891,-0.0717
6839.355,-0.0716
6840.820,-0.0717
6842.285,-0.0718
6843.750,-0.0718
6845.215,-0.0717
6846.680,-0.0715
6848.145,-0.0716
6849.609,-0.0715
6851.074,-0.0713
6852.539,-0.0715
6854.004,-0.0715
6855.469,-0.0716
6856.934,-0.0713
6858.398,-0.0711
6859.863,-0.0711
6861.328,-0.0711
6862.793,-0.0714
6864.258,-0.0716
6865.723,-0.0713
6867.188,-0.0712
6868.652,-0.0711
6870.117,-0.0711
6871.582,-0.0710
6873.047,-0.0712
6874.512,-0.0711
6875.977,-0.0710
6877.441,-0.0710
6878.906,-0.0709
6880.371,-0.0709
6881.836,-0.0709
6883.301,-0.0709
6884.766,-0.0708
6886.230,-0.0708
6887.695,-0.0709
6889.160,-0.0708
6890.625,-0.0706
6892.090,-0.0705
6893.555,-0.0705
6895.020,-0.0707
6896.484,-0.0706
6897.949,-0.0707
6899.414,-0.0706
6900.879,-0.0704
6902.344,-0.0705
6903.809,-0.0704
6905.273,-0.0704
6906.738,-0.0705
6908.203,-0.0705
6909.668,-0.0704
6911.133,-0.0702
6912.598,-0.0701
6914.062,-0.0703
6915.527,-0.0702
6916.992,-0.0703
6918.457,-0.0702
6919.922,-0.0702
6921.387,-0.0704
6922.852,-0.0702
6924.316,-0.0702
6925.781,-0.0702
6927.246,-0.0700
6928.711,-0.0703
6930.176,-0.0702
6931.641,-0.0701
6933.105,-0.0701
6934.570,-0.0701
6936.035,-0.0700
6937.500,-0.0699
6938.965,-0.0698
6940.430,-0.0699
6941.895,-0.0701
6943.359,-0.0700
6944.824,-0.0700
6946.289,-0.0699
6947.754,-0.0699
6949.219,-0.0699
6950.684,-0.0699
6952.148,-0.0698
6953.613,-0.0699
6955.078,-0.0699
6956.543,-0.0698
6958.008,-0.0698
6959.473,-0.0696
6960.938,-0.0698
6962.402,-0.0697
6963.867,-0.0699
6965.332,-0.0697
6966.797,-0.0697
6968.262,-0.0697
6969.727,-0.0698
6971.191,-0.0698
6972.656,-0.0695
6974.121,-0.0695
6975.586,-0.0698
6977.051,-0.0696
6978.516,-0.0694
6979.980,-0.0696
6981.445,-0.0696
6982.910,-0.0696
6984.375,-0.0696
6985.840,-0.0697
6987.305,-0.0695
6988.770,-0.0696
6990.234,-0.0695
6991.699,-0.0697
6993.164,-0.0698
6994.629,-0.0697
6996.094,-0.0695
6997.559,-0.0695
6999.023,-0.0698
7000.488,-0.0697
7001.953,-0.0698
7003.418,-0.0699
7004.883,-0.0698
7006.348,-0.0700
7007.812,-0.0698
7009.277,-0.0699
7010.742,-0.0698
7012.207,-0.0695
7013.672,-0.0699
7015.137,-0.0701
7016.602,-0.0698
7018.066,-0.0698
7019.531,-0.0697
7020.996,-0.0701
7022.461,-0.0703
7023.926,-0.0700
7025.391,-0.0702
7026.855,-0.0701
7028.320,-0.0701
7029.785,-0.0702
7031.250,-0.0707
7032.715,-0.0705
7034.180,-0.0703
7035.645,-0.0703
7037.109,-0.0706
7038.574,-0.0706
7040.039,-0.0706
7041.504,-0.0705
7042.969,-0.0709
7044.434,-0.0711
7045.898,-0.0709
7047.363,-0.0710
7048.828,-0.0710
7050.293,-0.0712
7051.758,-0.0710
7053.223,-0.0713
7054.688,-0.0710
7056.152,-0.0711
7057.617,-0.0713
7059.082,-0.0712
7060.547,-0.0714
7062.012,-0.0716
7063.477,-0.0715
7064.941,-0.0717
7066.406,-0.0719
7067.871,-0.0718
7069.336,-0.0718
7070.801,-0.0717
7072.266,-0.0715
7073.730,-0.0719
7075.195,-0.0722
7076.660,-0.0724
7078.125,-0.0725
7079.590,-0.0722
7081.055,-0.0723
7082.520,-0.0724
7083.984,-0.0725
7085.449,-0.0723
7086.914,-0.0724
7088.379,-0.0729
7089.844,-0.0730
7091.309,-0.0729
7092.773,-0.0729
7094.238,-0.0727
7095.703,-0.0731
7097.168,-0.0730
7098.633,-0.0733
7100.098,-0.0733
7101.562,-0.0734
7103.027,-0.0734
7104.492,-0.0737
7105.957,-0.0731
7107.422,-0.0735
7108.887,-0.0738
7110.352,-0.0737
7111.816,-0.0738
7113.281,-0.0737
7114.746,-0.0737
7116.211,-0.0738
7117.676,-0.0742
7119.141,-0.0738
7120.605,-0.0744
7122.070,-0.0744
7123.535,-0.0744
7125.000,-0.0745
7126.465,-0.0743
7127.930,-0.0745
7129.395,-0.0745
7130.859,-0.0746
7132.324,-0.0748
7133.789,-0.0747
7135.254,-0.0747
7136.719,-0.0750
7138.184,-0.0749
7139.648,-0.0749
7141.113,-0.0750
7142.578,-0.0750
7144.043,-0.0751
7145.508,-0.0753
7146.973,-0.0752
7148.438,-0.0750
7149.902,-0.0752
7151.367,-0.0755
7152.832,-0.0755
7154.297,-0.0754
7155.762,-0.0754
7157.227,-0.0753
7158.691,-0.0752
7160.156,-0.0751
7161.621,-0.0751
7163.086,-0.0754
7164.551,-0.0758
7166.016,-0.0756
7167.480,-0.0756
7168.945,-0.0756
7170.410,-0.0757
7171.875,-0.0760
7173.340,-0.0756
7174.805,-0.0759
7176.270,-0.0759
7177.734,-0.0758
7179.199,-0.0756
7180.664,-0.0759
7182.129,-0.0759
7183.594,-0.0757
7185.059,-0.0756
7186.523,-0.0757
7187.988,-0.0760
7189.453,-0.0758
7190.918,-0.0759
7192.383,-0.0761
7193.848,-0.0757
7195.312,-0.0756
7196.777,-0.0756
7198.242,-0.0758
7199.707,-0.0757
7201.172,-0.0755
7202.637,-0.0758
7204.102,-0.0760
7205.566,-0.0759
7207.031,-0.0760
7208.496,-0.0757
7209.961,-0.0756
7211.426,-0.0759
7212.891,-0.0758
7214.355,-0.0757
7215.820,-0.0757
7217.285,-0.0756
7218.750,-0.0757
7220.215,-0.0758
7221.680,-0.0756
7223.145,-0.0756
7224.609,-0.0757
7226.074,-0.0755
7227.539,-0.0755
7229.004,-0.0757
7230.469,-0.0757
7231.934,-0.0756
7233.398,-0.0756
7234.863,-0.0757
7236.328,-0.0757
7237.793,-0.0756
7239.258,-0.0757
7240.723,-0.0757
7242.188,-0.0757
7243.652,-0.0756
7245.117,-0.0754
7246.582,-0.0756
7248.047,-0.0755
7249.512,-0.0750
7250.977,-0.0752
7252.441,-0.0755
7253.906,-0.0753
7255.371,-0.0756
7256.836,-0.0755
7258.301,-0.0755
7259.766,-0.0754
7261.230,-0.0752
7262.695,-0.0754
7264.160,-0.0754
7265.625,-0.0751
7267.090,-0.0751
7268.555,-0.0750
7270.020,-0.0750
7271.484,-0.0753
7272.949,-0.0754
7274.414,-0.0755
7275.879,-0.0754
7277.344,-0.0752
7278.809,-0.0753
7280.273,-0.0752
7281.738,-0.0749
7283.203,-0.0749
7284.668,-0.0748
7286.133,-0.0746
7287.598,-0.0746
7289.062,-0.0746
7290.527,-0.0747
7291.992,-0.0750
7293.457,-0.0750
7294.922,-0.0748
7296.387,-0.0747
7297.852,-0.0748
7299.316,-0.0746
7300.781,-0.0744
7302.246,-0.0745
7303.711,-0.0747
7305.176,-0.0747
7306.641,-0.0745
7308.105,-0.0744
7309.570,-0.0744
7311.035,-0.0743
7312.500,-0.0741
7313.965,-0.0741
7315.430,-0.0742
7316.895,-0.0742
7318.359,-0.0741
7319.824,-0.0740
7321.289,-0.0742
7322.754,-0.0742
7324.219,-0.0740
7325.684,-0.0740
7327.148,-0.0742
7328.613,-0.0744
7330.078,-0.0744
7331.543,-0.0742
7333.008,-0.0740
7334.473,-0.0741
7335.938,-0.0740
7337.402,-0.0738
7338.867,-0.0737
7340.332,-0.0737
7341.797,-0.0737
7343.262,-0.0738
7344.727,-0.0736
7346.191,-0.0735
7347.656,-0.0737
7349.121,-0.0738
7350.586,-0.0737
7352.051,-0.0735
7353.516,-0.0734
7354.980,-0.0735
7356.445,-0.0735
7357.910,-0.0734
7359.375,-0.0732
7360.840,-0.0731
7362.305,-0.0731
7363.770,-0.0731
7365.234,-0.0731
7366.699,-0.0731
7368.164,-0.0731
7369.629,-0.0731
7371.094,-0.0731
7372.559,-0.0732
7374.023,-0.0732
7375.488,-0.0730
7376.953,-0.0730
7378.418,-0.0729
7379.883,-0.0728
7381.348,-0.0728
7382.812,-0.0729
7384.277,-0.0730
7385.742,-0.0729
7387.207,-0.0727
7388.672,-0.0727
7390.137,-0.0729
7391.602,-0.0729
7393.066,-0.0726
7394.531,-0.0724
7395.996,-0.0724
7397.461,-0.0725
7398.926,-0.0725
7400.391,-0.0724
7401.855,-0.0725
7403.320,-0.0726
7404.785,-0.0726
7406.250,-0.0723
7407.715,-0.0723
7409.180,-0.0723
7410.645,-0.0722
7412.109,-0.0722
7413.574,-0.0722
7415.039,-0.0723
7416.504,-0.0724
7417.969,-0.0721
7419.434,-0.0721
7420.898,-0.0722
7422.363,-0.0721
7423.828,-0.0718
7425.293,-0.0716
7426.758,-0.0715
7428.223,-0.0716
7429.688,-0.0716
7431.152,-0.0716
7432.617,-0.0716
7434.082,-0.0717
7435.547,-0.0717
7437.012,-0.0715
7438.477,-0.0713
7439.941,-0.0715
7441.406,-0.0716
7442.871,-0.0714
7444.336,-0.0715
7445.801,-0.0717
7447.266,-0.0714
7448.730,-0.0715
7450.195,-0.0715
7451.660,-0.0715
7453.125,-0.0711
7454.590,-0.0710
7456.055,-0.0711
7457.520,-0.0712
7458.984,-0.0711
7460.449,-0.0710
7461.914,-0.0710
7463.379,-0.0710
7464.844,-0.0710
7466.309,-0.0710
7467.773,-0.0709
7469.238,-0.0710
7470.703,-0.0710
7472.168,-0.0711
7473.633,-0.0710
7475.098,-0.0708
7476.562,-0.0709
7478.027,-0.0709
7479.492,-0.0708
7480.957,-0.0707
7482.422,-0.0708
7483.887,-0.0708
7485.352,-0.0707
7486.816,-0.0707
7488.281,-0.0709
7489.746,-0.0709
7491.211,-0.0707
7492.676,-0.0707
7494.141,-0.0707
7495.605,-0.0707
7497.070,-0.0707
7498.535,-0.0706
7500.000,-0.0704
7501.465,-0.0703
7502.930,-0.0706
7504.395,-0.0705
7505.859,-0.0706
7507.324,-0.0704
7508.789,-0.0701
7510.254,-0.0702
7511.719,-0.0702
7513.184,-0.0701
7514.648,-0.0701
7516.113,-0.0703
7517.578,-0.0702
7519.043,-0.0703
7520.508,-0.0704
7521.973,-0.0703
7523.438,-0.0700
7524.902,-0.0700
7526.367,-0.0699
7527.832,-0.0700
7529.297,-0.0701
7530.762,-0.0700
7532.227,-0.0700
7533.691,-0.0700
7535.156,-0.0700
7536.621,-0.0700
7538.086,-0.0702
7539.551,-0.0703
7541.016,-0.0698
7542.480,-0.0699
7543.945,-0.0701
7545.410,-0.0699
7546.875,-0.0699
7548.340,-0.0700
7549.805,-0.0698
7551.270,-0.0698
7552.734,-0.0699
7554.199,-0.0701
7555.664,-0.0700
7557.129,-0.0698
7558.594,-0.0699
7560.059,-0.0698
7561.523,-0.0699
7562.988,-0.0699
7564.453,-0.0697
7565.918,-0.0697
7567.383,-0.0697
7568.848,-0.0699
7570.312,-0.0699
7571.777,-0.0697
7573.242,-0.0699
7574.707,-0.0696
7576.172,-0.0695
7577.637,-0.0699
7579.102,-0.0697
7580.566,-0.0699
7582.031,-0.0700
7583.496,-0.0703
7584.961,-0.0704
7586.426,-0.0699
7587.891,-0.0696
7589.355,-0.0700
7590.820,-0.0699
7592.285,-0.0699
7593.750,-0.0701
7595.215,-0.0701
7596.680,-0.0702
7598.145,-0.0700
7599.609,-0.0698
7601.074,-0.0701
7602.539,-0.0700
7604.004,-0.0699
7605.469,-0.0699
7606.934,-0.0701
7608.398,-0.0702
7609.863,-0.0705
7611.328,-0.0702
7612.793,-0.0701
7614.258,-0.0704
7615.723,-0.0703
7617.188,-0.0705
7618.652,-0.0704
7620.117,-0.0703
7621.582,-0.0703
7623.047,-0.0703
7624.512,-0.0706
7625.977,-0.0705
7627.441,-0.0707
7628.906,-0.0710
7630.371,-0.0707
7631.836,-0.0704
7633.301,-0.0705
7634.766,-0.0706
7636.230,-0.0711
7637.695,-0.0708
7639.160,-0.0708
7640.625,-0.0711
7642.090,-0.0709
7643.555,-0.0711
7645.020,-0.0710
7646.484,-0.0710
7647.949,-0.0711
7649.414,-0.0708
7650.879,-0.0709
7652.344,-0.0711
7653.809,-0.0714
7655.273,-0.0715
7656.738,-0.0714
7658.203,-0.0714
7659.668,-0.0718
7661.133,-0.0714
7662.598,-0.0718
7664.062,-0.0718
7665.527,-0.0717
7666.992,-0.0721
7668.457,-0.0718
7669.922,-0.0719
7671.387,-0.0719
7672.852,-0.0719
7674.316,-0.0722
7675.781,-0.0719
7677.246,-0.0720
7678.711,-0.0719
7680.176,-0.0722
7681.641,-0.0721
7683.105,-0.0724
7684.570,-0.0721
7686.035,-0.0720
7687.500,-0.0725
7688.965,-0.0726
7690.430,-0.0728
7691.895,-0.0728
7693.359,-0.0726
7694.824,-0.0728
7696.289,-0.0730
7697.754,-0.0728
7699.219,-0.0730
7700.684,-0.0731
7702.148,-0.0734
7703.613,-0.0738
7705.078,-0.0732
7706.543,-0.0734
7708.008,-0.0735
7709.473,-0.0735
7710.938,-0.0735
7712.402,-0.0736
7713.867,-0.0737
7715.332,-0.0737
7716.797,-0.0736
7718.262,-0.0742
7719.727,-0.0740
7721.191,-0.0741
7722.656,-0.0744
7724.121,-0.0742
7725.586,-0.0740
7727.051,-0.0741
7728.516,-0.0745
7729.980,-0.0744
7731.445,-0.0743
7732.910,-0.0740
7734.375,-0.0746
7735.840,-0.0746
7737.305,-0.0748
7738.770,-0.0746
7740.234,-0.0751
7741.699,-0.0745
7743.164,-0.0745
7744.629,-0.0746
7746.094,-0.0745
7747.559,-0.0748
7749.023,-0.0747
7750.488,-0.0751
7751.953,-0.0751
7753.418,-0.0750
7754.883,-0.0751
7756.348,-0.0752
7757.812,-0.0754
7759.277,-0.0756
7760.742,-0.0751
7762.207,-0.0754
7763.672,-0.0754
7765.137,-0.0755
7766.602,-0.0755
7768.066,-0.0753
7769.531,-0.0755
7770.996,-0.0754
7772.461,-0.0754
7773.926,-0.0757
7775.391,-0.0755
7776.855,-0.0754
7778.320,-0.0759
7779.785,-0.0756
7781.250,-0.0756
7782.715,-0.0754
7784.180,-0.0756
7785.645,-0.0759
7787.109,-0.0759
7788.574,-0.0757
7790.039,-0.0758
7791.504,-0.0759
7792.969,-0.0756
7794.434,-0.0758
7795.898,-0.0757
7797.363,-0.0757
7798.828,-0.0757
7800.293,-0.0756
7801.758,-0.0760
7803.223,-0.0757
7804.688,-0.0760
7806.152,-0.0759
7807.617,-0.0755
7809.082,-0.0756
7810.547,-0.0760
7812.012,-0.0758
7813.477,-0.0759
7814.941,-0.0761
7816.406,-0.0758
7817.871,-0.0757
7819.336,-0.0761
7820.801,-0.0759
7822.266,-0.0757
7823.730,-0.0761
7825.195,-0.0762
7826.660,-0.0758
7828.125,-0.0758
7829.590,-0.0761
7831.055,-0.0761
7832.520,-0.0758
7833.984,-0.0758
7835.449,-0.0759
7836.914,-0.0760
7838.379,-0.0760
7839.844,-0.0759
7841.309,-0.0760
7842.773,-0.0759
7844.238,-0.0759
7845.703,-0.0761
7847.168,-0.0758
7848.633,-0.0756
7850.098,-0.0758
7851.562,-0.0758
7853.027,-0.0758
7854.492,-0.0759
7855.957,-0.0757
7857.422,-0.0757
7858.887,-0.0756
7860.352,-0.0754
7861.816,-0.0755
7863.281,-0.0756
7864.746,-0.0755
7866.211,-0.0756
7867.676,-0.0757
7869.141,-0.0758
7870.605,-0.0755
7872.070,-0.0755
7873.535,-0.0756
7875.000,-0.0757
7876.465,-0.0754
7877.930,-0.0752
7879.395,-0.0754
7880.859,-0.0756
7882.324,-0.0756
7883.789,-0.0757
7885.254,-0.0757
7886.719,-0.0753
7888.184,-0.0753
7889.648,-0.0755
7891.113,-0.0755
7892.578,-0.0753
7894.043,-0.0751
7895.508,-0.0749
7896.973,-0.0750
7898.438,-0.0750
7899.902,-0.0749
7901.367,-0.0752
7902.832,-0.0753
7904.297,-0.0750
7905.762,-0.0751
7907.227,-0.0754
7908.691,-0.0753
7910.156,-0.0752
7911.621,-0.0750
7913.086,-0.0749
7914.551,-0.0748
7916.016,-0.0749
7917.480,-0.0748
7918.945,-0.0750
7920.410,-0.0751
7921.875,-0.0749
7923.340,-0.0748
7924.805,-0.0748
7926.270,-0.0749
7927.734,-0.0747
7929.199,-0.0745
7930.664,-0.0746
7932.129,-0.0745
7933.594,-0.0745
7935.059,-0.0746
7936.523,-0.0747
7937.988,-0.0747
7939.453,-0.0746
7940.918,-0.0745
7942.383,-0.0743
7943.848,-0.0744
7945.312,-0.0744
7946.777,-0.0745
7948.242,-0.0743
7949.707,-0.0742
7951.172,-0.0742
7952.637,-0.0742
7954.102,-0.0740
7955.566,-0.0738
7957.031,-0.0738
7958.496,-0.0739
7959.961,-0.0739
7961.426,-0.0738
7962.891,-0.0739
7964.355,-0.0739
7965.820,-0.0738
7967.285,-0.0738
7968.750,-0.0737
7970.215,-0.0738
7971.680,-0.0737
7973.145,-0.0736
7974.609,-0.0736
7976.074,-0.0736
7977.539,-0.0736
7979.004,-0.0737
7980.469,-0.0737
7981.934,-0.0739
7983.398,-0.0737
7984.863,-0.0736
7986.328,-0.0734
7987.793,-0.0732
7989.258,-0.0732
7990.723,-0.0732
7992.188,-0.0734
7993.652,-0.0736
7995.117,-0.0736
7996.582,-0.0735
7998.047,-0.0735
7999.512,-0.0734
8000.977,-0.0734
8002.441,-0.0737
8003.906,-0.0735
8005.371,-0.0733
8006.836,-0.0731
8008.301,-0.0729
8009.766,-0.0728
8011.230,-0.0728
8012.695,-0.0729
8014.160,-0.0728
8015.625,-0.0726
8017.090,-0.0727
8018.555,-0.0727
8020.020,-0.0725
8021.484,-0.0725
8022.949,-0.0728
8024.414,-0.0728
8025.879,-0.0728
8027.344,-0.0729
8028.809,-0.0728
8030.273,-0.0726
8031.738,-0.0724
8033.203,-0.0722
8034.668,-0.0722
8036.133,-0.0724
8037.598,-0.0727
8039.062,-0.0727
8040.527,-0.0726
8041.992,-0.0723
8043.457,-0.0722
8044.922,-0.0720
8046.387,-0.0721
8047.852,-0.0722
8049.316,-0.0721
8050.781,-0.0721
8052.246,-0.0722
8053.711,-0.0722
8055.176,-0.0720
8056.641,-0.0717
8058.105,-0.0716
8059.570,-0.0718
8061.035,-0.0720
8062.500,-0.0719
8063.965,-0.0717
8065.430,-0.0716
8066.895,-0.0717
8068.359,-0.0717
8069.824,-0.0716
8071.289,-0.0717
8072.754,-0.0718
8074.219,-0.0719
8075.684,-0.0720
8077.148,-0.0719
8078.613,-0.0719
8080.078,-0.0719
8081.543,-0.0717
8083.008,-0.0716
8084.473,-0.0717
8085.938,-0.0713
8087.402,-0.0711
8088.867,-0.0712
8090.332,-0.0713
8091.797,-0.0713
8093.262,-0.0714
8094.727,-0.0713
8096.191,-0.0714
8097.656,-0.0715
8099.121,-0.0713
8100.586,-0.0711
8102.051,-0.0713
8103.516,-0.0710
8104.980,-0.0710
8106.445,-0.0711
8107.910,-0.0709
8109.375,-0.0709
8110.840,-0.0712
8112.305,-0.0711
8113.770,-0.0709
8115.234,-0.0710
8116.699,-0.0707
8118.164,-0.0706
8119.629,-0.0708
8121.094,-0.0711
8122.559,-0.0710
8124.023,-0.0708
8125.488,-0.0709
8126.953,-0.0707
8128.418,-0.0705
8129.883,-0.0705
8131.348,-0.0706
8132.812,-0.0705
8134.277,-0.0706
8135.742,-0.0707
8137.207,-0.0706
8138.672,-0.0705
8140.137,-0.0705
8141.602,-0.0706
8143.066,-0.0706
8144.531,-0.0705
8145.996,-0.0703
8147.461,-0.0702
8148.926,-0.0699
8150.391,-0.0700
8151.855,-0.0702
8153.320,-0.0705
8154.785,-0.0706
8156.250,-0.0702
8157.715,-0.0700
8159.180,-0.0700
8160.645,-0.0702
8162.109,-0.0703
8163.574,-0.0700
8165.039,-0.0697
8166.504,-0.0701
8167.969,-0.0702
8169.434,-0.0700
8170.898,-0.0699
8172.363,-0.0701
8173.828,-0.0702
8175.293,-0.0704
8176.758,-0.0704
8178.223,-0.0700
8179.688,-0.0701
8181.152,-0.0702
8182.617,-0.0704
8184.082,-0.0702
8185.547,-0.0698
8187.012,-0.0698
8188.477,-0.0700
8189.941,-0.0697
8191.406,-0.0697
8192.871,-0.0694
8194.336,-0.0699
8195.801,-0.0700
8197.266,-0.0698
8198.730,-0.0701
8200.195,-0.0702
8201.660,-0.0699
8203.125,-0.0700
8204.590,-0.0700
8206.055,-0.0698
8207.520,-0.0703
8208.984,-0.0700
8210.449,-0.0696
8211.914,-0.0700
8213.379,-0.0706
8214.844,-0.0701
8216.309,-0.0697
8217.773,-0.0700
8219.238,-0.0699
8220.703,-0.0699
8222.168,-0.0700
8223.633,-0.0703
8225.098,-0.0701
8226.562,-0.0702
8228.027,-0.0703
8229.492,-0.0697
8230.957,-0.0701
8232.422,-0.0702
8233.887,-0.0701
8235.352,-0.0701
8236.816,-0.0705
8238.281,-0.0703
8239.746,-0.0701
8241.211,-0.0700
8242.676,-0.0701
8244.141,-0.0701
8245.605,-0.0701
8247.070,-0.0701
8248.535,-0.0704
8250.000,-0.0698
8251.465,-0.0700
8252.930,-0.0702
8254.395,-0.0702
8255.859,-0.0705
8257.324,-0.0704
8258.789,-0.0705
8260.254,-0.0701
8261.719,-0.0702
8263.184,-0.0705
8264.648,-0.0703
8266.113,-0.0707
8267.578,-0.0708
8269.043,-0.0706
8270.508,-0.0703
8271.973,-0.0704
8273.438,-0.0704
8274.902,-0.0709
8276.367,-0.0706
8277.832,-0.0706
8279.297,-0.0708
8280.762,-0.0709
8282.227,-0.0708
8283.691,-0.0706
8285.156,-0.0705
8286.621,-0.0707
8288.086,-0.0712
8289.551,-0.0706
8291.016,-0.0708
8292.480,-0.0713
8293.945,-0.0709
8295.410,-0.0712
8296.875,-0.0711
8298.340,-0.0711
8299.805,-0.0709
8301.270,-0.0710
8302.734,-0.0706
8304.199,-0.0714
8305.664,-0.0711
8307.129,-0.0715
8308.594,-0.0711
8310.059,-0.0714
8311.523,-0.0715
8312.988,-0.0715
8314.453,-0.0714
8315.918,-0.0715
8317.383,-0.0717
8318.848,-0.0720
8320.312,-0.0715
8321.777,-0.0716
8323.242,-0.0720
8324.707,-0.0724
8326.172,-0.0717
8327.637,-0.0721
8329.102,-0.0719
8330.566,-0.0725
8332.031,-0.0723
8333.496,-0.0726
8334.961,-0.0725
8336.426,-0.0724
8337.891,-0.0730
8339.355,-0.0727
8340.820,-0.0728
8342.285,-0.0729
8343.750,-0.0728
8345.215,-0.0728
8346.680,-0.0726
8348.145,-0.0730
8349.609,-0.0730
8351.074,-0.0734
8352.539,-0.0731
8354.004,-0.0731
8355.469,-0.0730
8356.934,-0.0736
8358.398,-0.0734
8359.863,-0.0733
8361.328,-0.0731
8362.793,-0.0738
8364.258,-0.0741
8365.723,-0.0734
8367.188,-0.0734
8368.652,-0.0737
8370.117,-0.0742
8371.582,-0.0739
8373.047,-0.0737
8374.512,-0.0742
8375.977,-0.0741
8377.441,-0.0739
8378.906,-0.0740
8380.371,-0.0740
8381.836,-0.0741
8383.301,-0.0740
8384.766,-0.0744
8386.230,-0.0744
8387.695,-0.0748
8389.160,-0.0749
8390.625,-0.0748
8392.090,-0.0746
8393.555,-0.0746
8395.020,-0.0745
8396.484,-0.0748
8397.949,-0.0748
8399.414,-0.0747
8400.879,-0.0746
8402.344,-0.0749
8403.809,-0.0748
8405.273,-0.0749
8406.738,-0.0752
8408.203,-0.0755
8409.668,-0.0753
8411.133,-0.0753
8412.598,-0.0750
8414.062,-0.0749
8415.527,-0.0758
8416.992,-0.0754
8418.457,-0.0751
8419.922,-0.0753
8421.387,-0.0752
8422.852,-0.0753
8424.316,-0.0756
8425.781,-0.0759
8427.246,-0.0756
8428.711,-0.0753
8430.176,-0.0752
8431.641,-0.0752
8433.105,-0.0756
8434.570,-0.0757
8436.035,-0.0755
8437.500,-0.0757
8438.965,-0.0754
8440.430,-0.0757
8441.895,-0.0757
8443.359,-0.0755
8444.824,-0.0759
8446.289,-0.0754
8447.754,-0.0759
8449.219,-0.0756
8450.684,-0.0759
8452.148,-0.0759
8453.613,-0.0762
8455.078,-0.0759
8456.543,-0.0761
8458.008,-0.0759
8459.473,-0.0756
8460.938,-0.0757
8462.402,-0.0760
8463.867,-0.0758
8465.332,-0.0758
8466.797,-0.0761
8468.262,-0.0758
8469.727,-0.0760
8471.191,-0.0757
8472.656,-0.0757
8474.121,-0.0760
8475.586,-0.0758
8477.051,-0.0756
8478.516,-0.0758
8479.980,-0.0761
8481.445,-0.0760
8482.910,-0.0763
8484.375,-0.0763
8485.840,-0.0758
8487.305,-0.0756
8488.770,-0.0759
8490.234,-0.0761
8491.699,-0.0760
8493.164,-0.0759
8494.629,-0.0758
8496.094,-0.0759
8497.559,-0.0760
8499.023,-0.0760
8500.488,-0.0759
8501.953,-0.0760
8503.418,-0.0760
8504.883,-0.0758
8506.348,-0.0760
8507.812,-0.0759
8509.277,-0.0756
8510.742,-0.0759
8512.207,-0.0758
8513.672,-0.0759
8515.137,-0.0760
8516.602,-0.0755
8518.066,-0.0757
8519.531,-0.0757
8520.996,-0.0757
8522.461,-0.0757
8523.926,-0.0757
8525.391,-0.0758
8526.855,-0.0759
8528.320,-0.0758
8529.785,-0.0756
8531.250,-0.0753
8532.715,-0.0757
8534.180,-0.0759
8535.645,-0.0755
8537.109,-0.0755
8538.574,-0.0759
8540.039,-0.0757
8541.504,-0.0754
8542.969,-0.0754
8544.434,-0.0756
8545.898,-0.0753
8547.363,-0.0754
8548.828,-0.0756
8550.293,-0.0754
8551.758,-0.0755
8553.223,-0.0756
8554.688,-0.0755
8556.152,-0.0756
8557.617,-0.0756
8559.082,-0.0756
8560.547,-0.0755
8562.012,-0.0754
8563.477,-0.0752
8564.941,-0.0750
8566.406,-0.0749
8567.871,-0.0750
8569.336,-0.0749
8570.801,-0.0748
8572.266,-0.0749
8573.730,-0.0749
8575.195,-0.0748
8576.660,-0.0749
8578.125,-0.0750
8579.590,-0.0750
8581.055,-0.0753
8582.520,-0.0752
8583.984,-0.0748
8585.449,-0.0746
8586.914,-0.0747
8588.379,-0.0745
8589.844,-0.0747
8591.309,-0.0748
8592.773,-0.0748
8594.238,-0.0745
8595.703,-0.0745
8597.168,-0.0746
8598.633,-0.0745
8600.098,-0.0746
8601.562,-0.0747
8603.027,-0.0746
8604.492,-0.0744
8605.957,-0.0743
8607.422,-0.0745
8608.887,-0.0746
8610.352,-0.0744
8611.816,-0.0744
8613.281,-0.0745
8614.746,-0.0744
8616.211,-0.0743
8617.676,-0.0741
8619.141,-0.0742
8620.605,-0.0744
8622.070,-0.0743
8623.535,-0.0739
8625.000,-0.0739
8626.465,-0.0741
8627.930,-0.0742
8629.395,-0.0743
8630.859,-0.0742
8632.324,-0.0740
8633.789,-0.0739
8635.254,-0.0740
8636.719,-0.0740
8638.184,-0.0739
8639.648,-0.0737
8641.113,-0.0737
8642.578,-0.0738
8644.043,-0.0738
8645.508,-0.0737
8646.973,-0.0738
8648.438,-0.0738
8649.902,-0.0738
8651.367,-0.0739
8652.832,-0.0738
8654.297,-0.0736
8655.762,-0.0736
8657.227,-0.0737
8658.691,-0.0738
8660.156,-0.0737
8661.621,-0.0734
8663.086,-0.0731
8664.551,-0.0732
8666.016,-0.0733
8667.480,-0.0732
8668.945,-0.0730
8670.410,-0.0730
8671.875,-0.0732
8673.340,-0.0732
8674.805,-0.0732
8676.270,-0.0732
8677.734,-0.0730
8679.199,-0.0729
8680.664,-0.0729
8682.129,-0.0731
8683.594,-0.0729
8685.059,-0.0728
8686.523,-0.0728
8687.988,-0.0731
8689.453,-0.0734
8690.918,-0.0733
8692.383,-0.0729
8693.848,-0.0729
8695.312,-0.0730
8696.777,-0.0729
8698.242,-0.0727
8699.707,-0.0730
8701.172,-0.0731
8702.637,-0.0729
8704.102,-0.0727
8705.566,-0.0726
8707.031,-0.0727
8708.496,-0.0725
8709.961,-0.0726
8711.426,-0.0728
8712.891,-0.0727
8714.355,-0.0726
8715.820,-0.0725
8717.285,-0.0724
8718.750,-0.0723
8720.215,-0.0721
8721.680,-0.0719
8723.145,-0.0723
8724.609,-0.0723
8726.074,-0.0723
8727.539,-0.0723
8729.004,-0.0721
8730.469,-0.0721
8731.934,-0.0723
8733.398,-0.0721
8734.863,-0.0721
8736.328,-0.0723
8737.793,-0.0722
8739.258,-0.0720
8740.723,-0.0719
8742.188,-0.0716
8743.652,-0.0715
8745.117,-0.0716
8746.582,-0.0716
8748.047,-0.0714
8749.512,-0.0717
8750.977,-0.0717
8752.441,-0.0719
8753.906,-0.0716
8755.371,-0.0713
8756.836,-0.0718
8758.301,-0.0718
8759.766,-0.0718
8761.230,-0.0718
8762.695,-0.0717
8764.160,-0.0716
8765.625,-0.0716
8767.090,-0.0715
8768.555,-0.0712
8770.020,-0.0711
8771.484,-0.0712
8772.949,-0.0714
8774.414,-0.0715
8775.879,-0.0716
8777.344,-0.0713
8778.809,-0.0709
8780.273,-0.0711
8781.738,-0.0709
8783.203,-0.0709
8784.668,-0.0710
8786.133,-0.0711
8787.598,-0.0710
8789.062,-0.0708
8790.527,-0.0709
8791.992,-0.0711
8793.457,-0.0711
8794.922,-0.0710
8796.387,-0.0710
8797.852,-0.0709
8799.316,-0.0710
8800.781,-0.0709
8802.246,-0.0707
8803.711,-0.0708
8805.176,-0.0708
8806.641,-0.0707
8808.105,-0.0706
8809.570,-0.0705
8811.035,-0.0705
8812.500,-0.0708
8813.965,-0.0710
8815.430,-0.0708
8816.895,-0.0706
8818.359,-0.0705
8819.824,-0.0702
8821.289,-0.0702
8822.754,-0.0702
8824.219,-0.0702
8825.684,-0.0702
8827.148,-0.0700
8828.613,-0.0701
8830.078,-0.0703
8831.543,-0.0705
8833.008,-0.0705
8834.473,-0.0704
8835.938,-0.0705
8837.402,-0.0703
8838.867,-0.0704
8840.332,-0.0702
8841.797,-0.0700
8843.262,-0.0701
8844.727,-0.0702
8846.191,-0.0699
8847.656,-0.0697
8849.121,-0.0700
8850.586,-0.0701
8852.051,-0.0699
8853.516,-0.0701
8854.980,-0.0702
8856.445,-0.0701
8857.910,-0.0703
8859.375,-0.0702
8860.840,-0.0701
8862.305,-0.0701
8863.770,-0.0703
8865.234,-0.0704
8866.699,-0.0702
8868.164,-0.0699
8869.629,-0.0702
8871.094,-0.0704
8872.559,-0.0702
8874.023,-0.0702
8875.488,-0.0700
8876.953,-0.0698
8878.418,-0.0695
8879.883,-0.0697
8881.348,-0.0697
8882.812,-0.0696
8884.277,-0.0696
8885.742,-0.0697
8887.207,-0.0696
8888.672,-0.0694
8890.137,-0.0695
8891.602,-0.0698
8893.066,-0.0696
8894.531,-0.0697
8895.996,-0.0697
8897.461,-0.0696
8898.926,-0.0697
8900.391,-0.0696
8901.855,-0.0692
8903.320,-0.0691
8904.785,-0.0698
8906.250,-0.0696
8907.715,-0.0696
8909.180,-0.0699
8910.645,-0.0695
8912.109,-0.0694
8913.574,-0.0697
8915.039,-0.0695
8916.504,-0.0697
8917.969,-0.0698
8919.434,-0.0697
8920.898,-0.0698
8922.363,-0.0699
8923.828,-0.0700
8925.293,-0.0696
8926.758,-0.0695
8928.223,-0.0700
8929.688,-0.0699
8931.152,-0.0698
8932.617,-0.0698
8934.082,-0.0697
8935.547,-0.0700
8937.012,-0.0695
8938.477,-0.0700
8939.941,-0.0698
8941.406,-0.0699
8942.871,-0.0698
8944.336,-0.0699
8945.801,-0.0698
8947.266,-0.0703
8948.730,-0.0699
8950.195,-0.0699
8951.660,-0.0698
8953.125,-0.0697
8954.590,-0.0692
8956.055,-0.0701
8957.520,-0.0698
8958.984,-0.0698
8960.449,-0.0704
8961.914,-0.0699
8963.379,-0.0703
8964.844,-0.0699
8966.309,-0.0699
8967.773,-0.0706
8969.238,-0.0700
8970.703,-0.0701
8972.168,-0.0704
8973.633,-0.0705
8975.098,-0.0703
8976.562,-0.0697
8978.027,-0.0702
8979.492,-0.0706
8980.957,-0.0704
8982.422,-0.0700
8983.887,-0.0704
8985.352,-0.0701
8986.816,-0.0709
8988.281,-0.0703
8989.746,-0.0702
8991.211,-0.0710
8992.676,-0.0708
8994.141,-0.0709
8995.605,-0.0713
8997.070,-0.0706
8998.535,-0.0710
9000.000,-0.0709
9001.465,-0.0712
9002.930,-0.0706
9004.395,-0.0708
9005.859,-0.0710
9007.324,-0.0712
9008.789,-0.0712
9010.254,-0.0712
9011.719,-0.0713
9013.184,-0.0713
9014.648,-0.0713
9016.113,-0.0716
9017.578,-0.0713
9019.043,-0.0710
9020.508,-0.0717
9021.973,-0.0717
9023.438,-0.0716
9024.902,-0.0716
9026.367,-0.0717
9027.832,-0.0719
9029.297,-0.0716
9030.762,-0.0721
9032.227,-0.0714
9033.691,-0.0716
9035.156,-0.0721
9036.621,-0.0721
9038.086,-0.0722
9039.551,-0.0720
9041.016,-0.0722
9042.480,-0.0723
9043.945,-0.0724
9045.410,-0.0729
9046.875,-0.0725
9048.340,-0.0725
9049.805,-0.0726
9051.270,-0.0721
9052.734,-0.0722
9054.199,-0.0722
9055.664,-0.0728
9057.129,-0.0725
9058.594,-0.0722
9060.059,-0.0728
9061.523,-0.0726
9062.988,-0.0735
9064.453,-0.0733
9065.918,-0.0728
9067.383,-0.0733
9068.848,-0.0737
9070.312,-0.0729
9071.777,-0.0729
9073.242,-0.0729
9074.707,-0.0735
9076.172,-0.0731
9077.637,-0.0735
9079.102,-0.0732
9080.566,-0.0738
9082.031,-0.0734
9083.496,-0.0732
9084.961,-0.0731
9086.426,-0.0739
9087.891,-0.0739
9089.355,-0.0742
9090.820,-0.0743
9092.285,-0.0741
9093.750,-0.0739
9095.215,-0.0738
9096.680,-0.0745
9098.145,-0.0747
9099.609,-0.0743
9101.074,-0.0746
9102.539,-0.0748
9104.004,-0.0743
9105.469,-0.0743
9106.934,-0.0742
9108.398,-0.0742
9109.863,-0.0747
9111.328,-0.0745
9112.793,-0.0749
9114.258,-0.0749
9115.723,-0.0748
9117.188,-0.0746
9118.652,-0.0750
9120.117,-0.0750
9121.582,-0.0744
9123.047,-0.0750
9124.512,-0.0756
9125.977,-0.0756
9127.441,-0.0752
9128.906,-0.0749
9130.371,-0.0754
9131.836,-0.0750
9133.301,-0.0748
9134.766,-0.0752
9136.230,-0.0752
9137.695,-0.0757
9139.160,-0.0758
9140.625,-0.0753
9142.090,-0.0759
9143.555,-0.0752
9145.020,-0.0750
9146.484,-0.0754
9147.949,-0.0755
9149.414,-0.0755
9150.879,-0.0753
9152.344,-0.0758
9153.809,-0.0759
9155.273,-0.0759
9156.738,-0.0756
9158.203,-0.0757
9159.668,-0.0759
9161.133,-0.0753
9162.598,-0.0755
9164.062,-0.0756
9165.527,-0.0754
9166.992,-0.0755
9168.457,-0.0755
9169.922,-0.0752
9171.387,-0.0758
9172.852,-0.0756
9174.316,-0.0762
9175.781,-0.0757
9177.246,-0.0758
9178.711,-0.0761
9180.176,-0.0759
9181.641,-0.0761
9183.105,-0.0760
9184.570,-0.0762
9186.035,-0.0763
9187.500,-0.0763
9188.965,-0.0758
9190.430,-0.0757
9191.895,-0.0756
9193.359,-0.0754
9194.824,-0.0760
9196.289,-0.0758
9197.754,-0.0762
9199.219,-0.0762
9200.684,-0.0759
9202.148,-0.0760
9203.613,-0.0757
9205.078,-0.0759
9206.543,-0.0758
9208.008,-0.0760
9209.473,-0.0761
9210.938,-0.0765
9212.402,-0.0765
9213.867,-0.0759
9215.332,-0.0757
9216.797,-0.0759
9218.262,-0.0759
9219.727,-0.0757
9221.191,-0.0759
9222.656,-0.0758
9224.121,-0.0755
9225.586,-0.0759
9227.051,-0.0762
9228.516,-0.0759
9229.980,-0.0756
9231.445,-0.0756
9232.910,-0.0759
9234.375,-0.0761
9235.840,-0.0762
9237.305,-0.0760
9238.770,-0.0758
9240.234,-0.0761
9241.699,-0.0762
9243.164,-0.0759
9244.629,-0.0761
9246.094,-0.0762
9247.559,-0.0764
9249.023,-0.0759
9250.488,-0.0751
9251.953,-0.0754
9253.418,-0.0757
9254.883,-0.0757
9256.348,-0.0756
9257.812,-0.0755
9259.277,-0.0755
9260.742,-0.0761
9262.207,-0.0758
9263.672,-0.0753
9265.137,-0.0756
9266.602,-0.0758
9268.066,-0.0758
9269.531,-0.0753
9270.996,-0.0751
9272.461,-0.0755
9273.926,-0.0758
9275.391,-0.0758
9276.855,-0.0759
9278.320,-0.0756
9279.785,-0.0753
9281.250,-0.0753
9282.715,-0.0754
9284.180,-0.0755
9285.645,-0.0755
9287.109,-0.0756
9288.574,-0.0752
9290.039,-0.0751
9291.504,-0.0752
9292.969,-0.0751
9294.434,-0.0749
9295.898,-0.0749
9297.363,-0.0746
9298.828,-0.0748
9300.293,-0.0749
9301.758,-0.0750
9303.223,-0.0751
9304.688,-0.0753
9306.152,-0.0753
9307.617,-0.0753
9309.082,-0.0752
9310.547,-0.0748
9312.012,-0.0747
9313.477,-0.0749
9314.941,-0.0752
9316.406,-0.0754
9317.871,-0.0752
9319.336,-0.0748
9320.801,-0.0747
9322.266,-0.0749
9323.730,-0.0747
9325.195,-0.0746
9326.660,-0.0748
9328.125,-0.0748
9329.590,-0.0749
9331.055,-0.0748
9332.520,-0.0746
9333.984,-0.0745
9335.449,-0.0746
9336.914,-0.0748
9338.379,-0.0747
9339.844,-0.0747
9341.309,-0.0744
9342.773,-0.0744
9344.238,-0.0746
9345.703,-0.0746
9347.168,-0.0745
9348.633,-0.0744
9350.098,-0.0745
9351.562,-0.0743
9353.027,-0.0743
9354.492,-0.0742
9355.957,-0.0742
9357.422,-0.0742
9358.887,-0.0740
9360.352,-0.0739
9361.816,-0.0739
9363.281,-0.0740
9364.746,-0.0738
9366.211,-0.0741
9367.676,-0.0740
9369.141,-0.0739
9370.605,-0.0743
9372.070,-0.0742
9373.535,-0.0740
9375.000,-0.0742
9376.465,-0.0744
9377.930,-0.0744
9379.395,-0.0744
9380.859,-0.0741
9382.324,-0.0737
9383.789,-0.0736
9385.254,-0.0734
9386.719,-0.0733
9388.184,-0.0736
9389.648,-0.0740
9391.113,-0.0737
9392.578,-0.0734
9394.043,-0.0735
9395.508,-0.0735
9396.973,-0.0735
9398.438,-0.0737
9399.902,-0.0733
9401.367,-0.0731
9402.832,-0.0735
9404.297,-0.0733
9405.762,-0.0731
9407.227,-0.0731
9408.691,-0.0734
9410.156,-0.0735
9411.621,-0.0735
9413.086,-0.0734
9414.551,-0.0735
9416.016,-0.0736
9417.480,-0.0732
9418.945,-0.0730
9420.410,-0.0729
9421.875,-0.0728
9423.340,-0.0728
9424.805,-0.0729
9426.270,-0.0730
9427.734,-0.0732
9429.199,-0.0734
9430.664,-0.0733
9432.129,-0.0728
9433.594,-0.0726
9435.059,-0.0727
9436.523,-0.0727
9437.988,-0.0730
9439.453,-0.0730
9440.918,-0.0728
9442.383,-0.0730
9443.848,-0.0729
9445.312,-0.0724
9446.777,-0.0726
9448.242,-0.0726
9449.707,-0.0726
9451.172,-0.0725
9452.637,-0.0724
9454.102,-0.0724
9455.566,-0.0726
9457.031,-0.0725
9458.496,-0.0725
9459.961,-0.0725
9461.426,-0.0721
9462.891,-0.0719
9464.355,-0.0721
9465.820,-0.0722
9467.285,-0.0720
9468.750,-0.0721
9470.215,-0.0722
9471.680,-0.0724
9473.145,-0.0725
9474.609,-0.0722
9476.074,-0.0720
9477.539,-0.0720
9479.004,-0.0721
9480.469,-0.0720
9481.934,-0.0720
9483.398,-0.0718
9484.863,-0.0720
9486.328,-0.0723
9487.793,-0.0721
9489.258,-0.0719
9490.723,-0.0718
9492.188,-0.0720
9493.652,-0.0719
9495.117,-0.0721
9496.582,-0.0723
9498.047,-0.0721
9499.512,-0.0719
9500.977,-0.0718
9502.441,-0.0717
9503.906,-0.0718
9505.371,-0.0717
9506.836,-0.0717
9508.301,-0.0719
9509.766,-0.0719
9511.230,-0.0716
9512.695,-0.0720
9514.160,-0.0721
9515.625,-0.0719
9517.090,-0.0714
9518.555,-0.0713
9520.020,-0.0716
9521.484,-0.0715
9522.949,-0.0713
9524.414,-0.0714
9525.879,-0.0716
9527.344,-0.0714
9528.809,-0.0712
9530.273,-0.0711
9531.738,-0.0710
9533.203,-0.0708
9534.668,-0.0709
9536.133,-0.0710
9537.598,-0.0711
9539.062,-0.0712
9540.527,-0.0711
9541.992,-0.0710
9543.457,-0.0709
9544.922,-0.0707
9546.387,-0.0708
9547.852,-0.0713
9549.316,-0.0713
9550.781,-0.0707
9552.246,-0.0710
9553.711,-0.0712
9555.176,-0.0710
9556.641,-0.0710
9558.105,-0.0709
9559.570,-0.0706
9561.035,-0.0706
9562.500,-0.0706
9563.965,-0.0705
9565.430,-0.0708
9566.895,-0.0709
9568.359,-0.0705
9569.824,-0.0702
9571.289,-0.0706
9572.754,-0.0709
9574.219,-0.0706
9575.684,-0.0709
9577.148,-0.0708
9578.613,-0.0709
9580.078,-0.0710
9581.543,-0.0706
9583.008,-0.0705
9584.473,-0.0704
9585.938,-0.0705
9587.402,-0.0704
9588.867,-0.0702
9590.332,-0.0702
9591.797,-0.0702
9593.262,-0.0701
9594.727,-0.0703
9596.191,-0.0706
9597.656,-0.0705
9599.121,-0.0701
9600.586,-0.0702
9602.051,-0.0705
9603.516,-0.0705
9604.980,-0.0700
9606.445,-0.0699
9607.910,-0.0703
9609.375,-0.0702
9610.840,-0.0699
9612.305,-0.0703
9613.770,-0.0706
9615.234,-0.0705
9616.699,-0.0702
9618.164,-0.0701
9619.629,-0.0698
9621.094,-0.0702
9622.559,-0.0702
9624.023,-0.0700
9625.488,-0.0698
9626.953,-0.0696
9628.418,-0.0697
9629.883,-0.0698
9631.348,-0.0699
9632.812,-0.0698
9634.277,-0.0703
9635.742,-0.0702
9637.207,-0.0701
9638.672,-0.0702
9640.137,-0.0699
9641.602,-0.0700
9643.066,-0.0702
9644.531,-0.0696
9645.996,-0.0699
9647.461,-0.0698
9648.926,-0.0697
9650.391,-0.0698
9651.855,-0.0694
9653.320,-0.0695
9654.785,-0.0698
9656.250,-0.0698
9657.715,-0.0703
9659.180,-0.0700
9660.645,-0.0693
9662.109,-0.0698
9663.574,-0.0698
9665.039,-0.0697
9666.504,-0.0698
9667.969,-0.0698
9669.434,-0.0695
9670.898,-0.0696
9672.363,-0.0697
9673.828,-0.0696
9675.293,-0.0695
9676.758,-0.0698
9678.223,-0.0695
9679.688,-0.0699
9681.152,-0.0699
9682.617,-0.0699
9684.082,-0.0694
9685.547,-0.0694
9687.012,-0.0699
9688.477,-0.0700
9689.941,-0.0699
9691.406,-0.0700
9692.871,-0.0696
9694.336,-0.0699
9695.801,-0.0705
9697.266,-0.0704
9698.730,-0.0695
9700.195,-0.0699
9701.660,-0.0698
9703.125,-0.0703
9704.590,-0.0698
9706.055,-0.0699
9707.520,-0.0702
9708.984,-0.0697
9710.449,-0.0696
9711.914,-0.0703
9713.379,-0.0704
9714.844,-0.0700
9716.309,-0.0702
9717.773,-0.0704
9719.238,-0.0699
9720.703,-0.0699
9722.168,-0.0706
9723.633,-0.0707
9725.098,-0.0702
9726.562,-0.0701
9728.027,-0.0699
9729.492,-0.0695
9730.957,-0.0702
9732.422,-0.0706
9733.887,-0.0706
9735.352,-0.0704
9736.816,-0.0700
9738.281,-0.0700
9739.746,-0.0703
9741.211,-0.0707
9742.676,-0.0708
9744.141,-0.0703
9745.605,-0.0706
9747.070,-0.0707
9748.535,-0.0706
9750.000,-0.0710
9751.465,-0.0707
9752.930,-0.0707
9754.395,-0.0707
9755.859,-0.0709
9757.324,-0.0709
9758.789,-0.0706
9760.254,-0.0705
9761.719,-0.0700
9763.184,-0.0707
9764.648,-0.0713
9766.113,-0.0710
9767.578,-0.0707
9769.043,-0.0708
9770.508,-0.0712
9771.973,-0.0711
9773.438,-0.0715
9774.902,-0.0719
9776.367,-0.0714
9777.832,-0.0717
9779.297,-0.0720
9780.762,-0.0714
9782.227,-0.0714
9783.691,-0.0722
9785.156,-0.0720
9786.621,-0.0714
9788.086,-0.0718
9789.551,-0.0718
9791.016,-0.0716
9792.480,-0.0720
9793.945,-0.0720
9795.410,-0.0718
9796.875,-0.0714
9798.340,-0.0723
9799.805,-0.0726
9801.270,-0.0720
9802.734,-0.0723
9804.199,-0.0722
9805.664,-0.0716
9807.129,-0.0719
9808.594,-0.0729
9810.059,-0.0722
9811.523,-0.0724
9812.988,-0.0720
9814.453,-0.0724
9815.918,-0.0717
9817.383,-0.0721
9818.848,-0.0724
9820.312,-0.0724
9821.777,-0.0725
9823.242,-0.0727
9824.707,-0.0723
9826.172,-0.0720
9827.637,-0.0727
9829.102,-0.0727
9830.566,-0.0730
9832.031,-0.0726
9833.496,-0.0726
9834.961,-0.0730
9836.426,-0.0727
9837.891,-0.0734
9839.355,-0.0732
9840.820,-0.0725
9842.285,-0.0732
9843.750,-0.0738
9845.215,-0.0739
9846.680,-0.0735
9848.145,-0.0734
9849.609,-0.0732
9851.074,-0.0731
9852.539,-0.0732
9854.004,-0.0731
9855.469,-0.0738
9856.934,-0.0736
9858.398,-0.0737
9859.863,-0.0737
9861.328,-0.0735
9862.793,-0.0737
9864.258,-0.0738
9865.723,-0.0733
9867.188,-0.0740
9868.652,-0.0739
9870.117,-0.0740
9871.582,-0.0744
9873.047,-0.0738
9874.512,-0.0741
9875.977,-0.0745
9877.441,-0.0738
9878.906,-0.0741
9880.371,-0.0740
9881.836,-0.0741
9883.301,-0.0752
9884.766,-0.0745
9886.230,-0.0748
9887.695,-0.0750
9889.160,-0.0745
9890.625,-0.0747
9892.090,-0.0745
9893.555,-0.0746
9895.020,-0.0748
9896.484,-0.0752
9897.949,-0.0750
9899.414,-0.0745
9900.879,-0.0748
9902.344,-0.0754
9903.809,-0.0749
9905.273,-0.0751
9906.738,-0.0757
9908.203,-0.0755
9909.668,-0.0758
9911.133,-0.0755
9912.598,-0.0749
9914.062,-0.0755
9915.527,-0.0751
9916.992,-0.0753
9918.457,-0.0747
9919.922,-0.0751
9921.387,-0.0756
9922.852,-0.0757
9924.316,-0.0749
9925.781,-0.0755
9927.246,-0.0755
9928.711,-0.0747
9930.176,-0.0752
9931.641,-0.0752
9933.105,-0.0754
9934.570,-0.0751
9936.035,-0.0755
9937.500,-0.0754
9938.965,-0.0759
9940.430,-0.0765
9941.895,-0.0755
9943.359,-0.0755
9944.824,-0.0758
9946.289,-0.0755
9947.754,-0.0759
9949.219,-0.0762
9950.684,-0.0754
9952.148,-0.0753
9953.613,-0.0756
9955.078,-0.0763
9956.543,-0.0760
9958.008,-0.0760
9959.473,-0.0758
9960.938,-0.0759
9962.402,-0.0761
9963.867,-0.0759
9965.332,-0.0761
9966.797,-0.0753
9968.262,-0.0755
9969.727,-0.0758
9971.191,-0.0762
9972.656,-0.0761
9974.121,-0.0762
9975.586,-0.0765
9977.051,-0.0759
9978.516,-0.0756
9979.980,-0.0759
9981.445,-0.0763
9982.910,-0.0762
9984.375,-0.0755
9985.840,-0.0759
9987.305,-0.0765
9988.770,-0.0761
9990.234,-0.0758
9991.699,-0.0761
9993.164,-0.0763
9994.629,-0.0761
9996.094,-0.0760
9997.559,-0.0759
9999.023,-0.0761
10000.488,-0.0761
10001.953,-0.0763
10003.418,-0.0764
10004.883,-0.0760
10006.348,-0.0758
10007.812,-0.0762
10009.277,-0.0759
10010.742,-0.0760
10012.207,-0.0761
10013.672,-0.0761
10015.137,-0.0757
10016.602,-0.0756
10018.066,-0.0760
10019.531,-0.0754
10020.996,-0.0757
10022.461,-0.0760
10023.926,-0.0762
10025.391,-0.0760
10026.855,-0.0761
10028.320,-0.0759
10029.785,-0.0754
10031.250,-0.0754
10032.715,-0.0755
10034.180,-0.0758
10035.645,-0.0759
10037.109,-0.0757
10038.574,-0.0756
10040.039,-0.0758
10041.504,-0.0758
10042.969,-0.0756
10044.434,-0.0758
10045.898,-0.0759
10047.363,-0.0757
10048.828,-0.0759
10050.293,-0.0760
10051.758,-0.0758
10053.223,-0.0759
10054.688,-0.0755
10056.152,-0.0757
10057.617,-0.0763
10059.082,-0.0759
10060.547,-0.0756
10062.012,-0.0755
10063.477,-0.0755
10064.941,-0.0752
10066.406,-0.0753
10067.871,-0.0760
10069.336,-0.0760
10070.801,-0.0759
10072.266,-0.0754
10073.730,-0.0754
10075.195,-0.0756
10076.660,-0.0756
10078.125,-0.0754
10079.590,-0.0747
10081.055,-0.0746
10082.520,-0.0749
10083.984,-0.0756
10085.449,-0.0756
10086.914,-0.0752
10088.379,-0.0749
10089.844,-0.0749
10091.309,-0.0748
10092.773,-0.0751
10094.238,-0.0750
10095.703,-0.0752
10097.168,-0.0752
10098.633,-0.0750
10100.098,-0.0754
10101.562,-0.0756
10103.027,-0.0753
10104.492,-0.0751
10105.957,-0.0754
10107.422,-0.0751
10108.887,-0.0746
10110.352,-0.0750
10111.816,-0.0756
10113.281,-0.0754
10114.746,-0.0750
10116.211,-0.0750
10117.676,-0.0750
10119.141,-0.0750
10120.605,-0.0752
10122.070,-0.0751
10123.535,-0.0747
10125.000,-0.0747
10126.465,-0.0749
10127.930,-0.0750
10129.395,-0.0750
10130.859,-0.0747
10132.324,-0.0748
10133.789,-0.0745
10135.254,-0.0746
10136.719,-0.0750
10138.184,-0.0748
10139.648,-0.0747
10141.113,-0.0748
10142.578,-0.0749
10144.043,-0.0748
10145.508,-0.0749
10146.973,-0.0747
10148.438,-0.0743
10149.902,-0.0744
10151.367,-0.0746
10152.832,-0.0745
10154.297,-0.0744
10155.762,-0.0743
10157.227,-0.0745
10158.691,-0.0745
10160.156,-0.0742
10161.621,-0.0742
10163.086,-0.0742
10164.551,-0.0742
10166.016,-0.0741
10167.480,-0.0739
10168.945,-0.0739
10170.410,-0.0739
10171.875,-0.0739
10173.340,-0.0743
10174.805,-0.0744
10176.270,-0.0744
10177.734,-0.0743
10179.199,-0.0743
10180.664,-0.0741
10182.129,-0.0741
10183.594,-0.0743
10185.059,-0.0740
10186.523,-0.0736
10187.988,-0.0737
10189.453,-0.0738
10190.918,-0.0737
10192.383,-0.0737
10193.848,-0.0739
10195.312,-0.0742
10196.777,-0.0738
10198.242,-0.0735
10199.707,-0.0737
10201.172,-0.0737
10202.637,-0.0737
10204.102,-0.0738
10205.566,-0.0739
10207.031,-0.0740
10208.496,-0.0737
10209.961,-0.0735
10211.426,-0.0735
10212.891,-0.0734
10214.355,-0.0735
10215.820,-0.0736
10217.285,-0.0735
10218.750,-0.0735
10220.215,-0.0736
10221.680,-0.0736
10223.145,-0.0735
10224.609,-0.0735
10226.074,-0.0731
10227.539,-0.0730
10229.004,-0.0730
10230.469,-0.0731
10231.934,-0.0729
10233.398,-0.0727
10234.863,-0.0729
10236.328,-0.0732
10237.793,-0.0732
10239.258,-0.0731
10240.723,-0.0731
10242.188,-0.0730
10243.652,-0.0729
10245.117,-0.0729
10246.582,-0.0729
10248.047,-0.0727
10249.512,-0.0727
10250.977,-0.0731
10252.441,-0.0732
10253.906,-0.0728
10255.371,-0.0726
10256.836,-0.0729
10258.301,-0.0727
10259.766,-0.0726
10261.230,-0.0729
10262.695,-0.0729
10264.160,-0.0730
10265.625,-0.0728
10267.090,-0.0724
10268.555,-0.0721
10270.020,-0.0721
10271.484,-0.0722
10272.949,-0.0723
10274.414,-0.0724
10275.879,-0.0722
10277.344,-0.0719
10278.809,-0.0719
10280.273,-0.0720
10281.738,-0.0720
10283.203,-0.0719
10284.668,-0.0718
10286.133,-0.0720
10287.598,-0.0720
10289.062,-0.0721
10290.527,-0.0720
10291.992,-0.0717
10293.457,-0.0717
10294.922,-0.0718
10296.387,-0.0719
10297.852,-0.0722
10299.316,-0.0724
10300.781,-0.0723
10302.246,-0.0720
10303.711,-0.0719
10305.176,-0.0720
10306.641,-0.0720
10308.105,-0.0722
10309.570,-0.0722
10311.035,-0.0721
10312.500,-0.0719
10313.965,-0.0718
10315.430,-0.0718
10316.895,-0.0717
10318.359,-0.0717
10319.824,-0.0716
10321.289,-0.0717
10322.754,-0.0715
10324.219,-0.0713
10325.684,-0.0713
10327.148,-0.0716
10328.613,-0.0716
10330.078,-0.0718
10331.543,-0.0716
10333.008,-0.0717
10334.473,-0.0717
10335.938,-0.0714
10337.402,-0.0713
10338.867,-0.0713
10340.332,-0.0714
10341.797,-0.0715
10343.262,-0.0713
10344.727,-0.0708
10346.191,-0.0710
10347.656,-0.0714
10349.121,-0.0714
10350.586,-0.0712
10352.051,-0.0712
10353.516,-0.0712
10354.980,-0.0711
10356.445,-0.0713
10357.910,-0.0713
10359.375,-0.0713
10360.840,-0.0713
10362.305,-0.0709
10363.770,-0.0707
10365.234,-0.0709
10366.699,-0.0711
10368.164,-0.0708
10369.629,-0.0709
10371.094,-0.0710
10372.559,-0.0708
10374.023,-0.0711
10375.488,-0.0711
10376.953,-0.0709
10378.418,-0.0707
10379.883,-0.0709
10381.348,-0.0711
10382.812,-0.0708
10384.277,-0.0704
10385.742,-0.0704
10387.207,-0.0706
10388.672,-0.0707
10390.137,-0.0708
10391.602,-0.0704
10393.066,-0.0703
10394.531,-0.0703
10395.996,-0.0708
10397.461,-0.0706
10398.926,-0.0703
10400.391,-0.0704
10401.855,-0.0705
10403.320,-0.0705
10404.785,-0.0704
10406.250,-0.0703
10407.715,-0.0703
10409.180,-0.0702
10410.645,-0.0704
10412.109,-0.0703
10413.574,-0.0707
10415.039,-0.0708
10416.504,-0.0704
10417.969,-0.0699
10419.434,-0.0699
10420.898,-0.0701
10422.363,-0.0702
10423.828,-0.0700
10425.293,-0.0700
10426.758,-0.0697
10428.223,-0.0701
10429.688,-0.0703
10431.152,-0.0707
10432.617,-0.0706
10434.082,-0.0705
10435.547,-0.0700
10437.012,-0.0702
10438.477,-0.0700
10439.941,-0.0698
10441.406,-0.0698
10442.871,-0.0699
10444.336,-0.0702
10445.801,-0.0701
10447.266,-0.0704
10448.730,-0.0701
10450.195,-0.0701
10451.660,-0.0702
10453.125,-0.0698
10454.590,-0.0699
10456.055,-0.0696
10457.520,-0.0700
10458.984,-0.0702
10460.449,-0.0701
10461.914,-0.0699
10463.379,-0.0701
10464.844,-0.0699
10466.309,-0.0696
10467.773,-0.0697
10469.238,-0.0697
10470.703,-0.0690
10472.168,-0.0691
10473.633,-0.0696
10475.098,-0.0702
10476.562,-0.0701
10478.027,-0.0698
10479.492,-0.0697
10480.957,-0.0694
10482.422,-0.0700
10483.887,-0.0699
10485.352,-0.0700
10486.816,-0.0703
10488.281,-0.0702
10489.746,-0.0701
10491.211,-0.0693
10492.676,-0.0691
10494.141,-0.0698
10495.605,-0.0698
10497.070,-0.0696
10498.535,-0.0697
10500.000,-0.0697
10501.465,-0.0695
10502.930,-0.0693
10504.395,-0.0688
10505.859,-0.0692
10507.324,-0.0699
10508.789,-0.0699
10510.254,-0.0696
10511.719,-0.0693
10513.184,-0.0697
10514.648,-0.0700
10516.113,-0.0701
10517.578,-0.0700
10519.043,-0.0692
10520.508,-0.0695
10521.973,-0.0699
10523.438,-0.0699
10524.902,-0.0695
10526.367,-0.0695
10527.832,-0.0698
10529.297,-0.0696
10530.762,-0.0698
10532.227,-0.0700
10533.691,-0.0694
10535.156,-0.0698
10536.621,-0.0695
10538.086,-0.0697
10539.551,-0.0699
10541.016,-0.0701
10542.480,-0.0698
10543.945,-0.0701
10545.410,-0.0700
10546.875,-0.0698
10548.340,-0.0704
10549.805,-0.0702
10551.270,-0.0698
10552.734,-0.0697
10554.199,-0.0702
10555.664,-0.0699
10557.129,-0.0702
10558.594,-0.0706
10560.059,-0.0698
10561.523,-0.0698
10562.988,-0.0706
10564.453,-0.0703
10565.918,-0.0701
10567.383,-0.0705
10568.848,-0.0699
10570.312,-0.0706
10571.777,-0.0709
10573.242,-0.0708
10574.707,-0.0706
10576.172,-0.0709
10577.637,-0.0702
10579.102,-0.0703
10580.566,-0.0710
10582.031,-0.0708
10583.496,-0.0705
10584.961,-0.0711
10586.426,-0.0706
10587.891,-0.0706
10589.355,-0.0702
10590.820,-0.0710
10592.285,-0.0708
10593.750,-0.0708
10595.215,-0.0708
10596.680,-0.0706
10598.145,-0.0711
10599.609,-0.0708
10601.074,-0.0711
10602.539,-0.0708
10604.004,-0.0711
10605.469,-0.0712
10606.934,-0.0714
10608.398,-0.0710
10609.863,-0.0704
10611.328,-0.0707
10612.793,-0.0719
10614.258,-0.0710
10615.723,-0.0708
10617.188,-0.0717
10618.652,-0.0714
10620.117,-0.0713
10621.582,-0.0717
10623.047,-0.0716
10624.512,-0.0718
10625.977,-0.0710
10627.441,-0.0717
10628.906,-0.0718
10630.371,-0.0713
10631.836,-0.0712
10633.301,-0.0716
10634.766,-0.0721
10636.230,-0.0716
10637.695,-0.0718
10639.160,-0.0722
10640.625,-0.0722
10642.090,-0.0715
10643.555,-0.0718
10645.020,-0.0721
10646.484,-0.0722
10647.949,-0.0720
10649.414,-0.0719
10650.879,-0.0723
10652.344,-0.0721
10653.809,-0.0726
10655.273,-0.0720
10656.738,-0.0723
10658.203,-0.0722
10659.668,-0.0721
10661.133,-0.0724
10662.598,-0.0734
10664.062,-0.0723
10665.527,-0.0723
10666.992,-0.0726
10668.457,-0.0734
10669.922,-0.0727
10671.387,-0.0724
10672.852,-0.0729
10674.316,-0.0730
10675.781,-0.0733
10677.246,-0.0728
10678.711,-0.0726
10680.176,-0.0732
10681.641,-0.0733
10683.105,-0.0731
10684.570,-0.0725
10686.035,-0.0733
10687.500,-0.0734
10688.965,-0.0742
10690.430,-0.0737
10691.895,-0.0735
10693.359,-0.0735
10694.824,-0.0738
10696.289,-0.0731
10697.754,-0.0737
10699.219,-0.0743
10700.684,-0.0737
10702.148,-0.0738
10703.613,-0.0739
10705.078,-0.0737
10706.543,-0.0743
10708.008,-0.0747
10709.473,-0.0748
10710.938,-0.0740
10712.402,-0.0741
10713.867,-0.0745
10715.332,-0.0735
10716.797,-0.0739
10718.262,-0.0744
10719.727,-0.0741
10721.191,-0.0742
10722.656,-0.0740
10724.121,-0.0744
10725.586,-0.0741
10727.051,-0.0746
10728.516,-0.0745
10729.980,-0.0745
10731.445,-0.0755
10732.910,-0.0747
10734.375,-0.0749
10735.840,-0.0751
10737.305,-0.0752
10738.770,-0.0748
10740.234,-0.0745
10741.699,-0.0751
10743.164,-0.0742
10744.629,-0.0746
10746.094,-0.0750
10747.559,-0.0754
10749.023,-0.0749
10750.488,-0.0752
10751.953,-0.0754
10753.418,-0.0752
10754.883,-0.0748
10756.348,-0.0754
10757.812,-0.0751
10759.277,-0.0748
10760.742,-0.0752
10762.207,-0.0753
10763.672,-0.0754
10765.137,-0.0747
10766.602,-0.0750
10768.066,-0.0758
10769.531,-0.0747
10770.996,-0.0759
10772.461,-0.0757
10773.926,-0.0751
10775.391,-0.0756
10776.855,-0.0758
10778.320,-0.0757
10779.785,-0.0758
10781.250,-0.0759
10782.715,-0.0758
10784.180,-0.0754
10785.645,-0.0761
10787.109,-0.0762
10788.574,-0.0755
10790.039,-0.0753
10791.504,-0.0757
10792.969,-0.0756
10794.434,-0.0755
10795.898,-0.0756
10797.363,-0.0755
10798.828,-0.0759
10800.293,-0.0759
10801.758,-0.0755
10803.223,-0.0748
10804.688,-0.0760
10806.152,-0.0759
10807.617,-0.0757
10809.082,-0.0760
10810.547,-0.0762
10812.012,-0.0767
10813.477,-0.0760
10814.941,-0.0758
10816.406,-0.0766
10817.871,-0.0768
10819.336,-0.0763
10820.801,-0.0760
10822.266,-0.0763
10823.730,-0.0761
10825.195,-0.0762
10826.660,-0.0756
10828.125,-0.0760
10829.590,-0.0759
10831.055,-0.0756
10832.520,-0.0758
10833.984,-0.0760
10835.449,-0.0758
10836.914,-0.0755
10838.379,-0.0760
10839.844,-0.0757
10841.309,-0.0757
10842.773,-0.0760
10844.238,-0.0762
10845.703,-0.0760
10847.168,-0.0763
10848.633,-0.0762
10850.098,-0.0758
10851.562,-0.0760
10853.027,-0.0762
10854.492,-0.0761
10855.957,-0.0758
10857.422,-0.0758
10858.887,-0.0759
10860.352,-0.0759
10861.816,-0.0759
10863.281,-0.0763
10864.746,-0.0764
10866.211,-0.0764
10867.676,-0.0762
10869.141,-0.0763
10870.605,-0.0762
10872.070,-0.0762
10873.535,-0.0763
10875.000,-0.0760
10876.465,-0.0758
10877.930,-0.0758
10879.395,-0.0757
10880.859,-0.0757
10882.324,-0.0756
10883.789,-0.0762
10885.254,-0.0759
10886.719,-0.0760
10888.184,-0.0765
10889.648,-0.0762
10891.113,-0.0758
10892.578,-0.0759
10894.043,-0.0760
10895.508,-0.0760
10896.973,-0.0757
10898.438,-0.0756
10899.902,-0.0758
10901.367,-0.0758
10902.832,-0.0760
10904.297,-0.0762
10905.762,-0.0757
10907.227,-0.0755
10908.691,-0.0757
10910.156,-0.0756
10911.621,-0.0758
10913.086,-0.0759
10914.551,-0.0757
10916.016,-0.0757
10917.480,-0.0753
10918.945,-0.0754
10920.410,-0.0754
10921.875,-0.0752
10923.340,-0.0754
10924.805,-0.0756
10926.270,-0.0753
10927.734,-0.0750
10929.199,-0.0751
10930.664,-0.0755
10932.129,-0.0754
10933.594,-0.0753
10935.059,-0.0755
10936.523,-0.0758
10937.988,-0.0756
10939.453,-0.0756
10940.918,-0.0754
10942.383,-0.0757
10943.848,-0.0758
10945.312,-0.0754
10946.777,-0.0753
10948.242,-0.0754
10949.707,-0.0757
10951.172,-0.0755
10952.637,-0.0750
10954.102,-0.0750
10955.566,-0.0754
10957.031,-0.0755
10958.496,-0.0753
10959.961,-0.0753
10961.426,-0.0751
10962.891,-0.0751
10964.355,-0.0751
10965.820,-0.0751
10967.285,-0.0750
10968.750,-0.0753
10970.215,-0.0753
10971.680,-0.0750
10973.145,-0.0747
10974.609,-0.0747
10976.074,-0.0748
10977.539,-0.0752
10979.004,-0.0752
10980.469,-0.0754
10981.934,-0.0749
10983.398,-0.0747
10984.863,-0.0751
10986.328,-0.0752
10987.793,-0.0752
10989.258,-0.0751
10990.723,-0.0749
10992.188,-0.0746
10993.652,-0.0744
10995.117,-0.0745
10996.582,-0.0747
10998.047,-0.0750
10999.512,-0.0748
11000.977,-0.0749
11002.441,-0.0747
11003.906,-0.0747
11005.371,-0.0747
11006.836,-0.0743
11008.301,-0.0745
11009.766,-0.0750
11011.230,-0.0749
11012.695,-0.0744
11014.160,-0.0742
11015.625,-0.0743
11017.090,-0.0747
11018.555,-0.0749
11020.020,-0.0747
11021.484,-0.0744
11022.949,-0.0745
11024.414,-0.0747
11025.879,-0.0746
11027.344,-0.0745
11028.809,-0.0744
11030.273,-0.0744
11031.738,-0.0745
11033.203,-0.0745
11034.668,-0.0744
11036.133,-0.0746
11037.598,-0.0745
11039.062,-0.0743
11040.527,-0.0744
11041.992,-0.0743
11043.457,-0.0744
11044.922,-0.0744
11046.387,-0.0741
11047.852,-0.0739
11049.316,-0.0740
11050.781,-0.0740
11052.246,-0.0738
11053.711,-0.0738
11055.176,-0.0739
11056.641,-0.0737
11058.105,-0.0737
11059.570,-0.0741
11061.035,-0.0742
11062.500,-0.0741
11063.965,-0.0738
11065.430,-0.0736
11066.895,-0.0736
11068.359,-0.0735
11069.824,-0.0736
11071.289,-0.0737
11072.754,-0.0735
11074.219,-0.0736
11075.684,-0.0736
11077.148,-0.0736
11078.613,-0.0736
11080.078,-0.0738
11081.543,-0.0738
11083.008,-0.0735
11084.473,-0.0731
11085.938,-0.0732
11087.402,-0.0734
11088.867,-0.0731
11090.332,-0.0733
11091.797,-0.0737
11093.262,-0.0739
11094.727,-0.0737
11096.191,-0.0733
11097.656,-0.0731
11099.121,-0.0733
11100.586,-0.0737
11102.051,-0.0734
11103.516,-0.0728
11104.980,-0.0729
11106.445,-0.0730
11107.910,-0.0733
11109.375,-0.0735
11110.840,-0.0734
11112.305,-0.0732
11113.770,-0.0732
11115.234,-0.0733
11116.699,-0.0732
11118.164,-0.0731
11119.629,-0.0732
11121.094,-0.0735
11122.559,-0.0737
11124.023,-0.0736
11125.488,-0.0730
11126.953,-0.0728
11128.418,-0.0731
11129.883,-0.0730
11131.348,-0.0729
11132.812,-0.0731
11134.277,-0.0731
11135.742,-0.0729
11137.207,-0.0728
11138.672,-0.0725
11140.137,-0.0724
11141.602,-0.0725
11143.066,-0.0726
11144.531,-0.0729
11145.996,-0.0730
11147.461,-0.0729
11148.926,-0.0727
11150.391,-0.0727
11151.855,-0.0728
11153.320,-0.0726
11154.785,-0.0724
11156.250,-0.0726
11157.715,-0.0726
11159.180,-0.0726
11160.645,-0.0726
11162.109,-0.0726
11163.574,-0.0726
11165.039,-0.0725
11166.504,-0.0723
11167.969,-0.0723
11169.434,-0.0722
11170.898,-0.0723
11172.363,-0.0723
11173.828,-0.0722
11175.293,-0.0725
11176.758,-0.0725
11178.223,-0.0722
11179.688,-0.0721
11181.152,-0.0721
11182.617,-0.0723
11184.082,-0.0722
11185.547,-0.0720
11187.012,-0.0718
11188.477,-0.0717
11189.941,-0.0720
11191.406,-0.0722
11192.871,-0.0719
11194.336,-0.0717
11195.801,-0.0716
11197.266,-0.0719
11198.730,-0.0722
11200.195,-0.0719
11201.660,-0.0720
11203.125,-0.0723
11204.590,-0.0720
11206.055,-0.0718
11207.520,-0.0720
11208.984,-0.0722
11210.449,-0.0722
11211.914,-0.0720
11213.379,-0.0716
11214.844,-0.0713
11216.309,-0.0715
11217.773,-0.0717
11219.238,-0.0717
11220.703,-0.0718
11222.168,-0.0719
11223.633,-0.0717
11225.098,-0.0716
11226.562,-0.0715
11228.027,-0.0716
11229.492,-0.0716
11230.957,-0.0715
11232.422,-0.0714
11233.887,-0.0709
11235.352,-0.0708
11236.816,-0.0713
11238.281,-0.0714
11239.746,-0.0715
11241.211,-0.0712
11242.676,-0.0712
11244.141,-0.0713
11245.605,-0.0712
11247.070,-0.0713
11248.535,-0.0715
11250.000,-0.0716
11251.465,-0.0716
11252.930,-0.0713
11254.395,-0.0712
11255.859,-0.0714
11257.324,-0.0713
11258.789,-0.0710
11260.254,-0.0711
11261.719,-0.0711
11263.184,-0.0710
11264.648,-0.0709
11266.113,-0.0712
11267.578,-0.0713
11269.043,-0.0714
11270.508,-0.0715
11271.973,-0.0712
11273.438,-0.0708
11274.902,-0.0708
11276.367,-0.0709
11277.832,-0.0705
11279.297,-0.0703
11280.762,-0.0705
11282.227,-0.0707
11283.691,-0.0705
11285.156,-0.0707
11286.621,-0.0707
11288.086,-0.0709
11289.551,-0.0704
11291.016,-0.0700
11292.480,-0.0705
11293.945,-0.0708
11295.410,-0.0705
11296.875,-0.0704
11298.340,-0.0702
11299.805,-0.0703
11301.270,-0.0702
11302.734,-0.0704
11304.199,-0.0709
11305.664,-0.0707
11307.129,-0.0705
11308.594,-0.0703
11310.059,-0.0705
11311.523,-0.0703
11312.988,-0.0707
11314.453,-0.0711
11315.918,-0.0709
11317.383,-0.0709
11318.848,-0.0704
11320.312,-0.0704
11321.777,-0.0705
11323.242,-0.0703
11324.707,-0.0702
11326.172,-0.0703
11327.637,-0.0703
11329.102,-0.0701
11330.566,-0.0707
11332.031,-0.0706
11333.496,-0.0704
11334.961,-0.0703
11336.426,-0.0701
11337.891,-0.0701
11339.355,-0.0703
11340.820,-0.0706
11342.285,-0.0707
11343.750,-0.0703
11345.215,-0.0700
11346.680,-0.0701
11348.145,-0.0707
11349.609,-0.0704
11351.074,-0.0703
11352.539,-0.0699
11354.004,-0.0697
11355.469,-0.0698
11356.934,-0.0702
11358.398,-0.0700
11359.863,-0.0697
11361.328,-0.0699
11362.793,-0.0704
11364.258,-0.0705
11365.723,-0.0700
11367.188,-0.0702
11368.652,-0.0700
11370.117,-0.0698
11371.582,-0.0697
11373.047,-0.0700
11374.512,-0.0702
11375.977,-0.0703
11377.441,-0.0700
11378.906,-0.0697
11380.371,-0.0700
11381.836,-0.0703
11383.301,-0.0704
11384.766,-0.0702
11386.230,-0.0699
11387.695,-0.0703
11389.160,-0.0700
11390.625,-0.0699
11392.090,-0.0705
11393.555,-0.0703
11395.020,-0.0698
11396.484,-0.0697
11397.949,-0.0696
11399.414,-0.0698
11400.879,-0.0701
11402.344,-0.0700
11403.809,-0.0705
11405.273,-0.0702
11406.738,-0.0700
11408.203,-0.0706
11409.668,-0.0702
11411.133,-0.0698
11412.598,-0.0704
11414.062,-0.0702
11415.527,-0.0702
11416.992,-0.0704
11418.457,-0.0703
11419.922,-0.0699
11421.387,-0.0700
11422.852,-0.0701
11424.316,-0.0704
11425.781,-0.0705
11427.246,-0.0703
11428.711,-0.0698
11430.176,-0.0700
11431.641,-0.0704
11433.105,-0.0701
11434.570,-0.0705
11436.035,-0.0704
11437.500,-0.0700
11438.965,-0.0705
11440.430,-0.0708
11441.895,-0.0700
11443.359,-0.0702
11444.824,-0.0701
11446.289,-0.0701
11447.754,-0.0699
11449.219,-0.0706
11450.684,-0.0707
11452.148,-0.0706
11453.613,-0.0702
11455.078,-0.0705
11456.543,-0.0699
11458.008,-0.0705
11459.473,-0.0699
11460.938,-0.0698
11462.402,-0.0702
11463.867,-0.0703
11465.332,-0.0704
11466.797,-0.0704
11468.262,-0.0701
11469.727,-0.0706
11471.191,-0.0697
11472.656,-0.0707
11474.121,-0.0705
11475.586,-0.0701
11477.051,-0.0706
11478.516,-0.0711
11479.980,-0.0708
11481.445,-0.0706
11482.910,-0.0710
11484.375,-0.0708
11485.840,-0.0705
11487.305,-0.0704
11488.770,-0.0711
11490.234,-0.0708
11491.699,-0.0706
11493.164,-0.0715
11494.629,-0.0716
11496.094,-0.0713
11497.559,-0.0711
11499.023,-0.0709
11500.488,-0.0715
11501.953,-0.0715
11503.418,-0.0712
11504.883,-0.0714
11506.348,-0.0712
11507.812,-0.0719
11509.277,-0.0706
11510.742,-0.0713
11512.207,-0.0717
11513.672,-0.0715
11515.137,-0.0713
11516.602,-0.0715
11518.066,-0.0715
11519.531,-0.0715
11520.996,-0.0717
11522.461,-0.0718
11523.926,-0.0717
11525.391,-0.0713
11526.855,-0.0722
11528.320,-0.0716
11529.785,-0.0713
11531.250,-0.0717
11532.715,-0.0719
11534.180,-0.0717
11535.645,-0.0722
11537.109,-0.0719
11538.574,-0.0715
11540.039,-0.0717
11541.504,-0.0723
11542.969,-0.0721
11544.434,-0.0717
11545.898,-0.0726
11547.363,-0.0722
11548.828,-0.0722
11550.293,-0.0724
11551.758,-0.0720
11553.223,-0.0728
11554.688,-0.0722
11556.152,-0.0725
11557.617,-0.0726
11559.082,-0.0728
11560.547,-0.0724
11562.012,-0.0728
11563.477,-0.0719
11564.941,-0.0718
11566.406,-0.0721
11567.871,-0.0728
11569.336,-0.0729
11570.801,-0.0723
11572.266,-0.0734
11573.730,-0.0725
11575.195,-0.0726
11576.660,-0.0729
11578.125,-0.0728
11579.590,-0.0729
11581.055,-0.0729
11582.520,-0.0729
11583.984,-0.0733
11585.449,-0.0730
11586.914,-0.0732
11588.379,-0.0729
11589.844,-0.0738
11591.309,-0.0729
11592.773,-0.0729
11594.238,-0.0738
11595.703,-0.0733
11597.168,-0.0740
11598.633,-0.0736
11600.098,-0.0739
11601.562,-0.0737
11603.027,-0.0733
11604.492,-0.0741
11605.957,-0.0737
11607.422,-0.0742
11608.887,-0.0742
11610.352,-0.0741
11611.816,-0.0741
11613.281,-0.0737
11614.746,-0.0740
11616.211,-0.0747
11617.676,-0.0741
11619.141,-0.0740
11620.605,-0.0741
11622.070,-0.0746
11623.535,-0.0750
11625.000,-0.0749
11626.465,-0.0742
11627.930,-0.0742
11629.395,-0.0746
11630.859,-0.0744
11632.324,-0.0748
11633.789,-0.0751
11635.254,-0.0748
11636.719,-0.0741
11638.184,-0.0743
11639.648,-0.0748
11641.113,-0.0746
11642.578,-0.0744
11644.043,-0.0745
11645.508,-0.0750
11646.973,-0.0749
11648.438,-0.0753
11649.902,-0.0754
11651.367,-0.0751
11652.832,-0.0746
11654.297,-0.0743
11655.762,-0.0750
11657.227,-0.0750
11658.691,-0.0749
11660.156,-0.0751
11661.621,-0.0751
11663.086,-0.0748
11664.551,-0.0752
11666.016,-0.0753
11667.480,-0.0750
11668.945,-0.0757
11670.410,-0.0756
11671.875,-0.0756
11673.340,-0.0749
11674.805,-0.0754
11676.270,-0.0752
11677.734,-0.0758
11679.199,-0.0755
11680.664,-0.0756
11682.129,-0.0757
11683.594,-0.0753
11685.059,-0.0759
11686.523,-0.0760
11687.988,-0.0750
11689.453,-0.0749
11690.918,-0.0752
11692.383,-0.0755
11693.848,-0.0754
11695.312,-0.0758
11696.777,-0.0755
11698.242,-0.0756
11699.707,-0.0763
11701.172,-0.0760
11702.637,-0.0754
11704.102,-0.0755
11705.566,-0.0758
11707.031,-0.0759
11708.496,-0.0762
11709.961,-0.0753
11711.426,-0.0753
11712.891,-0.0762
11714.355,-0.0763
11715.820,-0.0759
11717.285,-0.0758
11718.750,-0.0760
11720.215,-0.0760
11721.680,-0.0755
11723.145,-0.0754
11724.609,-0.0760
11726.074,-0.0759
11727.539,-0.0764
11729.004,-0.0766
11730.469,-0.0765
11731.934,-0.0762
11733.398,-0.0761
11734.863,-0.0764
11736.328,-0.0757
11737.793,-0.0755
11739.258,-0.0764
11740.723,-0.0765
11742.188,-0.0764
11743.652,-0.0765
11745.117,-0.0759
11746.582,-0.0760
11748.047,-0.0761
11749.512,-0.0763
11750.977,-0.0760
11752.441,-0.0762
11753.906,-0.0762
11755.371,-0.0758
11756.836,-0.0758
11758.301,-0.0760
11759.766,-0.0760
11761.230,-0.0760
11762.695,-0.0760
11764.160,-0.0760
11765.625,-0.0759
11767.090,-0.0763
11768.555,-0.0762
11770.020,-0.0761
11771.484,-0.0756
11772.949,-0.0760
11774.414,-0.0764
11775.879,-0.0762
11777.344,-0.0759
11778.809,-0.0756
11780.273,-0.0762
11781.738,-0.0763
11783.203,-0.0761
11784.668,-0.0759
11786.133,-0.0757
11787.598,-0.0762
11789.062,-0.0764
11790.527,-0.0765
11791.992,-0.0760
11793.457,-0.0761
11794.922,-0.0759
11796.387,-0.0763
11797.852,-0.0764
11799.316,-0.0762
11800.781,-0.0760
11802.246,-0.0759
11803.711,-0.0763
11805.176,-0.0759
11806.641,-0.0759
11808.105,-0.0764
11809.570,-0.0761
11811.035,-0.0758
11812.500,-0.0762
11813.965,-0.0758
11815.430,-0.0759
11816.895,-0.0762
11818.359,-0.0762
11819.824,-0.0762
11821.289,-0.0760
11822.754,-0.0756
11824.219,-0.0758
11825.684,-0.0760
11827.148,-0.0763
11828.613,-0.0763
11830.078,-0.0757
11831.543,-0.0758
11833.008,-0.0759
11834.473,-0.0755
11835.938,-0.0753
11837.402,-0.0756
11838.867,-0.0758
11840.332,-0.0760
11841.797,-0.0759
11843.262,-0.0758
11844.727,-0.0758
11846.191,-0.0757
11847.656,-0.0754
11849.121,-0.0756
11850.586,-0.0756
11852.051,-0.0756
11853.516,-0.0757
11854.980,-0.0756
11856.445,-0.0756
11857.910,-0.0756
11859.375,-0.0754
11860.840,-0.0753
11862.305,-0.0756
11863.770,-0.0757
11865.234,-0.0759
11866.699,-0.0756
11868.164,-0.0758
11869.629,-0.0756
11871.094,-0.0753
11872.559,-0.0752
11874.023,-0.0755
11875.488,-0.0755
11876.953,-0.0755
11878.418,-0.0755
11879.883,-0.0753
11881.348,-0.0752
11882.812,-0.0754
11884.277,-0.0757
11885.742,-0.0754
11887.207,-0.0754
11888.672,-0.0753
11890.137,-0.0752
11891.602,-0.0750
11893.066,-0.0750
11894.531,-0.0752
11895.996,-0.0754
11897.461,-0.0752
11898.926,-0.0752
11900.391,-0.0754
11901.855,-0.0753
11903.320,-0.0752
11904.785,-0.0750
11906.250,-0.0751
11907.715,-0.0755
11909.180,-0.0755
11910.645,-0.0753
11912.109,-0.0748
11913.574,-0.0749
11915.039,-0.0753
11916.504,-0.0752
11917.969,-0.0751
11919.434,-0.0751
11920.898,-0.0751
11922.363,-0.0747
11923.828,-0.0746
11925.293,-0.0745
11926.758,-0.0745
11928.223,-0.0748
11929.688,-0.0751
11931.152,-0.0751
11932.617,-0.0750
11934.082,-0.0749
11935.547,-0.0751
11937.012,-0.0751
11938.477,-0.0749
11939.941,-0.0748
11941.406,-0.0746
11942.871,-0.0746
11944.336,-0.0748
11945.801,-0.0748
11947.266,-0.0746
11948.730,-0.0745
11950.195,-0.0745
11951.660,-0.0747
11953.125,-0.0746
11954.590,-0.0746
11956.055,-0.0747
11957.520,-0.0745
11958.984,-0.0744
11960.449,-0.0746
11961.914,-0.0748
11963.379,-0.0747
11964.844,-0.0745
11966.309,-0.0743
11967.773,-0.0742
11969.238,-0.0743
11970.703,-0.0743
11972.168,-0.0742
11973.633,-0.0742
11975.098,-0.0742
11976.562,-0.0740
11978.027,-0.0742
11979.492,-0.0743
11980.957,-0.0744
11982.422,-0.0743
11983.887,-0.0743
11985.352,-0.0744
11986.816,-0.0746
11988.281,-0.0747
11989.746,-0.0744
11991.211,-0.0743
11992.676,-0.0745
11994.141,-0.0743
11995.605,-0.0740
11997.070,-0.0740
11998.535,-0.0741
12000.000,-0.0744
12001.465,-0.0744
12002.930,-0.0741
12004.395,-0.0739
12005.859,-0.0740
12007.324,-0.0740
12008.789,-0.0741
12010.254,-0.0741
12011.719,-0.0742
12013.184,-0.0741
12014.648,-0.0741
12016.113,-0.0739
12017.578,-0.0737
12019.043,-0.0734
12020.508,-0.0736
12021.973,-0.0738
12023.438,-0.0738
12024.902,-0.0737
12026.367,-0.0734
12027.832,-0.0734
12029.297,-0.0735
12030.762,-0.0736
12032.227,-0.0735
12033.691,-0.0734
12035.156,-0.0734
12036.621,-0.0732
12038.086,-0.0733
12039.551,-0.0735
12041.016,-0.0733
12042.480,-0.0734
12043.945,-0.0735
12045.410,-0.0736
12046.875,-0.0734
12048.340,-0.0732
12049.805,-0.0734
12051.270,-0.0734
12052.734,-0.0735
12054.199,-0.0734
12055.664,-0.0729
12057.129,-0.0729
12058.594,-0.0731
12060.059,-0.0733
12061.523,-0.0734
12062.988,-0.0734
12064.453,-0.0731
12065.918,-0.0729
12067.383,-0.0730
12068.848,-0.0730
12070.312,-0.0733
12071.777,-0.0733
12073.242,-0.0728
12074.707,-0.0725
12076.172,-0.0726
12077.637,-0.0728
12079.102,-0.0729
12080.566,-0.0728
12082.031,-0.0729
12083.496,-0.0729
12084.961,-0.0729
12086.426,-0.0729
12087.891,-0.0725
12089.355,-0.0723
12090.820,-0.0725
12092.285,-0.0726
12093.750,-0.0725
12095.215,-0.0723
12096.680,-0.0725
12098.145,-0.0726
12099.609,-0.0727
12101.074,-0.0727
12102.539,-0.0726
12104.004,-0.0724
12105.469,-0.0723
12106.934,-0.0722
12108.398,-0.0720
12109.863,-0.0720
12111.328,-0.0723
12112.793,-0.0724
12114.258,-0.0723
12115.723,-0.0722
12117.188,-0.0722
12118.652,-0.0724
12120.117,-0.0722
12121.582,-0.0719
12123.047,-0.0720
12124.512,-0.0720
12125.977,-0.0716
12127.441,-0.0719
12128.906,-0.0724
12130.371,-0.0725
12131.836,-0.0722
12133.301,-0.0717
12134.766,-0.0716
12136.230,-0.0719
12137.695,-0.0720
12139.160,-0.0718
12140.625,-0.0719
12142.090,-0.0721
12143.555,-0.0720
12145.020,-0.0717
12146.484,-0.0717
12147.949,-0.0718
12149.414,-0.0718
12150.879,-0.0718
12152.344,-0.0719
12153.809,-0.0719
12155.273,-0.0719
12156.738,-0.0717
12158.203,-0.0716
12159.668,-0.0716
12161.133,-0.0715
12162.598,-0.0717
12164.062,-0.0717
12165.527,-0.0714
12166.992,-0.0712
12168.457,-0.0714
12169.922,-0.0718
12171.387,-0.0717
12172.852,-0.0715
12174.316,-0.0715
12175.781,-0.0716
12177.246,-0.0714
12178.711,-0.0715
12180.176,-0.0716
12181.641,-0.0714
12183.105,-0.0714
12184.570,-0.0716
12186.035,-0.0716
12187.500,-0.0714
12188.965,-0.0713
12190.430,-0.0711
12191.895,-0.0709
12193.359,-0.0711
12194.824,-0.0712
12196.289,-0.0710
12197.754,-0.0709
12199.219,-0.0709
12200.684,-0.0709
12202.148,-0.0710
12203.613,-0.0711
12205.078,-0.0710
12206.543,-0.0709
12208.008,-0.0710
12209.473,-0.0710
12210.938,-0.0709
12212.402,-0.0707
12213.867,-0.0707
12215.332,-0.0707
12216.797,-0.0708
12218.262,-0.0708
12219.727,-0.0709
12221.191,-0.0708
12222.656,-0.0706
12224.121,-0.0707
12225.586,-0.0706
12227.051,-0.0704
12228.516,-0.0703
12229.980,-0.0704
12231.445,-0.0705
12232.910,-0.0704
12234.375,-0.0702
12235.840,-0.0706
12237.305,-0.0705
12238.770,-0.0701
12240.234,-0.0704
12241.699,-0.0708
12243.164,-0.0705
12244.629,-0.0703
12246.094,-0.0704
12247.559,-0.0702
12249.023,-0.0704
12250.488,-0.0705
12251.953,-0.0704
12253.418,-0.0704
12254.883,-0.0703
12256.348,-0.0703
12257.812,-0.0701
12259.277,-0.0701
12260.742,-0.0704
12262.207,-0.0706
12263.672,-0.0704
12265.137,-0.0699
12266.602,-0.0702
12268.066,-0.0705
12269.531,-0.0703
12270.996,-0.0704
12272.461,-0.0706
12273.926,-0.0702
12275.391,-0.0703
12276.855,-0.0703
12278.320,-0.0702
12279.785,-0.0703
12281.250,-0.0703
12282.715,-0.0703
12284.180,-0.0703
12285.645,-0.0700
12287.109,-0.0702
12288.574,-0.0702
12290.039,-0.0701
12291.504,-0.0701
12292.969,-0.0700
12294.434,-0.0700
12295.898,-0.0700
12297.363,-0.0702
12298.828,-0.0700
12300.293,-0.0696
12301.758,-0.0697
12303.223,-0.0700
12304.688,-0.0700
12306.152,-0.0701
12307.617,-0.0699
12309.082,-0.0698
12310.547,-0.0700
12312.012,-0.0696
12313.477,-0.0697
12314.941,-0.0700
12316.406,-0.0698
12317.871,-0.0696
12319.336,-0.0701
12320.801,-0.0704
12322.266,-0.0697
12323.730,-0.0701
12325.195,-0.0701
12326.660,-0.0695
12328.125,-0.0696
12329.590,-0.0697
12331.055,-0.0701
12332.520,-0.0700
12333.984,-0.0696
12335.449,-0.0697
12336.914,-0.0699
12338.379,-0.0697
12339.844,-0.0700
12341.309,-0.0695
12342.773,-0.0697
12344.238,-0.0695
12345.703,-0.0698
12347.168,-0.0698
12348.633,-0.0700
12350.098,-0.0699
12351.562,-0.0698
12353.027,-0.0700
12354.492,-0.0695
12355.957,-0.0696
12357.422,-0.0696
12358.887,-0.0696
12360.352,-0.0698
12361.816,-0.0698
12363.281,-0.0698
12364.746,-0.0700
12366.211,-0.0698
12367.676,-0.0699
12369.141,-0.0696
12370.605,-0.0698
12372.070,-0.0700
12373.535,-0.0694
12375.000,-0.0697
12376.465,-0.0697
12377.930,-0.0697
12379.395,-0.0699
12380.859,-0.0699
12382.324,-0.0700
12383.789,-0.0699
12385.254,-0.0693
12386.719,-0.0693
12388.184,-0.0695
12389.648,-0.0700
12391.113,-0.0700
12392.578,-0.0695
12394.043,-0.0697
12395.508,-0.0695
12396.973,-0.0697
12398.438,-0.0698
12399.902,-0.0693
12401.367,-0.0697
12402.832,-0.0693
12404.297,-0.0697
12405.762,-0.0699
12407.227,-0.0698
12408.691,-0.0698
12410.156,-0.0695
12411.621,-0.0697
12413.086,-0.0698
12414.551,-0.0698
12416.016,-0.0698
12417.480,-0.0697
12418.945,-0.0698
12420.410,-0.0698
12421.875,-0.0697
12423.340,-0.0699
12424.805,-0.0698
12426.270,-0.0702
12427.734,-0.0699
12429.199,-0.0696
12430.664,-0.0703
12432.129,-0.0702
12433.594,-0.0700
12435.059,-0.0703
12436.523,-0.0695
12437.988,-0.0699
12439.453,-0.0702
12440.918,-0.0699
12442.383,-0.0702
12443.848,-0.0701
12445.312,-0.0700
12446.777,-0.0701
12448.242,-0.0702
12449.707,-0.0700
12451.172,-0.0705
12452.637,-0.0702
12454.102,-0.0701
12455.566,-0.0702
12457.031,-0.0703
12458.496,-0.0702
12459.961,-0.0702
12461.426,-0.0701
12462.891,-0.0705
12464.355,-0.0704
12465.820,-0.0705
12467.285,-0.0708
12468.750,-0.0710
12470.215,-0.0701
12471.680,-0.0705
12473.145,-0.0708
12474.609,-0.0704
12476.074,-0.0706
12477.539,-0.0704
12479.004,-0.0711
12480.469,-0.0709
12481.934,-0.0711
12483.398,-0.0709
12484.863,-0.0707
12486.328,-0.0708
12487.793,-0.0709
12489.258,-0.0705
12490.723,-0.0706
12492.188,-0.0709
12493.652,-0.0707
12495.117,-0.0711
12496.582,-0.0713
12498.047,-0.0709
12499.512,-0.0711
12500.977,-0.0707
12502.441,-0.0711
12503.906,-0.0716
12505.371,-0.0710
12506.836,-0.0712
12508.301,-0.0709
12509.766,-0.0715
12511.230,-0.0715
12512.695,-0.0712
12514.160,-0.0716
12515.625,-0.0716
12517.090,-0.0714
12518.555,-0.0715
12520.020,-0.0717
12521.484,-0.0715
12522.949,-0.0719
12524.414,-0.0713
12525.879,-0.0715
12527.344,-0.0719
12528.809,-0.0719
12530.273,-0.0722
12531.738,-0.0716
12533.203,-0.0718
12534.668,-0.0714
12536.133,-0.0721
12537.598,-0.0724
12539.062,-0.0721
12540.527,-0.0718
12541.992,-0.0721
12543.457,-0.0720
12544.922,-0.0729
12546.387,-0.0724
12547.852,-0.0721
12549.316,-0.0723
12550.781,-0.0724
12552.246,-0.0720
12553.711,-0.0719
12555.176,-0.0726
12556.641,-0.0727
12558.105,-0.0725
12559.570,-0.0725
12561.035,-0.0723
12562.500,-0.0726
12563.965,-0.0726
12565.430,-0.0729
12566.895,-0.0737
12568.359,-0.0728
12569.824,-0.0726
12571.289,-0.0729
12572.754,-0.0728
12574.219,-0.0728
12575.684,-0.0731
12577.148,-0.0733
12578.613,-0.0732
12580.078,-0.0738
12581.543,-0.0737
12583.008,-0.0737
12584.473,-0.0735
12585.938,-0.0734
12587.402,-0.0731
12588.867,-0.0736
12590.332,-0.0739
12591.797,-0.0740
12593.262,-0.0735
12594.727,-0.0737
12596.191,-0.0738
12597.656,-0.0733
12599.121,-0.0736
12600.586,-0.0738
12602.051,-0.0737
12603.516,-0.0734
12604.980,-0.0741
12606.445,-0.0737
12607.910,-0.0738
12609.375,-0.0737
12610.840,-0.0737
12612.305,-0.0735
12613.770,-0.0738
12615.234,-0.0742
12616.699,-0.0735
12618.164,-0.0744
12619.629,-0.0744
12621.094,-0.0741
12622.559,-0.0743
12624.023,-0.0744
12625.488,-0.0743
12626.953,-0.0745
12628.418,-0.0747
12629.883,-0.0741
12631.348,-0.0742
12632.812,-0.0745
12634.277,-0.0745
12635.742,-0.0746
12637.207,-0.0746
12638.672,-0.0746
12640.137,-0.0747
12641.602,-0.0744
12643.066,-0.0742
12644.531,-0.0749
12645.996,-0.0747
12647.461,-0.0745
12648.926,-0.0751
12650.391,-0.0748
12651.855,-0.0746
12653.320,-0.0750
12654.785,-0.0753
12656.250,-0.0748
12657.715,-0.0744
12659.180,-0.0750
12660.645,-0.0750
12662.109,-0.0748
12663.574,-0.0748
12665.039,-0.0751
12666.504,-0.0752
12667.969,-0.0752
12669.434,-0.0749
12670.898,-0.0754
12672.363,-0.0750
12673.828,-0.0752
12675.293,-0.0755
12676.758,-0.0754
12678.223,-0.0749
12679.688,-0.0749
12681.152,-0.0755
12682.617,-0.0748
12684.082,-0.0755
12685.547,-0.0757
12687.012,-0.0757
12688.477,-0.0751
12689.941,-0.0751
12691.406,-0.0753
12692.871,-0.0753
12694.336,-0.0755
12695.801,-0.0752
12697.266,-0.0751
12698.730,-0.0756
12700.195,-0.0755
12701.660,-0.0758
12703.125,-0.0755
12704.590,-0.0759
12706.055,-0.0755
12707.520,-0.0754
12708.984,-0.0757
12710.449,-0.0754
12711.914,-0.0753
12713.379,-0.0756
12714.844,-0.0758
12716.309,-0.0755
12717.773,-0.0758
12719.238,-0.0755
12720.703,-0.0758
12722.168,-0.0758
12723.633,-0.0757
12725.098,-0.0757
12726.562,-0.0758
12728.027,-0.0760
12729.492,-0.0757
12730.957,-0.0757
12732.422,-0.0757
12733.887,-0.0759
12735.352,-0.0758
12736.816,-0.0759
12738.281,-0.0760
12739.746,-0.0755
12741.211,-0.0754
12742.676,-0.0756
12744.141,-0.0759
12745.605,-0.0760
12747.070,-0.0757
12748.535,-0.0757
12750.000,-0.0757
12751.465,-0.0755
12752.930,-0.0759
12754.395,-0.0760
12755.859,-0.0757
12757.324,-0.0760
12758.789,-0.0759
12760.254,-0.0759
12761.719,-0.0760
12763.184,-0.0760
12764.648,-0.0760
12766.113,-0.0760
12767.578,-0.0758
12769.043,-0.0758
12770.508,-0.0757
12771.973,-0.0758
12773.438,-0.0761
12774.902,-0.0757
12776.367,-0.0758
12777.832,-0.0759
12779.297,-0.0758
12780.762,-0.0758
12782.227,-0.0757
12783.691,-0.0757
12785.156,-0.0756
12786.621,-0.0757
12788.086,-0.0758
12789.551,-0.0756
12791.016,-0.0758
12792.480,-0.0760
12793.945,-0.0758
12795.410,-0.0759
12796.875,-0.0760
12798.340,-0.0757
12799.805,-0.0757
12801.270,-0.0757
12802.734,-0.0759
12804.199,-0.0759
12805.664,-0.0759
12807.129,-0.0758
12808.594,-0.0761
12810.059,-0.0758
12811.523,-0.0755
12812.988,-0.0759
12814.453,-0.0758
12815.918,-0.0760
12817.383,-0.0759
12818.848,-0.0757
12820.312,-0.0756
12821.777,-0.0756
12823.242,-0.0761
12824.707,-0.0760
12826.172,-0.0757
12827.637,-0.0755
12829.102,-0.0756
12830.566,-0.0755
12832.031,-0.0755
12833.496,-0.0757
12834.961,-0.0756
12836.426,-0.0754
12837.891,-0.0755
12839.355,-0.0754
12840.820,-0.0756
12842.285,-0.0757
12843.750,-0.0758
12845.215,-0.0757
12846.680,-0.0756
12848.145,-0.0757
12849.609,-0.0756
12851.074,-0.0756
12852.539,-0.0756
12854.004,-0.0755
12855.469,-0.0753
12856.934,-0.0753
12858.398,-0.0755
12859.863,-0.0754
12861.328,-0.0753
12862.793,-0.0755
12864.258,-0.0757
12865.723,-0.0757
12867.188,-0.0755
12868.652,-0.0753
12870.117,-0.0752
12871.582,-0.0753
12873.047,-0.0753
12874.512,-0.0753
12875.977,-0.0754
12877.441,-0.0753
12878.906,-0.0751
12880.371,-0.0751
12881.836,-0.0752
12883.301,-0.0752
12884.766,-0.0752
12886.230,-0.0750
12887.695,-0.0748
12889.160,-0.0750
12890.625,-0.0751
12892.090,-0.0749
12893.555,-0.0751
12895.020,-0.0751
12896.484,-0.0750
12897.949,-0.0750
12899.414,-0.0750
12900.879,-0.0750
12902.344,-0.0752
12903.809,-0.0751
12905.273,-0.0752
12906.738,-0.0751
12908.203,-0.0750
12909.668,-0.0749
12911.133,-0.0748
12912.598,-0.0745
12914.062,-0.0745
12915.527,-0.0747
12916.992,-0.0749
12918.457,-0.0751
12919.922,-0.0750
12921.387,-0.0750
12922.852,-0.0749
12924.316,-0.0748
12925.781,-0.0747
12927.246,-0.0747
12928.711,-0.0748
12930.176,-0.0747
12931.641,-0.0745
12933.105,-0.0747
12934.570,-0.0747
12936.035,-0.0744
12937.500,-0.0745
12938.965,-0.0744
12940.430,-0.0745
12941.895,-0.0746
12943.359,-0.0746
12944.824,-0.0746
12946.289,-0.0747
12947.754,-0.0745
12949.219,-0.0743
12950.684,-0.0744
12952.148,-0.0746
12953.613,-0.0744
12955.078,-0.0742
12956.543,-0.0741
12958.008,-0.0741
12959.473,-0.0743
12960.938,-0.0744
12962.402,-0.0743
12963.867,-0.0742
12965.332,-0.0743
12966.797,-0.0743
12968.262,-0.0742
12969.727,-0.0742
12971.191,-0.0741
12972.656,-0.0741
12974.121,-0.0740
12975.586,-0.0742
12977.051,-0.0742
12978.516,-0.0741
12979.980,-0.0742
12981.445,-0.0740
12982.910,-0.0741
12984.375,-0.0739
12985.840,-0.0739
12987.305,-0.0739
12988.770,-0.0738
12990.234,-0.0739
12991.699,-0.0741
12993.164,-0.0741
12994.629,-0.0739
12996.094,-0.0739
12997.559,-0.0736
12999.023,-0.0737
13000.488,-0.0737
13001.953,-0.0737
13003.418,-0.0739
13004.883,-0.0742
13006.348,-0.0739
13007.812,-0.0738
13009.277,-0.0739
13010.742,-0.0739
13012.207,-0.0739
13013.672,-0.0736
13015.137,-0.0735
13016.602,-0.0738
13018.066,-0.0737
13019.531,-0.0735
13020.996,-0.0735
13022.461,-0.0735
13023.926,-0.0734
13025.391,-0.0733
13026.855,-0.0735
13028.320,-0.0735
13029.785,-0.0735
13031.250,-0.0735
13032.715,-0.0735
13034.180,-0.0737
13035.645,-0.0739
13037.109,-0.0735
13038.574,-0.0732
13040.039,-0.0731
13041.504,-0.0731
13042.969,-0.0734
13044.434,-0.0735
13045.898,-0.0737
13047.363,-0.0737
13048.828,-0.0735
13050.293,-0.0733
13051.758,-0.0730
13053.223,-0.0730
13054.688,-0.0732
13056.152,-0.0733
13057.617,-0.0733
13059.082,-0.0734
13060.547,-0.0735
13062.012,-0.0733
13063.477,-0.0731
13064.941,-0.0731
13066.406,-0.0732
13067.871,-0.0732
13069.336,-0.0730
13070.801,-0.0733
13072.266,-0.0733
13073.730,-0.0732
13075.195,-0.0731
13076.660,-0.0730
13078.125,-0.0728
13079.590,-0.0728
13081.055,-0.0729
13082.520,-0.0729
13083.984,-0.0729
13085.449,-0.0728
13086.914,-0.0729
13088.379,-0.0730
13089.844,-0.0728
13091.309,-0.0728
13092.773,-0.0729
13094.238,-0.0729
13095.703,-0.0728
13097.168,-0.0727
13098.633,-0.0727
13100.098,-0.0725
13101.562,-0.0725
13103.027,-0.0727
13104.492,-0.0727
13105.957,-0.0724
13107.422,-0.0723
13108.887,-0.0724
13110.352,-0.0725
13111.816,-0.0728
13113.281,-0.0727
13114.746,-0.0726
13116.211,-0.0725
13117.676,-0.0723
13119.141,-0.0724
13120.605,-0.0723
13122.070,-0.0721
13123.535,-0.0722
13125.000,-0.0724
13126.465,-0.0723
13127.930,-0.0722
13129.395,-0.0722
13130.859,-0.0724
13132.324,-0.0726
13133.789,-0.0725
13135.254,-0.0723
13136.719,-0.0722
13138.184,-0.0722
13139.648,-0.0723
13141.113,-0.0722
13142.578,-0.0722
13144.043,-0.0721
13145.508,-0.0721
13146.973,-0.0721
13148.438,-0.0722
13149.902,-0.0721
13151.367,-0.0720
13152.832,-0.0719
13154.297,-0.0719
13155.762,-0.0718
13157.227,-0.0717
13158.691,-0.0718
13160.156,-0.0719
13161.621,-0.0719
13163.086,-0.0720
13164.551,-0.0718
13166.016,-0.0719
13167.480,-0.0718
13168.945,-0.0717
13170.410,-0.0717
13171.875,-0.0718
13173.340,-0.0718
13174.805,-0.0717
13176.270,-0.0718
13177.734,-0.0719
13179.199,-0.0718
13180.664,-0.0719
13182.129,-0.0718
13183.594,-0.0716
13185.059,-0.0716
13186.523,-0.0715
13187.988,-0.0715
13189.453,-0.0715
13190.918,-0.0715
13192.383,-0.0715
13193.848,-0.0716
13195.312,-0.0716
13196.777,-0.0718
13198.242,-0.0717
13199.707,-0.0715
13201.172,-0.0712
13202.637,-0.0712
13204.102,-0.0716
13205.566,-0.0715
13207.031,-0.0713
13208.496,-0.0713
13209.961,-0.0713
13211.426,-0.0712
13212.891,-0.0712
13214.355,-0.0712
13215.820,-0.0712
13217.285,-0.0710
13218.750,-0.0709
13220.215,-0.0709
13221.680,-0.0711
13223.145,-0.0711
13224.609,-0.0711
13226.074,-0.0714
13227.539,-0.0714
13229.004,-0.0713
13230.469,-0.0711
13231.934,-0.0710
13233.398,-0.0710
13234.863,-0.0711
13236.328,-0.0710
13237.793,-0.0709
13239.258,-0.0709
13240.723,-0.0710
13242.188,-0.0709
13243.652,-0.0709
13245.117,-0.0709
13246.582,-0.0709
13248.047,-0.0709
13249.512,-0.0707
13250.977,-0.0706
13252.441,-0.0710
13253.906,-0.0710
13255.371,-0.0709
13256.836,-0.0710
13258.301,-0.0709
13259.766,-0.0710
13261.230,-0.0709
13262.695,-0.0709
13264.160,-0.0708
13265.625,-0.0706
13267.090,-0.0706
13268.555,-0.0706
13270.020,-0.0704
13271.484,-0.0703
13272.949,-0.0704
13274.414,-0.0706
13275.879,-0.0707
13277.344,-0.0706
13278.809,-0.0707
13280.273,-0.0707
13281.738,-0.0706
13283.203,-0.0705
13284.668,-0.0704
13286.133,-0.0705
13287.598,-0.0706
13289.062,-0.0705
13290.527,-0.0704
13291.992,-0.0705
13293.457,-0.0703
13294.922,-0.0702
13296.387,-0.0703
13297.852,-0.0703
13299.316,-0.0705
13300.781,-0.0705
13302.246,-0.0703
13303.711,-0.0702
13305.176,-0.0704
13306.641,-0.0704
13308.105,-0.0705
13309.570,-0.0705
13311.035,-0.0703
13312.500,-0.0703
13313.965,-0.0704
13315.430,-0.0702
13316.895,-0.0701
13318.359,-0.0700
13319.824,-0.0701
13321.289,-0.0704
13322.754,-0.0703
13324.219,-0.0702
13325.684,-0.0700
13327.148,-0.0700
13328.613,-0.0699
13330.078,-0.0702
13331.543,-0.0702
13333.008,-0.0700
13334.473,-0.0699
13335.938,-0.0703
13337.402,-0.0701
13338.867,-0.0700
13340.332,-0.0702
13341.797,-0.0701
13343.262,-0.0700
13344.727,-0.0700
13346.191,-0.0700
13347.656,-0.0703
13349.121,-0.0702
13350.586,-0.0701
13352.051,-0.0700
13353.516,-0.0700
13354.980,-0.0700
13356.445,-0.0700
13357.910,-0.0699
13359.375,-0.0697
13360.840,-0.0697
13362.305,-0.0702
13363.770,-0.0699
13365.234,-0.0699
13366.699,-0.0701
13368.164,-0.0701
13369.629,-0.0698
13371.094,-0.0698
13372.559,-0.0698
13374.023,-0.0698
13375.488,-0.0698
13376.953,-0.0697
13378.418,-0.0698
13379.883,-0.0700
13381.348,-0.0701
13382.812,-0.0699
13384.277,-0.0696
13385.742,-0.0697
13387.207,-0.0696
13388.672,-0.0697
13390.137,-0.0699
13391.602,-0.0700
13393.066,-0.0700
13394.531,-0.0698
13395.996,-0.0699
13397.461,-0.0699
13398.926,-0.0698
13400.391,-0.0697
13401.855,-0.0699
13403.320,-0.0697
13404.785,-0.0700
13406.250,-0.0700
13407.715,-0.0697
13409.180,-0.0698
13410.645,-0.0699
13412.109,-0.0697
13413.574,-0.0698
13415.039,-0.0701
13416.504,-0.0698
13417.969,-0.0698
13419.434,-0.0697
13420.898,-0.0697
13422.363,-0.0698
13423.828,-0.0699
13425.293,-0.0697
13426.758,-0.0697
13428.223,-0.0697
13429.688,-0.0698
13431.152,-0.0696
13432.617,-0.0698
13434.082,-0.0700
13435.547,-0.0698
13437.012,-0.0697
13438.477,-0.0700
13439.941,-0.0697
13441.406,-0.0697
13442.871,-0.0698
13444.336,-0.0696
13445.801,-0.0697
13447.266,-0.0696
13448.730,-0.0697
13450.195,-0.0699
13451.660,-0.0700
13453.125,-0.0699
13454.590,-0.0698
13456.055,-0.0696
13457.520,-0.0699
13458.984,-0.0702
13460.449,-0.0700
13461.914,-0.0699
13463.379,-0.0698
13464.844,-0.0703
13466.309,-0.0700
13467.773,-0.0699
13469.238,-0.0696
13470.703,-0.0700
13472.168,-0.0695
13473.633,-0.0696
13475.098,-0.0701
13476.562,-0.0699
13478.027,-0.0702
13479.492,-0.0700
13480.957,-0.0699
13482.422,-0.0700
13483.887,-0.0699
13485.352,-0.0700
13486.816,-0.0702
13488.281,-0.0701
13489.746,-0.0701
13491.211,-0.0699
13492.676,-0.0701
13494.141,-0.0701
13495.605,-0.0702
13497.070,-0.0702
13498.535,-0.0701
13500.000,-0.0702
13501.465,-0.0705
13502.930,-0.0703
13504.395,-0.0702
13505.859,-0.0702
13507.324,-0.0700
13508.789,-0.0702
13510.254,-0.0703
13511.719,-0.0703
13513.184,-0.0707
13514.648,-0.0702
13516.113,-0.0702
13517.578,-0.0704
13519.043,-0.0706
13520.508,-0.0705
13521.973,-0.0703
13523.438,-0.0705
13524.902,-0.0706
13526.367,-0.0705
13527.832,-0.0703
13529.297,-0.0704
13530.762,-0.0706
13532.227,-0.0703
13533.691,-0.0707
13535.156,-0.0708
13536.621,-0.0707
13538.086,-0.0709
13539.551,-0.0708
13541.016,-0.0705
13542.480,-0.0704
13543.945,-0.0704
13545.410,-0.0704
13546.875,-0.0708
13548.340,-0.0708
13549.805,-0.0708
13551.270,-0.0709
13552.734,-0.0711
13554.199,-0.0709
13555.664,-0.0709
13557.129,-0.0707
13558.594,-0.0709
13560.059,-0.0711
13561.523,-0.0708
13562.988,-0.0709
13564.453,-0.0708
13565.918,-0.0713
13567.383,-0.0712
13568.848,-0.0715
13570.312,-0.0715
13571.777,-0.0714
13573.242,-0.0715
13574.707,-0.0711
13576.172,-0.0707
13577.637,-0.0713
13579.102,-0.0716
13580.566,-0.0711
13582.031,-0.0715
13583.496,-0.0716
13584.961,-0.0713
13586.426,-0.0717
13587.891,-0.0715
13589.355,-0.0718
13590.820,-0.0719
13592.285,-0.0717
13593.750,-0.0717
13595.215,-0.0718
13596.680,-0.0720
13598.145,-0.0719
13599.609,-0.0717
13601.074,-0.0718
13602.539,-0.0719
13604.004,-0.0718
13605.469,-0.0723
13606.934,-0.0720
13608.398,-0.0718
13609.863,-0.0718
13611.328,-0.0721
13612.793,-0.0721
13614.258,-0.0727
13615.723,-0.0719
13617.188,-0.0723
13618.652,-0.0721
13620.117,-0.0725
13621.582,-0.0726
13623.047,-0.0723
13624.512,-0.0725
13625.977,-0.0724
13627.441,-0.0729
13628.906,-0.0725
13630.371,-0.0728
13631.836,-0.0727
13633.301,-0.0728
13634.766,-0.0730
13636.230,-0.0727
13637.695,-0.0727
13639.160,-0.0726
13640.625,-0.0728
13642.090,-0.0729
13643.555,-0.0729
13645.020,-0.0726
13646.484,-0.0730
13647.949,-0.0730
13649.414,-0.0732
13650.879,-0.0728
13652.344,-0.0729
13653.809,-0.0734
13655.273,-0.0733
13656.738,-0.0734
13658.203,-0.0733
13659.668,-0.0735
13661.133,-0.0737
13662.598,-0.0733
13664.062,-0.0733
13665.527,-0.0736
13666.992,-0.0738
13668.457,-0.0737
13669.922,-0.0736
13671.387,-0.0737
13672.852,-0.0738
13674.316,-0.0738
13675.781,-0.0739
13677.246,-0.0735
13678.711,-0.0735
13680.176,-0.0738
13681.641,-0.0736
13683.105,-0.0739
13684.570,-0.0739
13686.035,-0.0735
13687.500,-0.0738
13688.965,-0.0738
13690.430,-0.0740
13691.895,-0.0740
13693.359,-0.0740
13694.824,-0.0738
13696.289,-0.0740
13697.754,-0.0742
13699.219,-0.0744
13700.684,-0.0744
13702.148,-0.0743
13703.613,-0.0746
13705.078,-0.0744
13706.543,-0.0743
13708.008,-0.0742
13709.473,-0.0747
13710.938,-0.0745
13712.402,-0.0746
13713.867,-0.0745
13715.332,-0.0747
13716.797,-0.0743
13718.262,-0.0748
13719.727,-0.0748
13721.191,-0.0751
13722.656,-0.0749
13724.121,-0.0747
13725.586,-0.0747
13727.051,-0.0746
13728.516,-0.0749
13729.980,-0.0749
13731.445,-0.0746
13732.910,-0.0749
13734.375,-0.0751
13735.840,-0.0749
13737.305,-0.0755
13738.770,-0.0749
13740.234,-0.0748
13741.699,-0.0751
13743.164,-0.0748
13744.629,-0.0752
13746.094,-0.0752
13747.559,-0.0751
13749.023,-0.0751
13750.488,-0.0751
13751.953,-0.0753
13753.418,-0.0752
13754.883,-0.0751
13756.348,-0.0750
13757.812,-0.0753
13759.277,-0.0754
13760.742,-0.0754
13762.207,-0.0755
13763.672,-0.0753
13765.137,-0.0753
13766.602,-0.0752
13768.066,-0.0755
13769.531,-0.0754
13770.996,-0.0755
13772.461,-0.0753
13773.926,-0.0755
13775.391,-0.0751
13776.855,-0.0754
13778.320,-0.0756
13779.785,-0.0756
13781.250,-0.0758
13782.715,-0.0759
13784.180,-0.0757
13785.645,-0.0758
13787.109,-0.0757
13788.574,-0.0758
13790.039,-0.0759
13791.504,-0.0758
13792.969,-0.0758
13794.434,-0.0757
13795.898,-0.0756
13797.363,-0.0760
13798.828,-0.0758
13800.293,-0.0752
13801.758,-0.0757
13803.223,-0.0759
13804.688,-0.0758
13806.152,-0.0759
13807.617,-0.0760
13809.082,-0.0760
13810.547,-0.0757
13812.012,-0.0761
13813.477,-0.0760
13814.941,-0.0760
13816.406,-0.0757
13817.871,-0.0757
13819.336,-0.0758
13820.801,-0.0760
13822.266,-0.0759
13823.730,-0.0754
13825.195,-0.0759
13826.660,-0.0760
13828.125,-0.0758
13829.590,-0.0755
13831.055,-0.0756
13832.520,-0.0760
13833.984,-0.0758
13835.449,-0.0757
13836.914,-0.0758
13838.379,-0.0760
13839.844,-0.0760
13841.309,-0.0759
13842.773,-0.0760
13844.238,-0.0761
13845.703,-0.0761
13847.168,-0.0759
13848.633,-0.0759
13850.098,-0.0764
13851.562,-0.0763
13853.027,-0.0761
13854.492,-0.0759
13855.957,-0.0755
13857.422,-0.0755
13858.887,-0.0758
13860.352,-0.0758
13861.816,-0.0760
13863.281,-0.0758
13864.746,-0.0759
13866.211,-0.0759
13867.676,-0.0760
13869.141,-0.0762
13870.605,-0.0761
13872.070,-0.0763
13873.535,-0.0759
13875.000,-0.0758
13876.465,-0.0761
13877.930,-0.0761
13879.395,-0.0760
13880.859,-0.0760
13882.324,-0.0762
13883.789,-0.0760
13885.254,-0.0760
13886.719,-0.0760
13888.184,-0.0757
13889.648,-0.0757
13891.113,-0.0758
13892.578,-0.0761
13894.043,-0.0760
13895.508,-0.0757
13896.973,-0.0755
13898.438,-0.0757
13899.902,-0.0761
13901.367,-0.0762
13902.832,-0.0761
13904.297,-0.0758
13905.762,-0.0758
13907.227,-0.0757
13908.691,-0.0759
13910.156,-0.0762
13911.621,-0.0757
13913.086,-0.0757
13914.551,-0.0759
13916.016,-0.0755
13917.480,-0.0757
13918.945,-0.0758
13920.410,-0.0757
13921.875,-0.0756
13923.340,-0.0756
13924.805,-0.0757
13926.270,-0.0758
13927.734,-0.0758
13929.199,-0.0758
13930.664,-0.0756
13932.129,-0.0755
13933.594,-0.0754
13935.059,-0.0755
13936.523,-0.0755
13937.988,-0.0755
13939.453,-0.0754
13940.918,-0.0751
13942.383,-0.0753
13943.848,-0.0754
13945.312,-0.0754
13946.777,-0.0752
13948.242,-0.0755
13949.707,-0.0759
13951.172,-0.0758
13952.637,-0.0755
13954.102,-0.0755
13955.566,-0.0754
13957.031,-0.0753
13958.496,-0.0753
13959.961,-0.0754
13961.426,-0.0752
13962.891,-0.0754
13964.355,-0.0755
13965.820,-0.0753
13967.285,-0.0755
13968.750,-0.0754
13970.215,-0.0753
13971.680,-0.0751
13973.145,-0.0750
13974.609,-0.0752
13976.074,-0.0752
13977.539,-0.0751
13979.004,-0.0751
13980.469,-0.0754
13981.934,-0.0754
13983.398,-0.0754
13984.863,-0.0754
13986.328,-0.0754
13987.793,-0.0753
13989.258,-0.0753
13990.723,-0.0752
13992.188,-0.0750
13993.652,-0.0751
13995.117,-0.0751
13996.582,-0.0751
13998.047,-0.0753
13999.512,-0.0755
14000.977,-0.0755
14002.441,-0.0754
14003.906,-0.0753
14005.371,-0.0751
14006.836,-0.0750
14008.301,-0.0750
14009.766,-0.0752
14011.230,-0.0753
14012.695,-0.0752
14014.160,-0.0751
14015.625,-0.0748
14017.090,-0.0746
14018.555,-0.0747
14020.020,-0.0748
14021.484,-0.0749
14022.949,-0.0750
14024.414,-0.0749
14025.879,-0.0748
14027.344,-0.0747
14028.809,-0.0750
14030.273,-0.0751
14031.738,-0.0749
14033.203,-0.0749
14034.668,-0.0750
14036.133,-0.0748
14037.598,-0.0748
14039.062,-0.0747
14040.527,-0.0745
14041.992,-0.0747
14043.457,-0.0747
14044.922,-0.0744
14046.387,-0.0745
14047.852,-0.0746
14049.316,-0.0745
14050.781,-0.0746
14052.246,-0.0748
14053.711,-0.0747
14055.176,-0.0745
14056.641,-0.0744
14058.105,-0.0747
14059.570,-0.0746
14061.035,-0.0744
14062.500,-0.0742
14063.965,-0.0742
14065.430,-0.0743
14066.895,-0.0743
14068.359,-0.0743
14069.824,-0.0743
14071.289,-0.0741
14072.754,-0.0740
14074.219,-0.0742
14075.684,-0.0742
14077.148,-0.0743
14078.613,-0.0744
14080.078,-0.0743
14081.543,-0.0742
14083.008,-0.0742
14084.473,-0.0741
14085.938,-0.0740
14087.402,-0.0742
14088.867,-0.0742
14090.332,-0.0740
14091.797,-0.0739
14093.262,-0.0739
14094.727,-0.0739
14096.191,-0.0742
14097.656,-0.0743
14099.121,-0.0743
14100.586,-0.0740
14102.051,-0.0738
14103.516,-0.0741
14104.980,-0.0740
14106.445,-0.0741
14107.910,-0.0739
14109.375,-0.0737
14110.840,-0.0737
14112.305,-0.0737
14113.770,-0.0738
14115.234,-0.0739
14116.699,-0.0741
14118.164,-0.0740
14119.629,-0.0739
14121.094,-0.0739
14122.559,-0.0739
14124.023,-0.0736
14125.488,-0.0733
14126.953,-0.0735
14128.418,-0.0737
14129.883,-0.0737
14131.348,-0.0738
14132.812,-0.0738
14134.277,-0.0737
14135.742,-0.0735
14137.207,-0.0735
14138.672,-0.0735
14140.137,-0.0735
14141.602,-0.0737
14143.066,-0.0738
14144.531,-0.0737
14145.996,-0.0735
14147.461,-0.0734
14148.926,-0.0734
14150.391,-0.0735
14151.855,-0.0736
14153.320,-0.0737
14154.785,-0.0736
14156.250,-0.0734
14157.715,-0.0733
14159.180,-0.0733
14160.645,-0.0734
14162.109,-0.0736
14163.574,-0.0736
14165.039,-0.0733
14166.504,-0.0732
14167.969,-0.0735
14169.434,-0.0736
14170.898,-0.0733
14172.363,-0.0731
14173.828,-0.0730
14175.293,-0.0729
14176.758,-0.0730
14178.223,-0.0732
14179.688,-0.0733
14181.152,-0.0733
14182.617,-0.0731
14184.082,-0.0730
14185.547,-0.0730
14187.012,-0.0729
14188.477,-0.0728
14189.941,-0.0729
14191.406,-0.0731
14192.871,-0.0731
14194.336,-0.0729
14195.801,-0.0729
14197.266,-0.0730
14198.730,-0.0728
14200.195,-0.0728
14201.660,-0.0728
14203.125,-0.0728
14204.590,-0.0727
14206.055,-0.0730
14207.520,-0.0729
14208.984,-0.0727
14210.449,-0.0729
14211.914,-0.0726
14213.379,-0.0722
14214.844,-0.0723
14216.309,-0.0726
14217.773,-0.0725
14219.238,-0.0726
14220.703,-0.0729
14222.168,-0.0727
14223.633,-0.0724
14225.098,-0.0724
14226.562,-0.0725
14228.027,-0.0723
14229.492,-0.0722
14230.957,-0.0726
14232.422,-0.0726
14233.887,-0.0725
14235.352,-0.0725
14236.816,-0.0724
14238.281,-0.0724
14239.746,-0.0724
14241.211,-0.0722
14242.676,-0.0720
14244.141,-0.0719
14245.605,-0.0721
14247.070,-0.0723
14248.535,-0.0726
14250.000,-0.0722
14251.465,-0.0718
14252.930,-0.0720
14254.395,-0.0723
14255.859,-0.0724
14257.324,-0.0723
14258.789,-0.0722
14260.254,-0.0725
14261.719,-0.0725
14263.184,-0.0720
14264.648,-0.0718
14266.113,-0.0720
14267.578,-0.0721
14269.043,-0.0718
14270.508,-0.0718
14271.973,-0.0721
14273.438,-0.0721
14274.902,-0.0720
14276.367,-0.0719
14277.832,-0.0719
14279.297,-0.0721
14280.762,-0.0720
14282.227,-0.0719
14283.691,-0.0718
14285.156,-0.0720
14286.621,-0.0718
14288.086,-0.0718
14289.551,-0.0717
14291.016,-0.0717
14292.480,-0.0719
14293.945,-0.0720
14295.410,-0.0719
14296.875,-0.0717
14298.340,-0.0718
14299.805,-0.0716
14301.270,-0.0715
14302.734,-0.0718
14304.199,-0.0719
14305.664,-0.0716
14307.129,-0.0716
14308.594,-0.0717
14310.059,-0.0716
14311.523,-0.0714
14312.988,-0.0714
14314.453,-0.0715
14315.918,-0.0716
14317.383,-0.0717
14318.848,-0.0717
14320.312,-0.0715
14321.777,-0.0713
14323.242,-0.0711
14324.707,-0.0713
14326.172,-0.0714
14327.637,-0.0711
14329.102,-0.0710
14330.566,-0.0711
14332.031,-0.0715
14333.496,-0.0714
14334.961,-0.0711
14336.426,-0.0711
14337.891,-0.0711
14339.355,-0.0713
14340.820,-0.0713
14342.285,-0.0713
14343.750,-0.0714
14345.215,-0.0715
14346.680,-0.0712
14348.145,-0.0712
14349.609,-0.0711
14351.074,-0.0708
14352.539,-0.0708
14354.004,-0.0713
14355.469,-0.0715
14356.934,-0.0713
14358.398,-0.0710
14359.863,-0.0709
14361.328,-0.0709
14362.793,-0.0710
14364.258,-0.0710
14365.723,-0.0709
14367.188,-0.0712
14368.652,-0.0712
14370.117,-0.0714
14371.582,-0.0715
14373.047,-0.0713
14374.512,-0.0710
14375.977,-0.0710
14377.441,-0.0708
14378.906,-0.0705
14380.371,-0.0704
14381.836,-0.0704
14383.301,-0.0703
14384.766,-0.0706
14386.230,-0.0710
14387.695,-0.0710
14389.160,-0.0707
14390.625,-0.0704
14392.090,-0.0706
14393.555,-0.0707
14395.020,-0.0705
14396.484,-0.0704
14397.949,-0.0707
14399.414,-0.0709
14400.879,-0.0706
14402.344,-0.0705
14403.809,-0.0706
14405.273,-0.0708
14406.738,-0.0708
14408.203,-0.0707
14409.668,-0.0707
14411.133,-0.0707
14412.598,-0.0706
14414.062,-0.0703
14415.527,-0.0707
14416.992,-0.0710
14418.457,-0.0707
14419.922,-0.0702
14421.387,-0.0704
14422.852,-0.0710
14424.316,-0.0708
14425.781,-0.0704
14427.246,-0.0703
14428.711,-0.0703
14430.176,-0.0698
14431.641,-0.0700
14433.105,-0.0705
14434.570,-0.0707
14436.035,-0.0706
14437.500,-0.0703
14438.965,-0.0706
14440.430,-0.0706
14441.895,-0.0705
14443.359,-0.0703
14444.824,-0.0704
14446.289,-0.0703
14447.754,-0.0702
14449.219,-0.0701
14450.684,-0.0701
14452.148,-0.0703
14453.613,-0.0701
14455.078,-0.0700
14456.543,-0.0699
14458.008,-0.0700
14459.473,-0.0701
14460.938,-0.0697
14462.402,-0.0698
14463.867,-0.0701
14465.332,-0.0703
14466.797,-0.0703
14468.262,-0.0701
14469.727,-0.0697
14471.191,-0.0701
14472.656,-0.0704
14474.121,-0.0701
14475.586,-0.0696
14477.051,-0.0697
14478.516,-0.0701
14479.980,-0.0697
14481.445,-0.0701
14482.910,-0.0702
14484.375,-0.0699
14485.840,-0.0703
14487.305,-0.0701
14488.770,-0.0699
14490.234,-0.0700
14491.699,-0.0700
14493.164,-0.0701
14494.629,-0.0696
14496.094,-0.0699
14497.559,-0.0703
14499.023,-0.0696
14500.488,-0.0696
14501.953,-0.0698
14503.418,-0.0699
14504.883,-0.0701
14506.348,-0.0699
14507.812,-0.0698
14509.277,-0.0698
14510.742,-0.0696
14512.207,-0.0701
14513.672,-0.0700
14515.137,-0.0700
14516.602,-0.0699
14518.066,-0.0694
14519.531,-0.0696
14520.996,-0.0696
14522.461,-0.0698
14523.926,-0.0699
14525.391,-0.0703
14526.855,-0.0695
14528.320,-0.0692
14529.785,-0.0691
14531.250,-0.0696
14532.715,-0.0699
14534.180,-0.0699
14535.645,-0.0691
14537.109,-0.0695
14538.574,-0.0696
14540.039,-0.0701
14541.504,-0.0697
14542.969,-0.0690
14544.434,-0.0696
14545.898,-0.0696
14547.363,-0.0693
14548.828,-0.0698
14550.293,-0.0693
14551.758,-0.0692
14553.223,-0.0693
14554.688,-0.0697
14556.152,-0.0697
14557.617,-0.0694
14559.082,-0.0689
14560.547,-0.0694
14562.012,-0.0699
14563.477,-0.0694
14564.941,-0.0698
14566.406,-0.0696
14567.871,-0.0698
14569.336,-0.0695
14570.801,-0.0695
14572.266,-0.0699
14573.730,-0.0701
14575.195,-0.0698
14576.660,-0.0694
14578.125,-0.0695
14579.590,-0.0705
14581.055,-0.0703
14582.520,-0.0694
14583.984,-0.0698
14585.449,-0.0694
14586.914,-0.0690
14588.379,-0.0693
14589.844,-0.0698
14591.309,-0.0701
14592.773,-0.0697
14594.238,-0.0698
14595.703,-0.0695
14597.168,-0.0699
14598.633,-0.0698
14600.098,-0.0695
14601.562,-0.0694
14603.027,-0.0698
14604.492,-0.0700
14605.957,-0.0700
14607.422,-0.0702
14608.887,-0.0699
14610.352,-0.0698
14611.816,-0.0700
14613.281,-0.0704
14614.746,-0.0699
14616.211,-0.0701
14617.676,-0.0703
14619.141,-0.0700
14620.605,-0.0697
14622.070,-0.0697
14623.535,-0.0700
14625.000,-0.0697
14626.465,-0.0697
14627.930,-0.0697
14629.395,-0.0699
14630.859,-0.0693
14632.324,-0.0702
14633.789,-0.0698
14635.254,-0.0699
14636.719,-0.0702
14638.184,-0.0702
14639.648,-0.0701
14641.113,-0.0699
14642.578,-0.0705
14644.043,-0.0701
14645.508,-0.0702
14646.973,-0.0700
14648.438,-0.0697
14649.902,-0.0702
14651.367,-0.0702
14652.832,-0.0702
14654.297,-0.0702
14655.762,-0.0708
14657.227,-0.0697
14658.691,-0.0700
14660.156,-0.0702
14661.621,-0.0701
14663.086,-0.0701
14664.551,-0.0699
14666.016,-0.0696
14667.480,-0.0701
14668.945,-0.0705
14670.410,-0.0708
14671.875,-0.0698
14673.340,-0.0705
14674.805,-0.0708
14676.270,-0.0702
14677.734,-0.0701
14679.199,-0.0709
14680.664,-0.0710
14682.129,-0.0709
14683.594,-0.0712
14685.059,-0.0709
14686.523,-0.0707
14687.988,-0.0703
14689.453,-0.0703
14690.918,-0.0710
14692.383,-0.0707
14693.848,-0.0714
14695.312,-0.0715
14696.777,-0.0707
14698.242,-0.0698
14699.707,-0.0708
14701.172,-0.0710
14702.637,-0.0712
14704.102,-0.0712
14705.566,-0.0706
14707.031,-0.0704
14708.496,-0.0708
14709.961,-0.0710
14711.426,-0.0702
14712.891,-0.0708
14714.355,-0.0710
14715.820,-0.0709
14717.285,-0.0713
14718.750,-0.0711
14720.215,-0.0707
14721.680,-0.0705
14723.145,-0.0706
14724.609,-0.0716
14726.074,-0.0711
14727.539,-0.0708
14729.004,-0.0714
14730.469,-0.0707
14731.934,-0.0710
14733.398,-0.0716
14734.863,-0.0713
14736.328,-0.0715
14737.793,-0.0712
14739.258,-0.0717
14740.723,-0.0718
14742.188,-0.0716
14743.652,-0.0714
14745.117,-0.0714
14746.582,-0.0719
14748.047,-0.0714
14749.512,-0.0715
14750.977,-0.0713
14752.441,-0.0713
14753.906,-0.0715
14755.371,-0.0720
14756.836,-0.0716
14758.301,-0.0729
14759.766,-0.0723
14761.230,-0.0725
14762.695,-0.0730
14764.160,-0.0717
14765.625,-0.0721
14767.090,-0.0717
14768.555,-0.0720
14770.020,-0.0716
14771.484,-0.0718
14772.949,-0.0719
14774.414,-0.0726
14775.879,-0.0720
14777.344,-0.0720
14778.809,-0.0728
14780.273,-0.0733
14781.738,-0.0722
14783.203,-0.0718
14784.668,-0.0725
14786.133,-0.0734
14787.598,-0.0731
14789.062,-0.0721
14790.527,-0.0723
14791.992,-0.0724
14793.457,-0.0727
14794.922,-0.0727
14796.387,-0.0724
14797.852,-0.0730
14799.316,-0.0726
14800.781,-0.0736
14802.246,-0.0738
14803.711,-0.0734
14805.176,-0.0729
14806.641,-0.0727
14808.105,-0.0731
14809.570,-0.0722
14811.035,-0.0731
14812.500,-0.0729
14813.965,-0.0728
14815.430,-0.0724
14816.895,-0.0732
14818.359,-0.0739
14819.824,-0.0726
14821.289,-0.0739
14822.754,-0.0737
14824.219,-0.0733
14825.684,-0.0733
14827.148,-0.0723
14828.613,-0.0730
14830.078,-0.0738
14831.543,-0.0736
14833.008,-0.0745
14834.473,-0.0742
14835.938,-0.0731
14837.402,-0.0733
14838.867,-0.0739
14840.332,-0.0739
14841.797,-0.0735
14843.262,-0.0734
14844.727,-0.0736
14846.191,-0.0732
14847.656,-0.0739
14849.121,-0.0741
14850.586,-0.0742
14852.051,-0.0740
14853.516,-0.0738
14854.980,-0.0743
14856.445,-0.0737
14857.910,-0.0743
14859.375,-0.0744
14860.840,-0.0743
14862.305,-0.0742
14863.770,-0.0748
14865.234,-0.0742
14866.699,-0.0743
14868.164,-0.0747
14869.629,-0.0742
14871.094,-0.0752
14872.559,-0.0748
14874.023,-0.0747
14875.488,-0.0742
14876.953,-0.0742
14878.418,-0.0738
14879.883,-0.0745
14881.348,-0.0749
14882.812,-0.0748
14884.277,-0.0748
14885.742,-0.0744
14887.207,-0.0741
14888.672,-0.0747
14890.137,-0.0747
14891.602,-0.0751
14893.066,-0.0750
14894.531,-0.0758
14895.996,-0.0744
14897.461,-0.0749
14898.926,-0.0750
14900.391,-0.0743
14901.855,-0.0746
14903.320,-0.0751
14904.785,-0.0755
14906.250,-0.0747
14907.715,-0.0743
14909.180,-0.0746
14910.645,-0.0749
14912.109,-0.0752
14913.574,-0.0744
14915.039,-0.0742
14916.504,-0.0751
14917.969,-0.0746
14919.434,-0.0751
14920.898,-0.0746
14922.363,-0.0747
14923.828,-0.0748
14925.293,-0.0748
14926.758,-0.0749
14928.223,-0.0754
14929.688,-0.0754
14931.152,-0.0747
14932.617,-0.0751
14934.082,-0.0756
14935.547,-0.0758
14937.012,-0.0767
14938.477,-0.0761
14939.941,-0.0756
14941.406,-0.0747
14942.871,-0.0755
14944.336,-0.0753
14945.801,-0.0758
14947.266,-0.0759
14948.730,-0.0764
14950.195,-0.0760
14951.660,-0.0761
14953.125,-0.0769
14954.590,-0.0758
14956.055,-0.0755
14957.520,-0.0755
14958.984,-0.0757
14960.449,-0.0757
14961.914,-0.0752
14963.379,-0.0759
14964.844,-0.0764
14966.309,-0.0756
14967.773,-0.0758
14969.238,-0.0747
14970.703,-0.0753
14972.168,-0.0757
14973.633,-0.0752
14975.098,-0.0759
14976.562,-0.0755
14978.027,-0.0748
14979.492,-0.0756
14980.957,-0.0751
14982.422,-0.0762
14983.887,-0.0758
14985.352,-0.0759
14986.816,-0.0762
14988.281,-0.0761
14989.746,-0.0751
14991.211,-0.0756
14992.676,-0.0756
14994.141,-0.0767
14995.605,-0.0759
14997.070,-0.0756
14998.535,-0.0757
15000.000,-0.0756
15001.465,-0.0756
15002.930,-0.0770
15004.395,-0.0757
15005.859,-0.0763
15007.324,-0.0764
15008.789,-0.0758
15010.254,-0.0757
15011.719,-0.0763
15013.184,-0.0759
15014.648,-0.0757
15016.113,-0.0763
15017.578,-0.0760
15019.043,-0.0749
15020.508,-0.0763
15021.973,-0.0762
15023.438,-0.0764
15024.902,-0.0766
15026.367,-0.0762
15027.832,-0.0755
15029.297,-0.0757
15030.762,-0.0764
15032.227,-0.0758
15033.691,-0.0757
15035.156,-0.0758
15036.621,-0.0761
15038.086,-0.0769
15039.551,-0.0768
15041.016,-0.0763
15042.480,-0.0760
15043.945,-0.0760
15045.410,-0.0760
15046.875,-0.0757
15048.340,-0.0754
15049.805,-0.0755
15051.270,-0.0761
15052.734,-0.0764
15054.199,-0.0764
15055.664,-0.0766
15057.129,-0.0761
15058.594,-0.0751
15060.059,-0.0756
15061.523,-0.0766
15062.988,-0.0764
15064.453,-0.0765
15065.918,-0.0768
15067.383,-0.0764
15068.848,-0.0762
15070.312,-0.0757
15071.777,-0.0759
15073.242,-0.0763
15074.707,-0.0757
15076.172,-0.0749
15077.637,-0.0752
15079.102,-0.0768
15080.566,-0.0762
15082.031,-0.0751
15083.496,-0.0749
15084.961,-0.0757
15086.426,-0.0765
15087.891,-0.0758
15089.355,-0.0754
15090.820,-0.0756
15092.285,-0.0757
15093.750,-0.0754
15095.215,-0.0757
15096.680,-0.0754
15098.145,-0.0751
15099.609,-0.0749
15101.074,-0.0750
15102.539,-0.0757
15104.004,-0.0752
15105.469,-0.0755
15106.934,-0.0756
15108.398,-0.0747
15109.863,-0.0752
15111.328,-0.0756
15112.793,-0.0754
15114.258,-0.0753
15115.723,-0.0756
15117.188,-0.0757
15118.652,-0.0749
15120.117,-0.0751
15121.582,-0.0757
15123.047,-0.0760
15124.512,-0.0755
15125.977,-0.0758
15127.441,-0.0757
15128.906,-0.0752
15130.371,-0.0755
15131.836,-0.0759
15133.301,-0.0755
15134.766,-0.0753
15136.230,-0.0757
15137.695,-0.0761
15139.160,-0.0756
15140.625,-0.0757
15142.090,-0.0756
15143.555,-0.0755
15145.020,-0.0751
15146.484,-0.0749
15147.949,-0.0743
15149.414,-0.0747
15150.879,-0.0752
15152.344,-0.0755
15153.809,-0.0753
15155.273,-0.0756
15156.738,-0.0758
15158.203,-0.0761
15159.668,-0.0760
15161.133,-0.0752
15162.598,-0.0753
15164.062,-0.0755
15165.527,-0.0750
15166.992,-0.0751
15168.457,-0.0753
15169.922,-0.0756
15171.387,-0.0761
15172.852,-0.0754
15174.316,-0.0750
15175.781,-0.0752
15177.246,-0.0751
15178.711,-0.0756
15180.176,-0.0756
15181.641,-0.0750
15183.105,-0.0753
15184.570,-0.0758
15186.035,-0.0746
15187.500,-0.0747
15188.965,-0.0747
15190.430,-0.0742
15191.895,-0.0750
15193.359,-0.0759
15194.824,-0.0754
15196.289,-0.0751
15197.754,-0.0754
15199.219,-0.0750
15200.684,-0.0745
15202.148,-0.0745
15203.613,-0.0756
15205.078,-0.0760
15206.543,-0.0757
15208.008,-0.0752
15209.473,-0.0745
15210.938,-0.0752
15212.402,-0.0763
15213.867,-0.0758
15215.332,-0.0753
15216.797,-0.0749
15218.262,-0.0749
15219.727,-0.0745
15221.191,-0.0747
15222.656,-0.0750
15224.121,-0.0743
15225.586,-0.0742
15227.051,-0.0744
15228.516,-0.0746
15229.980,-0.0747
15231.445,-0.0741
15232.910,-0.0742
15234.375,-0.0745
15235.840,-0.0754
15237.305,-0.0759
15238.770,-0.0752
15240.234,-0.0743
15241.699,-0.0744
15243.164,-0.0748
15244.629,-0.0747
15246.094,-0.0741
15247.559,-0.0741
15249.023,-0.0747
15250.488,-0.0748
15251.953,-0.0742
15253.418,-0.0741
15254.883,-0.0740
15256.348,-0.0736
15257.812,-0.0735
15259.277,-0.0744
15260.742,-0.0744
15262.207,-0.0746
15263.672,-0.0751
15265.137,-0.0743
15266.602,-0.0737
15268.066,-0.0737
15269.531,-0.0743
15270.996,-0.0748
15272.461,-0.0751
15273.926,-0.0748
15275.391,-0.0743
15276.855,-0.0742
15278.320,-0.0738
15279.785,-0.0736
15281.250,-0.0735
15282.715,-0.0739
15284.180,-0.0737
15285.645,-0.0730
15287.109,-0.0733
15288.574,-0.0739
15290.039,-0.0741
15291.504,-0.0745
15292.969,-0.0741
15294.434,-0.0736
15295.898,-0.0736
15297.363,-0.0739
15298.828,-0.0742
15300.293,-0.0743
15301.758,-0.0745
15303.223,-0.0742
15304.688,-0.0740
15306.152,-0.0745
15307.617,-0.0735
15309.082,-0.0731
15310.547,-0.0734
15312.012,-0.0736
15313.477,-0.0734
15314.941,-0.0737
15316.406,-0.0739
15317.871,-0.0740
15319.336,-0.0742
15320.801,-0.0742
15322.266,-0.0738
15323.730,-0.0734
15325.195,-0.0732
15326.660,-0.0733
15328.125,-0.0738
15329.590,-0.0742
15331.055,-0.0738
15332.520,-0.0736
15333.984,-0.0736
15335.449,-0.0736
15336.914,-0.0741
15338.379,-0.0740
15339.844,-0.0733
15341.309,-0.0728
15342.773,-0.0728
15344.238,-0.0736
15345.703,-0.0745
15347.168,-0.0741
15348.633,-0.0733
15350.098,-0.0732
15351.562,-0.0730
15353.027,-0.0724
15354.492,-0.0731
15355.957,-0.0740
15357.422,-0.0737
15358.887,-0.0733
15360.352,-0.0736
15361.816,-0.0734
15363.281,-0.0732
15364.746,-0.0734
15366.211,-0.0738
15367.676,-0.0737
15369.141,-0.0732
15370.605,-0.0734
15372.070,-0.0733
15373.535,-0.0732
15375.000,-0.0732
15376.465,-0.0726
15377.930,-0.0725
15379.395,-0.0732
15380.859,-0.0736
15382.324,-0.0734
15383.789,-0.0729
15385.254,-0.0734
15386.719,-0.0737
15388.184,-0.0727
15389.648,-0.0724
15391.113,-0.0731
15392.578,-0.0735
15394.043,-0.0734
15395.508,-0.0737
15396.973,-0.0739
15398.438,-0.0734
15399.902,-0.0731
15401.367,-0.0734
15402.832,-0.0733
15404.297,-0.0732
15405.762,-0.0734
15407.227,-0.0732
15408.691,-0.0731
15410.156,-0.0735
15411.621,-0.0737
15413.086,-0.0731
15414.551,-0.0726
15416.016,-0.0726
15417.480,-0.0723
15418.945,-0.0718
15420.410,-0.0723
15421.875,-0.0727
15423.340,-0.0731
15424.805,-0.0732
15426.270,-0.0725
15427.734,-0.0724
15429.199,-0.0727
15430.664,-0.0725
15432.129,-0.0723
15433.594,-0.0727
15435.059,-0.0729
15436.523,-0.0727
15437.988,-0.0731
15439.453,-0.0730
15440.918,-0.0726
15442.383,-0.0724
15443.848,-0.0726
15445.312,-0.0729
15446.777,-0.0725
15448.242,-0.0722
15449.707,-0.0724
15451.172,-0.0722
15452.637,-0.0720
15454.102,-0.0724
15455.566,-0.0727
15457.031,-0.0725
15458.496,-0.0726
15459.961,-0.0728
15461.426,-0.0728
15462.891,-0.0729
15464.355,-0.0725
15465.820,-0.0725
15467.285,-0.0727
15468.750,-0.0725
15470.215,-0.0725
15471.680,-0.0728
15473.145,-0.0735
15474.609,-0.0738
15476.074,-0.0728
15477.539,-0.0724
15479.004,-0.0725
15480.469,-0.0726
15481.934,-0.0724
15483.398,-0.0720
15484.863,-0.0721
15486.328,-0.0723
15487.793,-0.0719
15489.258,-0.0712
15490.723,-0.0712
15492.188,-0.0713
15493.652,-0.0713
15495.117,-0.0714
15496.582,-0.0720
15498.047,-0.0718
15499.512,-0.0717
15500.977,-0.0720
15502.441,-0.0719
15503.906,-0.0719
15505.371,-0.0719
15506.836,-0.0715
15508.301,-0.0719
15509.766,-0.0722
15511.230,-0.0723
15512.695,-0.0724
15514.160,-0.0720
15515.625,-0.0721
15517.090,-0.0723
15518.555,-0.0721
15520.020,-0.0721
15521.484,-0.0720
15522.949,-0.0720
15524.414,-0.0725
15525.879,-0.0723
15527.344,-0.0715
15528.809,-0.0718
15530.273,-0.0721
15531.738,-0.0719
15533.203,-0.0719
15534.668,-0.0717
15536.133,-0.0708
15537.598,-0.0704
15539.062,-0.0711
15540.527,-0.0718
15541.992,-0.0720
15543.457,-0.0713
15544.922,-0.0712
15546.387,-0.0717
15547.852,-0.0718
15549.316,-0.0721
15550.781,-0.0724
15552.246,-0.0723
15553.711,-0.0714
15555.176,-0.0706
15556.641,-0.0708
15558.105,-0.0711
15559.570,-0.0715
15561.035,-0.0720
15562.500,-0.0716
15563.965,-0.0710
15565.430,-0.0710
15566.895,-0.0710
15568.359,-0.0715
15569.824,-0.0716
15571.289,-0.0702
15572.754,-0.0707
15574.219,-0.0719
15575.684,-0.0717
15577.148,-0.0712
15578.613,-0.0714
15580.078,-0.0715
15581.543,-0.0709
15583.008,-0.0709
15584.473,-0.0710
15585.938,-0.0708
15587.402,-0.0705
15588.867,-0.0703
15590.332,-0.0704
15591.797,-0.0708
15593.262,-0.0712
15594.727,-0.0709
15596.191,-0.0709
15597.656,-0.0712
15599.121,-0.0716
15600.586,-0.0716
15602.051,-0.0711
15603.516,-0.0709
15604.980,-0.0706
15606.445,-0.0705
15607.910,-0.0710
15609.375,-0.0710
15610.840,-0.0717
15612.305,-0.0716
15613.770,-0.0710
15615.234,-0.0710
15616.699,-0.0712
15618.164,-0.0714
15619.629,-0.0710
15621.094,-0.0703
15622.559,-0.0705
15624.023,-0.0709
15625.488,-0.0712
15626.953,-0.0719
15628.418,-0.0716
15629.883,-0.0708
15631.348,-0.0699
15632.812,-0.0699
15634.277,-0.0713
15635.742,-0.0722
15637.207,-0.0716
15638.672,-0.0705
15640.137,-0.0704
15641.602,-0.0710
15643.066,-0.0707
15644.531,-0.0696
15645.996,-0.0705
15647.461,-0.0704
15648.926,-0.0702
15650.391,-0.0705
15651.855,-0.0697
15653.320,-0.0699
15654.785,-0.0704
15656.250,-0.0705
15657.715,-0.0709
15659.180,-0.0713
15660.645,-0.0708
15662.109,-0.0703
15663.574,-0.0703
15665.039,-0.0698
15666.504,-0.0699
15667.969,-0.0701
15669.434,-0.0701
15670.898,-0.0696
15672.363,-0.0705
15673.828,-0.0708
15675.293,-0.0705
15676.758,-0.0698
15678.223,-0.0695
15679.688,-0.0715
15681.152,-0.0718
15682.617,-0.0717
15684.082,-0.0703
15685.547,-0.0695
15687.012,-0.0701
15688.477,-0.0702
15689.941,-0.0697
15691.406,-0.0698
15692.871,-0.0692
15694.336,-0.0691
15695.801,-0.0702
15697.266,-0.0701
15698.730,-0.0693
15700.195,-0.0686
15701.660,-0.0694
15703.125,-0.0711
15704.590,-0.0708
15706.055,-0.0691
15707.520,-0.0689
15708.984,-0.0695
15710.449,-0.0697
15711.914,-0.0698
15713.379,-0.0708
15714.844,-0.0702
15716.309,-0.0692
15717.773,-0.0696
15719.238,-0.0701
15720.703,-0.0696
15722.168,-0.0705
15723.633,-0.0701
15725.098,-0.0692
15726.562,-0.0693
15728.027,-0.0699
15729.492,-0.0700
15730.957,-0.0705
15732.422,-0.0704
15733.887,-0.0700
15735.352,-0.0700
15736.816,-0.0702
15738.281,-0.0703
15739.746,-0.0695
15741.211,-0.0707
15742.676,-0.0716
15744.141,-0.0704
15745.605,-0.0695
15747.070,-0.0704
15748.535,-0.0700
15750.000,-0.0698
15751.465,-0.0693
15752.930,-0.0692
15754.395,-0.0696
15755.859,-0.0698
15757.324,-0.0692
15758.789,-0.0702
15760.254,-0.0699
15761.719,-0.0706
15763.184,-0.0703
15764.648,-0.0694
15766.113,-0.0693
15767.578,-0.0698
15769.043,-0.0698
15770.508,-0.0686
15771.973,-0.0692
15773.438,-0.0694
15774.902,-0.0696
15776.367,-0.0693
15777.832,-0.0698
15779.297,-0.0693
15780.762,-0.0687
15782.227,-0.0693
15783.691,-0.0680
15785.156,-0.0686
15786.621,-0.0701
15788.086,-0.0685
15789.551,-0.0698
15791.016,-0.0702
15792.480,-0.0691
15793.945,-0.0691
15795.410,-0.0702
15796.875,-0.0689
15798.340,-0.0689
15799.805,-0.0695
15801.270,-0.0699
15802.734,-0.0689
15804.199,-0.0692
15805.664,-0.0707
15807.129,-0.0689
15808.594,-0.0691
15810.059,-0.0690
15811.523,-0.0695
15812.988,-0.0700
15814.453,-0.0706
15815.918,-0.0706
15817.383,-0.0706
15818.848,-0.0699
15820.312,-0.0694
15821.777,-0.0693
15823.242,-0.0701
15824.707,-0.0705
15826.172,-0.0697
15827.637,-0.0699
15829.102,-0.0696
15830.566,-0.0707
15832.031,-0.0698
15833.496,-0.0701
15834.961,-0.0703
15836.426,-0.0695
15837.891,-0.0693
15839.355,-0.0684
15840.820,-0.0681
15842.285,-0.0692
15843.750,-0.0696
15845.215,-0.0703
15846.680,-0.0701
15848.145,-0.0701
15849.609,-0.0696
15851.074,-0.0694
15852.539,-0.0693
15854.004,-0.0689
15855.469,-0.0689
15856.934,-0.0686
15858.398,-0.0699
15859.863,-0.0694
15861.328,-0.0691
15862.793,-0.0704
15864.258,-0.0703
15865.723,-0.0709
15867.188,-0.0711
15868.652,-0.0702
15870.117,-0.0693
15871.582,-0.0701
15873.047,-0.0692
15874.512,-0.0685
15875.977,-0.0694
15877.441,-0.0705
15878.906,-0.0713
15880.371,-0.0705
15881.836,-0.0689
15883.301,-0.0689
15884.766,-0.0678
15886.230,-0.0696
15887.695,-0.0692
15889.160,-0.0706
15890.625,-0.0705
15892.090,-0.0709
15893.555,-0.0702
15895.020,-0.0694
15896.484,-0.0700
15897.949,-0.0703
15899.414,-0.0703
15900.879,-0.0710
15902.344,-0.0699
15903.809,-0.0699
15905.273,-0.0720
15906.738,-0.0710
15908.203,-0.0696
15909.668,-0.0695
15911.133,-0.0690
15912.598,-0.0697
15914.062,-0.0722
15915.527,-0.0709
15916.992,-0.0701
15918.457,-0.0712
15919.922,-0.0706
15921.387,-0.0700
15922.852,-0.0713
15924.316,-0.0702
15925.781,-0.0695
15927.246,-0.0718
15928.711,-0.0706
15930.176,-0.0683
15931.641,-0.0686
15933.105,-0.0715
15934.570,-0.0706
15936.035,-0.0703
15937.500,-0.0686
15938.965,-0.0712
15940.430,-0.0708
15941.895,-0.0702
15943.359,-0.0707
15944.824,-0.0715
15946.289,-0.0700
15947.754,-0.0693
15949.219,-0.0711
15950.684,-0.0706
15952.148,-0.0708
15953.613,-0.0707
15955.078,-0.0701
15956.543,-0.0706
15958.008,-0.0698
15959.473,-0.0704
15960.938,-0.0720
15962.402,-0.0695
15963.867,-0.0723
15965.332,-0.0718
15966.797,-0.0721
15968.262,-0.0700
15969.727,-0.0719
15971.191,-0.0699
15972.656,-0.0726
15974.121,-0.0699
15975.586,-0.0706
15977.051,-0.0709
15978.516,-0.0700
15979.980,-0.0718
15981.445,-0.0698
15982.910,-0.0713
15984.375,-0.0716
15985.840,-0.0725
15987.305,-0.0703
15988.770,-0.0709
15990.234,-0.0720
15991.699,-0.0716
15993.164,-0.0712
15994.629,-0.0716
15996.094,-0.0720
15997.559,-0.0715
15999.023,-0.0695
16000.488,-0.0689
16001.953,-0.0717
16003.418,-0.0721
16004.883,-0.0713
16006.348,-0.0713
16007.812,-0.0728
16009.277,-0.0713
16010.742,-0.0698
16012.207,-0.0708
16013.672,-0.0719
16015.137,-0.0717
16016.602,-0.0716
16018.066,-0.0726
16019.531,-0.0732
16020.996,-0.0716
16022.461,-0.0711
16023.926,-0.0710
16025.391,-0.0711
16026.855,-0.0721
16028.320,-0.0713
16029.785,-0.0731
16031.250,-0.0726
16032.715,-0.0704
16034.180,-0.0719
16035.645,-0.0747
16037.109,-0.0720
16038.574,-0.0719
16040.039,-0.0713
16041.504,-0.0728
16042.969,-0.0712
16044.434,-0.0717
16045.898,-0.0728
16047.363,-0.0707
16048.828,-0.0718
16050.293,-0.0714
16051.758,-0.0727
16053.223,-0.0747
16054.688,-0.0724
16056.152,-0.0725
16057.617,-0.0735
16059.082,-0.0735
16060.547,-0.0724
16062.012,-0.0724
16063.477,-0.0726
16064.941,-0.0722
16066.406,-0.0723
16067.871,-0.0725
16069.336,-0.0716
16070.801,-0.0721
16072.266,-0.0749
16073.730,-0.0747
16075.195,-0.0729
16076.660,-0.0743
16078.125,-0.0730
16079.590,-0.0734
16081.055,-0.0731
16082.520,-0.0723
16083.984,-0.0743
16085.449,-0.0733
16086.914,-0.0718
16088.379,-0.0743
16089.844,-0.0741
16091.309,-0.0728
16092.773,-0.0740
16094.238,-0.0726
16095.703,-0.0741
16097.168,-0.0728
16098.633,-0.0741
16100.098,-0.0759
16101.562,-0.0735
16103.027,-0.0740
16104.492,-0.0747
16105.957,-0.0738
16107.422,-0.0736
16108.887,-0.0722
16110.352,-0.0744
16111.816,-0.0742
16113.281,-0.0718
16114.746,-0.0727
16116.211,-0.0730
16117.676,-0.0751
16119.141,-0.0749
16120.605,-0.0748
16122.070,-0.0756
16123.535,-0.0750
16125.000,-0.0730
16126.465,-0.0724
16127.930,-0.0741
16129.395,-0.0743
16130.859,-0.0737
16132.324,-0.0763
16133.789,-0.0748
16135.254,-0.0735
16136.719,-0.0743
16138.184,-0.0763
16139.648,-0.0759
16141.113,-0.0753
16142.578,-0.0735
16144.043,-0.0745
16145.508,-0.0759
16146.973,-0.0739
16148.438,-0.0736
16149.902,-0.0752
16151.367,-0.0740
16152.832,-0.0759
16154.297,-0.0748
16155.762,-0.0756
16157.227,-0.0747
16158.691,-0.0731
16160.156,-0.0742
16161.621,-0.0753
16163.086,-0.0751
16164.551,-0.0752
16166.016,-0.0754
16167.480,-0.0756
16168.945,-0.0751
16170.410,-0.0753
16171.875,-0.0742
16173.340,-0.0728
16174.805,-0.0756
16176.270,-0.0755
16177.734,-0.0742
16179.199,-0.0756
16180.664,-0.0748
16182.129,-0.0737
16183.594,-0.0739
16185.059,-0.0761
16186.523,-0.0755
16187.988,-0.0726
16189.453,-0.0721
16190.918,-0.0757
16192.383,-0.0763
16193.848,-0.0737
16195.312,-0.0751
16196.777,-0.0752
16198.242,-0.0743
16199.707,-0.0742
16201.172,-0.0760
16202.637,-0.0758
16204.102,-0.0750
16205.566,-0.0748
16207.031,-0.0757
16208.496,-0.0756
16209.961,-0.0751
16211.426,-0.0750
16212.891,-0.0759
16214.355,-0.0755
16215.820,-0.0757
16217.285,-0.0761
16218.750,-0.0754
16220.215,-0.0768
16221.680,-0.0754
16223.145,-0.0753
16224.609,-0.0747
16226.074,-0.0760
16227.539,-0.0759
16229.004,-0.0757
16230.469,-0.0763
16231.934,-0.0767
16233.398,-0.0753
16234.863,-0.0744
16236.328,-0.0753
16237.793,-0.0754
16239.258,-0.0747
16240.723,-0.0745
16242.188,-0.0742
16243.652,-0.0759
16245.117,-0.0769
16246.582,-0.0765
16248.047,-0.0762
16249.512,-0.0747
16250.977,-0.0765
16252.441,-0.0746
16253.906,-0.0746
16255.371,-0.0748
16256.836,-0.0756
16258.301,-0.0767
16259.766,-0.0753
16261.230,-0.0767
16262.695,-0.0755
16264.160,-0.0757
16265.625,-0.0746
16267.090,-0.0755
16268.555,-0.0762
16270.020,-0.0752
16271.484,-0.0744
16272.949,-0.0750
16274.414,-0.0764
16275.879,-0.0778
16277.344,-0.0755
16278.809,-0.0740
16280.273,-0.0764
16281.738,-0.0762
16283.203,-0.0757
16284.668,-0.0762
16286.133,-0.0761
16287.598,-0.0759
16289.062,-0.0757
16290.527,-0.0751
16291.992,-0.0785
16293.457,-0.0769
16294.922,-0.0753
16296.387,-0.0745
16297.852,-0.0767
16299.316,-0.0776
16300.781,-0.0768
16302.246,-0.0743
16303.711,-0.0744
16305.176,-0.0772
16306.641,-0.0764
16308.105,-0.0758
16309.570,-0.0770
16311.035,-0.0754
16312.500,-0.0748
16313.965,-0.0761
16315.430,-0.0770
16316.895,-0.0768
16318.359,-0.0756
16319.824,-0.0757
16321.289,-0.0749
16322.754,-0.0755
16324.219,-0.0758
16325.684,-0.0754
16327.148,-0.0763
16328.613,-0.0758
16330.078,-0.0751
16331.543,-0.0765
16333.008,-0.0763
16334.473,-0.0753
16335.938,-0.0756
16337.402,-0.0757
16338.867,-0.0754
16340.332,-0.0751
16341.797,-0.0763
16343.262,-0.0757
16344.727,-0.0752
16346.191,-0.0759
16347.656,-0.0769
16349.121,-0.0764
16350.586,-0.0758
16352.051,-0.0751
16353.516,-0.0743
16354.980,-0.0758
16356.445,-0.0755
16357.910,-0.0763
16359.375,-0.0751
16360.840,-0.0741
16362.305,-0.0748
16363.770,-0.0765
16365.234,-0.0755
16366.699,-0.0753
16368.164,-0.0752
16369.629,-0.0752
16371.094,-0.0754
16372.559,-0.0745
16374.023,-0.0751
16375.488,-0.0756
16376.953,-0.0757
16378.418,-0.0749
16379.883,-0.0757
16381.348,-0.0774
16382.812,-0.0763
16384.277,-0.0757
16385.742,-0.0763
16387.207,-0.0758
16388.672,-0.0767
16390.137,-0.0780
16391.602,-0.0755
16393.066,-0.0750
16394.531,-0.0756
16395.996,-0.0759
16397.461,-0.0761
16398.926,-0.0755
16400.391,-0.0755
16401.855,-0.0755
16403.320,-0.0762
16404.785,-0.0758
16406.250,-0.0748
16407.715,-0.0742
16409.180,-0.0751
16410.645,-0.0760
16412.109,-0.0757
16413.574,-0.0758
16415.039,-0.0749
16416.504,-0.0746
16417.969,-0.0738
16419.434,-0.0732
16420.898,-0.0747
16422.363,-0.0743
16423.828,-0.0748
16425.293,-0.0760
16426.758,-0.0751
16428.223,-0.0754
16429.688,-0.0765
16431.152,-0.0752
16432.617,-0.0750
16434.082,-0.0749
16435.547,-0.0743
16437.012,-0.0747
16438.477,-0.0761
16439.941,-0.0754
16441.406,-0.0745
16442.871,-0.0738
16444.336,-0.0735
16445.801,-0.0740
16447.266,-0.0743
16448.730,-0.0761
16450.195,-0.0762
16451.660,-0.0753
16453.125,-0.0748
16454.590,-0.0741
16456.055,-0.0745
16457.520,-0.0754
16458.984,-0.0760
16460.449,-0.0760
16461.914,-0.0755
16463.379,-0.0753
16464.844,-0.0753
16466.309,-0.0753
16467.773,-0.0751
16469.238,-0.0758
16470.703,-0.0753
16472.168,-0.0756
16473.633,-0.0754
16475.098,-0.0744
16476.562,-0.0753
16478.027,-0.0759
16479.492,-0.0750
16480.957,-0.0757
16482.422,-0.0763
16483.887,-0.0755
16485.352,-0.0750
16486.816,-0.0753
16488.281,-0.0755
16489.746,-0.0746
16491.211,-0.0746
16492.676,-0.0756
16494.141,-0.0761
16495.605,-0.0761
16497.070,-0.0748
16498.535,-0.0742
16500.000,-0.0746
16501.465,-0.0743
16502.930,-0.0742
16504.395,-0.0731
16505.859,-0.0738
16507.324,-0.0750
16508.789,-0.0733
16510.254,-0.0739
16511.719,-0.0766
16513.184,-0.0775
16514.648,-0.0763
16516.113,-0.0748
16517.578,-0.0745
16519.043,-0.0747
16520.508,-0.0749
16521.973,-0.0755
16523.438,-0.0750
16524.902,-0.0740
16526.367,-0.0737
16527.832,-0.0742
16529.297,-0.0746
16530.762,-0.0738
16532.227,-0.0736
16533.691,-0.0733
16535.156,-0.0731
16536.621,-0.0751
16538.086,-0.0761
16539.551,-0.0748
16541.016,-0.0754
16542.480,-0.0748
16543.945,-0.0735
16545.410,-0.0740
16546.875,-0.0748
16548.340,-0.0753
16549.805,-0.0750
16551.270,-0.0746
16552.734,-0.0747
16554.199,-0.0757
16555.664,-0.0748
16557.129,-0.0739
16558.594,-0.0743
16560.059,-0.0734
16561.523,-0.0739
16562.988,-0.0747
16564.453,-0.0739
16565.918,-0.0732
16567.383,-0.0742
16568.848,-0.0750
16570.312,-0.0747
16571.777,-0.0745
16573.242,-0.0745
16574.707,-0.0753
16576.172,-0.0753
16577.637,-0.0736
16579.102,-0.0720
16580.566,-0.0719
16582.031,-0.0733
16583.496,-0.0749
16584.961,-0.0747
16586.426,-0.0744
16587.891,-0.0751
16589.355,-0.0747
16590.820,-0.0736
16592.285,-0.0736
16593.750,-0.0754
16595.215,-0.0748
16596.680,-0.0741
16598.145,-0.0740
16599.609,-0.0732
16601.074,-0.0732
16602.539,-0.0738
16604.004,-0.0736
16605.469,-0.0745
16606.934,-0.0751
16608.398,-0.0743
16609.863,-0.0742
16611.328,-0.0737
16612.793,-0.0730
16614.258,-0.0732
16615.723,-0.0725
16617.188,-0.0724
16618.652,-0.0732
16620.117,-0.0732
16621.582,-0.0731
16623.047,-0.0732
16624.512,-0.0732
16625.977,-0.0730
16627.441,-0.0729
16628.906,-0.0731
16630.371,-0.0733
16631.836,-0.0725
16633.301,-0.0728
16634.766,-0.0728
16636.230,-0.0720
16637.695,-0.0723
16639.160,-0.0732
16640.625,-0.0739
16642.090,-0.0734
16643.555,-0.0737
16645.020,-0.0746
16646.484,-0.0747
16647.949,-0.0746
16649.414,-0.0741
16650.879,-0.0737
16652.344,-0.0734
16653.809,-0.0732
16655.273,-0.0731
16656.738,-0.0733
16658.203,-0.0744
16659.668,-0.0748
16661.133,-0.0742
16662.598,-0.0734
16664.062,-0.0732
16665.527,-0.0737
16666.992,-0.0741
16668.457,-0.0745
16669.922,-0.0741
16671.387,-0.0730
16672.852,-0.0730
16674.316,-0.0735
16675.781,-0.0738
16677.246,-0.0741
16678.711,-0.0737
16680.176,-0.0728
16681.641,-0.0732
16683.105,-0.0742
16684.570,-0.0736
16686.035,-0.0724
16687.500,-0.0727
16688.965,-0.0735
16690.430,-0.0735
16691.895,-0.0736
16693.359,-0.0739
16694.824,-0.0741
16696.289,-0.0747
16697.754,-0.0746
16699.219,-0.0734
16700.684,-0.0734
16702.148,-0.0741
16703.613,-0.0739
16705.078,-0.0736
16706.543,-0.0720
16708.008,-0.0706
16709.473,-0.0723
16710.938,-0.0738
16712.402,-0.0735
16713.867,-0.0732
16715.332,-0.0733
16716.797,-0.0739
16718.262,-0.0741
16719.727,-0.0730
16721.191,-0.0723
16722.656,-0.0723
16724.121,-0.0729
16725.586,-0.0740
16727.051,-0.0742
16728.516,-0.0735
16729.980,-0.0731
16731.445,-0.0732
16732.910,-0.0734
16734.375,-0.0740
16735.840,-0.0735
16737.305,-0.0726
16738.770,-0.0723
16740.234,-0.0715
16741.699,-0.0703
16743.164,-0.0702
16744.629,-0.0711
16746.094,-0.0723
16747.559,-0.0723
16749.023,-0.0716
16750.488,-0.0713
16751.953,-0.0711
16753.418,-0.0713
16754.883,-0.0727
16756.348,-0.0734
16757.812,-0.0725
16759.277,-0.0718
16760.742,-0.0718
16762.207,-0.0718
16763.672,-0.0722
16765.137,-0.0728
16766.602,-0.0718
16768.066,-0.0714
16769.531,-0.0734
16770.996,-0.0740
16772.461,-0.0730
16773.926,-0.0725
16775.391,-0.0715
16776.855,-0.0715
16778.320,-0.0730
16779.785,-0.0731
16781.250,-0.0724
16782.715,-0.0725
16784.180,-0.0723
16785.645,-0.0723
16787.109,-0.0724
16788.574,-0.0724
16790.039,-0.0729
16791.504,-0.0725
16792.969,-0.0725
16794.434,-0.0732
16795.898,-0.0732
16797.363,-0.0743
16798.828,-0.0748
16800.293,-0.0737
16801.758,-0.0730
16803.223,-0.0717
16804.688,-0.0706
16806.152,-0.0713
16807.617,-0.0717
16809.082,-0.0717
16810.547,-0.0725
16812.012,-0.0723
16813.477,-0.0708
16814.941,-0.0707
16816.406,-0.0710
16817.871,-0.0715
16819.336,-0.0725
16820.801,-0.0731
16822.266,-0.0726
16823.730,-0.0714
16825.195,-0.0704
16826.660,-0.0705
16828.125,-0.0706
16829.590,-0.0711
16831.055,-0.0719
16832.520,-0.0734
16833.984,-0.0733
16835.449,-0.0718
16836.914,-0.0719
16838.379,-0.0717
16839.844,-0.0703
16841.309,-0.0699
16842.773,-0.0708
16844.238,-0.0719
16845.703,-0.0709
16847.168,-0.0691
16848.633,-0.0702
16850.098,-0.0725
16851.562,-0.0725
16853.027,-0.0715
16854.492,-0.0711
16855.957,-0.0714
16857.422,-0.0719
16858.887,-0.0719
16860.352,-0.0711
16861.816,-0.0705
16863.281,-0.0708
16864.746,-0.0710
16866.211,-0.0712
16867.676,-0.0711
16869.141,-0.0710
16870.605,-0.0711
16872.070,-0.0706
16873.535,-0.0711
16875.000,-0.0719
16876.465,-0.0720
16877.930,-0.0716
16879.395,-0.0718
16880.859,-0.0721
16882.324,-0.0714
16883.789,-0.0709
16885.254,-0.0718
16886.719,-0.0729
16888.184,-0.0733
16889.648,-0.0722
16891.113,-0.0724
16892.578,-0.0723
16894.043,-0.0714
16895.508,-0.0714
16896.973,-0.0702
16898.438,-0.0697
16899.902,-0.0705
16901.367,-0.0718
16902.832,-0.0729
16904.297,-0.0714
16905.762,-0.0709
16907.227,-0.0712
16908.691,-0.0714
16910.156,-0.0713
16911.621,-0.0705
16913.086,-0.0704
16914.551,-0.0719
16916.016,-0.0735
16917.480,-0.0716
16918.945,-0.0708
16920.410,-0.0721
16921.875,-0.0718
16923.340,-0.0710
16924.805,-0.0706
16926.270,-0.0705
16927.734,-0.0715
16929.199,-0.0704
16930.664,-0.0683
16932.129,-0.0683
16933.594,-0.0699
16935.059,-0.0720
16936.523,-0.0722
16937.988,-0.0714
16939.453,-0.0703
16940.918,-0.0690
16942.383,-0.0674
16943.848,-0.0681
16945.312,-0.0705
16946.777,-0.0720
16948.242,-0.0728
16949.707,-0.0722
16951.172,-0.0718
16952.637,-0.0726
16954.102,-0.0707
16955.566,-0.0697
16957.031,-0.0702
16958.496,-0.0714
16959.961,-0.0712
16961.426,-0.0702
16962.891,-0.0697
16964.355,-0.0689
16965.820,-0.0691
16967.285,-0.0706
16968.750,-0.0711
16970.215,-0.0704
16971.680,-0.0703
16973.145,-0.0701
16974.609,-0.0696
16976.074,-0.0706
16977.539,-0.0714
16979.004,-0.0699
16980.469,-0.0696
16981.934,-0.0706
16983.398,-0.0707
16984.863,-0.0700
16986.328,-0.0701
16987.793,-0.0701
16989.258,-0.0708
16990.723,-0.0718
16992.188,-0.0703
16993.652,-0.0688
16995.117,-0.0681
16996.582,-0.0687
16998.047,-0.0695
16999.512,-0.0704
17000.977,-0.0708
17002.441,-0.0697
17003.906,-0.0710
17005.371,-0.0712
17006.836,-0.0703
17008.301,-0.0706
17009.766,-0.0709
17011.230,-0.0703
17012.695,-0.0694
17014.160,-0.0691
17015.625,-0.0696
17017.090,-0.0708
17018.555,-0.0721
17020.020,-0.0710
17021.484,-0.0700
17022.949,-0.0701
17024.414,-0.0708
17025.879,-0.0719
17027.344,-0.0736
17028.809,-0.0726
17030.273,-0.0705
17031.738,-0.0704
17033.203,-0.0709
17034.668,-0.0719
17036.133,-0.0722
17037.598,-0.0687
17039.062,-0.0683
17040.527,-0.0703
17041.992,-0.0703
17043.457,-0.0697
17044.922,-0.0690
17046.387,-0.0709
17047.852,-0.0717
17049.316,-0.0701
17050.781,-0.0695
17052.246,-0.0718
17053.711,-0.0701
17055.176,-0.0678
17056.641,-0.0702
17058.105,-0.0712
17059.570,-0.0682
17061.035,-0.0672
17062.500,-0.0677
17063.965,-0.0693
17065.430,-0.0700
17066.895,-0.0693
17068.359,-0.0691
17069.824,-0.0698
17071.289,-0.0696
17072.754,-0.0705
17074.219,-0.0709
17075.684,-0.0713
17077.148,-0.0708
17078.613,-0.0694
17080.078,-0.0698
17081.543,-0.0696
17083.008,-0.0690
17084.473,-0.0693
17085.938,-0.0710
17087.402,-0.0705
17088.867,-0.0719
17090.332,-0.0708
17091.797,-0.0695
17093.262,-0.0687
17094.727,-0.0694
17096.191,-0.0698
17097.656,-0.0694
17099.121,-0.0688
17100.586,-0.0662
17102.051,-0.0682
17103.516,-0.0720
17104.980,-0.0698
17106.445,-0.0696
17107.910,-0.0718
17109.375,-0.0705
17110.840,-0.0697
17112.305,-0.0692
17113.770,-0.0685
17115.234,-0.0696
17116.699,-0.0705
17118.164,-0.0703
17119.629,-0.0689
17121.094,-0.0678
17122.559,-0.0703
17124.023,-0.0686
17125.488,-0.0692
17126.953,-0.0706
17128.418,-0.0698
17129.883,-0.0678
17131.348,-0.0685
17132.812,-0.0687
17134.277,-0.0679
17135.742,-0.0713
17137.207,-0.0729
17138.672,-0.0703
17140.137,-0.0696
17141.602,-0.0728
17143.066,-0.0724
17144.531,-0.0707
17145.996,-0.0695
17147.461,-0.0698
17148.926,-0.0718
17150.391,-0.0696
17151.855,-0.0698
17153.320,-0.0678
17154.785,-0.0677
17156.250,-0.0691
17157.715,-0.0677
17159.180,-0.0684
17160.645,-0.0687
17162.109,-0.0678
17163.574,-0.0684
17165.039,-0.0694
17166.504,-0.0680
17167.969,-0.0721
17169.434,-0.0700
17170.898,-0.0697
17172.363,-0.0680
17173.828,-0.0691
17175.293,-0.0688
17176.758,-0.0692
17178.223,-0.0695
17179.688,-0.0685
17181.152,-0.0702
17182.617,-0.0686
17184.082,-0.0695
17185.547,-0.0698
17187.012,-0.0698
17188.477,-0.0683
17189.941,-0.0687
17191.406,-0.0709
17192.871,-0.0679
17194.336,-0.0710
17195.801,-0.0695
17197.266,-0.0681
17198.730,-0.0696
17200.195,-0.0695
17201.660,-0.0725
17203.125,-0.0694
17204.590,-0.0679
17206.055,-0.0684
17207.520,-0.0685
17208.984,-0.0681
17210.449,-0.0708
17211.914,-0.0693
17213.379,-0.0677
17214.844,-0.0700
17216.309,-0.0697
17217.773,-0.0708
17219.238,-0.0707
17220.703,-0.0675
17222.168,-0.0690
17223.633,-0.0705
17225.098,-0.0709
17226.562,-0.0709
17228.027,-0.0705
17229.492,-0.0694
17230.957,-0.0692
17232.422,-0.0691
17233.887,-0.0704
17235.352,-0.0707
17236.816,-0.0706
17238.281,-0.0691
17239.746,-0.0697
17241.211,-0.0721
17242.676,-0.0699
17244.141,-0.0682
17245.605,-0.0720
17247.070,-0.0703
17248.535,-0.0671
17250.000,-0.0679
17251.465,-0.0681
17252.930,-0.0668
17254.395,-0.0712
17255.859,-0.0705
17257.324,-0.0703
17258.789,-0.0698
17260.254,-0.0681
17261.719,-0.0696
17263.184,-0.0684
17264.648,-0.0701
17266.113,-0.0677
17267.578,-0.0709
17269.043,-0.0691
17270.508,-0.0694
17271.973,-0.0706
17273.438,-0.0701
17274.902,-0.0725
17276.367,-0.0730
17277.832,-0.0718
17279.297,-0.0716
17280.762,-0.0702
17282.227,-0.0708
17283.691,-0.0707
17285.156,-0.0716
17286.621,-0.0698
17288.086,-0.0687
17289.551,-0.0696
17291.016,-0.0713
17292.480,-0.0677
17293.945,-0.0691
17295.410,-0.0690
17296.875,-0.0683
17298.340,-0.0691
17299.805,-0.0698
17301.270,-0.0708
17302.734,-0.0707
17304.199,-0.0729
17305.664,-0.0723
17307.129,-0.0729
17308.594,-0.0726
17310.059,-0.0709
17311.523,-0.0683
17312.988,-0.0713
17314.453,-0.0734
17315.918,-0.0675
17317.383,-0.0720
17318.848,-0.0708
17320.312,-0.0729
17321.777,-0.0730
17323.242,-0.0680
17324.707,-0.0722
17326.172,-0.0714
17327.637,-0.0696
17329.102,-0.0710
17330.566,-0.0716
17332.031,-0.0722
17333.496,-0.0730
17334.961,-0.0743
17336.426,-0.0698
17337.891,-0.0706
17339.355,-0.0705
17340.820,-0.0704
17342.285,-0.0724
17343.750,-0.0725
17345.215,-0.0712
17346.680,-0.0714
17348.145,-0.0699
17349.609,-0.0709
17351.074,-0.0710
17352.539,-0.0701
17354.004,-0.0724
17355.469,-0.0720
17356.934,-0.0735
17358.398,-0.0720
17359.863,-0.0710
17361.328,-0.0717
17362.793,-0.0675
17364.258,-0.0688
17365.723,-0.0715
17367.188,-0.0735
17368.652,-0.0727
17370.117,-0.0745
17371.582,-0.0723
17373.047,-0.0743
17374.512,-0.0680
17375.977,-0.0720
17377.441,-0.0703
17378.906,-0.0739
17380.371,-0.0714
17381.836,-0.0697
17383.301,-0.0713
17384.766,-0.0727
17386.230,-0.0734
17387.695,-0.0699
17389.160,-0.0712
17390.625,-0.0695
17392.090,-0.0728
17393.555,-0.0750
17395.020,-0.0717
17396.484,-0.0717
17397.949,-0.0754
17399.414,-0.0754
17400.879,-0.0714
17402.344,-0.0725
17403.809,-0.0742
17405.273,-0.0691
17406.738,-0.0743
17408.203,-0.0738
17409.668,-0.0713
17411.133,-0.0709
17412.598,-0.0745
17414.062,-0.0732
17415.527,-0.0776
17416.992,-0.0731
17418.457,-0.0744
17419.922,-0.0727
17421.387,-0.0704
17422.852,-0.0707
17424.316,-0.0712
17425.781,-0.0730
17427.246,-0.0706
17428.711,-0.0734
17430.176,-0.0758
17431.641,-0.0721
17433.105,-0.0720
17434.570,-0.0719
17436.035,-0.0712
17437.500,-0.0744
17438.965,-0.0733
17440.430,-0.0713
17441.895,-0.0744
17443.359,-0.0758
17444.824,-0.0756
17446.289,-0.0733
17447.754,-0.0723
17449.219,-0.0743
17450.684,-0.0728
17452.148,-0.0710
17453.613,-0.0706
17455.078,-0.0751
17456.543,-0.0756
17458.008,-0.0713
17459.473,-0.0700
17460.938,-0.0712
17462.402,-0.0728
17463.867,-0.0744
17465.332,-0.0758
17466.797,-0.0729
17468.262,-0.0733
17469.727,-0.0694
17471.191,-0.0716
17472.656,-0.0709
17474.121,-0.0731
17475.586,-0.0745
17477.051,-0.0722
17478.516,-0.0721
17479.980,-0.0758
17481.445,-0.0731
17482.910,-0.0716
17484.375,-0.0771
17485.840,-0.0752
17487.305,-0.0734
17488.770,-0.0737
17490.234,-0.0780
17491.699,-0.0753
17493.164,-0.0720
17494.629,-0.0750
17496.094,-0.0738
17497.559,-0.0731
17499.023,-0.0749
17500.488,-0.0756
17501.953,-0.0730
17503.418,-0.0743
17504.883,-0.0752
17506.348,-0.0747
17507.812,-0.0718
17509.277,-0.0740
17510.742,-0.0752
17512.207,-0.0756
17513.672,-0.0726
17515.137,-0.0744
17516.602,-0.0708
17518.066,-0.0766
17519.531,-0.0780
17520.996,-0.0756
17522.461,-0.0736
17523.926,-0.0757
17525.391,-0.0751
17526.855,-0.0761
17528.320,-0.0732
17529.785,-0.0729
17531.250,-0.0757
17532.715,-0.0721
17534.180,-0.0749
17535.645,-0.0740
17537.109,-0.0752
17538.574,-0.0726
17540.039,-0.0727
17541.504,-0.0746
17542.969,-0.0727
17544.434,-0.0733
17545.898,-0.0710
17547.363,-0.0727
17548.828,-0.0743
17550.293,-0.0740
17551.758,-0.0768
17553.223,-0.0774
17554.688,-0.0758
17556.152,-0.0736
17557.617,-0.0752
17559.082,-0.0776
17560.547,-0.0737
17562.012,-0.0740
17563.477,-0.0750
17564.941,-0.0756
17566.406,-0.0739
17567.871,-0.0755
17569.336,-0.0752
17570.801,-0.0748
17572.266,-0.0752
17573.730,-0.0762
17575.195,-0.0758
17576.660,-0.0747
17578.125,-0.0748
17579.590,-0.0772
17581.055,-0.0760
17582.520,-0.0766
17583.984,-0.0764
17585.449,-0.0771
17586.914,-0.0757
17588.379,-0.0731
17589.844,-0.0719
17591.309,-0.0769
17592.773,-0.0737
17594.238,-0.0766
17595.703,-0.0769
17597.168,-0.0758
17598.633,-0.0738
17600.098,-0.0737
17601.562,-0.0732
17603.027,-0.0741
17604.492,-0.0755
17605.957,-0.0775
17607.422,-0.0776
17608.887,-0.0717
17610.352,-0.0753
17611.816,-0.0774
17613.281,-0.0746
17614.746,-0.0748
17616.211,-0.0753
17617.676,-0.0747
17619.141,-0.0743
17620.605,-0.0761
17622.070,-0.0770
17623.535,-0.0734
17625.000,-0.0744
17626.465,-0.0754
17627.930,-0.0733
17629.395,-0.0735
17630.859,-0.0745
17632.324,-0.0763
17633.789,-0.0744
17635.254,-0.0752
17636.719,-0.0750
17638.184,-0.0764
17639.648,-0.0751
17641.113,-0.0765
17642.578,-0.0753
17644.043,-0.0750
17645.508,-0.0762
17646.973,-0.0755
17648.438,-0.0768
17649.902,-0.0762
17651.367,-0.0759
17652.832,-0.0765
17654.297,-0.0756
17655.762,-0.0764
17657.227,-0.0736
17658.691,-0.0728
17660.156,-0.0753
17661.621,-0.0769
17663.086,-0.0778
17664.551,-0.0745
17666.016,-0.0759
17667.480,-0.0769
17668.945,-0.0738
17670.410,-0.0731
17671.875,-0.0736
17673.340,-0.0716
17674.805,-0.0760
17676.270,-0.0787
17677.734,-0.0766
17679.199,-0.0771
17680.664,-0.0759
17682.129,-0.0763
17683.594,-0.0781
17685.059,-0.0788
17686.523,-0.0763
17687.988,-0.0757
17689.453,-0.0784
17690.918,-0.0769
17692.383,-0.0736
17693.848,-0.0743
17695.312,-0.0739
17696.777,-0.0746
17698.242,-0.0786
17699.707,-0.0766
17701.172,-0.0761
17702.637,-0.0776
17704.102,-0.0780
17705.566,-0.0796
17707.031,-0.0754
17708.496,-0.0748
17709.961,-0.0747
17711.426,-0.0743
17712.891,-0.0741
17714.355,-0.0776
17715.820,-0.0757
17717.285,-0.0793
17718.750,-0.0765
17720.215,-0.0759
17721.680,-0.0755
17723.145,-0.0776
17724.609,-0.0797
17726.074,-0.0803
17727.539,-0.0806
17729.004,-0.0787
17730.469,-0.0762
17731.934,-0.0748
17733.398,-0.0766
17734.863,-0.0777
17736.328,-0.0776
17737.793,-0.0756
17739.258,-0.0760
17740.723,-0.0765
17742.188,-0.0758
17743.652,-0.0739
17745.117,-0.0724
17746.582,-0.0765
17748.047,-0.0799
17749.512,-0.0757
17750.977,-0.0759
17752.441,-0.0759
17753.906,-0.0762
17755.371,-0.0771
17756.836,-0.0752
17758.301,-0.0787
17759.766,-0.0769
17761.230,-0.0732
17762.695,-0.0747
17764.160,-0.0762
17765.625,-0.0749
17767.090,-0.0741
17768.555,-0.0756
17770.020,-0.0761
17771.484,-0.0755
17772.949,-0.0760
17774.414,-0.0751
17775.879,-0.0753
17777.344,-0.0771
17778.809,-0.0746
17780.273,-0.0772
17781.738,-0.0790
17783.203,-0.0770
17784.668,-0.0757
17786.133,-0.0746
17787.598,-0.0774
17789.062,-0.0761
17790.527,-0.0763
17791.992,-0.0783
17793.457,-0.0788
17794.922,-0.0790
17796.387,-0.0775
17797.852,-0.0774
17799.316,-0.0750
17800.781,-0.0748
17802.246,-0.0758
17803.711,-0.0771
17805.176,-0.0769
17806.641,-0.0765
17808.105,-0.0741
17809.570,-0.0725
17811.035,-0.0746
17812.500,-0.0767
17813.965,-0.0746
17815.430,-0.0743
17816.895,-0.0747
17818.359,-0.0755
17819.824,-0.0771
17821.289,-0.0755
17822.754,-0.0752
17824.219,-0.0765
17825.684,-0.0772
17827.148,-0.0768
17828.613,-0.0736
17830.078,-0.0723
17831.543,-0.0740
17833.008,-0.0768
17834.473,-0.0774
17835.938,-0.0773
17837.402,-0.0761
17838.867,-0.0732
17840.332,-0.0721
17841.797,-0.0742
17843.262,-0.0758
17844.727,-0.0750
17846.191,-0.0761
17847.656,-0.0772
17849.121,-0.0765
17850.586,-0.0785
17852.051,-0.0770
17853.516,-0.0760
17854.980,-0.0754
17856.445,-0.0725
17857.910,-0.0720
17859.375,-0.0733
17860.840,-0.0748
17862.305,-0.0738
17863.770,-0.0733
17865.234,-0.0739
17866.699,-0.0768
17868.164,-0.0750
17869.629,-0.0738
17871.094,-0.0738
17872.559,-0.0733
17874.023,-0.0739
17875.488,-0.0729
17876.953,-0.0735
17878.418,-0.0765
17879.883,-0.0757
17881.348,-0.0743
17882.812,-0.0743
17884.277,-0.0775
17885.742,-0.0764
17887.207,-0.0743
17888.672,-0.0745
17890.137,-0.0744
17891.602,-0.0744
17893.066,-0.0753
17894.531,-0.0738
17895.996,-0.0734
17897.461,-0.0742
17898.926,-0.0753
17900.391,-0.0757
17901.855,-0.0752
17903.320,-0.0736
17904.785,-0.0763
17906.250,-0.0739
17907.715,-0.0719
17909.180,-0.0742
17910.645,-0.0746
17912.109,-0.0750
17913.574,-0.0772
17915.039,-0.0776
17916.504,-0.0754
17917.969,-0.0734
17919.434,-0.0748
17920.898,-0.0750
17922.363,-0.0740
17923.828,-0.0726
17925.293,-0.0740
17926.758,-0.0767
17928.223,-0.0757
17929.688,-0.0739
17931.152,-0.0737
17932.617,-0.0729
17934.082,-0.0710
17935.547,-0.0715
17937.012,-0.0757
17938.477,-0.0770
17939.941,-0.0755
17941.406,-0.0740
17942.871,-0.0741
17944.336,-0.0749
17945.801,-0.0762
17947.266,-0.0772
17948.730,-0.0761
17950.195,-0.0753
17951.660,-0.0728
17953.125,-0.0723
17954.590,-0.0737
17956.055,-0.0741
17957.520,-0.0743
17958.984,-0.0749
17960.449,-0.0745
17961.914,-0.0718
17963.379,-0.0711
17964.844,-0.0728
17966.309,-0.0734
17967.773,-0.0738
17969.238,-0.0765
17970.703,-0.0779
17972.168,-0.0754
17973.633,-0.0737
17975.098,-0.0726
17976.562,-0.0721
17978.027,-0.0745
17979.492,-0.0784
17980.957,-0.0789
17982.422,-0.0776
17983.887,-0.0765
17985.352,-0.0749
17986.816,-0.0735
17988.281,-0.0723
17989.746,-0.0723
17991.211,-0.0729
17992.676,-0.0752
17994.141,-0.0744
17995.605,-0.0718
17997.070,-0.0722
17998.535,-0.0720
18000.000,-0.0716
18001.465,-0.0713
18002.930,-0.0710
18004.395,-0.0723
18005.859,-0.0753
18007.324,-0.0766
18008.789,-0.0741
18010.254,-0.0734
18011.719,-0.0755
18013.184,-0.0756
18014.648,-0.0744
18016.113,-0.0738
18017.578,-0.0739
18019.043,-0.0747
18020.508,-0.0749
18021.973,-0.0768
18023.438,-0.0775
18024.902,-0.0757
18026.367,-0.0744
18027.832,-0.0725
18029.297,-0.0726
18030.762,-0.0745
18032.227,-0.0747
18033.691,-0.0723
18035.156,-0.0700
18036.621,-0.0725
18038.086,-0.0738
18039.551,-0.0722
18041.016,-0.0733
18042.480,-0.0740
18043.945,-0.0728
18045.410,-0.0720
18046.875,-0.0725
18048.340,-0.0724
18049.805,-0.0724
18051.270,-0.0731
18052.734,-0.0733
18054.199,-0.0741
18055.664,-0.0753
18057.129,-0.0748
18058.594,-0.0737
18060.059,-0.0741
18061.523,-0.0741
18062.988,-0.0739
18064.453,-0.0736
18065.918,-0.0736
18067.383,-0.0759
18068.848,-0.0769
18070.312,-0.0758
18071.777,-0.0744
18073.242,-0.0742
18074.707,-0.0749
18076.172,-0.0745
18077.637,-0.0743
18079.102,-0.0743
18080.566,-0.0740
18082.031,-0.0739
18083.496,-0.0739
18084.961,-0.0746
18086.426,-0.0755
18087.891,-0.0745
18089.355,-0.0736
18090.820,-0.0731
18092.285,-0.0709
18093.750,-0.0688
18095.215,-0.0705
18096.680,-0.0742
18098.145,-0.0745
18099.609,-0.0731
18101.074,-0.0741
18102.539,-0.0765
18104.004,-0.0768
18105.469,-0.0760
18106.934,-0.0755
18108.398,-0.0739
18109.863,-0.0725
18111.328,-0.0723
18112.793,-0.0722
18114.258,-0.0742
18115.723,-0.0753
18117.188,-0.0729
18118.652,-0.0718
18120.117,-0.0718
18121.582,-0.0716
18123.047,-0.0728
18124.512,-0.0755
18125.977,-0.0756
18127.441,-0.0737
18128.906,-0.0743
18130.371,-0.0746
18131.836,-0.0742
18133.301,-0.0736
18134.766,-0.0725
18136.230,-0.0726
18137.695,-0.0725
18139.160,-0.0712
18140.625,-0.0718
18142.090,-0.0731
18143.555,-0.0735
18145.020,-0.0736
18146.484,-0.0723
18147.949,-0.0705
18149.414,-0.0709
18150.879,-0.0718
18152.344,-0.0721
18153.809,-0.0725
18155.273,-0.0722
18156.738,-0.0714
18158.203,-0.0700
18159.668,-0.0697
18161.133,-0.0708
18162.598,-0.0718
18164.062,-0.0734
18165.527,-0.0748
18166.992,-0.0745
18168.457,-0.0731
18169.922,-0.0719
18171.387,-0.0716
18172.852,-0.0720
18174.316,-0.0726
18175.781,-0.0717
18177.246,-0.0708
18178.711,-0.0704
18180.176,-0.0710
18181.641,-0.0728
18183.105,-0.0738
18184.570,-0.0737
18186.035,-0.0732
18187.500,-0.0731
18188.965,-0.0740
18190.430,-0.0748
18191.895,-0.0737
18193.359,-0.0724
18194.824,-0.0736
18196.289,-0.0743
18197.754,-0.0740
18199.219,-0.0735
18200.684,-0.0709
18202.148,-0.0698
18203.613,-0.0712
18205.078,-0.0716
18206.543,-0.0726
18208.008,-0.0739
18209.473,-0.0744
18210.938,-0.0762
18212.402,-0.0768
18213.867,-0.0744
18215.332,-0.0728
18216.797,-0.0730
18218.262,-0.0725
18219.727,-0.0710
18221.191,-0.0706
18222.656,-0.0735
18224.121,-0.0754
18225.586,-0.0725
18227.051,-0.0709
18228.516,-0.0711
18229.980,-0.0712
18231.445,-0.0724
18232.910,-0.0721
18234.375,-0.0706
18235.840,-0.0715
18237.305,-0.0723
18238.770,-0.0723
18240.234,-0.0733
18241.699,-0.0740
18243.164,-0.0725
18244.629,-0.0708
18246.094,-0.0711
18247.559,-0.0717
18249.023,-0.0720
18250.488,-0.0738
18251.953,-0.0744
18253.418,-0.0730
18254.883,-0.0710
18256.348,-0.0701
18257.812,-0.0717
18259.277,-0.0731
18260.742,-0.0726
18262.207,-0.0704
18263.672,-0.0684
18265.137,-0.0689
18266.602,-0.0702
18268.066,-0.0710
18269.531,-0.0705
18270.996,-0.0698
18272.461,-0.0709
18273.926,-0.0725
18275.391,-0.0719
18276.855,-0.0715
18278.320,-0.0723
18279.785,-0.0740
18281.250,-0.0743
18282.715,-0.0734
18284.180,-0.0738
18285.645,-0.0705
18287.109,-0.0679
18288.574,-0.0703
18290.039,-0.0711
18291.504,-0.0719
18292.969,-0.0729
18294.434,-0.0727
18295.898,-0.0719
18297.363,-0.0700
18298.828,-0.0703
18300.293,-0.0735
18301.758,-0.0732
18303.223,-0.0722
18304.688,-0.0727
18306.152,-0.0727
18307.617,-0.0732
18309.082,-0.0716
18310.547,-0.0726
18312.012,-0.0729
18313.477,-0.0722
18314.941,-0.0721
18316.406,-0.0725
18317.871,-0.0716
18319.336,-0.0702
18320.801,-0.0725
18322.266,-0.0725
18323.730,-0.0702
18325.195,-0.0690
18326.660,-0.0672
18328.125,-0.0667
18329.590,-0.0686
18331.055,-0.0704
18332.520,-0.0700
18333.984,-0.0700
18335.449,-0.0712
18336.914,-0.0700
18338.379,-0.0707
18339.844,-0.0714
18341.309,-0.0710
18342.773,-0.0715
18344.238,-0.0713
18345.703,-0.0703
18347.168,-0.0694
18348.633,-0.0693
18350.098,-0.0724
18351.562,-0.0736
18353.027,-0.0704
18354.492,-0.0720
18355.957,-0.0754
18357.422,-0.0743
18358.887,-0.0701
18360.352,-0.0692
18361.816,-0.0710
18363.281,-0.0695
18364.746,-0.0702
18366.211,-0.0741
18367.676,-0.0735
18369.141,-0.0699
18370.605,-0.0692
18372.070,-0.0730
18373.535,-0.0749
18375.000,-0.0735
18376.465,-0.0736
18377.930,-0.0720
18379.395,-0.0682
18380.859,-0.0683
18382.324,-0.0706
18383.789,-0.0707
18385.254,-0.0694
18386.719,-0.0715
18388.184,-0.0716
18389.648,-0.0690
18391.113,-0.0683
18392.578,-0.0694
18394.043,-0.0715
18395.508,-0.0694
18396.973,-0.0684
18398.438,-0.0686
18399.902,-0.0694
18401.367,-0.0697
18402.832,-0.0683
18404.297,-0.0696
18405.762,-0.0709
18407.227,-0.0693
18408.691,-0.0703
18410.156,-0.0735
18411.621,-0.0724
18413.086,-0.0685
18414.551,-0.0666
18416.016,-0.0715
18417.480,-0.0736
18418.945,-0.0723
18420.410,-0.0744
18421.875,-0.0723
18423.340,-0.0695
18424.805,-0.0693
18426.270,-0.0692
18427.734,-0.0704
18429.199,-0.0724
18430.664,-0.0722
18432.129,-0.0720
18433.594,-0.0694
18435.059,-0.0684
18436.523,-0.0688
18437.988,-0.0699
18439.453,-0.0670
18440.918,-0.0696
18442.383,-0.0697
18443.848,-0.0673
18445.312,-0.0679
18446.777,-0.0701
18448.242,-0.0736
18449.707,-0.0733
18451.172,-0.0704
18452.637,-0.0715
18454.102,-0.0716
18455.566,-0.0730
18457.031,-0.0727
18458.496,-0.0701
18459.961,-0.0712
18461.426,-0.0665
18462.891,-0.0655
18464.355,-0.0682
18465.820,-0.0730
18467.285,-0.0718
18468.750,-0.0700
18470.215,-0.0709
18471.680,-0.0704
18473.145,-0.0712
18474.609,-0.0705
18476.074,-0.0679
18477.539,-0.0671
18479.004,-0.0685
18480.469,-0.0675
18481.934,-0.0692
18483.398,-0.0667
18484.863,-0.0679
18486.328,-0.0712
18487.793,-0.0705
18489.258,-0.0725
18490.723,-0.0715
18492.188,-0.0718
18493.652,-0.0720
18495.117,-0.0684
18496.582,-0.0659
18498.047,-0.0651
18499.512,-0.0684
18500.977,-0.0673
18502.441,-0.0684
18503.906,-0.0711
18505.371,-0.0704
18506.836,-0.0727
18508.301,-0.0717
18509.766,-0.0706
18511.230,-0.0646
18512.695,-0.0632
18514.160,-0.0691
18515.625,-0.0695
18517.090,-0.0725
18518.555,-0.0735
18520.020,-0.0724
18521.484,-0.0726
18522.949,-0.0664
18524.414,-0.0655
18525.879,-0.0680
18527.344,-0.0687
18528.809,-0.0716
18530.273,-0.0727
18531.738,-0.0708
18533.203,-0.0690
18534.668,-0.0706
18536.133,-0.0694
18537.598,-0.0648
18539.062,-0.0659
18540.527,-0.0680
18541.992,-0.0729
18543.457,-0.0702
18544.922,-0.0687
18546.387,-0.0715
18547.852,-0.0695
18549.316,-0.0706
18550.781,-0.0700
18552.246,-0.0723
18553.711,-0.0693
18555.176,-0.0715
18556.641,-0.0698
18558.105,-0.0675
18559.570,-0.0683
18561.035,-0.0731
18562.500,-0.0714
18563.965,-0.0700
18565.430,-0.0731
18566.895,-0.0719
18568.359,-0.0710
18569.824,-0.0733
18571.289,-0.0722
18572.754,-0.0667
18574.219,-0.0681
18575.684,-0.0674
18577.148,-0.0681
18578.613,-0.0745
18580.078,-0.0669
18581.543,-0.0683
18583.008,-0.0712
18584.473,-0.0689
18585.938,-0.0676
18587.402,-0.0694
18588.867,-0.0657
18590.332,-0.0680
18591.797,-0.0738
18593.262,-0.0715
18594.727,-0.0679
18596.191,-0.0703
18597.656,-0.0713
18599.121,-0.0679
18600.586,-0.0719
18602.051,-0.0713
18603.516,-0.0649
18604.980,-0.0690
18606.445,-0.0725
18607.910,-0.0686
18609.375,-0.0684
18610.840,-0.0688
18612.305,-0.0696
18613.770,-0.0711
18615.234,-0.0697
18616.699,-0.0694
18618.164,-0.0695
18619.629,-0.0681
18621.094,-0.0678
18622.559,-0.0673
18624.023,-0.0712
18625.488,-0.0707
18626.953,-0.0759
18628.418,-0.0678
18629.883,-0.0665
18631.348,-0.0663
18632.812,-0.0651
18634.277,-0.0663
18635.742,-0.0721
18637.207,-0.0758
18638.672,-0.0719
18640.137,-0.0634
18641.602,-0.0613
18643.066,-0.0641
18644.531,-0.0686
18645.996,-0.0667
18647.461,-0.0655
18648.926,-0.0718
18650.391,-0.0699
18651.855,-0.0666
18653.320,-0.0683
18654.785,-0.0642
18656.250,-0.0618
18657.715,-0.0693
18659.180,-0.0711
18660.645,-0.0665
18662.109,-0.0662
18663.574,-0.0731
18665.039,-0.0713
18666.504,-0.0690
18667.969,-0.0769
18669.434,-0.0741
18670.898,-0.0647
18672.363,-0.0659
18673.828,-0.0668
18675.293,-0.0661
18676.758,-0.0680
18678.223,-0.0649
18679.688,-0.0668
18681.152,-0.0694
18682.617,-0.0685
18684.082,-0.0663
18685.547,-0.0726
18687.012,-0.0714
18688.477,-0.0660
18689.941,-0.0698
18691.406,-0.0721
18692.871,-0.0709
18694.336,-0.0686
18695.801,-0.0721
18697.266,-0.0675
18698.730,-0.0745
18700.195,-0.0727
18701.660,-0.0689
18703.125,-0.0730
18704.590,-0.0680
18706.055,-0.0690
18707.520,-0.0687
18708.984,-0.0727
18710.449,-0.0703
18711.914,-0.0695
18713.379,-0.0695
18714.844,-0.0652
18716.309,-0.0646
18717.773,-0.0642
18719.238,-0.0695
18720.703,-0.0702
18722.168,-0.0719
18723.633,-0.0643
18725.098,-0.0707
18726.562,-0.0745
18728.027,-0.0716
18729.492,-0.0668
18730.957,-0.0663
18732.422,-0.0748
18733.887,-0.0731
18735.352,-0.0690
18736.816,-0.0683
18738.281,-0.0711
18739.746,-0.0655
18741.211,-0.0642
18742.676,-0.0648
18744.141,-0.0706
18745.605,-0.0677
18747.070,-0.0732
18748.535,-0.0728
18750.000,-0.0657
18751.465,-0.0719
18752.930,-0.0810
18754.395,-0.0762
18755.859,-0.0674
18757.324,-0.0716
18758.789,-0.0695
18760.254,-0.0650
18761.719,-0.0700
18763.184,-0.0701
18764.648,-0.0732
18766.113,-0.0731
18767.578,-0.0757
18769.043,-0.0761
18770.508,-0.0726
18771.973,-0.0752
18773.438,-0.0726
18774.902,-0.0714
18776.367,-0.0685
18777.832,-0.0734
18779.297,-0.0714
18780.762,-0.0691
18782.227,-0.0655
18783.691,-0.0635
18785.156,-0.0734
18786.621,-0.0704
18788.086,-0.0738
18789.551,-0.0731
18791.016,-0.0742
18792.480,-0.0775
18793.945,-0.0706
18795.410,-0.0678
18796.875,-0.0722
18798.340,-0.0728
18799.805,-0.0718
18801.270,-0.0721
18802.734,-0.0732
18804.199,-0.0735
18805.664,-0.0703
18807.129,-0.0713
18808.594,-0.0714
18810.059,-0.0742
18811.523,-0.0696
18812.988,-0.0699
18814.453,-0.0730
18815.918,-0.0710
18817.383,-0.0714
18818.848,-0.0727
18820.312,-0.0683
18821.777,-0.0772
18823.242,-0.0670
18824.707,-0.0709
18826.172,-0.0686
18827.637,-0.0721
18829.102,-0.0669
18830.566,-0.0711
18832.031,-0.0766
18833.496,-0.0653
18834.961,-0.0705
18836.426,-0.0694
18837.891,-0.0763
18839.355,-0.0794
18840.820,-0.0773
18842.285,-0.0812
18843.750,-0.0728
18845.215,-0.0716
18846.680,-0.0754
18848.145,-0.0760
18849.609,-0.0682
18851.074,-0.0730
18852.539,-0.0715
18854.004,-0.0728
18855.469,-0.0746
18856.934,-0.0732
18858.398,-0.0734
18859.863,-0.0681
18861.328,-0.0722
18862.793,-0.0771
18864.258,-0.0645
18865.723,-0.0727
18867.188,-0.0733
18868.652,-0.0739
18870.117,-0.0720
18871.582,-0.0730
18873.047,-0.0683
18874.512,-0.0712
18875.977,-0.0742
18877.441,-0.0771
18878.906,-0.0692
18880.371,-0.0729
18881.836,-0.0699
18883.301,-0.0729
18884.766,-0.0748
18886.230,-0.0726
18887.695,-0.0711
18889.160,-0.0674
18890.625,-0.0670
18892.090,-0.0744
18893.555,-0.0755
18895.020,-0.0718
18896.484,-0.0722
18897.949,-0.0716
18899.414,-0.0746
18900.879,-0.0738
18902.344,-0.0694
18903.809,-0.0767
18905.273,-0.0767
18906.738,-0.0704
18908.203,-0.0681
18909.668,-0.0747
18911.133,-0.0777
18912.598,-0.0714
18914.062,-0.0742
18915.527,-0.0691
18916.992,-0.0750
18918.457,-0.0729
18919.922,-0.0710
18921.387,-0.0669
18922.852,-0.0747
18924.316,-0.0775
18925.781,-0.0736
18927.246,-0.0771
18928.711,-0.0725
18930.176,-0.0742
18931.641,-0.0700
18933.105,-0.0811
18934.570,-0.0793
18936.035,-0.0744
18937.500,-0.0701
18938.965,-0.0745
18940.430,-0.0800
18941.895,-0.0664
18943.359,-0.0762
18944.824,-0.0742
18946.289,-0.0778
18947.754,-0.0731
18949.219,-0.0724
18950.684,-0.0747
18952.148,-0.0673
18953.613,-0.0670
18955.078,-0.0703
18956.543,-0.0752
18958.008,-0.0778
18959.473,-0.0758
18960.938,-0.0693
18962.402,-0.0667
18963.867,-0.0736
18965.332,-0.0736
18966.797,-0.0736
18968.262,-0.0752
18969.727,-0.0701
18971.191,-0.0736
18972.656,-0.0755
18974.121,-0.0758
18975.586,-0.0696
18977.051,-0.0644
18978.516,-0.0637
18979.980,-0.0790
18981.445,-0.0728
18982.910,-0.0699
18984.375,-0.0714
18985.840,-0.0748
18987.305,-0.0772
18988.770,-0.0771
18990.234,-0.0715
18991.699,-0.0726
18993.164,-0.0863
18994.629,-0.0810
18996.094,-0.0656
18997.559,-0.0762
18999.023,-0.0800
19000.488,-0.0752
19001.953,-0.0747
19003.418,-0.0731
19004.883,-0.0704
19006.348,-0.0652
19007.812,-0.0697
19009.277,-0.0775
19010.742,-0.0710
19012.207,-0.0740
19013.672,-0.0793
19015.137,-0.0647
19016.602,-0.0678
19018.066,-0.0739
19019.531,-0.0724
19020.996,-0.0668
19022.461,-0.0766
19023.926,-0.0724
19025.391,-0.0721
19026.855,-0.0693
19028.320,-0.0758
19029.785,-0.0765
19031.250,-0.0693
19032.715,-0.0748
19034.180,-0.0738
19035.645,-0.0804
19037.109,-0.0735
19038.574,-0.0799
19040.039,-0.0721
19041.504,-0.0745
19042.969,-0.0805
19044.434,-0.0749
19045.898,-0.0795
19047.363,-0.0758
19048.828,-0.0678
19050.293,-0.0763
19051.758,-0.0740
19053.223,-0.0679
19054.688,-0.0696
19056.152,-0.0682
19057.617,-0.0703
19059.082,-0.0671
19060.547,-0.0755
19062.012,-0.0779
19063.477,-0.0768
19064.941,-0.0858
19066.406,-0.0737
19067.871,-0.0734
19069.336,-0.0736
19070.801,-0.0803
19072.266,-0.0754
19073.730,-0.0730
19075.195,-0.0755
19076.660,-0.0756
19078.125,-0.0760
19079.590,-0.0775
19081.055,-0.0724
19082.520,-0.0788
19083.984,-0.0840
19085.449,-0.0838
19086.914,-0.0783
19088.379,-0.0775
19089.844,-0.0736
19091.309,-0.0785
19092.773,-0.0757
19094.238,-0.0709
19095.703,-0.0726
19097.168,-0.0776
19098.633,-0.0737
19100.098,-0.0723
19101.562,-0.0643
19103.027,-0.0769
19104.492,-0.0827
19105.957,-0.0831
19107.422,-0.0788
19108.887,-0.0779
19110.352,-0.0733
19111.816,-0.0816
19113.281,-0.0759
19114.746,-0.0693
19116.211,-0.0805
19117.676,-0.0742
19119.141,-0.0684
19120.605,-0.0742
19122.070,-0.0804
19123.535,-0.0740
19125.000,-0.0725
19126.465,-0.0763
19127.930,-0.0702
19129.395,-0.0692
19130.859,-0.0753
19132.324,-0.0784
19133.789,-0.0739
19135.254,-0.0794
19136.719,-0.0752
19138.184,-0.0715
19139.648,-0.0767
19141.113,-0.0826
19142.578,-0.0789
19144.043,-0.0707
19145.508,-0.0800
19146.973,-0.0774
19148.438,-0.0764
19149.902,-0.0797
19151.367,-0.0819
19152.832,-0.0779
19154.297,-0.0756
19155.762,-0.0782
19157.227,-0.0808
19158.691,-0.0773
19160.156,-0.0759
19161.621,-0.0821
19163.086,-0.0802
19164.551,-0.0761
19166.016,-0.0700
19167.480,-0.0714
19168.945,-0.0810
19170.410,-0.0755
19171.875,-0.0703
19173.340,-0.0751
19174.805,-0.0772
19176.270,-0.0791
19177.734,-0.0728
19179.199,-0.0726
19180.664,-0.0764
19182.129,-0.0836
19183.594,-0.0825
19185.059,-0.0778
19186.523,-0.0770
19187.988,-0.0753
19189.453,-0.0719
19190.918,-0.0673
19192.383,-0.0748
19193.848,-0.0759
19195.312,-0.0786
19196.777,-0.0737
19198.242,-0.0754
19199.707,-0.0815
19201.172,-0.0792
19202.637,-0.0690
19204.102,-0.0762
19205.566,-0.0809
19207.031,-0.0775
19208.496,-0.0698
19209.961,-0.0665
19211.426,-0.0762
19212.891,-0.0718
19214.355,-0.0795
19215.820,-0.0809
19217.285,-0.0770
19218.750,-0.0811
19220.215,-0.0811
19221.680,-0.0733
19223.145,-0.0729
19224.609,-0.0745
19226.074,-0.0758
19227.539,-0.0808
19229.004,-0.0681
19230.469,-0.0712
19231.934,-0.0713
19233.398,-0.0757
19234.863,-0.0840
19236.328,-0.0737
19237.793,-0.0774
19239.258,-0.0743
19240.723,-0.0694
19242.188,-0.0816
19243.652,-0.0809
19245.117,-0.0805
19246.582,-0.0803
19248.047,-0.0827
19249.512,-0.0793
19250.977,-0.0825
19252.441,-0.0852
19253.906,-0.0740
19255.371,-0.0704
19256.836,-0.0734
19258.301,-0.0742
19259.766,-0.0683
19261.230,-0.0713
19262.695,-0.0762
19264.160,-0.0829
19265.625,-0.0893
19267.090,-0.0844
19268.555,-0.0679
19270.020,-0.0615
19271.484,-0.0653
19272.949,-0.0712
19274.414,-0.0734
19275.879,-0.0793
19277.344,-0.0691
19278.809,-0.0634
19280.273,-0.0731
19281.738,-0.0809
19283.203,-0.0787
19284.668,-0.0807
19286.133,-0.0770
19287.598,-0.0756
19289.062,-0.0776
19290.527,-0.0807
19291.992,-0.0842
19293.457,-0.0795
19294.922,-0.0693
19296.387,-0.0657
19297.852,-0.0715
19299.316,-0.0739
19300.781,-0.0770
19302.246,-0.0741
19303.711,-0.0802
19305.176,-0.0854
19306.641,-0.0850
19308.105,-0.0805
19309.570,-0.0729
19311.035,-0.0698
19312.500,-0.0763
19313.965,-0.0812
19315.430,-0.0728
19316.895,-0.0740
19318.359,-0.0749
19319.824,-0.0752
19321.289,-0.0663
19322.754,-0.0698
19324.219,-0.0722
19325.684,-0.0735
19327.148,-0.0816
19328.613,-0.0730
19330.078,-0.0710
19331.543,-0.0713
19333.008,-0.0708
19334.473,-0.0734
19335.938,-0.0769
19337.402,-0.0694
19338.867,-0.0726
19340.332,-0.0767
19341.797,-0.0764
19343.262,-0.0829
19344.727,-0.0810
19346.191,-0.0791
19347.656,-0.0811
19349.121,-0.0750
19350.586,-0.0765
19352.051,-0.0805
19353.516,-0.0799
19354.980,-0.0757
19356.445,-0.0695
19357.910,-0.0701
19359.375,-0.0682
19360.840,-0.0704
19362.305,-0.0829
19363.770,-0.0818
19365.234,-0.0713
19366.699,-0.0712
19368.164,-0.0808
19369.629,-0.0806
19371.094,-0.0743
19372.559,-0.0724
19374.023,-0.0752
19375.488,-0.0790
19376.953,-0.0805
19378.418,-0.0798
19379.883,-0.0749
19381.348,-0.0697
19382.812,-0.0701
19384.277,-0.0839
19385.742,-0.0857
19387.207,-0.0844
19388.672,-0.0797
19390.137,-0.0712
19391.602,-0.0740
19393.066,-0.0798
19394.531,-0.0728
19395.996,-0.0733
19397.461,-0.0714
19398.926,-0.0758
19400.391,-0.0806
19401.855,-0.0794
19403.320,-0.0737
19404.785,-0.0722
19406.250,-0.0767
19407.715,-0.0710
19409.180,-0.0737
19410.645,-0.0783
19412.109,-0.0768
19413.574,-0.0749
19415.039,-0.0722
19416.504,-0.0773
19417.969,-0.0803
19419.434,-0.0756
19420.898,-0.0769
19422.363,-0.0700
19423.828,-0.0660
19425.293,-0.0715
19426.758,-0.0817
19428.223,-0.0820
19429.688,-0.0764
19431.152,-0.0770
19432.617,-0.0818
19434.082,-0.0744
19435.547,-0.0659
19437.012,-0.0659
19438.477,-0.0700
19439.941,-0.0811
19441.406,-0.0805
19442.871,-0.0759
19444.336,-0.0777
19445.801,-0.0784
19447.266,-0.0708
19448.730,-0.0687
19450.195,-0.0697
19451.660,-0.0713
19453.125,-0.0688
19454.590,-0.0698
19456.055,-0.0705
19457.520,-0.0679
19458.984,-0.0692
19460.449,-0.0754
19461.914,-0.0739
19463.379,-0.0696
19464.844,-0.0739
19466.309,-0.0826
19467.773,-0.0775
19469.238,-0.0672
19470.703,-0.0619
19472.168,-0.0636
19473.633,-0.0746
19475.098,-0.0759
19476.562,-0.0773
19478.027,-0.0776
19479.492,-0.0741
19480.957,-0.0748
19482.422,-0.0848
19483.887,-0.0854
19485.352,-0.0794
19486.816,-0.0817
19488.281,-0.0780
19489.746,-0.0719
19491.211,-0.0703
19492.676,-0.0669
19494.141,-0.0724
19495.605,-0.0771
19497.070,-0.0695
19498.535,-0.0657
19500.000,-0.0729
19501.465,-0.0820
19502.930,-0.0826
19504.395,-0.0805
19505.859,-0.0787
19507.324,-0.0766
19508.789,-0.0818
19510.254,-0.0764
19511.719,-0.0654
19513.184,-0.0641
19514.648,-0.0705
19516.113,-0.0781
19517.578,-0.0726
19519.043,-0.0633
19520.508,-0.0618
19521.973,-0.0680
19523.438,-0.0655
19524.902,-0.0686
19526.367,-0.0765
19527.832,-0.0814
19529.297,-0.0775
19530.762,-0.0652
19532.227,-0.0677
19533.691,-0.0730
19535.156,-0.0691
19536.621,-0.0693
19538.086,-0.0697
19539.551,-0.0737
19541.016,-0.0728
19542.480,-0.0667
19543.945,-0.0668
19545.410,-0.0689
19546.875,-0.0696
19548.340,-0.0633
19549.805,-0.0665
19551.270,-0.0716
19552.734,-0.0723
19554.199,-0.0740
19555.664,-0.0765
19557.129,-0.0799
19558.594,-0.0742
19560.059,-0.0718
19561.523,-0.0747
19562.988,-0.0726
19564.453,-0.0741
19565.918,-0.0769
19567.383,-0.0681
19568.848,-0.0620
19570.312,-0.0683
19571.777,-0.0758
19573.242,-0.0736
19574.707,-0.0729
19576.172,-0.0773
19577.637,-0.0747
19579.102,-0.0720
19580.566,-0.0721
19582.031,-0.0681
19583.496,-0.0674
19584.961,-0.0749
19586.426,-0.0769
19587.891,-0.0776
19589.355,-0.0799
19590.820,-0.0754
19592.285,-0.0718
19593.750,-0.0748
19595.215,-0.0731
19596.680,-0.0677
19598.145,-0.0707
19599.609,-0.0778
19601.074,-0.0748
19602.539,-0.0691
19604.004,-0.0690
19605.469,-0.0754
19606.934,-0.0812
19608.398,-0.0784
19609.863,-0.0718
19611.328,-0.0672
19612.793,-0.0676
19614.258,-0.0746
19615.723,-0.0790
19617.188,-0.0793
19618.652,-0.0780
19620.117,-0.0718
19621.582,-0.0660
19623.047,-0.0635
19624.512,-0.0632
19625.977,-0.0657
19627.441,-0.0675
19628.906,-0.0694
19630.371,-0.0729
19631.836,-0.0730
19633.301,-0.0693
19634.766,-0.0732
19636.230,-0.0776
19637.695,-0.0736
19639.160,-0.0723
19640.625,-0.0736
19642.090,-0.0723
19643.555,-0.0692
19645.020,-0.0714
19646.484,-0.0767
19647.949,-0.0705
19649.414,-0.0634
19650.879,-0.0672
19652.344,-0.0744
19653.809,-0.0749
19655.273,-0.0677
19656.738,-0.0664
19658.203,-0.0735
19659.668,-0.0748
19661.133,-0.0699
19662.598,-0.0697
19664.062,-0.0713
19665.527,-0.0711
19666.992,-0.0691
19668.457,-0.0655
19669.922,-0.0667
19671.387,-0.0665
19672.852,-0.0655
19674.316,-0.0734
19675.781,-0.0746
19677.246,-0.0687
19678.711,-0.0731
19680.176,-0.0741
19681.641,-0.0695
19683.105,-0.0750
19684.570,-0.0796
19686.035,-0.0773
19687.500,-0.0706
19688.965,-0.0702
19690.430,-0.0713
19691.895,-0.0616
19693.359,-0.0652
19694.824,-0.0764
19696.289,-0.0768
19697.754,-0.0755
19699.219,-0.0731
19700.684,-0.0723
19702.148,-0.0764
19703.613,-0.0839
19705.078,-0.0900
19706.543,-0.0859
19708.008,-0.0767
19709.473,-0.0729
19710.938,-0.0766
19712.402,-0.0788
19713.867,-0.0716
19715.332,-0.0630
19716.797,-0.0623
19718.262,-0.0696
19719.727,-0.0778
19721.191,-0.0806
19722.656,-0.0745
19724.121,-0.0693
19725.586,-0.0763
19727.051,-0.0757
19728.516,-0.0609
19729.980,-0.0640
19731.445,-0.0800
19732.910,-0.0758
19734.375,-0.0693
19735.840,-0.0725
19737.305,-0.0693
19738.770,-0.0643
19740.234,-0.0634
19741.699,-0.0661
19743.164,-0.0709
19744.629,-0.0693
19746.094,-0.0692
19747.559,-0.0721
19749.023,-0.0668
19750.488,-0.0701
19751.953,-0.0763
19753.418,-0.0790
19754.883,-0.0836
19756.348,-0.0767
19757.812,-0.0730
19759.277,-0.0710
19760.742,-0.0646
19762.207,-0.0690
19763.672,-0.0765
19765.137,-0.0743
19766.602,-0.0620
19768.066,-0.0606
19769.531,-0.0690
19770.996,-0.0648
19772.461,-0.0644
19773.926,-0.0753
19775.391,-0.0824
19776.855,-0.0758
19778.320,-0.0681
19779.785,-0.0651
19781.250,-0.0666
19782.715,-0.0772
19784.180,-0.0810
19785.645,-0.0781
19787.109,-0.0714
19788.574,-0.0646
19790.039,-0.0647
19791.504,-0.0739
19792.969,-0.0793
19794.434,-0.0733
19795.898,-0.0692
19797.363,-0.0700
19798.828,-0.0742
19800.293,-0.0772
19801.758,-0.0814
19803.223,-0.0846
19804.688,-0.0818
19806.152,-0.0743
19807.617,-0.0686
19809.082,-0.0679
19810.547,-0.0713
19812.012,-0.0728
19813.477,-0.0684
19814.941,-0.0677
19816.406,-0.0713
19817.871,-0.0636
19819.336,-0.0519
19820.801,-0.0507
19822.266,-0.0556
19823.730,-0.0615
19825.195,-0.0655
19826.660,-0.0722
19828.125,-0.0711
19829.590,-0.0576
19831.055,-0.0561
19832.520,-0.0661
19833.984,-0.0658
19835.449,-0.0647
19836.914,-0.0769
19838.379,-0.0851
19839.844,-0.0800
19841.309,-0.0759
19842.773,-0.0735
19844.238,-0.0660
19845.703,-0.0673
19847.168,-0.0740
19848.633,-0.0701
19850.098,-0.0662
19851.562,-0.0761
19853.027,-0.0792
19854.492,-0.0696
19855.957,-0.0735
19857.422,-0.0678
19858.887,-0.0552
19860.352,-0.0595
19861.816,-0.0747
19863.281,-0.0779
19864.746,-0.0671
19866.211,-0.0667
19867.676,-0.0700
19869.141,-0.0681
19870.605,-0.0678
19872.070,-0.0769
19873.535,-0.0766
19875.000,-0.0689
19876.465,-0.0811
19877.930,-0.0827
19879.395,-0.0770
19880.859,-0.0829
19882.324,-0.0759
19883.789,-0.0681
19885.254,-0.0665
19886.719,-0.0699
19888.184,-0.0815
19889.648,-0.0776
19891.113,-0.0658
19892.578,-0.0625
19894.043,-0.0688
19895.508,-0.0651
19896.973,-0.0595
19898.438,-0.0646
19899.902,-0.0648
19901.367,-0.0692
19902.832,-0.0825
19904.297,-0.0749
19905.762,-0.0617
19907.227,-0.0658
19908.691,-0.0724
19910.156,-0.0775
19911.621,-0.0727
19913.086,-0.0734
19914.551,-0.0722
19916.016,-0.0582
19917.480,-0.0542
19918.945,-0.0568
19920.410,-0.0633
19921.875,-0.0629
19923.340,-0.0519
19924.805,-0.0516
19926.270,-0.0621
19927.734,-0.0786
19929.199,-0.0814
19930.664,-0.0689
19932.129,-0.0646
19933.594,-0.0775
19935.059,-0.0817
19936.523,-0.0906
19937.988,-0.0865
19939.453,-0.0742
19940.918,-0.0790
19942.383,-0.0747
19943.848,-0.0655
19945.312,-0.0670
19946.777,-0.0780
19948.242,-0.0929
19949.707,-0.0854
19951.172,-0.0716
19952.637,-0.0650
19954.102,-0.0615
19955.566,-0.0734
19957.031,-0.0737
19958.496,-0.0638
19959.961,-0.0648
19961.426,-0.0787
19962.891,-0.0789
19964.355,-0.0735
19965.820,-0.0868
19967.285,-0.0820
19968.750,-0.0731
19970.215,-0.0810
19971.680,-0.0678
19973.145,-0.0675
19974.609,-0.0722
19976.074,-0.0747
19977.539,-0.0788
19979.004,-0.0810
19980.469,-0.0766
19981.934,-0.0723
19983.398,-0.0899
19984.863,-0.0858
19986.328,-0.0720
19987.793,-0.0658
19989.258,-0.0803
19990.723,-0.0811
19992.188,-0.0641
19993.652,-0.0807
19995.117,-0.0724
19996.582,-0.0592
19998.047,-0.0511
19999.512,-0.0539
