freq_hz,gain_dB,coherence
20.508,-10.9429,0.9997
21.973,-10.9227,0.9998
23.438,-10.9024,0.9997
24.902,-10.8925,0.9998
26.367,-10.8805,0.9999
27.832,-10.8544,0.9998
29.297,-10.8674,0.9998
30.762,-10.8442,0.9999
32.227,-10.8366,0.9998
33.691,-10.8433,0.9999
35.156,-10.8125,0.9998
36.621,-10.8366,1.0000
38.086,-10.8034,0.9998
39.551,-10.8213,1.0000
41.016,-10.8164,0.9998
42.480,-10.7950,1.0000
43.945,-10.8380,0.9999
45.410,-10.7695,0.9999
46.875,-10.8214,1.0000
48.340,-10.8001,0.9999
49.805,-10.7713,1.0000
51.270,-10.8290,1.0000
52.734,-10.7754,0.9999
54.199,-10.7716,1.0000
55.664,-10.8241,1.0000
57.129,-10.7757,0.9999
58.594,-10.7612,1.0000
60.059,-10.8120,1.0000
61.523,-10.7976,0.9999
62.988,-10.7497,1.0000
64.453,-10.7847,1.0000
65.918,-10.8179,0.9999
67.383,-10.7650,0.9999
68.848,-10.7511,1.0000
70.312,-10.7930,1.0000
71.777,-10.8150,0.9999
73.242,-10.7518,0.9999
74.707,-10.7493,1.0000
76.172,-10.7864,1.0000
77.637,-10.8116,1.0000
79.102,-10.7652,0.9999
80.566,-10.7383,1.0000
82.031,-10.7699,1.0000
83.496,-10.7979,1.0000
84.961,-10.8014,0.9999
86.426,-10.7413,0.9999
87.891,-10.7456,1.0000
89.355,-10.7730,1.0000
90.820,-10.7994,1.0000
92.285,-10.7990,0.9999
93.750,-10.7410,0.9999
95.215,-10.7411,1.0000
96.680,-10.7666,1.0000
98.145,-10.7907,1.0000
99.609,-10.8056,0.9999
101.074,-10.7611,0.9999
102.539,-10.7322,1.0000
104.004,-10.7495,1.0000
105.469,-10.7722,1.0000
106.934,-10.7948,1.0000
108.398,-10.7994,0.9999
109.863,-10.7519,0.9999
111.328,-10.7293,1.0000
112.793,-10.7458,1.0000
114.258,-10.7674,1.0000
115.723,-10.7880,1.0000
117.188,-10.8002,1.0000
118.652,-10.7707,0.9999
120.117,-10.7285,0.9999
121.582,-10.7351,1.0000
123.047,-10.7521,1.0000
124.512,-10.7743,1.0000
125.977,-10.7906,1.0000
127.441,-10.7993,0.9999
128.906,-10.7646,0.9999
130.371,-10.7273,0.9999
131.836,-10.7327,1.0000
133.301,-10.7488,1.0000
134.766,-10.7690,1.0000
136.230,-10.7859,1.0000
137.695,-10.7975,1.0000
139.160,-10.7828,0.9999
140.625,-10.7396,0.9999
142.090,-10.7270,1.0000
143.555,-10.7373,1.0000
145.020,-10.7525,1.0000
146.484,-10.7703,1.0000
147.949,-10.7850,1.0000
149.414,-10.7930,1.0000
150.879,-10.7837,0.9999
152.344,-10.7469,0.9999
153.809,-10.7283,0.9999
155.273,-10.7322,1.0000
156.738,-10.7437,1.0000
158.203,-10.7590,1.0000
159.668,-10.7739,1.0000
161.133,-10.7877,1.0000
162.598,-10.7913,0.9999
164.062,-10.7769,0.9999
165.527,-10.7443,0.9999
166.992,-10.7268,0.9999
168.457,-10.7281,1.0000
169.922,-10.7387,1.0000
171.387,-10.7544,1.0000
172.852,-10.7679,1.0000
174.316,-10.7830,1.0000
175.781,-10.7919,1.0000
177.246,-10.7879,0.9999
178.711,-10.7629,0.9999
180.176,-10.7323,0.9999
181.641,-10.7221,1.0000
183.105,-10.7268,1.0000
184.570,-10.7401,1.0000
186.035,-10.7539,1.0000
187.500,-10.7683,1.0000
188.965,-10.7823,1.0000
190.430,-10.7929,1.0000
191.895,-10.7894,0.9999
193.359,-10.7690,0.9999
194.824,-10.7410,0.9999
196.289,-10.7239,0.9999
197.754,-10.7222,1.0000
199.219,-10.7310,1.0000
200.684,-10.7445,1.0000
202.148,-10.7578,1.0000
203.613,-10.7711,1.0000
205.078,-10.7810,1.0000
206.543,-10.7883,1.0000
208.008,-10.7867,0.9999
209.473,-10.7717,0.9999
210.938,-10.7484,0.9999
212.402,-10.7295,0.9999
213.867,-10.7215,1.0000
215.332,-10.7270,1.0000
216.797,-10.7381,1.0000
218.262,-10.7485,1.0000
219.727,-10.7585,1.0000
221.191,-10.7681,1.0000
222.656,-10.7778,1.0000
224.121,-10.7855,1.0000
225.586,-10.7853,0.9999
227.051,-10.7739,0.9999
228.516,-10.7546,0.9999
229.980,-10.7364,0.9999
231.445,-10.7254,0.9999
232.910,-10.7246,1.0000
234.375,-10.7305,1.0000
235.840,-10.7372,1.0000
237.305,-10.7471,1.0000
238.770,-10.7567,1.0000
240.234,-10.7675,1.0000
241.699,-10.7765,1.0000
243.164,-10.7844,1.0000
244.629,-10.7865,0.9999
246.094,-10.7779,0.9999
247.559,-10.7628,0.9999
249.023,-10.7453,0.9999
250.488,-10.7281,0.9999
251.953,-10.7193,1.0000
253.418,-10.7218,1.0000
254.883,-10.7279,1.0000
256.348,-10.7372,1.0000
257.812,-10.7471,1.0000
259.277,-10.7571,1.0000
260.742,-10.7673,1.0000
262.207,-10.7774,1.0000
263.672,-10.7849,1.0000
265.137,-10.7895,1.0000
266.602,-10.7840,0.9999
268.066,-10.7677,0.9999
269.531,-10.7488,0.9999
270.996,-10.7308,0.9999
272.461,-10.7184,0.9999
273.926,-10.7166,1.0000
275.391,-10.7212,1.0000
276.855,-10.7285,1.0000
278.320,-10.7384,1.0000
279.785,-10.7477,1.0000
281.250,-10.7584,1.0000
282.715,-10.7679,1.0000
284.180,-10.7777,1.0000
285.645,-10.7842,1.0000
287.109,-10.7862,1.0000
288.574,-10.7838,0.9999
290.039,-10.7731,0.9999
291.504,-10.7564,0.9999
292.969,-10.7397,0.9999
294.434,-10.7254,0.9999
295.898,-10.7177,0.9999
297.363,-10.7176,1.0000
298.828,-10.7222,1.0000
300.293,-10.7301,1.0000
301.758,-10.7388,1.0000
303.223,-10.7479,1.0000
304.688,-10.7566,1.0000
306.152,-10.7641,1.0000
307.617,-10.7707,1.0000
309.082,-10.7769,1.0000
310.547,-10.7812,1.0000
312.012,-10.7818,1.0000
313.477,-10.7785,0.9999
314.941,-10.7691,0.9999
316.406,-10.7552,0.9999
317.871,-10.7402,0.9999
319.336,-10.7272,0.9999
320.801,-10.7211,0.9999
322.266,-10.7199,1.0000
323.730,-10.7221,1.0000
325.195,-10.7285,1.0000
326.660,-10.7351,1.0000
328.125,-10.7417,1.0000
329.590,-10.7481,1.0000
331.055,-10.7544,1.0000
332.520,-10.7607,1.0000
333.984,-10.7674,1.0000
335.449,-10.7734,1.0000
336.914,-10.7787,1.0000
338.379,-10.7805,1.0000
339.844,-10.7786,0.9999
341.309,-10.7730,0.9999
342.773,-10.7627,0.9999
344.238,-10.7492,0.9999
345.703,-10.7358,0.9999
347.168,-10.7265,0.9999
348.633,-10.7218,0.9999
350.098,-10.7201,1.0000
351.562,-10.7219,1.0000
353.027,-10.7257,1.0000
354.492,-10.7303,1.0000
355.957,-10.7362,1.0000
357.422,-10.7424,1.0000
358.887,-10.7492,1.0000
360.352,-10.7561,1.0000
361.816,-10.7632,1.0000
363.281,-10.7700,1.0000
364.746,-10.7758,1.0000
366.211,-10.7805,1.0000
367.676,-10.7824,1.0000
369.141,-10.7804,0.9999
370.605,-10.7747,0.9999
372.070,-10.7642,0.9999
373.535,-10.7498,0.9999
375.000,-10.7361,0.9999
376.465,-10.7262,0.9999
377.930,-10.7193,0.9999
379.395,-10.7151,1.0000
380.859,-10.7155,1.0000
382.324,-10.7186,1.0000
383.789,-10.7234,1.0000
385.254,-10.7298,1.0000
386.719,-10.7362,1.0000
388.184,-10.7433,1.0000
389.648,-10.7501,1.0000
391.113,-10.7575,1.0000
392.578,-10.7645,1.0000
394.043,-10.7717,1.0000
395.508,-10.7779,1.0000
396.973,-10.7817,1.0000
398.438,-10.7833,1.0000
399.902,-10.7816,0.9999
401.367,-10.7767,0.9999
402.832,-10.7690,0.9999
404.297,-10.7568,0.9999
405.762,-10.7415,0.9999
407.227,-10.7287,0.9999
408.691,-10.7202,0.9999
410.156,-10.7145,0.9999
411.621,-10.7123,1.0000
413.086,-10.7139,1.0000
414.551,-10.7170,1.0000
416.016,-10.7221,1.0000
417.480,-10.7284,1.0000
418.945,-10.7348,1.0000
420.410,-10.7420,1.0000
421.875,-10.7485,1.0000
423.340,-10.7555,1.0000
424.805,-10.7611,1.0000
426.270,-10.7669,1.0000
427.734,-10.7718,1.0000
429.199,-10.7766,1.0000
430.664,-10.7799,1.0000
432.129,-10.7802,1.0000
433.594,-10.7789,0.9999
435.059,-10.7749,0.9999
436.523,-10.7676,0.9999
437.988,-10.7580,0.9999
439.453,-10.7464,0.9999
440.918,-10.7341,0.9999
442.383,-10.7246,0.9999
443.848,-10.7181,0.9999
445.312,-10.7144,0.9999
446.777,-10.7141,1.0000
448.242,-10.7157,1.0000
449.707,-10.7190,1.0000
451.172,-10.7240,1.0000
452.637,-10.7293,1.0000
454.102,-10.7347,1.0000
455.566,-10.7398,1.0000
457.031,-10.7451,1.0000
458.496,-10.7506,1.0000
459.961,-10.7559,1.0000
461.426,-10.7606,1.0000
462.891,-10.7648,1.0000
464.355,-10.7689,1.0000
465.820,-10.7721,1.0000
467.285,-10.7746,1.0000
468.750,-10.7759,1.0000
470.215,-10.7754,0.9999
471.680,-10.7734,0.9999
473.145,-10.7689,0.9999
474.609,-10.7614,0.9999
476.074,-10.7522,0.9999
477.539,-10.7420,0.9999
479.004,-10.7329,0.9999
480.469,-10.7251,0.9999
481.934,-10.7195,0.9999
483.398,-10.7172,0.9999
484.863,-10.7166,1.0000
486.328,-10.7170,1.0000
487.793,-10.7192,1.0000
489.258,-10.7223,1.0000
490.723,-10.7265,1.0000
492.188,-10.7311,1.0000
493.652,-10.7352,1.0000
495.117,-10.7395,1.0000
496.582,-10.7433,1.0000
498.047,-10.7476,1.0000
499.512,-10.7517,1.0000
500.977,-10.7564,1.0000
502.441,-10.7608,1.0000
503.906,-10.7652,1.0000
505.371,-10.7693,1.0000
506.836,-10.7722,1.0000
508.301,-10.7746,1.0000
509.766,-10.7754,1.0000
511.230,-10.7747,0.9999
512.695,-10.7727,0.9999
514.160,-10.7681,0.9999
515.625,-10.7604,0.9999
517.090,-10.7515,0.9999
518.555,-10.7426,0.9999
520.020,-10.7334,0.9999
521.484,-10.7248,0.9999
522.949,-10.7191,0.9999
524.414,-10.7165,0.9999
525.879,-10.7149,1.0000
527.344,-10.7149,1.0000
528.809,-10.7161,1.0000
530.273,-10.7177,1.0000
531.738,-10.7204,1.0000
533.203,-10.7235,1.0000
534.668,-10.7273,1.0000
536.133,-10.7315,1.0000
537.598,-10.7358,1.0000
539.062,-10.7406,1.0000
540.527,-10.7452,1.0000
541.992,-10.7501,1.0000
543.457,-10.7549,1.0000
544.922,-10.7597,1.0000
546.387,-10.7646,1.0000
547.852,-10.7688,1.0000
549.316,-10.7729,1.0000
550.781,-10.7758,1.0000
552.246,-10.7776,1.0000
553.711,-10.7780,1.0000
555.176,-10.7762,0.9999
556.641,-10.7728,0.9999
558.105,-10.7675,0.9999
559.570,-10.7596,0.9999
561.035,-10.7508,0.9999
562.500,-10.7421,0.9999
563.965,-10.7334,0.9999
565.430,-10.7250,0.9999
566.895,-10.7184,0.9999
568.359,-10.7137,0.9999
569.824,-10.7106,0.9999
571.289,-10.7096,1.0000
572.754,-10.7098,1.0000
574.219,-10.7112,1.0000
575.684,-10.7138,1.0000
577.148,-10.7172,1.0000
578.613,-10.7212,1.0000
580.078,-10.7256,1.0000
581.543,-10.7301,1.0000
583.008,-10.7348,1.0000
584.473,-10.7396,1.0000
585.938,-10.7446,1.0000
587.402,-10.7495,1.0000
588.867,-10.7544,1.0000
590.332,-10.7591,1.0000
591.797,-10.7633,1.0000
593.262,-10.7671,1.0000
594.727,-10.7705,1.0000
596.191,-10.7732,1.0000
597.656,-10.7753,1.0000
599.121,-10.7763,1.0000
600.586,-10.7763,1.0000
602.051,-10.7753,0.9999
603.516,-10.7724,0.9999
604.980,-10.7676,0.9999
606.445,-10.7610,0.9999
607.910,-10.7530,0.9999
609.375,-10.7442,0.9999
610.840,-10.7352,0.9999
612.305,-10.7267,0.9999
613.770,-10.7197,0.9999
615.234,-10.7142,0.9999
616.699,-10.7103,0.9999
618.164,-10.7084,0.9999
619.629,-10.7084,1.0000
621.094,-10.7091,1.0000
622.559,-10.7109,1.0000
624.023,-10.7135,1.0000
625.488,-10.7166,1.0000
626.953,-10.7206,1.0000
628.418,-10.7247,1.0000
629.883,-10.7290,1.0000
631.348,-10.7333,1.0000
632.812,-10.7375,1.0000
634.277,-10.7415,1.0000
635.742,-10.7453,1.0000
637.207,-10.7493,1.0000
638.672,-10.7532,1.0000
640.137,-10.7571,1.0000
641.602,-10.7605,1.0000
643.066,-10.7639,1.0000
644.531,-10.7670,1.0000
645.996,-10.7698,1.0000
647.461,-10.7718,1.0000
648.926,-10.7729,1.0000
650.391,-10.7735,1.0000
651.855,-10.7730,1.0000
653.320,-10.7714,0.9999
654.785,-10.7687,0.9999
656.250,-10.7643,0.9999
657.715,-10.7586,0.9999
659.180,-10.7525,0.9999
660.645,-10.7455,0.9999
662.109,-10.7376,0.9999
663.574,-10.7301,0.9999
665.039,-10.7238,0.9999
666.504,-10.7186,0.9999
667.969,-10.7142,0.9999
669.434,-10.7114,0.9999
670.898,-10.7103,0.9999
672.363,-10.7103,1.0000
673.828,-10.7112,1.0000
675.293,-10.7128,1.0000
676.758,-10.7147,1.0000
678.223,-10.7172,1.0000
679.688,-10.7200,1.0000
681.152,-10.7230,1.0000
682.617,-10.7266,1.0000
684.082,-10.7301,1.0000
685.547,-10.7335,1.0000
687.012,-10.7368,1.0000
688.477,-10.7403,1.0000
689.941,-10.7438,1.0000
691.406,-10.7472,1.0000
692.871,-10.7505,1.0000
694.336,-10.7536,1.0000
695.801,-10.7566,1.0000
697.266,-10.7594,1.0000
698.730,-10.7619,1.0000
700.195,-10.7645,1.0000
701.660,-10.7664,1.0000
703.125,-10.7683,1.0000
704.590,-10.7697,1.0000
706.055,-10.7704,1.0000
707.520,-10.7707,1.0000
708.984,-10.7698,0.9999
710.449,-10.7677,0.9999
711.914,-10.7646,0.9999
713.379,-10.7603,0.9999
714.844,-10.7551,0.9999
716.309,-10.7494,0.9999
717.773,-10.7429,0.9999
719.238,-10.7360,0.9999
720.703,-10.7298,0.9999
722.168,-10.7243,0.9999
723.633,-10.7192,0.9999
725.098,-10.7154,0.9999
726.562,-10.7126,0.9999
728.027,-10.7108,0.9999
729.492,-10.7103,1.0000
730.957,-10.7109,1.0000
732.422,-10.7117,1.0000
733.887,-10.7130,1.0000
735.352,-10.7148,1.0000
736.816,-10.7169,1.0000
738.281,-10.7196,1.0000
739.746,-10.7223,1.0000
741.211,-10.7252,1.0000
742.676,-10.7282,1.0000
744.141,-10.7310,1.0000
745.605,-10.7339,1.0000
747.070,-10.7366,1.0000
748.535,-10.7396,1.0000
750.000,-10.7425,1.0000
751.465,-10.7457,1.0000
752.930,-10.7488,1.0000
754.395,-10.7521,1.0000
755.859,-10.7553,1.0000
757.324,-10.7584,1.0000
758.789,-10.7614,1.0000
760.254,-10.7639,1.0000
761.719,-10.7665,1.0000
763.184,-10.7684,1.0000
764.648,-10.7701,1.0000
766.113,-10.7713,1.0000
767.578,-10.7718,1.0000
769.043,-10.7716,0.9999
770.508,-10.7702,0.9999
771.973,-10.7674,0.9999
773.438,-10.7639,0.9999
774.902,-10.7595,0.9999
776.367,-10.7539,0.9999
777.832,-10.7476,0.9999
779.297,-10.7414,0.9999
780.762,-10.7351,0.9999
782.227,-10.7288,0.9999
783.691,-10.7230,0.9999
785.156,-10.7184,0.9999
786.621,-10.7148,0.9999
788.086,-10.7116,0.9999
789.551,-10.7094,0.9999
791.016,-10.7085,1.0000
792.480,-10.7082,1.0000
793.945,-10.7086,1.0000
795.410,-10.7096,1.0000
796.875,-10.7105,1.0000
798.340,-10.7121,1.0000
799.805,-10.7139,1.0000
801.270,-10.7160,1.0000
802.734,-10.7185,1.0000
804.199,-10.7212,1.0000
805.664,-10.7241,1.0000
807.129,-10.7270,1.0000
808.594,-10.7303,1.0000
810.059,-10.7334,1.0000
811.523,-10.7367,1.0000
812.988,-10.7399,1.0000
814.453,-10.7433,1.0000
815.918,-10.7465,1.0000
817.383,-10.7499,1.0000
818.848,-10.7531,1.0000
820.312,-10.7564,1.0000
821.777,-10.7594,1.0000
823.242,-10.7622,1.0000
824.707,-10.7649,1.0000
826.172,-10.7670,1.0000
827.637,-10.7689,1.0000
829.102,-10.7703,1.0000
830.566,-10.7712,1.0000
832.031,-10.7720,1.0000
833.496,-10.7718,1.0000
834.961,-10.7708,0.9999
836.426,-10.7689,0.9999
837.891,-10.7661,0.9999
839.355,-10.7626,0.9999
840.820,-10.7586,0.9999
842.285,-10.7536,0.9999
843.750,-10.7475,0.9999
845.215,-10.7415,0.9999
846.680,-10.7358,0.9999
848.145,-10.7299,0.9999
849.609,-10.7240,0.9999
851.074,-10.7191,0.9999
852.539,-10.7149,0.9999
854.004,-10.7112,0.9999
855.469,-10.7084,0.9999
856.934,-10.7065,0.9999
858.398,-10.7052,1.0000
859.863,-10.7049,1.0000
861.328,-10.7055,1.0000
862.793,-10.7064,1.0000
864.258,-10.7079,1.0000
865.723,-10.7096,1.0000
867.188,-10.7117,1.0000
868.652,-10.7141,1.0000
870.117,-10.7166,1.0000
871.582,-10.7194,1.0000
873.047,-10.7224,1.0000
874.512,-10.7254,1.0000
875.977,-10.7285,1.0000
877.441,-10.7316,1.0000
878.906,-10.7347,1.0000
880.371,-10.7377,1.0000
881.836,-10.7408,1.0000
883.301,-10.7436,1.0000
884.766,-10.7465,1.0000
886.230,-10.7492,1.0000
887.695,-10.7520,1.0000
889.160,-10.7547,1.0000
890.625,-10.7574,1.0000
892.090,-10.7599,1.0000
893.555,-10.7622,1.0000
895.020,-10.7642,1.0000
896.484,-10.7660,1.0000
897.949,-10.7677,1.0000
899.414,-10.7689,1.0000
900.879,-10.7699,1.0000
902.344,-10.7704,1.0000
903.809,-10.7704,1.0000
905.273,-10.7698,0.9999
906.738,-10.7684,0.9999
908.203,-10.7663,0.9999
909.668,-10.7639,0.9999
911.133,-10.7605,0.9999
912.598,-10.7560,0.9999
914.062,-10.7511,0.9999
915.527,-10.7459,0.9999
916.992,-10.7403,0.9999
918.457,-10.7345,0.9999
919.922,-10.7289,0.9999
921.387,-10.7238,0.9999
922.852,-10.7192,0.9999
924.316,-10.7149,0.9999
925.781,-10.7116,0.9999
927.246,-10.7093,0.9999
928.711,-10.7075,0.9999
930.176,-10.7062,0.9999
931.641,-10.7056,1.0000
933.105,-10.7057,1.0000
934.570,-10.7062,1.0000
936.035,-10.7075,1.0000
937.500,-10.7089,1.0000
938.965,-10.7105,1.0000
940.430,-10.7125,1.0000
941.895,-10.7144,1.0000
943.359,-10.7167,1.0000
944.824,-10.7190,1.0000
946.289,-10.7213,1.0000
947.754,-10.7239,1.0000
949.219,-10.7264,1.0000
950.684,-10.7291,1.0000
952.148,-10.7316,1.0000
953.613,-10.7343,1.0000
955.078,-10.7368,1.0000
956.543,-10.7395,1.0000
958.008,-10.7420,1.0000
959.473,-10.7447,1.0000
960.938,-10.7470,1.0000
962.402,-10.7496,1.0000
963.867,-10.7519,1.0000
965.332,-10.7544,1.0000
966.797,-10.7566,1.0000
968.262,-10.7588,1.0000
969.727,-10.7608,1.0000
971.191,-10.7627,1.0000
972.656,-10.7645,1.0000
974.121,-10.7658,1.0000
975.586,-10.7671,1.0000
977.051,-10.7681,1.0000
978.516,-10.7685,1.0000
979.980,-10.7687,1.0000
981.445,-10.7684,1.0000
982.910,-10.7675,0.9999
984.375,-10.7663,0.9999
985.840,-10.7645,0.9999
987.305,-10.7620,0.9999
988.770,-10.7590,0.9999
990.234,-10.7554,0.9999
991.699,-10.7511,0.9999
993.164,-10.7467,0.9999
994.629,-10.7421,0.9999
996.094,-10.7370,0.9999
997.559,-10.7319,0.9999
999.023,-10.7274,0.9999
1000.488,-10.7231,0.9999
1001.953,-10.7190,0.9999
1003.418,-10.7155,0.9999
1004.883,-10.7126,0.9999
1006.348,-10.7103,0.9999
1007.812,-10.7086,0.9999
1009.277,-10.7075,0.9999
1010.742,-10.7067,1.0000
1012.207,-10.7064,1.0000
1013.672,-10.7068,1.0000
1015.137,-10.7074,1.0000
1016.602,-10.7084,1.0000
1018.066,-10.7097,1.0000
1019.531,-10.7111,1.0000
1020.996,-10.7127,1.0000
1022.461,-10.7144,1.0000
1023.926,-10.7164,1.0000
1025.391,-10.7184,1.0000
1026.855,-10.7205,1.0000
1028.320,-10.7228,1.0000
1029.785,-10.7251,1.0000
1031.250,-10.7274,1.0000
1032.715,-10.7297,1.0000
1034.180,-10.7320,1.0000
1035.645,-10.7344,1.0000
1037.109,-10.7367,1.0000
1038.574,-10.7390,1.0000
1040.039,-10.7414,1.0000
1041.504,-10.7438,1.0000
1042.969,-10.7461,1.0000
1044.434,-10.7484,1.0000
1045.898,-10.7505,1.0000
1047.363,-10.7527,1.0000
1048.828,-10.7548,1.0000
1050.293,-10.7568,1.0000
1051.758,-10.7588,1.0000
1053.223,-10.7606,1.0000
1054.688,-10.7624,1.0000
1056.152,-10.7639,1.0000
1057.617,-10.7654,1.0000
1059.082,-10.7668,1.0000
1060.547,-10.7678,1.0000
1062.012,-10.7685,1.0000
1063.477,-10.7688,1.0000
1064.941,-10.7687,1.0000
1066.406,-10.7682,0.9999
1067.871,-10.7673,0.9999
1069.336,-10.7659,0.9999
1070.801,-10.7640,0.9999
1072.266,-10.7614,0.9999
1073.730,-10.7582,0.9999
1075.195,-10.7548,0.9999
1076.660,-10.7511,0.9999
1078.125,-10.7466,0.9999
1079.590,-10.7421,0.9999
1081.055,-10.7374,0.9999
1082.520,-10.7328,0.9999
1083.984,-10.7284,0.9999
1085.449,-10.7239,0.9999
1086.914,-10.7202,0.9999
1088.379,-10.7169,0.9999
1089.844,-10.7137,0.9999
1091.309,-10.7111,0.9999
1092.773,-10.7092,0.9999
1094.238,-10.7077,0.9999
1095.703,-10.7067,0.9999
1097.168,-10.7063,1.0000
1098.633,-10.7060,1.0000
1100.098,-10.7061,1.0000
1101.562,-10.7067,1.0000
1103.027,-10.7075,1.0000
1104.492,-10.7086,1.0000
1105.957,-10.7099,1.0000
1107.422,-10.7111,1.0000
1108.887,-10.7128,1.0000
1110.352,-10.7145,1.0000
1111.816,-10.7163,1.0000
1113.281,-10.7183,1.0000
1114.746,-10.7203,1.0000
1116.211,-10.7224,1.0000
1117.676,-10.7244,1.0000
1119.141,-10.7266,1.0000
1120.605,-10.7286,1.0000
1122.070,-10.7309,1.0000
1123.535,-10.7331,1.0000
1125.000,-10.7354,1.0000
1126.465,-10.7376,1.0000
1127.930,-10.7399,1.0000
1129.395,-10.7421,1.0000
1130.859,-10.7444,1.0000
1132.324,-10.7466,1.0000
1133.789,-10.7490,1.0000
1135.254,-10.7511,1.0000
1136.719,-10.7534,1.0000
1138.184,-10.7554,1.0000
1139.648,-10.7575,1.0000
1141.113,-10.7594,1.0000
1142.578,-10.7612,1.0000
1144.043,-10.7629,1.0000
1145.508,-10.7643,1.0000
1146.973,-10.7658,1.0000
1148.438,-10.7670,1.0000
1149.902,-10.7680,1.0000
1151.367,-10.7688,1.0000
1152.832,-10.7692,1.0000
1154.297,-10.7692,1.0000
1155.762,-10.7690,1.0000
1157.227,-10.7684,0.9999
1158.691,-10.7675,0.9999
1160.156,-10.7663,0.9999
1161.621,-10.7643,0.9999
1163.086,-10.7620,0.9999
1164.551,-10.7593,0.9999
1166.016,-10.7562,0.9999
1167.480,-10.7527,0.9999
1168.945,-10.7489,0.9999
1170.410,-10.7448,0.9999
1171.875,-10.7406,0.9999
1173.340,-10.7364,0.9999
1174.805,-10.7321,0.9999
1176.270,-10.7279,0.9999
1177.734,-10.7240,0.9999
1179.199,-10.7203,0.9999
1180.664,-10.7170,0.9999
1182.129,-10.7142,0.9999
1183.594,-10.7118,0.9999
1185.059,-10.7096,0.9999
1186.523,-10.7079,0.9999
1187.988,-10.7069,0.9999
1189.453,-10.7062,1.0000
1190.918,-10.7057,1.0000
1192.383,-10.7057,1.0000
1193.848,-10.7058,1.0000
1195.312,-10.7063,1.0000
1196.777,-10.7071,1.0000
1198.242,-10.7081,1.0000
1199.707,-10.7093,1.0000
1201.172,-10.7107,1.0000
1202.637,-10.7121,1.0000
1204.102,-10.7137,1.0000
1205.566,-10.7154,1.0000
1207.031,-10.7172,1.0000
1208.496,-10.7191,1.0000
1209.961,-10.7211,1.0000
1211.426,-10.7231,1.0000
1212.891,-10.7251,1.0000
1214.355,-10.7272,1.0000
1215.820,-10.7293,1.0000
1217.285,-10.7315,1.0000
1218.750,-10.7335,1.0000
1220.215,-10.7356,1.0000
1221.680,-10.7377,1.0000
1223.145,-10.7397,1.0000
1224.609,-10.7417,1.0000
1226.074,-10.7437,1.0000
1227.539,-10.7457,1.0000
1229.004,-10.7476,1.0000
1230.469,-10.7495,1.0000
1231.934,-10.7514,1.0000
1233.398,-10.7533,1.0000
1234.863,-10.7551,1.0000
1236.328,-10.7568,1.0000
1237.793,-10.7585,1.0000
1239.258,-10.7601,1.0000
1240.723,-10.7616,1.0000
1242.188,-10.7630,1.0000
1243.652,-10.7642,1.0000
1245.117,-10.7654,1.0000
1246.582,-10.7665,1.0000
1248.047,-10.7673,1.0000
1249.512,-10.7680,1.0000
1250.977,-10.7684,1.0000
1252.441,-10.7685,1.0000
1253.906,-10.7684,1.0000
1255.371,-10.7679,1.0000
1256.836,-10.7674,0.9999
1258.301,-10.7663,0.9999
1259.766,-10.7648,0.9999
1261.230,-10.7630,0.9999
1262.695,-10.7608,0.9999
1264.160,-10.7582,0.9999
1265.625,-10.7554,0.9999
1267.090,-10.7522,0.9999
1268.555,-10.7486,0.9999
1270.020,-10.7450,0.9999
1271.484,-10.7414,0.9999
1272.949,-10.7374,0.9999
1274.414,-10.7333,0.9999
1275.879,-10.7297,0.9999
1277.344,-10.7261,0.9999
1278.809,-10.7227,0.9999
1280.273,-10.7194,0.9999
1281.738,-10.7166,0.9999
1283.203,-10.7142,0.9999
1284.668,-10.7120,0.9999
1286.133,-10.7104,0.9999
1287.598,-10.7090,0.9999
1289.062,-10.7078,0.9999
1290.527,-10.7072,1.0000
1291.992,-10.7070,1.0000
1293.457,-10.7069,1.0000
1294.922,-10.7071,1.0000
1296.387,-10.7076,1.0000
1297.852,-10.7082,1.0000
1299.316,-10.7090,1.0000
1300.781,-10.7100,1.0000
1302.246,-10.7112,1.0000
1303.711,-10.7125,1.0000
1305.176,-10.7138,1.0000
1306.641,-10.7152,1.0000
1308.105,-10.7166,1.0000
1309.570,-10.7181,1.0000
1311.035,-10.7197,1.0000
1312.500,-10.7213,1.0000
1313.965,-10.7230,1.0000
1315.430,-10.7246,1.0000
1316.895,-10.7264,1.0000
1318.359,-10.7281,1.0000
1319.824,-10.7299,1.0000
1321.289,-10.7317,1.0000
1322.754,-10.7335,1.0000
1324.219,-10.7353,1.0000
1325.684,-10.7371,1.0000
1327.148,-10.7389,1.0000
1328.613,-10.7407,1.0000
1330.078,-10.7425,1.0000
1331.543,-10.7442,1.0000
1333.008,-10.7461,1.0000
1334.473,-10.7479,1.0000
1335.938,-10.7496,1.0000
1337.402,-10.7514,1.0000
1338.867,-10.7531,1.0000
1340.332,-10.7548,1.0000
1341.797,-10.7564,1.0000
1343.262,-10.7580,1.0000
1344.727,-10.7594,1.0000
1346.191,-10.7609,1.0000
1347.656,-10.7623,1.0000
1349.121,-10.7636,1.0000
1350.586,-10.7648,1.0000
1352.051,-10.7659,1.0000
1353.516,-10.7668,1.0000
1354.980,-10.7676,1.0000
1356.445,-10.7682,1.0000
1357.910,-10.7686,1.0000
1359.375,-10.7688,1.0000
1360.840,-10.7688,1.0000
1362.305,-10.7686,1.0000
1363.770,-10.7680,0.9999
1365.234,-10.7671,0.9999
1366.699,-10.7659,0.9999
1368.164,-10.7644,0.9999
1369.629,-10.7627,0.9999
1371.094,-10.7608,0.9999
1372.559,-10.7584,0.9999
1374.023,-10.7555,0.9999
1375.488,-10.7527,0.9999
1376.953,-10.7497,0.9999
1378.418,-10.7464,0.9999
1379.883,-10.7428,0.9999
1381.348,-10.7394,0.9999
1382.812,-10.7361,0.9999
1384.277,-10.7325,0.9999
1385.742,-10.7290,0.9999
1387.207,-10.7259,0.9999
1388.672,-10.7231,0.9999
1390.137,-10.7203,0.9999
1391.602,-10.7176,0.9999
1393.066,-10.7154,0.9999
1394.531,-10.7136,0.9999
1395.996,-10.7119,0.9999
1397.461,-10.7105,0.9999
1398.926,-10.7094,0.9999
1400.391,-10.7084,0.9999
1401.855,-10.7079,1.0000
1403.320,-10.7077,1.0000
1404.785,-10.7075,1.0000
1406.250,-10.7076,1.0000
1407.715,-10.7079,1.0000
1409.180,-10.7083,1.0000
1410.645,-10.7090,1.0000
1412.109,-10.7099,1.0000
1413.574,-10.7109,1.0000
1415.039,-10.7120,1.0000
1416.504,-10.7131,1.0000
1417.969,-10.7144,1.0000
1419.434,-10.7156,1.0000
1420.898,-10.7169,1.0000
1422.363,-10.7184,1.0000
1423.828,-10.7198,1.0000
1425.293,-10.7214,1.0000
1426.758,-10.7229,1.0000
1428.223,-10.7246,1.0000
1429.688,-10.7262,1.0000
1431.152,-10.7279,1.0000
1432.617,-10.7296,1.0000
1434.082,-10.7313,1.0000
1435.547,-10.7330,1.0000
1437.012,-10.7347,1.0000
1438.477,-10.7364,1.0000
1439.941,-10.7381,1.0000
1441.406,-10.7399,1.0000
1442.871,-10.7417,1.0000
1444.336,-10.7435,1.0000
1445.801,-10.7452,1.0000
1447.266,-10.7470,1.0000
1448.730,-10.7487,1.0000
1450.195,-10.7504,1.0000
1451.660,-10.7521,1.0000
1453.125,-10.7538,1.0000
1454.590,-10.7555,1.0000
1456.055,-10.7571,1.0000
1457.520,-10.7587,1.0000
1458.984,-10.7602,1.0000
1460.449,-10.7616,1.0000
1461.914,-10.7630,1.0000
1463.379,-10.7643,1.0000
1464.844,-10.7657,1.0000
1466.309,-10.7669,1.0000
1467.773,-10.7680,1.0000
1469.238,-10.7690,1.0000
1470.703,-10.7697,1.0000
1472.168,-10.7704,1.0000
1473.633,-10.7710,1.0000
1475.098,-10.7712,1.0000
1476.562,-10.7715,1.0000
1478.027,-10.7714,1.0000
1479.492,-10.7709,0.9999
1480.957,-10.7702,0.9999
1482.422,-10.7693,0.9999
1483.887,-10.7681,0.9999
1485.352,-10.7667,0.9999
1486.816,-10.7650,0.9999
1488.281,-10.7628,0.9999
1489.746,-10.7603,0.9999
1491.211,-10.7579,0.9999
1492.676,-10.7550,0.9999
1494.141,-10.7517,0.9999
1495.605,-10.7484,0.9999
1497.070,-10.7452,0.9999
1498.535,-10.7416,0.9999
1500.000,-10.7379,0.9999
1501.465,-10.7344,0.9999
1502.930,-10.7311,0.9999
1504.395,-10.7278,0.9999
1505.859,-10.7246,0.9999
1507.324,-10.7217,0.9999
1508.789,-10.7192,0.9999
1510.254,-10.7168,0.9999
1511.719,-10.7145,0.9999
1513.184,-10.7125,0.9999
1514.648,-10.7110,0.9999
1516.113,-10.7096,0.9999
1517.578,-10.7085,0.9999
1519.043,-10.7077,0.9999
1520.508,-10.7070,1.0000
1521.973,-10.7066,1.0000
1523.438,-10.7065,1.0000
1524.902,-10.7065,1.0000
1526.367,-10.7067,1.0000
1527.832,-10.7071,1.0000
1529.297,-10.7076,1.0000
1530.762,-10.7083,1.0000
1532.227,-10.7091,1.0000
1533.691,-10.7099,1.0000
1535.156,-10.7111,1.0000
1536.621,-10.7122,1.0000
1538.086,-10.7133,1.0000
1539.551,-10.7146,1.0000
1541.016,-10.7158,1.0000
1542.480,-10.7172,1.0000
1543.945,-10.7186,1.0000
1545.410,-10.7201,1.0000
1546.875,-10.7217,1.0000
1548.340,-10.7232,1.0000
1549.805,-10.7248,1.0000
1551.270,-10.7264,1.0000
1552.734,-10.7281,1.0000
1554.199,-10.7297,1.0000
1555.664,-10.7315,1.0000
1557.129,-10.7332,1.0000
1558.594,-10.7351,1.0000
1560.059,-10.7367,1.0000
1561.523,-10.7383,1.0000
1562.988,-10.7400,1.0000
1564.453,-10.7417,1.0000
1565.918,-10.7434,1.0000
1567.383,-10.7452,1.0000
1568.848,-10.7470,1.0000
1570.312,-10.7488,1.0000
1571.777,-10.7506,1.0000
1573.242,-10.7524,1.0000
1574.707,-10.7541,1.0000
1576.172,-10.7558,1.0000
1577.637,-10.7575,1.0000
1579.102,-10.7591,1.0000
1580.566,-10.7607,1.0000
1582.031,-10.7622,1.0000
1583.496,-10.7636,1.0000
1584.961,-10.7649,1.0000
1586.426,-10.7663,1.0000
1587.891,-10.7675,1.0000
1589.355,-10.7686,1.0000
1590.820,-10.7696,1.0000
1592.285,-10.7705,1.0000
1593.750,-10.7712,1.0000
1595.215,-10.7718,1.0000
1596.680,-10.7722,1.0000
1598.145,-10.7725,1.0000
1599.609,-10.7726,1.0000
1601.074,-10.7725,1.0000
1602.539,-10.7722,1.0000
1604.004,-10.7716,1.0000
1605.469,-10.7707,0.9999
1606.934,-10.7698,0.9999
1608.398,-10.7687,0.9999
1609.863,-10.7674,0.9999
1611.328,-10.7658,0.9999
1612.793,-10.7641,0.9999
1614.258,-10.7622,0.9999
1615.723,-10.7600,0.9999
1617.188,-10.7578,0.9999
1618.652,-10.7551,0.9999
1620.117,-10.7523,0.9999
1621.582,-10.7493,0.9999
1623.047,-10.7463,0.9999
1624.512,-10.7432,0.9999
1625.977,-10.7400,0.9999
1627.441,-10.7369,0.9999
1628.906,-10.7339,0.9999
1630.371,-10.7307,0.9999
1631.836,-10.7276,0.9999
1633.301,-10.7248,0.9999
1634.766,-10.7222,0.9999
1636.230,-10.7196,0.9999
1637.695,-10.7172,0.9999
1639.160,-10.7152,0.9999
1640.625,-10.7134,0.9999
1642.090,-10.7116,0.9999
1643.555,-10.7102,0.9999
1645.020,-10.7090,0.9999
1646.484,-10.7080,0.9999
1647.949,-10.7072,0.9999
1649.414,-10.7068,1.0000
1650.879,-10.7063,1.0000
1652.344,-10.7061,1.0000
1653.809,-10.7063,1.0000
1655.273,-10.7065,1.0000
1656.738,-10.7069,1.0000
1658.203,-10.7074,1.0000
1659.668,-10.7079,1.0000
1661.133,-10.7087,1.0000
1662.598,-10.7096,1.0000
1664.062,-10.7105,1.0000
1665.527,-10.7116,1.0000
1666.992,-10.7128,1.0000
1668.457,-10.7140,1.0000
1669.922,-10.7153,1.0000
1671.387,-10.7166,1.0000
1672.852,-10.7180,1.0000
1674.316,-10.7193,1.0000
1675.781,-10.7208,1.0000
1677.246,-10.7223,1.0000
1678.711,-10.7240,1.0000
1680.176,-10.7256,1.0000
1681.641,-10.7272,1.0000
1683.105,-10.7289,1.0000
1684.570,-10.7306,1.0000
1686.035,-10.7324,1.0000
1687.500,-10.7341,1.0000
1688.965,-10.7358,1.0000
1690.430,-10.7374,1.0000
1691.895,-10.7391,1.0000
1693.359,-10.7407,1.0000
1694.824,-10.7423,1.0000
1696.289,-10.7439,1.0000
1697.754,-10.7454,1.0000
1699.219,-10.7469,1.0000
1700.684,-10.7484,1.0000
1702.148,-10.7499,1.0000
1703.613,-10.7513,1.0000
1705.078,-10.7526,1.0000
1706.543,-10.7539,1.0000
1708.008,-10.7552,1.0000
1709.473,-10.7565,1.0000
1710.938,-10.7576,1.0000
1712.402,-10.7587,1.0000
1713.867,-10.7597,1.0000
1715.332,-10.7607,1.0000
1716.797,-10.7616,1.0000
1718.262,-10.7624,1.0000
1719.727,-10.7633,1.0000
1721.191,-10.7641,1.0000
1722.656,-10.7650,1.0000
1724.121,-10.7660,1.0000
1725.586,-10.7667,1.0000
1727.051,-10.7675,1.0000
1728.516,-10.7681,1.0000
1729.980,-10.7685,1.0000
1731.445,-10.7688,1.0000
1732.910,-10.7690,1.0000
1734.375,-10.7693,1.0000
1735.840,-10.7694,1.0000
1737.305,-10.7694,1.0000
1738.770,-10.7692,1.0000
1740.234,-10.7688,1.0000
1741.699,-10.7683,0.9999
1743.164,-10.7677,0.9999
1744.629,-10.7669,0.9999
1746.094,-10.7658,0.9999
1747.559,-10.7646,0.9999
1749.023,-10.7632,0.9999
1750.488,-10.7616,0.9999
1751.953,-10.7600,0.9999
1753.418,-10.7581,0.9999
1754.883,-10.7559,0.9999
1756.348,-10.7537,0.9999
1757.812,-10.7513,0.9999
1759.277,-10.7487,0.9999
1760.742,-10.7461,0.9999
1762.207,-10.7433,0.9999
1763.672,-10.7406,0.9999
1765.137,-10.7379,0.9999
1766.602,-10.7351,0.9999
1768.066,-10.7323,0.9999
1769.531,-10.7297,0.9999
1770.996,-10.7271,0.9999
1772.461,-10.7246,0.9999
1773.926,-10.7223,0.9999
1775.391,-10.7201,0.9999
1776.855,-10.7181,0.9999
1778.320,-10.7161,0.9999
1779.785,-10.7144,0.9999
1781.250,-10.7131,0.9999
1782.715,-10.7119,0.9999
1784.180,-10.7108,0.9999
1785.645,-10.7100,0.9999
1787.109,-10.7092,0.9999
1788.574,-10.7087,0.9999
1790.039,-10.7084,1.0000
1791.504,-10.7081,1.0000
1792.969,-10.7081,1.0000
1794.434,-10.7083,1.0000
1795.898,-10.7087,1.0000
1797.363,-10.7090,1.0000
1798.828,-10.7098,1.0000
1800.293,-10.7106,1.0000
1801.758,-10.7115,1.0000
1803.223,-10.7124,1.0000
1804.688,-10.7134,1.0000
1806.152,-10.7144,1.0000
1807.617,-10.7155,1.0000
1809.082,-10.7166,1.0000
1810.547,-10.7178,1.0000
1812.012,-10.7190,1.0000
1813.477,-10.7202,1.0000
1814.941,-10.7213,1.0000
1816.406,-10.7225,1.0000
1817.871,-10.7237,1.0000
1819.336,-10.7249,1.0000
1820.801,-10.7261,1.0000
1822.266,-10.7273,1.0000
1823.730,-10.7285,1.0000
1825.195,-10.7296,1.0000
1826.660,-10.7308,1.0000
1828.125,-10.7319,1.0000
1829.590,-10.7331,1.0000
1831.055,-10.7341,1.0000
1832.520,-10.7352,1.0000
1833.984,-10.7362,1.0000
1835.449,-10.7372,1.0000
1836.914,-10.7381,1.0000
1838.379,-10.7392,1.0000
1839.844,-10.7403,1.0000
1841.309,-10.7414,1.0000
1842.773,-10.7425,1.0000
1844.238,-10.7437,1.0000
1845.703,-10.7448,1.0000
1847.168,-10.7460,1.0000
1848.633,-10.7472,1.0000
1850.098,-10.7483,1.0000
1851.562,-10.7494,1.0000
1853.027,-10.7505,1.0000
1854.492,-10.7515,1.0000
1855.957,-10.7526,1.0000
1857.422,-10.7537,1.0000
1858.887,-10.7548,1.0000
1860.352,-10.7559,1.0000
1861.816,-10.7569,1.0000
1863.281,-10.7579,1.0000
1864.746,-10.7588,1.0000
1866.211,-10.7598,1.0000
1867.676,-10.7607,1.0000
1869.141,-10.7617,1.0000
1870.605,-10.7625,1.0000
1872.070,-10.7633,1.0000
1873.535,-10.7640,1.0000
1875.000,-10.7647,1.0000
1876.465,-10.7654,1.0000
1877.930,-10.7659,1.0000
1879.395,-10.7664,1.0000
1880.859,-10.7668,1.0000
1882.324,-10.7671,1.0000
1883.789,-10.7674,1.0000
1885.254,-10.7675,1.0000
1886.719,-10.7674,1.0000
1888.184,-10.7672,1.0000
1889.648,-10.7670,1.0000
1891.113,-10.7666,0.9999
1892.578,-10.7660,0.9999
1894.043,-10.7653,0.9999
1895.508,-10.7645,0.9999
1896.973,-10.7636,0.9999
1898.438,-10.7624,0.9999
1899.902,-10.7612,0.9999
1901.367,-10.7598,0.9999
1902.832,-10.7580,0.9999
1904.297,-10.7562,0.9999
1905.762,-10.7544,0.9999
1907.227,-10.7525,0.9999
1908.691,-10.7503,0.9999
1910.156,-10.7481,0.9999
1911.621,-10.7459,0.9999
1913.086,-10.7435,0.9999
1914.551,-10.7410,0.9999
1916.016,-10.7386,0.9999
1917.480,-10.7362,0.9999
1918.945,-10.7337,0.9999
1920.410,-10.7314,0.9999
1921.875,-10.7292,0.9999
1923.340,-10.7273,0.9999
1924.805,-10.7254,0.9999
1926.270,-10.7235,0.9999
1927.734,-10.7219,0.9999
1929.199,-10.7203,0.9999
1930.664,-10.7189,0.9999
1932.129,-10.7175,0.9999
1933.594,-10.7163,0.9999
1935.059,-10.7153,0.9999
1936.523,-10.7144,0.9999
1937.988,-10.7137,0.9999
1939.453,-10.7130,0.9999
1940.918,-10.7124,0.9999
1942.383,-10.7120,1.0000
1943.848,-10.7118,1.0000
1945.312,-10.7116,1.0000
1946.777,-10.7116,1.0000
1948.242,-10.7115,1.0000
1949.707,-10.7115,1.0000
1951.172,-10.7117,1.0000
1952.637,-10.7119,1.0000
1954.102,-10.7122,1.0000
1955.566,-10.7125,1.0000
1957.031,-10.7128,1.0000
1958.496,-10.7131,1.0000
1959.961,-10.7135,1.0000
1961.426,-10.7140,1.0000
1962.891,-10.7145,1.0000
1964.355,-10.7150,1.0000
1965.820,-10.7157,1.0000
1967.285,-10.7164,1.0000
1968.750,-10.7172,1.0000
1970.215,-10.7180,1.0000
1971.680,-10.7188,1.0000
1973.145,-10.7197,1.0000
1974.609,-10.7207,1.0000
1976.074,-10.7216,1.0000
1977.539,-10.7226,1.0000
1979.004,-10.7235,1.0000
1980.469,-10.7245,1.0000
1981.934,-10.7254,1.0000
1983.398,-10.7265,1.0000
1984.863,-10.7276,1.0000
1986.328,-10.7287,1.0000
1987.793,-10.7298,1.0000
1989.258,-10.7309,1.0000
1990.723,-10.7320,1.0000
1992.188,-10.7331,1.0000
1993.652,-10.7342,1.0000
1995.117,-10.7353,1.0000
1996.582,-10.7364,1.0000
1998.047,-10.7376,1.0000
1999.512,-10.7387,1.0000
2000.977,-10.7398,1.0000
2002.441,-10.7410,1.0000
2003.906,-10.7422,1.0000
2005.371,-10.7434,1.0000
2006.836,-10.7446,1.0000
2008.301,-10.7457,1.0000
2009.766,-10.7469,1.0000
2011.230,-10.7481,1.0000
2012.695,-10.7492,1.0000
2014.160,-10.7504,1.0000
2015.625,-10.7515,1.0000
2017.090,-10.7526,1.0000
2018.555,-10.7537,1.0000
2020.020,-10.7549,1.0000
2021.484,-10.7560,1.0000
2022.949,-10.7571,1.0000
2024.414,-10.7582,1.0000
2025.879,-10.7592,1.0000
2027.344,-10.7602,1.0000
2028.809,-10.7612,1.0000
2030.273,-10.7622,1.0000
2031.738,-10.7631,1.0000
2033.203,-10.7639,1.0000
2034.668,-10.7647,1.0000
2036.133,-10.7655,1.0000
2037.598,-10.7661,1.0000
2039.062,-10.7667,1.0000
2040.527,-10.7674,1.0000
2041.992,-10.7678,1.0000
2043.457,-10.7683,1.0000
2044.922,-10.7686,1.0000
2046.387,-10.7689,1.0000
2047.852,-10.7690,1.0000
2049.316,-10.7689,1.0000
2050.781,-10.7688,1.0000
2052.246,-10.7686,0.9999
2053.711,-10.7682,0.9999
2055.176,-10.7677,0.9999
2056.641,-10.7673,0.9999
2058.105,-10.7667,0.9999
2059.570,-10.7659,0.9999
2061.035,-10.7650,0.9999
2062.500,-10.7639,0.9999
2063.965,-10.7627,0.9999
2065.430,-10.7614,0.9999
2066.895,-10.7599,0.9999
2068.359,-10.7583,0.9999
2069.824,-10.7564,0.9999
2071.289,-10.7546,0.9999
2072.754,-10.7525,0.9999
2074.219,-10.7503,0.9999
2075.684,-10.7481,0.9999
2077.148,-10.7458,0.9999
2078.613,-10.7436,0.9999
2080.078,-10.7411,0.9999
2081.543,-10.7387,0.9999
2083.008,-10.7363,0.9999
2084.473,-10.7339,0.9999
2085.938,-10.7315,0.9999
2087.402,-10.7292,0.9999
2088.867,-10.7270,0.9999
2090.332,-10.7249,0.9999
2091.797,-10.7226,0.9999
2093.262,-10.7205,0.9999
2094.727,-10.7187,0.9999
2096.191,-10.7169,0.9999
2097.656,-10.7151,0.9999
2099.121,-10.7135,0.9999
2100.586,-10.7120,0.9999
2102.051,-10.7108,0.9999
2103.516,-10.7097,0.9999
2104.980,-10.7087,0.9999
2106.445,-10.7080,0.9999
2107.910,-10.7074,1.0000
2109.375,-10.7069,1.0000
2110.840,-10.7065,1.0000
2112.305,-10.7063,1.0000
2113.770,-10.7061,1.0000
2115.234,-10.7059,1.0000
2116.699,-10.7058,1.0000
2118.164,-10.7058,1.0000
2119.629,-10.7060,1.0000
2121.094,-10.7063,1.0000
2122.559,-10.7067,1.0000
2124.023,-10.7071,1.0000
2125.488,-10.7076,1.0000
2126.953,-10.7080,1.0000
2128.418,-10.7086,1.0000
2129.883,-10.7092,1.0000
2131.348,-10.7099,1.0000
2132.812,-10.7107,1.0000
2134.277,-10.7114,1.0000
2135.742,-10.7122,1.0000
2137.207,-10.7131,1.0000
2138.672,-10.7139,1.0000
2140.137,-10.7149,1.0000
2141.602,-10.7158,1.0000
2143.066,-10.7168,1.0000
2144.531,-10.7178,1.0000
2145.996,-10.7188,1.0000
2147.461,-10.7198,1.0000
2148.926,-10.7209,1.0000
2150.391,-10.7220,1.0000
2151.855,-10.7231,1.0000
2153.320,-10.7242,1.0000
2154.785,-10.7253,1.0000
2156.250,-10.7265,1.0000
2157.715,-10.7277,1.0000
2159.180,-10.7289,1.0000
2160.645,-10.7299,1.0000
2162.109,-10.7312,1.0000
2163.574,-10.7324,1.0000
2165.039,-10.7336,1.0000
2166.504,-10.7348,1.0000
2167.969,-10.7359,1.0000
2169.434,-10.7372,1.0000
2170.898,-10.7384,1.0000
2172.363,-10.7396,1.0000
2173.828,-10.7409,1.0000
2175.293,-10.7422,1.0000
2176.758,-10.7435,1.0000
2178.223,-10.7447,1.0000
2179.688,-10.7459,1.0000
2181.152,-10.7471,1.0000
2182.617,-10.7483,1.0000
2184.082,-10.7496,1.0000
2185.547,-10.7509,1.0000
2187.012,-10.7521,1.0000
2188.477,-10.7534,1.0000
2189.941,-10.7546,1.0000
2191.406,-10.7557,1.0000
2192.871,-10.7569,1.0000
2194.336,-10.7580,1.0000
2195.801,-10.7591,1.0000
2197.266,-10.7602,1.0000
2198.730,-10.7613,1.0000
2200.195,-10.7624,1.0000
2201.660,-10.7635,1.0000
2203.125,-10.7646,1.0000
2204.590,-10.7657,1.0000
2206.055,-10.7667,1.0000
2207.520,-10.7677,1.0000
2208.984,-10.7686,1.0000
2210.449,-10.7694,1.0000
2211.914,-10.7702,1.0000
2213.379,-10.7708,1.0000
2214.844,-10.7713,1.0000
2216.309,-10.7717,1.0000
2217.773,-10.7721,1.0000
2219.238,-10.7723,1.0000
2220.703,-10.7725,1.0000
2222.168,-10.7725,1.0000
2223.633,-10.7724,1.0000
2225.098,-10.7721,1.0000
2226.562,-10.7718,0.9999
2228.027,-10.7712,0.9999
2229.492,-10.7706,0.9999
2230.957,-10.7698,0.9999
2232.422,-10.7690,0.9999
2233.887,-10.7678,0.9999
2235.352,-10.7665,0.9999
2236.816,-10.7652,0.9999
2238.281,-10.7636,0.9999
2239.746,-10.7618,0.9999
2241.211,-10.7601,0.9999
2242.676,-10.7580,0.9999
2244.141,-10.7559,0.9999
2245.605,-10.7538,0.9999
2247.070,-10.7515,0.9999
2248.535,-10.7491,0.9999
2250.000,-10.7468,0.9999
2251.465,-10.7446,0.9999
2252.930,-10.7422,0.9999
2254.395,-10.7398,0.9999
2255.859,-10.7374,0.9999
2257.324,-10.7352,0.9999
2258.789,-10.7328,0.9999
2260.254,-10.7303,0.9999
2261.719,-10.7279,0.9999
2263.184,-10.7257,0.9999
2264.648,-10.7235,0.9999
2266.113,-10.7213,0.9999
2267.578,-10.7193,0.9999
2269.043,-10.7174,0.9999
2270.508,-10.7156,0.9999
2271.973,-10.7138,0.9999
2273.438,-10.7122,0.9999
2274.902,-10.7106,0.9999
2276.367,-10.7093,0.9999
2277.832,-10.7082,0.9999
2279.297,-10.7069,0.9999
2280.762,-10.7059,0.9999
2282.227,-10.7050,0.9999
2283.691,-10.7043,0.9999
2285.156,-10.7036,0.9999
2286.621,-10.7031,0.9999
2288.086,-10.7027,1.0000
2289.551,-10.7024,1.0000
2291.016,-10.7022,1.0000
2292.480,-10.7021,1.0000
2293.945,-10.7020,1.0000
2295.410,-10.7021,1.0000
2296.875,-10.7023,1.0000
2298.340,-10.7024,1.0000
2299.805,-10.7026,1.0000
2301.270,-10.7030,1.0000
2302.734,-10.7034,1.0000
2304.199,-10.7039,1.0000
2305.664,-10.7045,1.0000
2307.129,-10.7050,1.0000
2308.594,-10.7057,1.0000
2310.059,-10.7065,1.0000
2311.523,-10.7073,1.0000
2312.988,-10.7080,1.0000
2314.453,-10.7088,1.0000
2315.918,-10.7097,1.0000
2317.383,-10.7106,1.0000
2318.848,-10.7116,1.0000
2320.312,-10.7126,1.0000
2321.777,-10.7136,1.0000
2323.242,-10.7145,1.0000
2324.707,-10.7155,1.0000
2326.172,-10.7166,1.0000
2327.637,-10.7177,1.0000
2329.102,-10.7189,1.0000
2330.566,-10.7200,1.0000
2332.031,-10.7211,1.0000
2333.496,-10.7222,1.0000
2334.961,-10.7233,1.0000
2336.426,-10.7245,1.0000
2337.891,-10.7257,1.0000
2339.355,-10.7270,1.0000
2340.820,-10.7282,1.0000
2342.285,-10.7295,1.0000
2343.750,-10.7307,1.0000
2345.215,-10.7320,1.0000
2346.680,-10.7331,1.0000
2348.145,-10.7343,1.0000
2349.609,-10.7355,1.0000
2351.074,-10.7367,1.0000
2352.539,-10.7380,1.0000
2354.004,-10.7393,1.0000
2355.469,-10.7406,1.0000
2356.934,-10.7420,1.0000
2358.398,-10.7433,1.0000
2359.863,-10.7447,1.0000
2361.328,-10.7460,1.0000
2362.793,-10.7475,1.0000
2364.258,-10.7488,1.0000
2365.723,-10.7500,1.0000
2367.188,-10.7512,1.0000
2368.652,-10.7524,1.0000
2370.117,-10.7536,1.0000
2371.582,-10.7548,1.0000
2373.047,-10.7558,1.0000
2374.512,-10.7568,1.0000
2375.977,-10.7578,1.0000
2377.441,-10.7588,1.0000
2378.906,-10.7598,1.0000
2380.371,-10.7606,1.0000
2381.836,-10.7615,1.0000
2383.301,-10.7623,1.0000
2384.766,-10.7630,1.0000
2386.230,-10.7638,1.0000
2387.695,-10.7644,1.0000
2389.160,-10.7650,1.0000
2390.625,-10.7655,1.0000
2392.090,-10.7660,1.0000
2393.555,-10.7664,1.0000
2395.020,-10.7666,1.0000
2396.484,-10.7670,1.0000
2397.949,-10.7672,1.0000
2399.414,-10.7672,1.0000
2400.879,-10.7672,1.0000
2402.344,-10.7672,1.0000
2403.809,-10.7672,1.0000
2405.273,-10.7672,1.0000
2406.738,-10.7671,1.0000
2408.203,-10.7671,1.0000
2409.668,-10.7670,1.0000
2411.133,-10.7667,1.0000
2412.598,-10.7665,1.0000
2414.062,-10.7662,1.0000
2415.527,-10.7656,1.0000
2416.992,-10.7650,0.9999
2418.457,-10.7644,0.9999
2419.922,-10.7636,0.9999
2421.387,-10.7627,0.9999
2422.852,-10.7617,0.9999
2424.316,-10.7608,0.9999
2425.781,-10.7597,0.9999
2427.246,-10.7585,0.9999
2428.711,-10.7572,0.9999
2430.176,-10.7559,0.9999
2431.641,-10.7543,0.9999
2433.105,-10.7526,0.9999
2434.570,-10.7510,0.9999
2436.035,-10.7493,0.9999
2437.500,-10.7476,0.9999
2438.965,-10.7457,0.9999
2440.430,-10.7437,0.9999
2441.895,-10.7417,0.9999
2443.359,-10.7397,0.9999
2444.824,-10.7376,0.9999
2446.289,-10.7357,0.9999
2447.754,-10.7336,0.9999
2449.219,-10.7315,0.9999
2450.684,-10.7294,0.9999
2452.148,-10.7273,0.9999
2453.613,-10.7252,0.9999
2455.078,-10.7234,0.9999
2456.543,-10.7214,0.9999
2458.008,-10.7195,0.9999
2459.473,-10.7177,0.9999
2460.938,-10.7160,0.9999
2462.402,-10.7145,0.9999
2463.867,-10.7129,0.9999
2465.332,-10.7114,0.9999
2466.797,-10.7101,0.9999
2468.262,-10.7090,0.9999
2469.727,-10.7076,0.9999
2471.191,-10.7066,0.9999
2472.656,-10.7057,0.9999
2474.121,-10.7049,0.9999
2475.586,-10.7041,0.9999
2477.051,-10.7035,0.9999
2478.516,-10.7029,0.9999
2479.980,-10.7024,0.9999
2481.445,-10.7022,0.9999
2482.910,-10.7020,1.0000
2484.375,-10.7018,1.0000
2485.840,-10.7017,1.0000
2487.305,-10.7017,1.0000
2488.770,-10.7017,1.0000
2490.234,-10.7019,1.0000
2491.699,-10.7022,1.0000
2493.164,-10.7026,1.0000
2494.629,-10.7029,1.0000
2496.094,-10.7033,1.0000
2497.559,-10.7037,1.0000
2499.023,-10.7043,1.0000
2500.488,-10.7048,1.0000
2501.953,-10.7055,1.0000
2503.418,-10.7062,1.0000
2504.883,-10.7070,1.0000
2506.348,-10.7079,1.0000
2507.812,-10.7087,1.0000
2509.277,-10.7095,1.0000
2510.742,-10.7104,1.0000
2512.207,-10.7112,1.0000
2513.672,-10.7121,1.0000
2515.137,-10.7130,1.0000
2516.602,-10.7140,1.0000
2518.066,-10.7150,1.0000
2519.531,-10.7161,1.0000
2520.996,-10.7171,1.0000
2522.461,-10.7183,1.0000
2523.926,-10.7195,1.0000
2525.391,-10.7207,1.0000
2526.855,-10.7219,1.0000
2528.320,-10.7231,1.0000
2529.785,-10.7242,1.0000
2531.250,-10.7254,1.0000
2532.715,-10.7265,1.0000
2534.180,-10.7276,1.0000
2535.645,-10.7288,1.0000
2537.109,-10.7298,1.0000
2538.574,-10.7309,1.0000
2540.039,-10.7320,1.0000
2541.504,-10.7330,1.0000
2542.969,-10.7340,1.0000
2544.434,-10.7349,1.0000
2545.898,-10.7359,1.0000
2547.363,-10.7368,1.0000
2548.828,-10.7377,1.0000
2550.293,-10.7386,1.0000
2551.758,-10.7395,1.0000
2553.223,-10.7403,1.0000
2554.688,-10.7412,1.0000
2556.152,-10.7420,1.0000
2557.617,-10.7427,1.0000
2559.082,-10.7435,1.0000
2560.547,-10.7442,1.0000
2562.012,-10.7449,1.0000
2563.477,-10.7456,1.0000
2564.941,-10.7462,1.0000
2566.406,-10.7468,1.0000
2567.871,-10.7474,1.0000
2569.336,-10.7480,1.0000
2570.801,-10.7486,1.0000
2572.266,-10.7493,1.0000
2573.730,-10.7500,1.0000
2575.195,-10.7508,1.0000
2576.660,-10.7515,1.0000
2578.125,-10.7522,1.0000
2579.590,-10.7530,1.0000
2581.055,-10.7536,1.0000
2582.520,-10.7543,1.0000
2583.984,-10.7549,1.0000
2585.449,-10.7555,1.0000
2586.914,-10.7561,1.0000
2588.379,-10.7566,1.0000
2589.844,-10.7573,1.0000
2591.309,-10.7578,1.0000
2592.773,-10.7585,1.0000
2594.238,-10.7590,1.0000
2595.703,-10.7595,1.0000
2597.168,-10.7600,1.0000
2598.633,-10.7605,1.0000
2600.098,-10.7609,1.0000
2601.562,-10.7612,1.0000
2603.027,-10.7616,1.0000
2604.492,-10.7620,1.0000
2605.957,-10.7623,1.0000
2607.422,-10.7625,1.0000
2608.887,-10.7627,1.0000
2610.352,-10.7628,1.0000
2611.816,-10.7629,1.0000
2613.281,-10.7630,1.0000
2614.746,-10.7630,1.0000
2616.211,-10.7629,1.0000
2617.676,-10.7627,1.0000
2619.141,-10.7626,1.0000
2620.605,-10.7623,1.0000
2622.070,-10.7620,0.9999
2623.535,-10.7616,0.9999
2625.000,-10.7612,0.9999
2626.465,-10.7606,0.9999
2627.930,-10.7599,0.9999
2629.395,-10.7592,0.9999
2630.859,-10.7584,0.9999
2632.324,-10.7576,0.9999
2633.789,-10.7566,0.9999
2635.254,-10.7555,0.9999
2636.719,-10.7544,0.9999
2638.184,-10.7533,0.9999
2639.648,-10.7521,0.9999
2641.113,-10.7506,0.9999
2642.578,-10.7493,0.9999
2644.043,-10.7478,0.9999
2645.508,-10.7463,0.9999
2646.973,-10.7446,0.9999
2648.438,-10.7430,0.9999
2649.902,-10.7414,0.9999
2651.367,-10.7397,0.9999
2652.832,-10.7379,0.9999
2654.297,-10.7361,0.9999
2655.762,-10.7343,0.9999
2657.227,-10.7326,0.9999
2658.691,-10.7307,0.9999
2660.156,-10.7290,0.9999
2661.621,-10.7273,0.9999
2663.086,-10.7256,0.9999
2664.551,-10.7238,0.9999
2666.016,-10.7222,0.9999
2667.480,-10.7207,0.9999
2668.945,-10.7193,0.9999
2670.410,-10.7177,0.9999
2671.875,-10.7162,0.9999
2673.340,-10.7150,0.9999
2674.805,-10.7137,0.9999
2676.270,-10.7125,0.9999
2677.734,-10.7115,0.9999
2679.199,-10.7105,0.9999
2680.664,-10.7097,0.9999
2682.129,-10.7089,0.9999
2683.594,-10.7082,0.9999
2685.059,-10.7074,0.9999
2686.523,-10.7068,0.9999
2687.988,-10.7064,0.9999
2689.453,-10.7059,0.9999
2690.918,-10.7056,0.9999
2692.383,-10.7052,0.9999
2693.848,-10.7050,1.0000
2695.312,-10.7049,1.0000
2696.777,-10.7051,1.0000
2698.242,-10.7052,1.0000
2699.707,-10.7054,1.0000
2701.172,-10.7057,1.0000
2702.637,-10.7060,1.0000
2704.102,-10.7064,1.0000
2705.566,-10.7068,1.0000
2707.031,-10.7073,1.0000
2708.496,-10.7078,1.0000
2709.961,-10.7083,1.0000
2711.426,-10.7088,1.0000
2712.891,-10.7093,1.0000
2714.355,-10.7099,1.0000
2715.820,-10.7104,1.0000
2717.285,-10.7109,1.0000
2718.750,-10.7115,1.0000
2720.215,-10.7122,1.0000
2721.680,-10.7128,1.0000
2723.145,-10.7134,1.0000
2724.609,-10.7140,1.0000
2726.074,-10.7146,1.0000
2727.539,-10.7152,1.0000
2729.004,-10.7158,1.0000
2730.469,-10.7164,1.0000
2731.934,-10.7170,1.0000
2733.398,-10.7177,1.0000
2734.863,-10.7183,1.0000
2736.328,-10.7190,1.0000
2737.793,-10.7196,1.0000
2739.258,-10.7201,1.0000
2740.723,-10.7207,1.0000
2742.188,-10.7213,1.0000
2743.652,-10.7218,1.0000
2745.117,-10.7224,1.0000
2746.582,-10.7230,1.0000
2748.047,-10.7236,1.0000
2749.512,-10.7242,1.0000
2750.977,-10.7250,1.0000
2752.441,-10.7257,1.0000
2753.906,-10.7264,1.0000
2755.371,-10.7271,1.0000
2756.836,-10.7278,1.0000
2758.301,-10.7287,1.0000
2759.766,-10.7295,1.0000
2761.230,-10.7302,1.0000
2762.695,-10.7310,1.0000
2764.160,-10.7317,1.0000
2765.625,-10.7324,1.0000
2767.090,-10.7332,1.0000
2768.555,-10.7339,1.0000
2770.020,-10.7347,1.0000
2771.484,-10.7355,1.0000
2772.949,-10.7363,1.0000
2774.414,-10.7371,1.0000
2775.879,-10.7379,1.0000
2777.344,-10.7387,1.0000
2778.809,-10.7394,1.0000
2780.273,-10.7402,1.0000
2781.738,-10.7410,1.0000
2783.203,-10.7419,1.0000
2784.668,-10.7427,1.0000
2786.133,-10.7435,1.0000
2787.598,-10.7443,1.0000
2789.062,-10.7450,1.0000
2790.527,-10.7458,1.0000
2791.992,-10.7466,1.0000
2793.457,-10.7474,1.0000
2794.922,-10.7481,1.0000
2796.387,-10.7490,1.0000
2797.852,-10.7497,1.0000
2799.316,-10.7504,1.0000
2800.781,-10.7512,1.0000
2802.246,-10.7519,1.0000
2803.711,-10.7527,1.0000
2805.176,-10.7535,1.0000
2806.641,-10.7541,1.0000
2808.105,-10.7548,1.0000
2809.570,-10.7555,1.0000
2811.035,-10.7562,1.0000
2812.500,-10.7568,1.0000
2813.965,-10.7574,1.0000
2815.430,-10.7580,1.0000
2816.895,-10.7586,1.0000
2818.359,-10.7592,1.0000
2819.824,-10.7597,1.0000
2821.289,-10.7603,1.0000
2822.754,-10.7607,1.0000
2824.219,-10.7612,1.0000
2825.684,-10.7617,1.0000
2827.148,-10.7621,1.0000
2828.613,-10.7624,1.0000
2830.078,-10.7627,1.0000
2831.543,-10.7630,1.0000
2833.008,-10.7632,1.0000
2834.473,-10.7634,1.0000
2835.938,-10.7636,1.0000
2837.402,-10.7637,1.0000
2838.867,-10.7637,1.0000
2840.332,-10.7637,1.0000
2841.797,-10.7637,1.0000
2843.262,-10.7636,1.0000
2844.727,-10.7634,1.0000
2846.191,-10.7631,0.9999
2847.656,-10.7628,0.9999
2849.121,-10.7625,0.9999
2850.586,-10.7621,0.9999
2852.051,-10.7615,0.9999
2853.516,-10.7610,0.9999
2854.980,-10.7604,0.9999
2856.445,-10.7597,0.9999
2857.910,-10.7589,0.9999
2859.375,-10.7581,0.9999
2860.840,-10.7571,0.9999
2862.305,-10.7560,0.9999
2863.770,-10.7551,0.9999
2865.234,-10.7540,0.9999
2866.699,-10.7528,0.9999
2868.164,-10.7516,0.9999
2869.629,-10.7503,0.9999
2871.094,-10.7490,0.9999
2872.559,-10.7476,0.9999
2874.023,-10.7462,0.9999
2875.488,-10.7447,0.9999
2876.953,-10.7431,0.9999
2878.418,-10.7416,0.9999
2879.883,-10.7400,0.9999
2881.348,-10.7385,0.9999
2882.812,-10.7368,0.9999
2884.277,-10.7354,0.9999
2885.742,-10.7338,0.9999
2887.207,-10.7323,0.9999
2888.672,-10.7308,0.9999
2890.137,-10.7295,0.9999
2891.602,-10.7280,0.9999
2893.066,-10.7266,0.9999
2894.531,-10.7253,0.9999
2895.996,-10.7239,0.9999
2897.461,-10.7226,0.9999
2898.926,-10.7214,0.9999
2900.391,-10.7202,0.9999
2901.855,-10.7190,0.9999
2903.320,-10.7177,0.9999
2904.785,-10.7167,0.9999
2906.250,-10.7157,0.9999
2907.715,-10.7146,0.9999
2909.180,-10.7137,0.9999
2910.645,-10.7129,0.9999
2912.109,-10.7121,0.9999
2913.574,-10.7112,0.9999
2915.039,-10.7106,0.9999
2916.504,-10.7100,0.9999
2917.969,-10.7093,0.9999
2919.434,-10.7087,0.9999
2920.898,-10.7082,0.9999
2922.363,-10.7078,0.9999
2923.828,-10.7075,1.0000
2925.293,-10.7070,1.0000
2926.758,-10.7067,1.0000
2928.223,-10.7065,1.0000
2929.688,-10.7063,1.0000
2931.152,-10.7061,1.0000
2932.617,-10.7060,1.0000
2934.082,-10.7059,1.0000
2935.547,-10.7059,1.0000
2937.012,-10.7058,1.0000
2938.477,-10.7059,1.0000
2939.941,-10.7060,1.0000
2941.406,-10.7062,1.0000
2942.871,-10.7063,1.0000
2944.336,-10.7066,1.0000
2945.801,-10.7069,1.0000
2947.266,-10.7073,1.0000
2948.730,-10.7077,1.0000
2950.195,-10.7081,1.0000
2951.660,-10.7085,1.0000
2953.125,-10.7090,1.0000
2954.590,-10.7094,1.0000
2956.055,-10.7100,1.0000
2957.520,-10.7105,1.0000
2958.984,-10.7109,1.0000
2960.449,-10.7114,1.0000
2961.914,-10.7121,1.0000
2963.379,-10.7127,1.0000
2964.844,-10.7134,1.0000
2966.309,-10.7140,1.0000
2967.773,-10.7146,1.0000
2969.238,-10.7152,1.0000
2970.703,-10.7159,1.0000
2972.168,-10.7166,1.0000
2973.633,-10.7173,1.0000
2975.098,-10.7180,1.0000
2976.562,-10.7188,1.0000
2978.027,-10.7195,1.0000
2979.492,-10.7202,1.0000
2980.957,-10.7209,1.0000
2982.422,-10.7217,1.0000
2983.887,-10.7224,1.0000
2985.352,-10.7232,1.0000
2986.816,-10.7240,1.0000
2988.281,-10.7248,1.0000
2989.746,-10.7256,1.0000
2991.211,-10.7263,1.0000
2992.676,-10.7272,1.0000
2994.141,-10.7280,1.0000
2995.605,-10.7289,1.0000
2997.070,-10.7296,1.0000
2998.535,-10.7304,1.0000
3000.000,-10.7312,1.0000
3001.465,-10.7320,1.0000
3002.930,-10.7328,1.0000
3004.395,-10.7337,1.0000
3005.859,-10.7345,1.0000
3007.324,-10.7352,1.0000
3008.789,-10.7361,1.0000
3010.254,-10.7369,1.0000
3011.719,-10.7378,1.0000
3013.184,-10.7386,1.0000
3014.648,-10.7394,1.0000
3016.113,-10.7403,1.0000
3017.578,-10.7411,1.0000
3019.043,-10.7420,1.0000
3020.508,-10.7428,1.0000
3021.973,-10.7436,1.0000
3023.438,-10.7444,1.0000
3024.902,-10.7452,1.0000
3026.367,-10.7460,1.0000
3027.832,-10.7469,1.0000
3029.297,-10.7477,1.0000
3030.762,-10.7485,1.0000
3032.227,-10.7493,1.0000
3033.691,-10.7500,1.0000
3035.156,-10.7508,1.0000
3036.621,-10.7516,1.0000
3038.086,-10.7524,1.0000
3039.551,-10.7532,1.0000
3041.016,-10.7539,1.0000
3042.480,-10.7547,1.0000
3043.945,-10.7554,1.0000
3045.410,-10.7561,1.0000
3046.875,-10.7568,1.0000
3048.340,-10.7575,1.0000
3049.805,-10.7581,1.0000
3051.270,-10.7588,1.0000
3052.734,-10.7595,1.0000
3054.199,-10.7602,1.0000
3055.664,-10.7608,1.0000
3057.129,-10.7614,1.0000
3058.594,-10.7620,1.0000
3060.059,-10.7625,1.0000
3061.523,-10.7631,1.0000
3062.988,-10.7635,1.0000
3064.453,-10.7640,1.0000
3065.918,-10.7645,1.0000
3067.383,-10.7649,1.0000
3068.848,-10.7653,1.0000
3070.312,-10.7657,1.0000
3071.777,-10.7661,1.0000
3073.242,-10.7664,1.0000
3074.707,-10.7666,1.0000
3076.172,-10.7668,1.0000
3077.637,-10.7670,1.0000
3079.102,-10.7670,1.0000
3080.566,-10.7672,1.0000
3082.031,-10.7672,1.0000
3083.496,-10.7671,1.0000
3084.961,-10.7671,1.0000
3086.426,-10.7670,1.0000
3087.891,-10.7667,0.9999
3089.355,-10.7667,0.9999
3090.820,-10.7665,0.9999
3092.285,-10.7662,0.9999
3093.750,-10.7658,0.9999
3095.215,-10.7655,0.9999
3096.680,-10.7651,0.9999
3098.145,-10.7645,0.9999
3099.609,-10.7639,0.9999
3101.074,-10.7631,0.9999
3102.539,-10.7624,0.9999
3104.004,-10.7616,0.9999
3105.469,-10.7607,0.9999
3106.934,-10.7597,0.9999
3108.398,-10.7587,0.9999
3109.863,-10.7577,0.9999
3111.328,-10.7565,0.9999
3112.793,-10.7551,0.9999
3114.258,-10.7539,0.9999
3115.723,-10.7527,0.9999
3117.188,-10.7510,0.9999
3118.652,-10.7497,0.9999
3120.117,-10.7483,0.9999
3121.582,-10.7466,0.9999
3123.047,-10.7451,0.9999
3124.512,-10.7436,0.9999
3125.977,-10.7420,0.9999
3127.441,-10.7403,0.9999
3128.906,-10.7386,0.9999
3130.371,-10.7370,0.9999
3131.836,-10.7353,0.9999
3133.301,-10.7336,0.9999
3134.766,-10.7319,0.9999
3136.230,-10.7304,0.9999
3137.695,-10.7288,0.9999
3139.160,-10.7271,0.9999
3140.625,-10.7256,0.9999
3142.090,-10.7241,0.9999
3143.555,-10.7226,0.9999
3145.020,-10.7211,0.9999
3146.484,-10.7198,0.9999
3147.949,-10.7185,0.9999
3149.414,-10.7172,0.9999
3150.879,-10.7161,0.9999
3152.344,-10.7151,0.9999
3153.809,-10.7140,0.9999
3155.273,-10.7129,0.9999
3156.738,-10.7121,0.9999
3158.203,-10.7112,0.9999
3159.668,-10.7103,0.9999
3161.133,-10.7095,0.9999
3162.598,-10.7088,0.9999
3164.062,-10.7082,0.9999
3165.527,-10.7077,0.9999
3166.992,-10.7071,0.9999
3168.457,-10.7066,0.9999
3169.922,-10.7062,0.9999
3171.387,-10.7059,1.0000
3172.852,-10.7057,1.0000
3174.316,-10.7054,1.0000
3175.781,-10.7052,1.0000
3177.246,-10.7051,1.0000
3178.711,-10.7051,1.0000
3180.176,-10.7050,1.0000
3181.641,-10.7049,1.0000
3183.105,-10.7050,1.0000
3184.570,-10.7051,1.0000
3186.035,-10.7053,1.0000
3187.500,-10.7054,1.0000
3188.965,-10.7057,1.0000
3190.430,-10.7059,1.0000
3191.895,-10.7061,1.0000
3193.359,-10.7065,1.0000
3194.824,-10.7068,1.0000
3196.289,-10.7072,1.0000
3197.754,-10.7076,1.0000
3199.219,-10.7080,1.0000
3200.684,-10.7084,1.0000
3202.148,-10.7089,1.0000
3203.613,-10.7094,1.0000
3205.078,-10.7099,1.0000
3206.543,-10.7104,1.0000
3208.008,-10.7110,1.0000
3209.473,-10.7115,1.0000
3210.938,-10.7121,1.0000
3212.402,-10.7127,1.0000
3213.867,-10.7134,1.0000
3215.332,-10.7140,1.0000
3216.797,-10.7146,1.0000
3218.262,-10.7153,1.0000
3219.727,-10.7160,1.0000
3221.191,-10.7166,1.0000
3222.656,-10.7173,1.0000
3224.121,-10.7180,1.0000
3225.586,-10.7188,1.0000
3227.051,-10.7195,1.0000
3228.516,-10.7201,1.0000
3229.980,-10.7208,1.0000
3231.445,-10.7216,1.0000
3232.910,-10.7224,1.0000
3234.375,-10.7231,1.0000
3235.840,-10.7239,1.0000
3237.305,-10.7247,1.0000
3238.770,-10.7254,1.0000
3240.234,-10.7262,1.0000
3241.699,-10.7270,1.0000
3243.164,-10.7278,1.0000
3244.629,-10.7285,1.0000
3246.094,-10.7293,1.0000
3247.559,-10.7300,1.0000
3249.023,-10.7308,1.0000
3250.488,-10.7316,1.0000
3251.953,-10.7324,1.0000
3253.418,-10.7331,1.0000
3254.883,-10.7339,1.0000
3256.348,-10.7347,1.0000
3257.812,-10.7355,1.0000
3259.277,-10.7363,1.0000
3260.742,-10.7371,1.0000
3262.207,-10.7379,1.0000
3263.672,-10.7386,1.0000
3265.137,-10.7394,1.0000
3266.602,-10.7402,1.0000
3268.066,-10.7410,1.0000
3269.531,-10.7418,1.0000
3270.996,-10.7426,1.0000
3272.461,-10.7434,1.0000
3273.926,-10.7442,1.0000
3275.391,-10.7449,1.0000
3276.855,-10.7457,1.0000
3278.320,-10.7465,1.0000
3279.785,-10.7473,1.0000
3281.250,-10.7481,1.0000
3282.715,-10.7488,1.0000
3284.180,-10.7496,1.0000
3285.645,-10.7503,1.0000
3287.109,-10.7511,1.0000
3288.574,-10.7519,1.0000
3290.039,-10.7526,1.0000
3291.504,-10.7533,1.0000
3292.969,-10.7541,1.0000
3294.434,-10.7548,1.0000
3295.898,-10.7555,1.0000
3297.363,-10.7562,1.0000
3298.828,-10.7569,1.0000
3300.293,-10.7577,1.0000
3301.758,-10.7584,1.0000
3303.223,-10.7590,1.0000
3304.688,-10.7597,1.0000
3306.152,-10.7604,1.0000
3307.617,-10.7610,1.0000
3309.082,-10.7617,1.0000
3310.547,-10.7624,1.0000
3312.012,-10.7630,1.0000
3313.477,-10.7636,1.0000
3314.941,-10.7642,1.0000
3316.406,-10.7648,1.0000
3317.871,-10.7653,1.0000
3319.336,-10.7658,1.0000
3320.801,-10.7662,1.0000
3322.266,-10.7667,1.0000
3323.730,-10.7671,1.0000
3325.195,-10.7675,1.0000
3326.660,-10.7679,1.0000
3328.125,-10.7683,1.0000
3329.590,-10.7686,1.0000
3331.055,-10.7689,1.0000
3332.520,-10.7691,1.0000
3333.984,-10.7693,1.0000
3335.449,-10.7695,1.0000
3336.914,-10.7696,1.0000
3338.379,-10.7697,1.0000
3339.844,-10.7698,1.0000
3341.309,-10.7698,1.0000
3342.773,-10.7698,1.0000
3344.238,-10.7697,1.0000
3345.703,-10.7695,1.0000
3347.168,-10.7694,1.0000
3348.633,-10.7692,1.0000
3350.098,-10.7689,1.0000
3351.562,-10.7687,0.9999
3353.027,-10.7683,0.9999
3354.492,-10.7679,0.9999
3355.957,-10.7676,0.9999
3357.422,-10.7671,0.9999
3358.887,-10.7664,0.9999
3360.352,-10.7658,0.9999
3361.816,-10.7652,0.9999
3363.281,-10.7645,0.9999
3364.746,-10.7639,0.9999
3366.211,-10.7631,0.9999
3367.676,-10.7621,0.9999
3369.141,-10.7613,0.9999
3370.605,-10.7605,0.9999
3372.070,-10.7596,0.9999
3373.535,-10.7586,0.9999
3375.000,-10.7575,0.9999
3376.465,-10.7564,0.9999
3377.930,-10.7552,0.9999
3379.395,-10.7540,0.9999
3380.859,-10.7527,0.9999
3382.324,-10.7515,0.9999
3383.789,-10.7502,0.9999
3385.254,-10.7489,0.9999
3386.719,-10.7476,0.9999
3388.184,-10.7462,0.9999
3389.648,-10.7448,0.9999
3391.113,-10.7434,0.9999
3392.578,-10.7420,0.9999
3394.043,-10.7405,0.9999
3395.508,-10.7391,0.9999
3396.973,-10.7377,0.9999
3398.438,-10.7363,0.9999
3399.902,-10.7348,0.9999
3401.367,-10.7333,0.9999
3402.832,-10.7319,0.9999
3404.297,-10.7307,0.9999
3405.762,-10.7294,0.9999
3407.227,-10.7280,0.9999
3408.691,-10.7266,0.9999
3410.156,-10.7254,0.9999
3411.621,-10.7242,0.9999
3413.086,-10.7229,0.9999
3414.551,-10.7218,0.9999
3416.016,-10.7207,0.9999
3417.480,-10.7196,0.9999
3418.945,-10.7186,0.9999
3420.410,-10.7176,0.9999
3421.875,-10.7167,0.9999
3423.340,-10.7158,0.9999
3424.805,-10.7150,0.9999
3426.270,-10.7142,0.9999
3427.734,-10.7134,0.9999
3429.199,-10.7128,0.9999
3430.664,-10.7122,0.9999
3432.129,-10.7116,0.9999
3433.594,-10.7111,0.9999
3435.059,-10.7106,0.9999
3436.523,-10.7101,0.9999
3437.988,-10.7098,0.9999
3439.453,-10.7095,0.9999
3440.918,-10.7092,0.9999
3442.383,-10.7089,1.0000
3443.848,-10.7087,1.0000
3445.312,-10.7086,1.0000
3446.777,-10.7084,1.0000
3448.242,-10.7084,1.0000
3449.707,-10.7083,1.0000
3451.172,-10.7084,1.0000
3452.637,-10.7084,1.0000
3454.102,-10.7084,1.0000
3455.566,-10.7086,1.0000
3457.031,-10.7087,1.0000
3458.496,-10.7089,1.0000
3459.961,-10.7091,1.0000
3461.426,-10.7093,1.0000
3462.891,-10.7095,1.0000
3464.355,-10.7098,1.0000
3465.820,-10.7101,1.0000
3467.285,-10.7105,1.0000
3468.750,-10.7109,1.0000
3470.215,-10.7113,1.0000
3471.680,-10.7117,1.0000
3473.145,-10.7121,1.0000
3474.609,-10.7125,1.0000
3476.074,-10.7130,1.0000
3477.539,-10.7134,1.0000
3479.004,-10.7139,1.0000
3480.469,-10.7144,1.0000
3481.934,-10.7149,1.0000
3483.398,-10.7155,1.0000
3484.863,-10.7160,1.0000
3486.328,-10.7165,1.0000
3487.793,-10.7171,1.0000
3489.258,-10.7177,1.0000
3490.723,-10.7182,1.0000
3492.188,-10.7188,1.0000
3493.652,-10.7195,1.0000
3495.117,-10.7200,1.0000
3496.582,-10.7207,1.0000
3498.047,-10.7213,1.0000
3499.512,-10.7219,1.0000
3500.977,-10.7226,1.0000
3502.441,-10.7232,1.0000
3503.906,-10.7239,1.0000
3505.371,-10.7245,1.0000
3506.836,-10.7251,1.0000
3508.301,-10.7258,1.0000
3509.766,-10.7264,1.0000
3511.230,-10.7271,1.0000
3512.695,-10.7277,1.0000
3514.160,-10.7284,1.0000
3515.625,-10.7291,1.0000
3517.090,-10.7298,1.0000
3518.555,-10.7305,1.0000
3520.020,-10.7312,1.0000
3521.484,-10.7319,1.0000
3522.949,-10.7326,1.0000
3524.414,-10.7333,1.0000
3525.879,-10.7340,1.0000
3527.344,-10.7347,1.0000
3528.809,-10.7354,1.0000
3530.273,-10.7361,1.0000
3531.738,-10.7368,1.0000
3533.203,-10.7374,1.0000
3534.668,-10.7381,1.0000
3536.133,-10.7389,1.0000
3537.598,-10.7396,1.0000
3539.062,-10.7402,1.0000
3540.527,-10.7410,1.0000
3541.992,-10.7416,1.0000
3543.457,-10.7424,1.0000
3544.922,-10.7431,1.0000
3546.387,-10.7438,1.0000
3547.852,-10.7444,1.0000
3549.316,-10.7451,1.0000
3550.781,-10.7458,1.0000
3552.246,-10.7465,1.0000
3553.711,-10.7472,1.0000
3555.176,-10.7478,1.0000
3556.641,-10.7484,1.0000
3558.105,-10.7491,1.0000
3559.570,-10.7498,1.0000
3561.035,-10.7505,1.0000
3562.500,-10.7511,1.0000
3563.965,-10.7517,1.0000
3565.430,-10.7524,1.0000
3566.895,-10.7530,1.0000
3568.359,-10.7537,1.0000
3569.824,-10.7543,1.0000
3571.289,-10.7549,1.0000
3572.754,-10.7555,1.0000
3574.219,-10.7561,1.0000
3575.684,-10.7568,1.0000
3577.148,-10.7573,1.0000
3578.613,-10.7580,1.0000
3580.078,-10.7586,1.0000
3581.543,-10.7592,1.0000
3583.008,-10.7598,1.0000
3584.473,-10.7604,1.0000
3585.938,-10.7610,1.0000
3587.402,-10.7615,1.0000
3588.867,-10.7621,1.0000
3590.332,-10.7627,1.0000
3591.797,-10.7633,1.0000
3593.262,-10.7639,1.0000
3594.727,-10.7644,1.0000
3596.191,-10.7649,1.0000
3597.656,-10.7653,1.0000
3599.121,-10.7658,1.0000
3600.586,-10.7663,1.0000
3602.051,-10.7667,1.0000
3603.516,-10.7672,1.0000
3604.980,-10.7677,1.0000
3606.445,-10.7681,1.0000
3607.910,-10.7685,1.0000
3609.375,-10.7689,1.0000
3610.840,-10.7692,1.0000
3612.305,-10.7696,1.0000
3613.770,-10.7699,1.0000
3615.234,-10.7702,1.0000
3616.699,-10.7705,1.0000
3618.164,-10.7707,1.0000
3619.629,-10.7709,1.0000
3621.094,-10.7711,1.0000
3622.559,-10.7713,1.0000
3624.023,-10.7714,1.0000
3625.488,-10.7715,1.0000
3626.953,-10.7716,1.0000
3628.418,-10.7717,1.0000
3629.883,-10.7717,1.0000
3631.348,-10.7717,1.0000
3632.812,-10.7716,1.0000
3634.277,-10.7714,1.0000
3635.742,-10.7713,1.0000
3637.207,-10.7711,0.9999
3638.672,-10.7709,0.9999
3640.137,-10.7707,0.9999
3641.602,-10.7704,0.9999
3643.066,-10.7700,0.9999
3644.531,-10.7696,0.9999
3645.996,-10.7692,0.9999
3647.461,-10.7688,0.9999
3648.926,-10.7682,0.9999
3650.391,-10.7676,0.9999
3651.855,-10.7670,0.9999
3653.320,-10.7664,0.9999
3654.785,-10.7657,0.9999
3656.250,-10.7650,0.9999
3657.715,-10.7641,0.9999
3659.180,-10.7633,0.9999
3660.645,-10.7624,0.9999
3662.109,-10.7614,0.9999
3663.574,-10.7605,0.9999
3665.039,-10.7596,0.9999
3666.504,-10.7585,0.9999
3667.969,-10.7574,0.9999
3669.434,-10.7563,0.9999
3670.898,-10.7552,0.9999
3672.363,-10.7540,0.9999
3673.828,-10.7528,0.9999
3675.293,-10.7516,0.9999
3676.758,-10.7504,0.9999
3678.223,-10.7491,0.9999
3679.688,-10.7479,0.9999
3681.152,-10.7467,0.9999
3682.617,-10.7453,0.9999
3684.082,-10.7440,0.9999
3685.547,-10.7427,0.9999
3687.012,-10.7415,0.9999
3688.477,-10.7402,0.9999
3689.941,-10.7388,0.9999
3691.406,-10.7375,0.9999
3692.871,-10.7362,0.9999
3694.336,-10.7351,0.9999
3695.801,-10.7337,0.9999
3697.266,-10.7325,0.9999
3698.730,-10.7313,0.9999
3700.195,-10.7301,0.9999
3701.660,-10.7290,0.9999
3703.125,-10.7279,0.9999
3704.590,-10.7267,0.9999
3706.055,-10.7256,0.9999
3707.520,-10.7247,0.9999
3708.984,-10.7237,0.9999
3710.449,-10.7227,0.9999
3711.914,-10.7219,0.9999
3713.379,-10.7210,0.9999
3714.844,-10.7201,0.9999
3716.309,-10.7193,0.9999
3717.773,-10.7185,0.9999
3719.238,-10.7178,0.9999
3720.703,-10.7172,0.9999
3722.168,-10.7166,0.9999
3723.633,-10.7159,0.9999
3725.098,-10.7153,0.9999
3726.562,-10.7149,0.9999
3728.027,-10.7143,0.9999
3729.492,-10.7139,0.9999
3730.957,-10.7136,0.9999
3732.422,-10.7133,0.9999
3733.887,-10.7129,0.9999
3735.352,-10.7127,1.0000
3736.816,-10.7124,1.0000
3738.281,-10.7122,1.0000
3739.746,-10.7120,1.0000
3741.211,-10.7119,1.0000
3742.676,-10.7118,1.0000
3744.141,-10.7117,1.0000
3745.605,-10.7117,1.0000
3747.070,-10.7117,1.0000
3748.535,-10.7117,1.0000
3750.000,-10.7118,1.0000
3751.465,-10.7118,1.0000
3752.930,-10.7119,1.0000
3754.395,-10.7121,1.0000
3755.859,-10.7123,1.0000
3757.324,-10.7125,1.0000
3758.789,-10.7126,1.0000
3760.254,-10.7129,1.0000
3761.719,-10.7131,1.0000
3763.184,-10.7133,1.0000
3764.648,-10.7136,1.0000
3766.113,-10.7139,1.0000
3767.578,-10.7142,1.0000
3769.043,-10.7145,1.0000
3770.508,-10.7149,1.0000
3771.973,-10.7152,1.0000
3773.438,-10.7157,1.0000
3774.902,-10.7160,1.0000
3776.367,-10.7164,1.0000
3777.832,-10.7169,1.0000
3779.297,-10.7173,1.0000
3780.762,-10.7178,1.0000
3782.227,-10.7182,1.0000
3783.691,-10.7186,1.0000
3785.156,-10.7191,1.0000
3786.621,-10.7196,1.0000
3788.086,-10.7200,1.0000
3789.551,-10.7205,1.0000
3791.016,-10.7210,1.0000
3792.480,-10.7215,1.0000
3793.945,-10.7219,1.0000
3795.410,-10.7224,1.0000
3796.875,-10.7230,1.0000
3798.340,-10.7235,1.0000
3799.805,-10.7240,1.0000
3801.270,-10.7245,1.0000
3802.734,-10.7251,1.0000
3804.199,-10.7257,1.0000
3805.664,-10.7262,1.0000
3807.129,-10.7267,1.0000
3808.594,-10.7273,1.0000
3810.059,-10.7280,1.0000
3811.523,-10.7286,1.0000
3812.988,-10.7292,1.0000
3814.453,-10.7297,1.0000
3815.918,-10.7303,1.0000
3817.383,-10.7310,1.0000
3818.848,-10.7317,1.0000
3820.312,-10.7324,1.0000
3821.777,-10.7330,1.0000
3823.242,-10.7337,1.0000
3824.707,-10.7343,1.0000
3826.172,-10.7350,1.0000
3827.637,-10.7357,1.0000
3829.102,-10.7363,1.0000
3830.566,-10.7371,1.0000
3832.031,-10.7377,1.0000
3833.496,-10.7384,1.0000
3834.961,-10.7392,1.0000
3836.426,-10.7399,1.0000
3837.891,-10.7406,1.0000
3839.355,-10.7414,1.0000
3840.820,-10.7421,1.0000
3842.285,-10.7429,1.0000
3843.750,-10.7436,1.0000
3845.215,-10.7444,1.0000
3846.680,-10.7451,1.0000
3848.145,-10.7458,1.0000
3849.609,-10.7465,1.0000
3851.074,-10.7473,1.0000
3852.539,-10.7479,1.0000
3854.004,-10.7486,1.0000
3855.469,-10.7494,1.0000
3856.934,-10.7501,1.0000
3858.398,-10.7508,1.0000
3859.863,-10.7515,1.0000
3861.328,-10.7522,1.0000
3862.793,-10.7529,1.0000
3864.258,-10.7536,1.0000
3865.723,-10.7543,1.0000
3867.188,-10.7550,1.0000
3868.652,-10.7557,1.0000
3870.117,-10.7564,1.0000
3871.582,-10.7571,1.0000
3873.047,-10.7577,1.0000
3874.512,-10.7584,1.0000
3875.977,-10.7591,1.0000
3877.441,-10.7598,1.0000
3878.906,-10.7604,1.0000
3880.371,-10.7611,1.0000
3881.836,-10.7618,1.0000
3883.301,-10.7624,1.0000
3884.766,-10.7630,1.0000
3886.230,-10.7636,1.0000
3887.695,-10.7642,1.0000
3889.160,-10.7648,1.0000
3890.625,-10.7653,1.0000
3892.090,-10.7660,1.0000
3893.555,-10.7666,1.0000
3895.020,-10.7672,1.0000
3896.484,-10.7678,1.0000
3897.949,-10.7683,1.0000
3899.414,-10.7690,1.0000
3900.879,-10.7695,1.0000
3902.344,-10.7700,1.0000
3903.809,-10.7705,1.0000
3905.273,-10.7709,1.0000
3906.738,-10.7714,1.0000
3908.203,-10.7719,1.0000
3909.668,-10.7724,1.0000
3911.133,-10.7728,1.0000
3912.598,-10.7732,1.0000
3914.062,-10.7737,1.0000
3915.527,-10.7740,1.0000
3916.992,-10.7744,1.0000
3918.457,-10.7748,1.0000
3919.922,-10.7752,1.0000
3921.387,-10.7755,1.0000
3922.852,-10.7757,1.0000
3924.316,-10.7760,1.0000
3925.781,-10.7762,1.0000
3927.246,-10.7764,1.0000
3928.711,-10.7766,1.0000
3930.176,-10.7768,1.0000
3931.641,-10.7769,1.0000
3933.105,-10.7770,1.0000
3934.570,-10.7771,1.0000
3936.035,-10.7771,1.0000
3937.500,-10.7771,1.0000
3938.965,-10.7771,1.0000
3940.430,-10.7770,1.0000
3941.895,-10.7770,1.0000
3943.359,-10.7768,1.0000
3944.824,-10.7768,1.0000
3946.289,-10.7766,1.0000
3947.754,-10.7763,0.9999
3949.219,-10.7761,0.9999
3950.684,-10.7758,0.9999
3952.148,-10.7755,0.9999
3953.613,-10.7751,0.9999
3955.078,-10.7748,0.9999
3956.543,-10.7743,0.9999
3958.008,-10.7738,0.9999
3959.473,-10.7733,0.9999
3960.938,-10.7726,0.9999
3962.402,-10.7721,0.9999
3963.867,-10.7715,0.9999
3965.332,-10.7708,0.9999
3966.797,-10.7701,0.9999
3968.262,-10.7694,0.9999
3969.727,-10.7686,0.9999
3971.191,-10.7677,0.9999
3972.656,-10.7668,0.9999
3974.121,-10.7659,0.9999
3975.586,-10.7650,0.9999
3977.051,-10.7640,0.9999
3978.516,-10.7631,0.9999
3979.980,-10.7620,0.9999
3981.445,-10.7610,0.9999
3982.910,-10.7599,0.9999
3984.375,-10.7588,0.9999
3985.840,-10.7576,0.9999
3987.305,-10.7564,0.9999
3988.770,-10.7551,0.9999
3990.234,-10.7540,0.9999
3991.699,-10.7528,0.9999
3993.164,-10.7515,0.9999
3994.629,-10.7503,0.9999
3996.094,-10.7490,0.9999
3997.559,-10.7477,0.9999
3999.023,-10.7463,0.9999
4000.488,-10.7451,0.9999
4001.953,-10.7438,0.9999
4003.418,-10.7426,0.9999
4004.883,-10.7414,0.9999
4006.348,-10.7401,0.9999
4007.812,-10.7389,0.9999
4009.277,-10.7377,0.9999
4010.742,-10.7364,0.9999
4012.207,-10.7351,0.9999
4013.672,-10.7339,0.9999
4015.137,-10.7328,0.9999
4016.602,-10.7317,0.9999
4018.066,-10.7306,0.9999
4019.531,-10.7295,0.9999
4020.996,-10.7284,0.9999
4022.461,-10.7273,0.9999
4023.926,-10.7263,0.9999
4025.391,-10.7253,0.9999
4026.855,-10.7244,0.9999
4028.320,-10.7233,0.9999
4029.785,-10.7224,0.9999
4031.250,-10.7216,0.9999
4032.715,-10.7209,0.9999
4034.180,-10.7202,0.9999
4035.645,-10.7194,0.9999
4037.109,-10.7187,0.9999
4038.574,-10.7180,0.9999
4040.039,-10.7174,0.9999
4041.504,-10.7168,0.9999
4042.969,-10.7163,0.9999
4044.434,-10.7157,0.9999
4045.898,-10.7152,0.9999
4047.363,-10.7147,0.9999
4048.828,-10.7141,0.9999
4050.293,-10.7138,0.9999
4051.758,-10.7135,0.9999
4053.223,-10.7130,1.0000
4054.688,-10.7127,1.0000
4056.152,-10.7125,1.0000
4057.617,-10.7122,1.0000
4059.082,-10.7120,1.0000
4060.547,-10.7118,1.0000
4062.012,-10.7116,1.0000
4063.477,-10.7115,1.0000
4064.941,-10.7114,1.0000
4066.406,-10.7113,1.0000
4067.871,-10.7114,1.0000
4069.336,-10.7114,1.0000
4070.801,-10.7114,1.0000
4072.266,-10.7115,1.0000
4073.730,-10.7117,1.0000
4075.195,-10.7119,1.0000
4076.660,-10.7120,1.0000
4078.125,-10.7122,1.0000
4079.590,-10.7124,1.0000
4081.055,-10.7127,1.0000
4082.520,-10.7129,1.0000
4083.984,-10.7132,1.0000
4085.449,-10.7135,1.0000
4086.914,-10.7138,1.0000
4088.379,-10.7143,1.0000
4089.844,-10.7146,1.0000
4091.309,-10.7151,1.0000
4092.773,-10.7155,1.0000
4094.238,-10.7160,1.0000
4095.703,-10.7164,1.0000
4097.168,-10.7169,1.0000
4098.633,-10.7174,1.0000
4100.098,-10.7180,1.0000
4101.562,-10.7186,1.0000
4103.027,-10.7191,1.0000
4104.492,-10.7197,1.0000
4105.957,-10.7204,1.0000
4107.422,-10.7210,1.0000
4108.887,-10.7216,1.0000
4110.352,-10.7222,1.0000
4111.816,-10.7229,1.0000
4113.281,-10.7235,1.0000
4114.746,-10.7241,1.0000
4116.211,-10.7248,1.0000
4117.676,-10.7254,1.0000
4119.141,-10.7260,1.0000
4120.605,-10.7267,1.0000
4122.070,-10.7273,1.0000
4123.535,-10.7279,1.0000
4125.000,-10.7285,1.0000
4126.465,-10.7292,1.0000
4127.930,-10.7299,1.0000
4129.395,-10.7306,1.0000
4130.859,-10.7313,1.0000
4132.324,-10.7320,1.0000
4133.789,-10.7326,1.0000
4135.254,-10.7333,1.0000
4136.719,-10.7340,1.0000
4138.184,-10.7347,1.0000
4139.648,-10.7354,1.0000
4141.113,-10.7361,1.0000
4142.578,-10.7367,1.0000
4144.043,-10.7374,1.0000
4145.508,-10.7381,1.0000
4146.973,-10.7388,1.0000
4148.438,-10.7395,1.0000
4149.902,-10.7402,1.0000
4151.367,-10.7409,1.0000
4152.832,-10.7416,1.0000
4154.297,-10.7423,1.0000
4155.762,-10.7430,1.0000
4157.227,-10.7436,1.0000
4158.691,-10.7443,1.0000
4160.156,-10.7449,1.0000
4161.621,-10.7457,1.0000
4163.086,-10.7464,1.0000
4164.551,-10.7470,1.0000
4166.016,-10.7477,1.0000
4167.480,-10.7483,1.0000
4168.945,-10.7490,1.0000
4170.410,-10.7497,1.0000
4171.875,-10.7504,1.0000
4173.340,-10.7511,1.0000
4174.805,-10.7517,1.0000
4176.270,-10.7524,1.0000
4177.734,-10.7531,1.0000
4179.199,-10.7538,1.0000
4180.664,-10.7544,1.0000
4182.129,-10.7551,1.0000
4183.594,-10.7557,1.0000
4185.059,-10.7563,1.0000
4186.523,-10.7569,1.0000
4187.988,-10.7575,1.0000
4189.453,-10.7582,1.0000
4190.918,-10.7589,1.0000
4192.383,-10.7595,1.0000
4193.848,-10.7601,1.0000
4195.312,-10.7607,1.0000
4196.777,-10.7613,1.0000
4198.242,-10.7619,1.0000
4199.707,-10.7625,1.0000
4201.172,-10.7631,1.0000
4202.637,-10.7637,1.0000
4204.102,-10.7643,1.0000
4205.566,-10.7649,1.0000
4207.031,-10.7655,1.0000
4208.496,-10.7660,1.0000
4209.961,-10.7666,1.0000
4211.426,-10.7671,1.0000
4212.891,-10.7677,1.0000
4214.355,-10.7683,1.0000
4215.820,-10.7688,1.0000
4217.285,-10.7693,1.0000
4218.750,-10.7698,1.0000
4220.215,-10.7703,1.0000
4221.680,-10.7708,1.0000
4223.145,-10.7713,1.0000
4224.609,-10.7718,1.0000
4226.074,-10.7723,1.0000
4227.539,-10.7727,1.0000
4229.004,-10.7732,1.0000
4230.469,-10.7736,1.0000
4231.934,-10.7741,1.0000
4233.398,-10.7745,1.0000
4234.863,-10.7749,1.0000
4236.328,-10.7753,1.0000
4237.793,-10.7757,1.0000
4239.258,-10.7761,1.0000
4240.723,-10.7764,1.0000
4242.188,-10.7768,1.0000
4243.652,-10.7771,1.0000
4245.117,-10.7775,1.0000
4246.582,-10.7777,1.0000
4248.047,-10.7780,1.0000
4249.512,-10.7783,1.0000
4250.977,-10.7785,1.0000
4252.441,-10.7787,1.0000
4253.906,-10.7790,1.0000
4255.371,-10.7792,1.0000
4256.836,-10.7794,1.0000
4258.301,-10.7795,1.0000
4259.766,-10.7796,1.0000
4261.230,-10.7797,1.0000
4262.695,-10.7798,1.0000
4264.160,-10.7800,1.0000
4265.625,-10.7801,1.0000
4267.090,-10.7801,1.0000
4268.555,-10.7800,1.0000
4270.020,-10.7800,1.0000
4271.484,-10.7800,1.0000
4272.949,-10.7798,1.0000
4274.414,-10.7798,1.0000
4275.879,-10.7797,1.0000
4277.344,-10.7796,1.0000
4278.809,-10.7794,1.0000
4280.273,-10.7791,1.0000
4281.738,-10.7789,1.0000
4283.203,-10.7786,0.9999
4284.668,-10.7783,0.9999
4286.133,-10.7780,0.9999
4287.598,-10.7776,0.9999
4289.062,-10.7773,0.9999
4290.527,-10.7769,0.9999
4291.992,-10.7764,0.9999
4293.457,-10.7759,0.9999
4294.922,-10.7753,0.9999
4296.387,-10.7747,0.9999
4297.852,-10.7742,0.9999
4299.316,-10.7736,0.9999
4300.781,-10.7730,0.9999
4302.246,-10.7724,0.9999
4303.711,-10.7716,0.9999
4305.176,-10.7708,0.9999
4306.641,-10.7700,0.9999
4308.105,-10.7692,0.9999
4309.570,-10.7683,0.9999
4311.035,-10.7674,0.9999
4312.500,-10.7665,0.9999
4313.965,-10.7655,0.9999
4315.430,-10.7645,0.9999
4316.895,-10.7636,0.9999
4318.359,-10.7625,0.9999
4319.824,-10.7616,0.9999
4321.289,-10.7605,0.9999
4322.754,-10.7594,0.9999
4324.219,-10.7583,0.9999
4325.684,-10.7573,0.9999
4327.148,-10.7560,0.9999
4328.613,-10.7549,0.9999
4330.078,-10.7537,0.9999
4331.543,-10.7524,0.9999
4333.008,-10.7512,0.9999
4334.473,-10.7498,0.9999
4335.938,-10.7486,0.9999
4337.402,-10.7473,0.9999
4338.867,-10.7461,0.9999
4340.332,-10.7448,0.9999
4341.797,-10.7435,0.9999
4343.262,-10.7423,0.9999
4344.727,-10.7410,0.9999
4346.191,-10.7399,0.9999
4347.656,-10.7386,0.9999
4349.121,-10.7373,0.9999
4350.586,-10.7362,0.9999
4352.051,-10.7350,0.9999
4353.516,-10.7339,0.9999
4354.980,-10.7329,0.9999
4356.445,-10.7318,0.9999
4357.910,-10.7307,0.9999
4359.375,-10.7297,0.9999
4360.840,-10.7287,0.9999
4362.305,-10.7279,0.9999
4363.770,-10.7270,0.9999
4365.234,-10.7260,0.9999
4366.699,-10.7251,0.9999
4368.164,-10.7243,0.9999
4369.629,-10.7236,0.9999
4371.094,-10.7229,0.9999
4372.559,-10.7221,0.9999
4374.023,-10.7215,0.9999
4375.488,-10.7209,0.9999
4376.953,-10.7203,0.9999
4378.418,-10.7198,0.9999
4379.883,-10.7193,0.9999
4381.348,-10.7188,0.9999
4382.812,-10.7185,0.9999
4384.277,-10.7181,0.9999
4385.742,-10.7178,0.9999
4387.207,-10.7175,0.9999
4388.672,-10.7172,0.9999
4390.137,-10.7170,0.9999
4391.602,-10.7169,0.9999
4393.066,-10.7168,0.9999
4394.531,-10.7165,0.9999
4395.996,-10.7165,0.9999
4397.461,-10.7165,0.9999
4398.926,-10.7164,1.0000
4400.391,-10.7164,1.0000
4401.855,-10.7164,1.0000
4403.320,-10.7164,1.0000
4404.785,-10.7164,1.0000
4406.250,-10.7164,1.0000
4407.715,-10.7164,1.0000
4409.180,-10.7165,1.0000
4410.645,-10.7167,1.0000
4412.109,-10.7168,1.0000
4413.574,-10.7170,1.0000
4415.039,-10.7171,1.0000
4416.504,-10.7173,1.0000
4417.969,-10.7175,1.0000
4419.434,-10.7179,1.0000
4420.898,-10.7182,1.0000
4422.363,-10.7184,1.0000
4423.828,-10.7187,1.0000
4425.293,-10.7190,1.0000
4426.758,-10.7192,1.0000
4428.223,-10.7196,1.0000
4429.688,-10.7199,1.0000
4431.152,-10.7203,1.0000
4432.617,-10.7207,1.0000
4434.082,-10.7211,1.0000
4435.547,-10.7215,1.0000
4437.012,-10.7219,1.0000
4438.477,-10.7223,1.0000
4439.941,-10.7227,1.0000
4441.406,-10.7232,1.0000
4442.871,-10.7236,1.0000
4444.336,-10.7241,1.0000
4445.801,-10.7245,1.0000
4447.266,-10.7251,1.0000
4448.730,-10.7256,1.0000
4450.195,-10.7260,1.0000
4451.660,-10.7265,1.0000
4453.125,-10.7270,1.0000
4454.590,-10.7275,1.0000
4456.055,-10.7281,1.0000
4457.520,-10.7286,1.0000
4458.984,-10.7291,1.0000
4460.449,-10.7296,1.0000
4461.914,-10.7302,1.0000
4463.379,-10.7307,1.0000
4464.844,-10.7312,1.0000
4466.309,-10.7317,1.0000
4467.773,-10.7323,1.0000
4469.238,-10.7329,1.0000
4470.703,-10.7335,1.0000
4472.168,-10.7340,1.0000
4473.633,-10.7345,1.0000
4475.098,-10.7351,1.0000
4476.562,-10.7356,1.0000
4478.027,-10.7362,1.0000
4479.492,-10.7368,1.0000
4480.957,-10.7374,1.0000
4482.422,-10.7379,1.0000
4483.887,-10.7384,1.0000
4485.352,-10.7390,1.0000
4486.816,-10.7396,1.0000
4488.281,-10.7401,1.0000
4489.746,-10.7407,1.0000
4491.211,-10.7413,1.0000
4492.676,-10.7419,1.0000
4494.141,-10.7424,1.0000
4495.605,-10.7429,1.0000
4497.070,-10.7435,1.0000
4498.535,-10.7441,1.0000
4500.000,-10.7447,1.0000
4501.465,-10.7452,1.0000
4502.930,-10.7458,1.0000
4504.395,-10.7464,1.0000
4505.859,-10.7470,1.0000
4507.324,-10.7475,1.0000
4508.789,-10.7481,1.0000
4510.254,-10.7486,1.0000
4511.719,-10.7492,1.0000
4513.184,-10.7498,1.0000
4514.648,-10.7504,1.0000
4516.113,-10.7509,1.0000
4517.578,-10.7514,1.0000
4519.043,-10.7520,1.0000
4520.508,-10.7525,1.0000
4521.973,-10.7531,1.0000
4523.438,-10.7536,1.0000
4524.902,-10.7541,1.0000
4526.367,-10.7546,1.0000
4527.832,-10.7552,1.0000
4529.297,-10.7557,1.0000
4530.762,-10.7562,1.0000
4532.227,-10.7568,1.0000
4533.691,-10.7573,1.0000
4535.156,-10.7578,1.0000
4536.621,-10.7584,1.0000
4538.086,-10.7589,1.0000
4539.551,-10.7593,1.0000
4541.016,-10.7599,1.0000
4542.480,-10.7604,1.0000
4543.945,-10.7608,1.0000
4545.410,-10.7613,1.0000
4546.875,-10.7618,1.0000
4548.340,-10.7623,1.0000
4549.805,-10.7628,1.0000
4551.270,-10.7633,1.0000
4552.734,-10.7638,1.0000
4554.199,-10.7642,1.0000
4555.664,-10.7646,1.0000
4557.129,-10.7650,1.0000
4558.594,-10.7655,1.0000
4560.059,-10.7660,1.0000
4561.523,-10.7665,1.0000
4562.988,-10.7670,1.0000
4564.453,-10.7674,1.0000
4565.918,-10.7678,1.0000
4567.383,-10.7682,1.0000
4568.848,-10.7687,1.0000
4570.312,-10.7691,1.0000
4571.777,-10.7695,1.0000
4573.242,-10.7699,1.0000
4574.707,-10.7703,1.0000
4576.172,-10.7707,1.0000
4577.637,-10.7711,1.0000
4579.102,-10.7715,1.0000
4580.566,-10.7719,1.0000
4582.031,-10.7722,1.0000
4583.496,-10.7726,1.0000
4584.961,-10.7730,1.0000
4586.426,-10.7734,1.0000
4587.891,-10.7736,1.0000
4589.355,-10.7739,1.0000
4590.820,-10.7743,1.0000
4592.285,-10.7746,1.0000
4593.750,-10.7749,1.0000
4595.215,-10.7751,1.0000
4596.680,-10.7754,1.0000
4598.145,-10.7757,1.0000
4599.609,-10.7760,1.0000
4601.074,-10.7762,1.0000
4602.539,-10.7764,1.0000
4604.004,-10.7767,1.0000
4605.469,-10.7769,1.0000
4606.934,-10.7771,1.0000
4608.398,-10.7773,1.0000
4609.863,-10.7774,1.0000
4611.328,-10.7777,1.0000
4612.793,-10.7778,1.0000
4614.258,-10.7779,1.0000
4615.723,-10.7780,1.0000
4617.188,-10.7781,1.0000
4618.652,-10.7782,1.0000
4620.117,-10.7783,1.0000
4621.582,-10.7784,1.0000
4623.047,-10.7784,1.0000
4624.512,-10.7785,1.0000
4625.977,-10.7785,1.0000
4627.441,-10.7785,1.0000
4628.906,-10.7785,1.0000
4630.371,-10.7784,1.0000
4631.836,-10.7784,1.0000
4633.301,-10.7783,1.0000
4634.766,-10.7782,1.0000
4636.230,-10.7781,1.0000
4637.695,-10.7778,1.0000
4639.160,-10.7776,1.0000
4640.625,-10.7773,1.0000
4642.090,-10.7771,1.0000
4643.555,-10.7768,1.0000
4645.020,-10.7765,1.0000
4646.484,-10.7762,1.0000
4647.949,-10.7759,1.0000
4649.414,-10.7756,0.9999
4650.879,-10.7752,0.9999
4652.344,-10.7749,0.9999
4653.809,-10.7746,0.9999
4655.273,-10.7741,0.9999
4656.738,-10.7737,0.9999
4658.203,-10.7733,0.9999
4659.668,-10.7729,0.9999
4661.133,-10.7725,0.9999
4662.598,-10.7721,0.9999
4664.062,-10.7715,0.9999
4665.527,-10.7710,0.9999
4666.992,-10.7705,0.9999
4668.457,-10.7699,0.9999
4669.922,-10.7694,0.9999
4671.387,-10.7688,0.9999
4672.852,-10.7681,0.9999
4674.316,-10.7677,0.9999
4675.781,-10.7672,0.9999
4677.246,-10.7663,0.9999
4678.711,-10.7657,0.9999
4680.176,-10.7651,0.9999
4681.641,-10.7644,0.9999
4683.105,-10.7638,0.9999
4684.570,-10.7630,0.9999
4686.035,-10.7623,0.9999
4687.500,-10.7615,0.9999
4688.965,-10.7607,0.9999
4690.430,-10.7601,0.9999
4691.895,-10.7595,0.9999
4693.359,-10.7586,0.9999
4694.824,-10.7579,0.9999
4696.289,-10.7573,0.9999
4697.754,-10.7564,0.9999
4699.219,-10.7556,0.9999
4700.684,-10.7547,0.9999
4702.148,-10.7538,0.9999
4703.613,-10.7531,0.9999
4705.078,-10.7523,0.9999
4706.543,-10.7513,0.9999
4708.008,-10.7504,0.9999
4709.473,-10.7494,0.9999
4710.938,-10.7485,0.9999
4712.402,-10.7475,0.9999
4713.867,-10.7466,0.9999
4715.332,-10.7457,0.9999
4716.797,-10.7448,0.9999
4718.262,-10.7438,0.9999
4719.727,-10.7430,0.9999
4721.191,-10.7422,0.9999
4722.656,-10.7414,0.9999
4724.121,-10.7404,0.9999
4725.586,-10.7397,0.9999
4727.051,-10.7389,0.9999
4728.516,-10.7381,0.9999
4729.980,-10.7373,0.9999
4731.445,-10.7364,0.9999
4732.910,-10.7356,0.9999
4734.375,-10.7349,0.9999
4735.840,-10.7342,0.9999
4737.305,-10.7334,0.9999
4738.770,-10.7328,0.9999
4740.234,-10.7321,0.9999
4741.699,-10.7314,0.9999
4743.164,-10.7309,0.9999
4744.629,-10.7302,0.9999
4746.094,-10.7297,0.9999
4747.559,-10.7291,0.9999
4749.023,-10.7286,0.9999
4750.488,-10.7280,0.9999
4751.953,-10.7276,0.9999
4753.418,-10.7271,0.9999
4754.883,-10.7267,0.9999
4756.348,-10.7264,0.9999
4757.812,-10.7260,0.9999
4759.277,-10.7255,0.9999
4760.742,-10.7253,0.9999
4762.207,-10.7250,0.9999
4763.672,-10.7246,0.9999
4765.137,-10.7244,0.9999
4766.602,-10.7241,0.9999
4768.066,-10.7239,0.9999
4769.531,-10.7238,0.9999
4770.996,-10.7237,0.9999
4772.461,-10.7234,0.9999
4773.926,-10.7233,1.0000
4775.391,-10.7232,1.0000
4776.855,-10.7232,1.0000
4778.320,-10.7231,1.0000
4779.785,-10.7231,1.0000
4781.250,-10.7230,1.0000
4782.715,-10.7230,1.0000
4784.180,-10.7230,1.0000
4785.645,-10.7230,1.0000
4787.109,-10.7231,1.0000
4788.574,-10.7232,1.0000
4790.039,-10.7233,1.0000
4791.504,-10.7234,1.0000
4792.969,-10.7236,1.0000
4794.434,-10.7236,1.0000
4795.898,-10.7237,1.0000
4797.363,-10.7239,1.0000
4798.828,-10.7241,1.0000
4800.293,-10.7244,1.0000
4801.758,-10.7245,1.0000
4803.223,-10.7247,1.0000
4804.688,-10.7249,1.0000
4806.152,-10.7251,1.0000
4807.617,-10.7254,1.0000
4809.082,-10.7256,1.0000
4810.547,-10.7259,1.0000
4812.012,-10.7262,1.0000
4813.477,-10.7264,1.0000
4814.941,-10.7267,1.0000
4816.406,-10.7271,1.0000
4817.871,-10.7274,1.0000
4819.336,-10.7277,1.0000
4820.801,-10.7280,1.0000
4822.266,-10.7283,1.0000
4823.730,-10.7287,1.0000
4825.195,-10.7291,1.0000
4826.660,-10.7295,1.0000
4828.125,-10.7298,1.0000
4829.590,-10.7302,1.0000
4831.055,-10.7305,1.0000
4832.520,-10.7308,1.0000
4833.984,-10.7312,1.0000
4835.449,-10.7317,1.0000
4836.914,-10.7320,1.0000
4838.379,-10.7324,1.0000
4839.844,-10.7329,1.0000
4841.309,-10.7333,1.0000
4842.773,-10.7336,1.0000
4844.238,-10.7340,1.0000
4845.703,-10.7345,1.0000
4847.168,-10.7349,1.0000
4848.633,-10.7353,1.0000
4850.098,-10.7358,1.0000
4851.562,-10.7361,1.0000
4853.027,-10.7365,1.0000
4854.492,-10.7369,1.0000
4855.957,-10.7374,1.0000
4857.422,-10.7378,1.0000
4858.887,-10.7383,1.0000
4860.352,-10.7387,1.0000
4861.816,-10.7392,1.0000
4863.281,-10.7396,1.0000
4864.746,-10.7400,1.0000
4866.211,-10.7405,1.0000
4867.676,-10.7409,1.0000
4869.141,-10.7413,1.0000
4870.605,-10.7417,1.0000
4872.070,-10.7422,1.0000
4873.535,-10.7427,1.0000
4875.000,-10.7431,1.0000
4876.465,-10.7435,1.0000
4877.930,-10.7440,1.0000
4879.395,-10.7443,1.0000
4880.859,-10.7448,1.0000
4882.324,-10.7452,1.0000
4883.789,-10.7457,1.0000
4885.254,-10.7462,1.0000
4886.719,-10.7466,1.0000
4888.184,-10.7470,1.0000
4889.648,-10.7474,1.0000
4891.113,-10.7478,1.0000
4892.578,-10.7483,1.0000
4894.043,-10.7487,1.0000
4895.508,-10.7491,1.0000
4896.973,-10.7496,1.0000
4898.438,-10.7500,1.0000
4899.902,-10.7504,1.0000
4901.367,-10.7509,1.0000
4902.832,-10.7513,1.0000
4904.297,-10.7517,1.0000
4905.762,-10.7521,1.0000
4907.227,-10.7525,1.0000
4908.691,-10.7529,1.0000
4910.156,-10.7534,1.0000
4911.621,-10.7538,1.0000
4913.086,-10.7543,1.0000
4914.551,-10.7547,1.0000
4916.016,-10.7551,1.0000
4917.480,-10.7554,1.0000
4918.945,-10.7558,1.0000
4920.410,-10.7562,1.0000
4921.875,-10.7566,1.0000
4923.340,-10.7571,1.0000
4924.805,-10.7575,1.0000
4926.270,-10.7579,1.0000
4927.734,-10.7583,1.0000
4929.199,-10.7587,1.0000
4930.664,-10.7591,1.0000
4932.129,-10.7595,1.0000
4933.594,-10.7598,1.0000
4935.059,-10.7602,1.0000
4936.523,-10.7606,1.0000
4937.988,-10.7610,1.0000
4939.453,-10.7614,1.0000
4940.918,-10.7617,1.0000
4942.383,-10.7621,1.0000
4943.848,-10.7625,1.0000
4945.312,-10.7629,1.0000
4946.777,-10.7633,1.0000
4948.242,-10.7637,1.0000
4949.707,-10.7640,1.0000
4951.172,-10.7644,1.0000
4952.637,-10.7648,1.0000
4954.102,-10.7651,1.0000
4955.566,-10.7655,1.0000
4957.031,-10.7658,1.0000
4958.496,-10.7661,1.0000
4959.961,-10.7663,1.0000
4961.426,-10.7666,1.0000
4962.891,-10.7670,1.0000
4964.355,-10.7673,1.0000
4965.820,-10.7675,1.0000
4967.285,-10.7677,1.0000
4968.750,-10.7680,1.0000
4970.215,-10.7683,1.0000
4971.680,-10.7687,1.0000
4973.145,-10.7689,1.0000
4974.609,-10.7692,1.0000
4976.074,-10.7696,1.0000
4977.539,-10.7698,1.0000
4979.004,-10.7701,1.0000
4980.469,-10.7705,1.0000
4981.934,-10.7708,1.0000
4983.398,-10.7711,1.0000
4984.863,-10.7714,1.0000
4986.328,-10.7717,1.0000
4987.793,-10.7720,1.0000
4989.258,-10.7723,1.0000
4990.723,-10.7727,1.0000
4992.188,-10.7730,1.0000
4993.652,-10.7733,1.0000
4995.117,-10.7736,1.0000
4996.582,-10.7740,1.0000
4998.047,-10.7743,1.0000
4999.512,-10.7746,1.0000
5000.977,-10.7749,1.0000
5002.441,-10.7752,1.0000
5003.906,-10.7755,1.0000
5005.371,-10.7759,1.0000
5006.836,-10.7762,1.0000
5008.301,-10.7766,1.0000
5009.766,-10.7770,1.0000
5011.230,-10.7772,1.0000
5012.695,-10.7775,1.0000
5014.160,-10.7778,1.0000
5015.625,-10.7782,1.0000
5017.090,-10.7785,1.0000
5018.555,-10.7787,1.0000
5020.020,-10.7790,1.0000
5021.484,-10.7793,1.0000
5022.949,-10.7795,1.0000
5024.414,-10.7798,1.0000
5025.879,-10.7801,1.0000
5027.344,-10.7803,1.0000
5028.809,-10.7804,1.0000
5030.273,-10.7805,1.0000
5031.738,-10.7806,1.0000
5033.203,-10.7807,1.0000
5034.668,-10.7808,1.0000
5036.133,-10.7809,1.0000
5037.598,-10.7809,1.0000
5039.062,-10.7808,1.0000
5040.527,-10.7807,1.0000
5041.992,-10.7807,1.0000
5043.457,-10.7807,1.0000
5044.922,-10.7805,0.9999
5046.387,-10.7805,0.9999
5047.852,-10.7803,0.9999
5049.316,-10.7801,0.9999
5050.781,-10.7801,0.9999
5052.246,-10.7800,0.9999
5053.711,-10.7797,0.9999
5055.176,-10.7795,0.9999
5056.641,-10.7793,0.9999
5058.105,-10.7789,0.9999
5059.570,-10.7785,0.9999
5061.035,-10.7782,0.9999
5062.500,-10.7779,0.9999
5063.965,-10.7775,0.9999
5065.430,-10.7771,0.9999
5066.895,-10.7768,0.9999
5068.359,-10.7762,0.9999
5069.824,-10.7757,0.9999
5071.289,-10.7753,0.9999
5072.754,-10.7748,0.9999
5074.219,-10.7743,0.9999
5075.684,-10.7737,0.9999
5077.148,-10.7730,0.9999
5078.613,-10.7724,0.9999
5080.078,-10.7718,0.9999
5081.543,-10.7711,0.9999
5083.008,-10.7704,0.9999
5084.473,-10.7698,0.9999
5085.938,-10.7691,0.9999
5087.402,-10.7683,0.9999
5088.867,-10.7676,0.9999
5090.332,-10.7667,0.9999
5091.797,-10.7660,0.9999
5093.262,-10.7652,0.9999
5094.727,-10.7644,0.9999
5096.191,-10.7635,0.9999
5097.656,-10.7627,0.9999
5099.121,-10.7618,0.9999
5100.586,-10.7610,0.9999
5102.051,-10.7600,0.9999
5103.516,-10.7592,0.9999
5104.980,-10.7582,0.9999
5106.445,-10.7573,0.9999
5107.910,-10.7565,0.9999
5109.375,-10.7556,0.9999
5110.840,-10.7545,0.9999
5112.305,-10.7536,0.9999
5113.770,-10.7528,0.9999
5115.234,-10.7519,0.9999
5116.699,-10.7510,0.9999
5118.164,-10.7501,0.9999
5119.629,-10.7493,0.9999
5121.094,-10.7482,0.9999
5122.559,-10.7473,0.9999
5124.023,-10.7465,0.9999
5125.488,-10.7456,0.9999
5126.953,-10.7447,0.9999
5128.418,-10.7437,0.9999
5129.883,-10.7430,0.9999
5131.348,-10.7421,0.9999
5132.812,-10.7413,0.9999
5134.277,-10.7405,0.9999
5135.742,-10.7398,0.9999
5137.207,-10.7390,0.9999
5138.672,-10.7384,0.9999
5140.137,-10.7376,0.9999
5141.602,-10.7367,0.9999
5143.066,-10.7360,0.9999
5144.531,-10.7353,0.9999
5145.996,-10.7347,0.9999
5147.461,-10.7341,0.9999
5148.926,-10.7333,0.9999
5150.391,-10.7327,0.9999
5151.855,-10.7321,0.9999
5153.320,-10.7316,0.9999
5154.785,-10.7310,0.9999
5156.250,-10.7305,0.9999
5157.715,-10.7300,0.9999
5159.180,-10.7295,0.9999
5160.645,-10.7290,0.9999
5162.109,-10.7285,0.9999
5163.574,-10.7282,0.9999
5165.039,-10.7277,0.9999
5166.504,-10.7274,0.9999
5167.969,-10.7270,0.9999
5169.434,-10.7267,0.9999
5170.898,-10.7264,0.9999
5172.363,-10.7260,0.9999
5173.828,-10.7257,0.9999
5175.293,-10.7255,0.9999
5176.758,-10.7253,0.9999
5178.223,-10.7250,0.9999
5179.688,-10.7247,1.0000
5181.152,-10.7246,1.0000
5182.617,-10.7244,1.0000
5184.082,-10.7243,1.0000
5185.547,-10.7242,1.0000
5187.012,-10.7240,1.0000
5188.477,-10.7239,1.0000
5189.941,-10.7239,1.0000
5191.406,-10.7238,1.0000
5192.871,-10.7238,1.0000
5194.336,-10.7238,1.0000
5195.801,-10.7237,1.0000
5197.266,-10.7237,1.0000
5198.730,-10.7236,1.0000
5200.195,-10.7237,1.0000
5201.660,-10.7238,1.0000
5203.125,-10.7239,1.0000
5204.590,-10.7240,1.0000
5206.055,-10.7240,1.0000
5207.520,-10.7241,1.0000
5208.984,-10.7243,1.0000
5210.449,-10.7244,1.0000
5211.914,-10.7244,1.0000
5213.379,-10.7245,1.0000
5214.844,-10.7248,1.0000
5216.309,-10.7250,1.0000
5217.773,-10.7251,1.0000
5219.238,-10.7253,1.0000
5220.703,-10.7256,1.0000
5222.168,-10.7258,1.0000
5223.633,-10.7259,1.0000
5225.098,-10.7261,1.0000
5226.562,-10.7263,1.0000
5228.027,-10.7265,1.0000
5229.492,-10.7268,1.0000
5230.957,-10.7271,1.0000
5232.422,-10.7274,1.0000
5233.887,-10.7276,1.0000
5235.352,-10.7278,1.0000
5236.816,-10.7281,1.0000
5238.281,-10.7284,1.0000
5239.746,-10.7287,1.0000
5241.211,-10.7291,1.0000
5242.676,-10.7293,1.0000
5244.141,-10.7296,1.0000
5245.605,-10.7299,1.0000
5247.070,-10.7302,1.0000
5248.535,-10.7305,1.0000
5250.000,-10.7308,1.0000
5251.465,-10.7311,1.0000
5252.930,-10.7314,1.0000
5254.395,-10.7318,1.0000
5255.859,-10.7322,1.0000
5257.324,-10.7325,1.0000
5258.789,-10.7329,1.0000
5260.254,-10.7332,1.0000
5261.719,-10.7335,1.0000
5263.184,-10.7338,1.0000
5264.648,-10.7342,1.0000
5266.113,-10.7346,1.0000
5267.578,-10.7349,1.0000
5269.043,-10.7352,1.0000
5270.508,-10.7356,1.0000
5271.973,-10.7360,1.0000
5273.438,-10.7364,1.0000
5274.902,-10.7367,1.0000
5276.367,-10.7371,1.0000
5277.832,-10.7375,1.0000
5279.297,-10.7378,1.0000
5280.762,-10.7381,1.0000
5282.227,-10.7385,1.0000
5283.691,-10.7389,1.0000
5285.156,-10.7393,1.0000
5286.621,-10.7396,1.0000
5288.086,-10.7400,1.0000
5289.551,-10.7404,1.0000
5291.016,-10.7407,1.0000
5292.480,-10.7412,1.0000
5293.945,-10.7416,1.0000
5295.410,-10.7420,1.0000
5296.875,-10.7424,1.0000
5298.340,-10.7428,1.0000
5299.805,-10.7432,1.0000
5301.270,-10.7436,1.0000
5302.734,-10.7440,1.0000
5304.199,-10.7443,1.0000
5305.664,-10.7447,1.0000
5307.129,-10.7450,1.0000
5308.594,-10.7453,1.0000
5310.059,-10.7457,1.0000
5311.523,-10.7461,1.0000
5312.988,-10.7464,1.0000
5314.453,-10.7468,1.0000
5315.918,-10.7471,1.0000
5317.383,-10.7475,1.0000
5318.848,-10.7479,1.0000
5320.312,-10.7482,1.0000
5321.777,-10.7486,1.0000
5323.242,-10.7490,1.0000
5324.707,-10.7494,1.0000
5326.172,-10.7499,1.0000
5327.637,-10.7503,1.0000
5329.102,-10.7507,1.0000
5330.566,-10.7511,1.0000
5332.031,-10.7516,1.0000
5333.496,-10.7520,1.0000
5334.961,-10.7524,1.0000
5336.426,-10.7528,1.0000
5337.891,-10.7532,1.0000
5339.355,-10.7537,1.0000
5340.820,-10.7542,1.0000
5342.285,-10.7547,1.0000
5343.750,-10.7552,1.0000
5345.215,-10.7557,1.0000
5346.680,-10.7561,1.0000
5348.145,-10.7566,1.0000
5349.609,-10.7572,1.0000
5351.074,-10.7576,1.0000
5352.539,-10.7580,1.0000
5354.004,-10.7586,1.0000
5355.469,-10.7591,1.0000
5356.934,-10.7597,1.0000
5358.398,-10.7602,1.0000
5359.863,-10.7607,1.0000
5361.328,-10.7612,1.0000
5362.793,-10.7617,1.0000
5364.258,-10.7623,1.0000
5365.723,-10.7628,1.0000
5367.188,-10.7633,1.0000
5368.652,-10.7639,1.0000
5370.117,-10.7644,1.0000
5371.582,-10.7650,1.0000
5373.047,-10.7655,1.0000
5374.512,-10.7660,1.0000
5375.977,-10.7665,1.0000
5377.441,-10.7670,1.0000
5378.906,-10.7676,1.0000
5380.371,-10.7681,1.0000
5381.836,-10.7685,1.0000
5383.301,-10.7690,1.0000
5384.766,-10.7695,1.0000
5386.230,-10.7699,1.0000
5387.695,-10.7704,1.0000
5389.160,-10.7708,1.0000
5390.625,-10.7712,1.0000
5392.090,-10.7716,1.0000
5393.555,-10.7721,1.0000
5395.020,-10.7725,1.0000
5396.484,-10.7730,1.0000
5397.949,-10.7734,1.0000
5399.414,-10.7738,1.0000
5400.879,-10.7743,1.0000
5402.344,-10.7747,1.0000
5403.809,-10.7751,1.0000
5405.273,-10.7756,1.0000
5406.738,-10.7759,1.0000
5408.203,-10.7763,1.0000
5409.668,-10.7766,1.0000
5411.133,-10.7769,1.0000
5412.598,-10.7773,1.0000
5414.062,-10.7777,1.0000
5415.527,-10.7781,1.0000
5416.992,-10.7784,1.0000
5418.457,-10.7787,1.0000
5419.922,-10.7791,1.0000
5421.387,-10.7795,1.0000
5422.852,-10.7798,1.0000
5424.316,-10.7800,1.0000
5425.781,-10.7804,1.0000
5427.246,-10.7807,1.0000
5428.711,-10.7809,1.0000
5430.176,-10.7811,1.0000
5431.641,-10.7813,1.0000
5433.105,-10.7816,1.0000
5434.570,-10.7819,1.0000
5436.035,-10.7821,1.0000
5437.500,-10.7824,1.0000
5438.965,-10.7825,1.0000
5440.430,-10.7827,1.0000
5441.895,-10.7829,1.0000
5443.359,-10.7831,1.0000
5444.824,-10.7833,1.0000
5446.289,-10.7834,1.0000
5447.754,-10.7835,1.0000
5449.219,-10.7837,1.0000
5450.684,-10.7837,1.0000
5452.148,-10.7839,1.0000
5453.613,-10.7839,1.0000
5455.078,-10.7839,1.0000
5456.543,-10.7839,1.0000
5458.008,-10.7840,1.0000
5459.473,-10.7840,1.0000
5460.938,-10.7840,1.0000
5462.402,-10.7840,1.0000
5463.867,-10.7840,1.0000
5465.332,-10.7839,1.0000
5466.797,-10.7839,1.0000
5468.262,-10.7837,1.0000
5469.727,-10.7837,1.0000
5471.191,-10.7835,1.0000
5472.656,-10.7833,1.0000
5474.121,-10.7833,1.0000
5475.586,-10.7832,0.9999
5477.051,-10.7830,0.9999
5478.516,-10.7827,0.9999
5479.980,-10.7825,0.9999
5481.445,-10.7823,0.9999
5482.910,-10.7821,0.9999
5484.375,-10.7817,0.9999
5485.840,-10.7815,0.9999
5487.305,-10.7812,0.9999
5488.770,-10.7808,0.9999
5490.234,-10.7804,0.9999
5491.699,-10.7800,0.9999
5493.164,-10.7796,0.9999
5494.629,-10.7792,0.9999
5496.094,-10.7789,0.9999
5497.559,-10.7784,0.9999
5499.023,-10.7778,0.9999
5500.488,-10.7775,0.9999
5501.953,-10.7768,0.9999
5503.418,-10.7763,0.9999
5504.883,-10.7758,0.9999
5506.348,-10.7752,0.9999
5507.812,-10.7746,0.9999
5509.277,-10.7741,0.9999
5510.742,-10.7734,0.9999
5512.207,-10.7726,0.9999
5513.672,-10.7720,0.9999
5515.137,-10.7715,0.9999
5516.602,-10.7706,0.9999
5518.066,-10.7700,0.9999
5519.531,-10.7693,0.9999
5520.996,-10.7685,0.9999
5522.461,-10.7678,0.9999
5523.926,-10.7671,0.9999
5525.391,-10.7662,0.9999
5526.855,-10.7654,0.9999
5528.320,-10.7646,0.9999
5529.785,-10.7638,0.9999
5531.250,-10.7629,0.9999
5532.715,-10.7622,0.9999
5534.180,-10.7613,0.9999
5535.645,-10.7604,0.9999
5537.109,-10.7596,0.9999
5538.574,-10.7587,0.9999
5540.039,-10.7578,0.9999
5541.504,-10.7570,0.9999
5542.969,-10.7561,0.9999
5544.434,-10.7551,0.9999
5545.898,-10.7543,0.9999
5547.363,-10.7534,0.9999
5548.828,-10.7525,0.9999
5550.293,-10.7516,0.9999
5551.758,-10.7507,0.9999
5553.223,-10.7499,0.9999
5554.688,-10.7489,0.9999
5556.152,-10.7481,0.9999
5557.617,-10.7472,0.9999
5559.082,-10.7463,0.9999
5560.547,-10.7455,0.9999
5562.012,-10.7446,0.9999
5563.477,-10.7439,0.9999
5564.941,-10.7430,0.9999
5566.406,-10.7422,0.9999
5567.871,-10.7414,0.9999
5569.336,-10.7406,0.9999
5570.801,-10.7398,0.9999
5572.266,-10.7389,0.9999
5573.730,-10.7383,0.9999
5575.195,-10.7375,0.9999
5576.660,-10.7369,0.9999
5578.125,-10.7361,0.9999
5579.590,-10.7354,0.9999
5581.055,-10.7348,0.9999
5582.520,-10.7341,0.9999
5583.984,-10.7333,0.9999
5585.449,-10.7328,0.9999
5586.914,-10.7323,0.9999
5588.379,-10.7315,0.9999
5589.844,-10.7310,0.9999
5591.309,-10.7305,0.9999
5592.773,-10.7299,0.9999
5594.238,-10.7295,0.9999
5595.703,-10.7289,0.9999
5597.168,-10.7283,0.9999
5598.633,-10.7278,0.9999
5600.098,-10.7275,0.9999
5601.562,-10.7271,0.9999
5603.027,-10.7266,0.9999
5604.492,-10.7263,0.9999
5605.957,-10.7259,0.9999
5607.422,-10.7255,0.9999
5608.887,-10.7253,0.9999
5610.352,-10.7249,0.9999
5611.816,-10.7246,0.9999
5613.281,-10.7242,0.9999
5614.746,-10.7240,0.9999
5616.211,-10.7238,0.9999
5617.676,-10.7235,0.9999
5619.141,-10.7234,0.9999
5620.605,-10.7231,1.0000
5622.070,-10.7229,1.0000
5623.535,-10.7228,1.0000
5625.000,-10.7227,1.0000
5626.465,-10.7226,1.0000
5627.930,-10.7224,1.0000
5629.395,-10.7224,1.0000
5630.859,-10.7223,1.0000
5632.324,-10.7223,1.0000
5633.789,-10.7221,1.0000
5635.254,-10.7221,1.0000
5636.719,-10.7220,1.0000
5638.184,-10.7220,1.0000
5639.648,-10.7221,1.0000
5641.113,-10.7221,1.0000
5642.578,-10.7223,1.0000
5644.043,-10.7223,1.0000
5645.508,-10.7223,1.0000
5646.973,-10.7223,1.0000
5648.438,-10.7225,1.0000
5649.902,-10.7225,1.0000
5651.367,-10.7226,1.0000
5652.832,-10.7227,1.0000
5654.297,-10.7228,1.0000
5655.762,-10.7230,1.0000
5657.227,-10.7231,1.0000
5658.691,-10.7233,1.0000
5660.156,-10.7233,1.0000
5661.621,-10.7234,1.0000
5663.086,-10.7237,1.0000
5664.551,-10.7238,1.0000
5666.016,-10.7241,1.0000
5667.480,-10.7243,1.0000
5668.945,-10.7245,1.0000
5670.410,-10.7247,1.0000
5671.875,-10.7250,1.0000
5673.340,-10.7252,1.0000
5674.805,-10.7254,1.0000
5676.270,-10.7256,1.0000
5677.734,-10.7258,1.0000
5679.199,-10.7261,1.0000
5680.664,-10.7263,1.0000
5682.129,-10.7266,1.0000
5683.594,-10.7268,1.0000
5685.059,-10.7270,1.0000
5686.523,-10.7273,1.0000
5687.988,-10.7276,1.0000
5689.453,-10.7279,1.0000
5690.918,-10.7283,1.0000
5692.383,-10.7285,1.0000
5693.848,-10.7288,1.0000
5695.312,-10.7291,1.0000
5696.777,-10.7295,1.0000
5698.242,-10.7298,1.0000
5699.707,-10.7302,1.0000
5701.172,-10.7305,1.0000
5702.637,-10.7307,1.0000
5704.102,-10.7312,1.0000
5705.566,-10.7315,1.0000
5707.031,-10.7319,1.0000
5708.496,-10.7323,1.0000
5709.961,-10.7327,1.0000
5711.426,-10.7331,1.0000
5712.891,-10.7335,1.0000
5714.355,-10.7339,1.0000
5715.820,-10.7342,1.0000
5717.285,-10.7346,1.0000
5718.750,-10.7350,1.0000
5720.215,-10.7355,1.0000
5721.680,-10.7358,1.0000
5723.145,-10.7362,1.0000
5724.609,-10.7366,1.0000
5726.074,-10.7370,1.0000
5727.539,-10.7374,1.0000
5729.004,-10.7378,1.0000
5730.469,-10.7383,1.0000
5731.934,-10.7387,1.0000
5733.398,-10.7392,1.0000
5734.863,-10.7396,1.0000
5736.328,-10.7401,1.0000
5737.793,-10.7405,1.0000
5739.258,-10.7409,1.0000
5740.723,-10.7414,1.0000
5742.188,-10.7418,1.0000
5743.652,-10.7423,1.0000
5745.117,-10.7427,1.0000
5746.582,-10.7432,1.0000
5748.047,-10.7437,1.0000
5749.512,-10.7441,1.0000
5750.977,-10.7445,1.0000
5752.441,-10.7449,1.0000
5753.906,-10.7454,1.0000
5755.371,-10.7459,1.0000
5756.836,-10.7463,1.0000
5758.301,-10.7467,1.0000
5759.766,-10.7472,1.0000
5761.230,-10.7476,1.0000
5762.695,-10.7480,1.0000
5764.160,-10.7484,1.0000
5765.625,-10.7488,1.0000
5767.090,-10.7493,1.0000
5768.555,-10.7497,1.0000
5770.020,-10.7501,1.0000
5771.484,-10.7505,1.0000
5772.949,-10.7510,1.0000
5774.414,-10.7514,1.0000
5775.879,-10.7518,1.0000
5777.344,-10.7523,1.0000
5778.809,-10.7527,1.0000
5780.273,-10.7532,1.0000
5781.738,-10.7536,1.0000
5783.203,-10.7540,1.0000
5784.668,-10.7543,1.0000
5786.133,-10.7547,1.0000
5787.598,-10.7551,1.0000
5789.062,-10.7556,1.0000
5790.527,-10.7560,1.0000
5791.992,-10.7565,1.0000
5793.457,-10.7569,1.0000
5794.922,-10.7573,1.0000
5796.387,-10.7576,1.0000
5797.852,-10.7580,1.0000
5799.316,-10.7584,1.0000
5800.781,-10.7588,1.0000
5802.246,-10.7593,1.0000
5803.711,-10.7597,1.0000
5805.176,-10.7601,1.0000
5806.641,-10.7605,1.0000
5808.105,-10.7608,1.0000
5809.570,-10.7612,1.0000
5811.035,-10.7616,1.0000
5812.500,-10.7620,1.0000
5813.965,-10.7624,1.0000
5815.430,-10.7628,1.0000
5816.895,-10.7632,1.0000
5818.359,-10.7636,1.0000
5819.824,-10.7640,1.0000
5821.289,-10.7643,1.0000
5822.754,-10.7647,1.0000
5824.219,-10.7650,1.0000
5825.684,-10.7655,1.0000
5827.148,-10.7658,1.0000
5828.613,-10.7661,1.0000
5830.078,-10.7665,1.0000
5831.543,-10.7670,1.0000
5833.008,-10.7673,1.0000
5834.473,-10.7677,1.0000
5835.938,-10.7681,1.0000
5837.402,-10.7685,1.0000
5838.867,-10.7689,1.0000
5840.332,-10.7691,1.0000
5841.797,-10.7694,1.0000
5843.262,-10.7698,1.0000
5844.727,-10.7701,1.0000
5846.191,-10.7704,1.0000
5847.656,-10.7708,1.0000
5849.121,-10.7712,1.0000
5850.586,-10.7715,1.0000
5852.051,-10.7718,1.0000
5853.516,-10.7721,1.0000
5854.980,-10.7724,1.0000
5856.445,-10.7728,1.0000
5857.910,-10.7731,1.0000
5859.375,-10.7735,1.0000
5860.840,-10.7737,1.0000
5862.305,-10.7741,1.0000
5863.770,-10.7744,1.0000
5865.234,-10.7746,1.0000
5866.699,-10.7750,1.0000
5868.164,-10.7753,1.0000
5869.629,-10.7755,1.0000
5871.094,-10.7759,1.0000
5872.559,-10.7761,1.0000
5874.023,-10.7764,1.0000
5875.488,-10.7768,1.0000
5876.953,-10.7769,1.0000
5878.418,-10.7772,1.0000
5879.883,-10.7774,1.0000
5881.348,-10.7777,1.0000
5882.812,-10.7779,1.0000
5884.277,-10.7781,1.0000
5885.742,-10.7784,1.0000
5887.207,-10.7786,1.0000
5888.672,-10.7789,1.0000
5890.137,-10.7790,1.0000
5891.602,-10.7792,1.0000
5893.066,-10.7794,1.0000
5894.531,-10.7797,1.0000
5895.996,-10.7798,1.0000
5897.461,-10.7800,1.0000
5898.926,-10.7802,1.0000
5900.391,-10.7804,1.0000
5901.855,-10.7805,1.0000
5903.320,-10.7806,1.0000
5904.785,-10.7807,1.0000
5906.250,-10.7808,1.0000
5907.715,-10.7810,1.0000
5909.180,-10.7811,1.0000
5910.645,-10.7812,1.0000
5912.109,-10.7813,1.0000
5913.574,-10.7814,1.0000
5915.039,-10.7815,1.0000
5916.504,-10.7815,1.0000
5917.969,-10.7815,1.0000
5919.434,-10.7816,1.0000
5920.898,-10.7817,1.0000
5922.363,-10.7818,1.0000
5923.828,-10.7818,1.0000
5925.293,-10.7817,1.0000
5926.758,-10.7816,1.0000
5928.223,-10.7817,1.0000
5929.688,-10.7817,1.0000
5931.152,-10.7816,1.0000
5932.617,-10.7815,1.0000
5934.082,-10.7814,1.0000
5935.547,-10.7814,1.0000
5937.012,-10.7812,1.0000
5938.477,-10.7811,1.0000
5939.941,-10.7811,1.0000
5941.406,-10.7809,1.0000
5942.871,-10.7805,0.9999
5944.336,-10.7803,0.9999
5945.801,-10.7803,0.9999
5947.266,-10.7800,0.9999
5948.730,-10.7799,0.9999
5950.195,-10.7797,0.9999
5951.660,-10.7794,0.9999
5953.125,-10.7792,0.9999
5954.590,-10.7789,0.9999
5956.055,-10.7786,0.9999
5957.520,-10.7783,0.9999
5958.984,-10.7779,0.9999
5960.449,-10.7777,0.9999
5961.914,-10.7773,0.9999
5963.379,-10.7769,0.9999
5964.844,-10.7765,0.9999
5966.309,-10.7761,0.9999
5967.773,-10.7755,0.9999
5969.238,-10.7752,0.9999
5970.703,-10.7748,0.9999
5972.168,-10.7742,0.9999
5973.633,-10.7738,0.9999
5975.098,-10.7733,0.9999
5976.562,-10.7727,0.9999
5978.027,-10.7721,0.9999
5979.492,-10.7716,0.9999
5980.957,-10.7710,0.9999
5982.422,-10.7705,0.9999
5983.887,-10.7698,0.9999
5985.352,-10.7694,0.9999
5986.816,-10.7688,0.9999
5988.281,-10.7681,0.9999
5989.746,-10.7674,0.9999
5991.211,-10.7668,0.9999
5992.676,-10.7662,0.9999
5994.141,-10.7655,0.9999
5995.605,-10.7647,0.9999
5997.070,-10.7641,0.9999
5998.535,-10.7634,0.9999
6000.000,-10.7627,0.9999
6001.465,-10.7619,0.9999
6002.930,-10.7612,0.9999
6004.395,-10.7605,0.9999
6005.859,-10.7598,0.9999
6007.324,-10.7589,0.9999
6008.789,-10.7581,0.9999
6010.254,-10.7574,0.9999
6011.719,-10.7567,0.9999
6013.184,-10.7559,0.9999
6014.648,-10.7552,0.9999
6016.113,-10.7545,0.9999
6017.578,-10.7536,0.9999
6019.043,-10.7527,0.9999
6020.508,-10.7521,0.9999
6021.973,-10.7512,0.9999
6023.438,-10.7504,0.9999
6024.902,-10.7498,0.9999
6026.367,-10.7489,0.9999
6027.832,-10.7482,0.9999
6029.297,-10.7475,0.9999
6030.762,-10.7465,0.9999
6032.227,-10.7457,0.9999
6033.691,-10.7451,0.9999
6035.156,-10.7443,0.9999
6036.621,-10.7436,0.9999
6038.086,-10.7430,0.9999
6039.551,-10.7424,0.9999
6041.016,-10.7416,0.9999
6042.480,-10.7409,0.9999
6043.945,-10.7401,0.9999
6045.410,-10.7394,0.9999
6046.875,-10.7389,0.9999
6048.340,-10.7381,0.9999
6049.805,-10.7374,0.9999
6051.270,-10.7370,0.9999
6052.734,-10.7363,0.9999
6054.199,-10.7357,0.9999
6055.664,-10.7350,0.9999
6057.129,-10.7345,0.9999
6058.594,-10.7339,0.9999
6060.059,-10.7333,0.9999
6061.523,-10.7327,0.9999
6062.988,-10.7323,0.9999
6064.453,-10.7319,0.9999
6065.918,-10.7313,0.9999
6067.383,-10.7308,0.9999
6068.848,-10.7304,0.9999
6070.312,-10.7298,0.9999
6071.777,-10.7295,0.9999
6073.242,-10.7292,0.9999
6074.707,-10.7288,0.9999
6076.172,-10.7283,0.9999
6077.637,-10.7281,0.9999
6079.102,-10.7277,0.9999
6080.566,-10.7273,0.9999
6082.031,-10.7270,0.9999
6083.496,-10.7267,0.9999
6084.961,-10.7265,0.9999
6086.426,-10.7262,0.9999
6087.891,-10.7260,0.9999
6089.355,-10.7257,0.9999
6090.820,-10.7254,0.9999
6092.285,-10.7252,0.9999
6093.750,-10.7251,0.9999
6095.215,-10.7249,0.9999
6096.680,-10.7247,0.9999
6098.145,-10.7246,0.9999
6099.609,-10.7244,1.0000
6101.074,-10.7242,1.0000
6102.539,-10.7241,1.0000
6104.004,-10.7240,1.0000
6105.469,-10.7240,1.0000
6106.934,-10.7239,1.0000
6108.398,-10.7238,1.0000
6109.863,-10.7237,1.0000
6111.328,-10.7238,1.0000
6112.793,-10.7237,1.0000
6114.258,-10.7237,1.0000
6115.723,-10.7237,1.0000
6117.188,-10.7237,1.0000
6118.652,-10.7238,1.0000
6120.117,-10.7238,1.0000
6121.582,-10.7237,1.0000
6123.047,-10.7238,1.0000
6124.512,-10.7239,1.0000
6125.977,-10.7239,1.0000
6127.441,-10.7240,1.0000
6128.906,-10.7242,1.0000
6130.371,-10.7242,1.0000
6131.836,-10.7242,1.0000
6133.301,-10.7243,1.0000
6134.766,-10.7244,1.0000
6136.230,-10.7246,1.0000
6137.695,-10.7246,1.0000
6139.160,-10.7246,1.0000
6140.625,-10.7247,1.0000
6142.090,-10.7249,1.0000
6143.555,-10.7251,1.0000
6145.020,-10.7252,1.0000
6146.484,-10.7253,1.0000
6147.949,-10.7254,1.0000
6149.414,-10.7257,1.0000
6150.879,-10.7258,1.0000
6152.344,-10.7260,1.0000
6153.809,-10.7262,1.0000
6155.273,-10.7263,1.0000
6156.738,-10.7265,1.0000
6158.203,-10.7267,1.0000
6159.668,-10.7269,1.0000
6161.133,-10.7271,1.0000
6162.598,-10.7273,1.0000
6164.062,-10.7276,1.0000
6165.527,-10.7279,1.0000
6166.992,-10.7280,1.0000
6168.457,-10.7282,1.0000
6169.922,-10.7285,1.0000
6171.387,-10.7287,1.0000
6172.852,-10.7288,1.0000
6174.316,-10.7291,1.0000
6175.781,-10.7294,1.0000
6177.246,-10.7297,1.0000
6178.711,-10.7300,1.0000
6180.176,-10.7302,1.0000
6181.641,-10.7305,1.0000
6183.105,-10.7308,1.0000
6184.570,-10.7309,1.0000
6186.035,-10.7312,1.0000
6187.500,-10.7315,1.0000
6188.965,-10.7318,1.0000
6190.430,-10.7320,1.0000
6191.895,-10.7324,1.0000
6193.359,-10.7327,1.0000
6194.824,-10.7330,1.0000
6196.289,-10.7332,1.0000
6197.754,-10.7335,1.0000
6199.219,-10.7337,1.0000
6200.684,-10.7341,1.0000
6202.148,-10.7344,1.0000
6203.613,-10.7347,1.0000
6205.078,-10.7350,1.0000
6206.543,-10.7353,1.0000
6208.008,-10.7357,1.0000
6209.473,-10.7359,1.0000
6210.938,-10.7362,1.0000
6212.402,-10.7364,1.0000
6213.867,-10.7368,1.0000
6215.332,-10.7371,1.0000
6216.797,-10.7373,1.0000
6218.262,-10.7377,1.0000
6219.727,-10.7380,1.0000
6221.191,-10.7383,1.0000
6222.656,-10.7386,1.0000
6224.121,-10.7389,1.0000
6225.586,-10.7392,1.0000
6227.051,-10.7396,1.0000
6228.516,-10.7399,1.0000
6229.980,-10.7403,1.0000
6231.445,-10.7406,1.0000
6232.910,-10.7409,1.0000
6234.375,-10.7412,1.0000
6235.840,-10.7416,1.0000
6237.305,-10.7419,1.0000
6238.770,-10.7422,1.0000
6240.234,-10.7425,1.0000
6241.699,-10.7428,1.0000
6243.164,-10.7432,1.0000
6244.629,-10.7436,1.0000
6246.094,-10.7439,1.0000
6247.559,-10.7442,1.0000
6249.023,-10.7446,1.0000
6250.488,-10.7449,1.0000
6251.953,-10.7453,1.0000
6253.418,-10.7456,1.0000
6254.883,-10.7459,1.0000
6256.348,-10.7463,1.0000
6257.812,-10.7466,1.0000
6259.277,-10.7470,1.0000
6260.742,-10.7473,1.0000
6262.207,-10.7476,1.0000
6263.672,-10.7480,1.0000
6265.137,-10.7483,1.0000
6266.602,-10.7487,1.0000
6268.066,-10.7490,1.0000
6269.531,-10.7494,1.0000
6270.996,-10.7498,1.0000
6272.461,-10.7501,1.0000
6273.926,-10.7504,1.0000
6275.391,-10.7507,1.0000
6276.855,-10.7511,1.0000
6278.320,-10.7514,1.0000
6279.785,-10.7518,1.0000
6281.250,-10.7522,1.0000
6282.715,-10.7525,1.0000
6284.180,-10.7528,1.0000
6285.645,-10.7532,1.0000
6287.109,-10.7537,1.0000
6288.574,-10.7540,1.0000
6290.039,-10.7542,1.0000
6291.504,-10.7546,1.0000
6292.969,-10.7549,1.0000
6294.434,-10.7553,1.0000
6295.898,-10.7557,1.0000
6297.363,-10.7560,1.0000
6298.828,-10.7564,1.0000
6300.293,-10.7568,1.0000
6301.758,-10.7571,1.0000
6303.223,-10.7575,1.0000
6304.688,-10.7578,1.0000
6306.152,-10.7581,1.0000
6307.617,-10.7586,1.0000
6309.082,-10.7589,1.0000
6310.547,-10.7593,1.0000
6312.012,-10.7597,1.0000
6313.477,-10.7601,1.0000
6314.941,-10.7604,1.0000
6316.406,-10.7607,1.0000
6317.871,-10.7610,1.0000
6319.336,-10.7615,1.0000
6320.801,-10.7618,1.0000
6322.266,-10.7620,1.0000
6323.730,-10.7624,1.0000
6325.195,-10.7629,1.0000
6326.660,-10.7633,1.0000
6328.125,-10.7636,1.0000
6329.590,-10.7640,1.0000
6331.055,-10.7644,1.0000
6332.520,-10.7648,1.0000
6333.984,-10.7651,1.0000
6335.449,-10.7654,1.0000
6336.914,-10.7657,1.0000
6338.379,-10.7660,1.0000
6339.844,-10.7663,1.0000
6341.309,-10.7666,1.0000
6342.773,-10.7671,1.0000
6344.238,-10.7675,1.0000
6345.703,-10.7677,1.0000
6347.168,-10.7681,1.0000
6348.633,-10.7684,1.0000
6350.098,-10.7687,1.0000
6351.562,-10.7691,1.0000
6353.027,-10.7694,1.0000
6354.492,-10.7698,1.0000
6355.957,-10.7701,1.0000
6357.422,-10.7704,1.0000
6358.887,-10.7708,1.0000
6360.352,-10.7711,1.0000
6361.816,-10.7714,1.0000
6363.281,-10.7717,1.0000
6364.746,-10.7720,1.0000
6366.211,-10.7723,1.0000
6367.676,-10.7726,1.0000
6369.141,-10.7731,1.0000
6370.605,-10.7734,1.0000
6372.070,-10.7736,1.0000
6373.535,-10.7739,1.0000
6375.000,-10.7742,1.0000
6376.465,-10.7746,1.0000
6377.930,-10.7748,1.0000
6379.395,-10.7749,1.0000
6380.859,-10.7753,1.0000
6382.324,-10.7756,1.0000
6383.789,-10.7759,1.0000
6385.254,-10.7762,1.0000
6386.719,-10.7765,1.0000
6388.184,-10.7767,1.0000
6389.648,-10.7769,1.0000
6391.113,-10.7772,1.0000
6392.578,-10.7774,1.0000
6394.043,-10.7777,1.0000
6395.508,-10.7780,1.0000
6396.973,-10.7783,1.0000
6398.438,-10.7785,1.0000
6399.902,-10.7787,1.0000
6401.367,-10.7790,1.0000
6402.832,-10.7790,1.0000
6404.297,-10.7792,1.0000
6405.762,-10.7795,1.0000
6407.227,-10.7796,1.0000
6408.691,-10.7797,1.0000
6410.156,-10.7799,1.0000
6411.621,-10.7802,1.0000
6413.086,-10.7804,1.0000
6414.551,-10.7803,1.0000
6416.016,-10.7805,1.0000
6417.480,-10.7808,1.0000
6418.945,-10.7809,1.0000
6420.410,-10.7810,1.0000
6421.875,-10.7813,1.0000
6423.340,-10.7813,1.0000
6424.805,-10.7814,1.0000
6426.270,-10.7814,1.0000
6427.734,-10.7815,1.0000
6429.199,-10.7816,1.0000
6430.664,-10.7816,1.0000
6432.129,-10.7817,1.0000
6433.594,-10.7816,1.0000
6435.059,-10.7817,1.0000
6436.523,-10.7819,1.0000
6437.988,-10.7818,1.0000
6439.453,-10.7818,1.0000
6440.918,-10.7818,1.0000
6442.383,-10.7817,1.0000
6443.848,-10.7817,1.0000
6445.312,-10.7817,1.0000
6446.777,-10.7818,1.0000
6448.242,-10.7816,0.9999
6449.707,-10.7814,0.9999
6451.172,-10.7813,0.9999
6452.637,-10.7812,0.9999
6454.102,-10.7811,0.9999
6455.566,-10.7811,0.9999
6457.031,-10.7808,0.9999
6458.496,-10.7807,0.9999
6459.961,-10.7805,0.9999
6461.426,-10.7801,0.9999
6462.891,-10.7801,0.9999
6464.355,-10.7798,0.9999
6465.820,-10.7797,0.9999
6467.285,-10.7794,0.9999
6468.750,-10.7791,0.9999
6470.215,-10.7790,0.9999
6471.680,-10.7786,0.9999
6473.145,-10.7783,0.9999
6474.609,-10.7780,0.9999
6476.074,-10.7777,0.9999
6477.539,-10.7773,0.9999
6479.004,-10.7769,0.9999
6480.469,-10.7767,0.9999
6481.934,-10.7762,0.9999
6483.398,-10.7759,0.9999
6484.863,-10.7755,0.9999
6486.328,-10.7750,0.9999
6487.793,-10.7746,0.9999
6489.258,-10.7740,0.9999
6490.723,-10.7737,0.9999
6492.188,-10.7730,0.9999
6493.652,-10.7726,0.9999
6495.117,-10.7722,0.9999
6496.582,-10.7716,0.9999
6498.047,-10.7712,0.9999
6499.512,-10.7708,0.9999
6500.977,-10.7702,0.9999
6502.441,-10.7696,0.9999
6503.906,-10.7690,0.9999
6505.371,-10.7686,0.9999
6506.836,-10.7679,0.9999
6508.301,-10.7673,0.9999
6509.766,-10.7668,0.9999
6511.230,-10.7661,0.9999
6512.695,-10.7655,0.9999
6514.160,-10.7649,0.9999
6515.625,-10.7643,0.9999
6517.090,-10.7635,0.9999
6518.555,-10.7631,0.9999
6520.020,-10.7625,0.9999
6521.484,-10.7617,0.9999
6522.949,-10.7610,0.9999
6524.414,-10.7604,0.9999
6525.879,-10.7598,0.9999
6527.344,-10.7590,0.9999
6528.809,-10.7583,0.9999
6530.273,-10.7575,0.9999
6531.738,-10.7567,0.9999
6533.203,-10.7561,0.9999
6534.668,-10.7553,0.9999
6536.133,-10.7546,0.9999
6537.598,-10.7538,0.9999
6539.062,-10.7531,0.9999
6540.527,-10.7526,0.9999
6541.992,-10.7518,0.9999
6543.457,-10.7511,0.9999
6544.922,-10.7503,0.9999
6546.387,-10.7496,0.9999
6547.852,-10.7488,0.9999
6549.316,-10.7481,0.9999
6550.781,-10.7474,0.9999
6552.246,-10.7466,0.9999
6553.711,-10.7462,0.9999
6555.176,-10.7451,0.9999
6556.641,-10.7444,0.9999
6558.105,-10.7439,0.9999
6559.570,-10.7432,0.9999
6561.035,-10.7424,0.9999
6562.500,-10.7416,0.9999
6563.965,-10.7410,0.9999
6565.430,-10.7401,0.9999
6566.895,-10.7395,0.9999
6568.359,-10.7388,0.9999
6569.824,-10.7381,0.9999
6571.289,-10.7374,0.9999
6572.754,-10.7367,0.9999
6574.219,-10.7361,0.9999
6575.684,-10.7353,0.9999
6577.148,-10.7348,0.9999
6578.613,-10.7342,0.9999
6580.078,-10.7336,0.9999
6581.543,-10.7331,0.9999
6583.008,-10.7326,0.9999
6584.473,-10.7319,0.9999
6585.938,-10.7314,0.9999
6587.402,-10.7308,0.9999
6588.867,-10.7306,0.9999
6590.332,-10.7301,0.9999
6591.797,-10.7296,0.9999
6593.262,-10.7289,0.9999
6594.727,-10.7284,0.9999
6596.191,-10.7281,0.9999
6597.656,-10.7277,0.9999
6599.121,-10.7274,0.9999
6600.586,-10.7269,0.9999
6602.051,-10.7266,0.9999
6603.516,-10.7261,0.9999
6604.980,-10.7258,0.9999
6606.445,-10.7254,0.9999
6607.910,-10.7251,0.9999
6609.375,-10.7248,0.9999
6610.840,-10.7245,0.9999
6612.305,-10.7242,0.9999
6613.770,-10.7239,0.9999
6615.234,-10.7238,0.9999
6616.699,-10.7235,0.9999
6618.164,-10.7232,0.9999
6619.629,-10.7228,1.0000
6621.094,-10.7225,1.0000
6622.559,-10.7224,1.0000
6624.023,-10.7224,1.0000
6625.488,-10.7222,1.0000
6626.953,-10.7219,1.0000
6628.418,-10.7218,1.0000
6629.883,-10.7215,1.0000
6631.348,-10.7215,1.0000
6632.812,-10.7215,1.0000
6634.277,-10.7213,1.0000
6635.742,-10.7214,1.0000
6637.207,-10.7211,1.0000
6638.672,-10.7210,1.0000
6640.137,-10.7210,1.0000
6641.602,-10.7209,1.0000
6643.066,-10.7207,1.0000
6644.531,-10.7207,1.0000
6645.996,-10.7207,1.0000
6647.461,-10.7207,1.0000
6648.926,-10.7207,1.0000
6650.391,-10.7209,1.0000
6651.855,-10.7207,1.0000
6653.320,-10.7208,1.0000
6654.785,-10.7208,1.0000
6656.250,-10.7208,1.0000
6657.715,-10.7208,1.0000
6659.180,-10.7209,1.0000
6660.645,-10.7209,1.0000
6662.109,-10.7209,1.0000
6663.574,-10.7211,1.0000
6665.039,-10.7212,1.0000
6666.504,-10.7212,1.0000
6667.969,-10.7214,1.0000
6669.434,-10.7215,1.0000
6670.898,-10.7215,1.0000
6672.363,-10.7217,1.0000
6673.828,-10.7219,1.0000
6675.293,-10.7219,1.0000
6676.758,-10.7221,1.0000
6678.223,-10.7224,1.0000
6679.688,-10.7225,1.0000
6681.152,-10.7226,1.0000
6682.617,-10.7228,1.0000
6684.082,-10.7229,1.0000
6685.547,-10.7230,1.0000
6687.012,-10.7233,1.0000
6688.477,-10.7234,1.0000
6689.941,-10.7236,1.0000
6691.406,-10.7237,1.0000
6692.871,-10.7240,1.0000
6694.336,-10.7243,1.0000
6695.801,-10.7245,1.0000
6697.266,-10.7247,1.0000
6698.730,-10.7249,1.0000
6700.195,-10.7251,1.0000
6701.660,-10.7253,1.0000
6703.125,-10.7255,1.0000
6704.590,-10.7258,1.0000
6706.055,-10.7259,1.0000
6707.520,-10.7262,1.0000
6708.984,-10.7265,1.0000
6710.449,-10.7266,1.0000
6711.914,-10.7270,1.0000
6713.379,-10.7273,1.0000
6714.844,-10.7275,1.0000
6716.309,-10.7278,1.0000
6717.773,-10.7281,1.0000
6719.238,-10.7283,1.0000
6720.703,-10.7286,1.0000
6722.168,-10.7289,1.0000
6723.633,-10.7293,1.0000
6725.098,-10.7295,1.0000
6726.562,-10.7297,1.0000
6728.027,-10.7300,1.0000
6729.492,-10.7301,1.0000
6730.957,-10.7304,1.0000
6732.422,-10.7308,1.0000
6733.887,-10.7312,1.0000
6735.352,-10.7315,1.0000
6736.816,-10.7319,1.0000
6738.281,-10.7321,1.0000
6739.746,-10.7324,1.0000
6741.211,-10.7327,1.0000
6742.676,-10.7330,1.0000
6744.141,-10.7333,1.0000
6745.605,-10.7337,1.0000
6747.070,-10.7341,1.0000
6748.535,-10.7343,1.0000
6750.000,-10.7346,1.0000
6751.465,-10.7349,1.0000
6752.930,-10.7353,1.0000
6754.395,-10.7357,1.0000
6755.859,-10.7360,1.0000
6757.324,-10.7363,1.0000
6758.789,-10.7367,1.0000
6760.254,-10.7371,1.0000
6761.719,-10.7375,1.0000
6763.184,-10.7377,1.0000
6764.648,-10.7380,1.0000
6766.113,-10.7384,1.0000
6767.578,-10.7388,1.0000
6769.043,-10.7392,1.0000
6770.508,-10.7396,1.0000
6771.973,-10.7399,1.0000
6773.438,-10.7402,1.0000
6774.902,-10.7406,1.0000
6776.367,-10.7409,1.0000
6777.832,-10.7413,1.0000
6779.297,-10.7417,1.0000
6780.762,-10.7419,1.0000
6782.227,-10.7424,1.0000
6783.691,-10.7428,1.0000
6785.156,-10.7431,1.0000
6786.621,-10.7435,1.0000
6788.086,-10.7438,1.0000
6789.551,-10.7442,1.0000
6791.016,-10.7446,1.0000
6792.480,-10.7450,1.0000
6793.945,-10.7455,1.0000
6795.410,-10.7459,1.0000
6796.875,-10.7462,1.0000
6798.340,-10.7466,1.0000
6799.805,-10.7470,1.0000
6801.270,-10.7472,1.0000
6802.734,-10.7475,1.0000
6804.199,-10.7479,1.0000
6805.664,-10.7484,1.0000
6807.129,-10.7489,1.0000
6808.594,-10.7492,1.0000
6810.059,-10.7496,1.0000
6811.523,-10.7501,1.0000
6812.988,-10.7506,1.0000
6814.453,-10.7510,1.0000
6815.918,-10.7514,1.0000
6817.383,-10.7516,1.0000
6818.848,-10.7520,1.0000
6820.312,-10.7524,1.0000
6821.777,-10.7528,1.0000
6823.242,-10.7532,1.0000
6824.707,-10.7537,1.0000
6826.172,-10.7541,1.0000
6827.637,-10.7544,1.0000
6829.102,-10.7548,1.0000
6830.566,-10.7552,1.0000
6832.031,-10.7556,1.0000
6833.496,-10.7560,1.0000
6834.961,-10.7564,1.0000
6836.426,-10.7568,1.0000
6837.891,-10.7572,1.0000
6839.355,-10.7575,1.0000
6840.820,-10.7580,1.0000
6842.285,-10.7585,1.0000
6843.750,-10.7589,1.0000
6845.215,-10.7592,1.0000
6846.680,-10.7596,1.0000
6848.145,-10.7601,1.0000
6849.609,-10.7604,1.0000
6851.074,-10.7607,1.0000
6852.539,-10.7613,1.0000
6854.004,-10.7617,1.0000
6855.469,-10.7622,1.0000
6856.934,-10.7625,1.0000
6858.398,-10.7628,1.0000
6859.863,-10.7632,1.0000
6861.328,-10.7636,1.0000
6862.793,-10.7642,1.0000
6864.258,-10.7647,1.0000
6865.723,-10.7649,1.0000
6867.188,-10.7652,1.0000
6868.652,-10.7656,1.0000
6870.117,-10.7661,1.0000
6871.582,-10.7665,1.0000
6873.047,-10.7669,1.0000
6874.512,-10.7672,1.0000
6875.977,-10.7676,1.0000
6877.441,-10.7681,1.0000
6878.906,-10.7685,1.0000
6880.371,-10.7688,1.0000
6881.836,-10.7691,1.0000
6883.301,-10.7696,1.0000
6884.766,-10.7700,1.0000
6886.230,-10.7703,1.0000
6887.695,-10.7708,1.0000
6889.160,-10.7712,1.0000
6890.625,-10.7716,1.0000
6892.090,-10.7719,1.0000
6893.555,-10.7723,1.0000
6895.020,-10.7727,1.0000
6896.484,-10.7730,1.0000
6897.949,-10.7735,1.0000
6899.414,-10.7739,1.0000
6900.879,-10.7742,1.0000
6902.344,-10.7746,1.0000
6903.809,-10.7750,1.0000
6905.273,-10.7754,1.0000
6906.738,-10.7758,1.0000
6908.203,-10.7762,1.0000
6909.668,-10.7765,1.0000
6911.133,-10.7768,1.0000
6912.598,-10.7771,1.0000
6914.062,-10.7775,1.0000
6915.527,-10.7778,1.0000
6916.992,-10.7781,1.0000
6918.457,-10.7785,1.0000
6919.922,-10.7789,1.0000
6921.387,-10.7793,1.0000
6922.852,-10.7795,1.0000
6924.316,-10.7799,1.0000
6925.781,-10.7803,1.0000
6927.246,-10.7805,1.0000
6928.711,-10.7810,1.0000
6930.176,-10.7813,1.0000
6931.641,-10.7816,1.0000
6933.105,-10.7819,1.0000
6934.570,-10.7822,1.0000
6936.035,-10.7823,1.0000
6937.500,-10.7826,1.0000
6938.965,-10.7828,1.0000
6940.430,-10.7830,1.0000
6941.895,-10.7834,1.0000
6943.359,-10.7836,1.0000
6944.824,-10.7839,1.0000
6946.289,-10.7842,1.0000
6947.754,-10.7845,1.0000
6949.219,-10.7847,1.0000
6950.684,-10.7850,1.0000
6952.148,-10.7852,1.0000
6953.613,-10.7855,1.0000
6955.078,-10.7857,1.0000
6956.543,-10.7859,1.0000
6958.008,-10.7863,1.0000
6959.473,-10.7864,1.0000
6960.938,-10.7867,1.0000
6962.402,-10.7869,1.0000
6963.867,-10.7872,1.0000
6965.332,-10.7873,1.0000
6966.797,-10.7875,1.0000
6968.262,-10.7875,1.0000
6969.727,-10.7879,1.0000
6971.191,-10.7881,1.0000
6972.656,-10.7880,1.0000
6974.121,-10.7881,1.0000
6975.586,-10.7883,1.0000
6977.051,-10.7882,1.0000
6978.516,-10.7882,1.0000
6979.980,-10.7884,1.0000
6981.445,-10.7885,1.0000
6982.910,-10.7884,1.0000
6984.375,-10.7883,1.0000
6985.840,-10.7885,1.0000
6987.305,-10.7883,1.0000
6988.770,-10.7882,1.0000
6990.234,-10.7881,1.0000
6991.699,-10.7882,1.0000
6993.164,-10.7882,1.0000
6994.629,-10.7881,1.0000
6996.094,-10.7879,1.0000
6997.559,-10.7877,0.9999
6999.023,-10.7877,0.9999
7000.488,-10.7874,0.9999
7001.953,-10.7873,0.9999
7003.418,-10.7872,0.9999
7004.883,-10.7870,0.9999
7006.348,-10.7867,0.9999
7007.812,-10.7865,0.9999
7009.277,-10.7863,0.9999
7010.742,-10.7858,0.9999
7012.207,-10.7853,0.9999
7013.672,-10.7852,0.9999
7015.137,-10.7850,0.9999
7016.602,-10.7845,0.9999
7018.066,-10.7840,0.9999
7019.531,-10.7836,0.9999
7020.996,-10.7833,0.9999
7022.461,-10.7830,0.9999
7023.926,-10.7823,0.9999
7025.391,-10.7819,0.9999
7026.855,-10.7814,0.9999
7028.320,-10.7810,0.9999
7029.785,-10.7804,0.9999
7031.250,-10.7801,0.9999
7032.715,-10.7795,0.9999
7034.180,-10.7786,0.9999
7035.645,-10.7781,0.9999
7037.109,-10.7778,0.9999
7038.574,-10.7773,0.9999
7040.039,-10.7766,0.9999
7041.504,-10.7761,0.9999
7042.969,-10.7757,0.9999
7044.434,-10.7752,0.9999
7045.898,-10.7744,0.9999
7047.363,-10.7740,0.9999
7048.828,-10.7733,0.9999
7050.293,-10.7727,0.9999
7051.758,-10.7721,0.9999
7053.223,-10.7715,0.9999
7054.688,-10.7708,0.9999
7056.152,-10.7700,0.9999
7057.617,-10.7695,0.9999
7059.082,-10.7687,0.9999
7060.547,-10.7683,0.9999
7062.012,-10.7675,0.9999
7063.477,-10.7666,0.9999
7064.941,-10.7659,0.9999
7066.406,-10.7652,0.9999
7067.871,-10.7646,0.9999
7069.336,-10.7638,0.9999
7070.801,-10.7630,0.9999
7072.266,-10.7623,0.9999
7073.730,-10.7618,0.9999
7075.195,-10.7611,0.9999
7076.660,-10.7604,0.9999
7078.125,-10.7597,0.9999
7079.590,-10.7588,0.9999
7081.055,-10.7580,0.9999
7082.520,-10.7572,0.9999
7083.984,-10.7564,0.9999
7085.449,-10.7556,0.9999
7086.914,-10.7549,0.9999
7088.379,-10.7545,0.9999
7089.844,-10.7537,0.9999
7091.309,-10.7528,0.9999
7092.773,-10.7521,0.9999
7094.238,-10.7510,0.9999
7095.703,-10.7505,0.9999
7097.168,-10.7498,0.9999
7098.633,-10.7490,0.9999
7100.098,-10.7483,0.9999
7101.562,-10.7477,0.9999
7103.027,-10.7468,0.9999
7104.492,-10.7462,0.9999
7105.957,-10.7452,0.9999
7107.422,-10.7446,0.9999
7108.887,-10.7441,0.9999
7110.352,-10.7434,0.9999
7111.816,-10.7426,0.9999
7113.281,-10.7418,0.9999
7114.746,-10.7410,0.9999
7116.211,-10.7405,0.9999
7117.676,-10.7400,0.9999
7119.141,-10.7392,0.9999
7120.605,-10.7388,0.9999
7122.070,-10.7380,0.9999
7123.535,-10.7373,0.9999
7125.000,-10.7368,0.9999
7126.465,-10.7360,0.9999
7127.930,-10.7357,0.9999
7129.395,-10.7350,0.9999
7130.859,-10.7344,0.9999
7132.324,-10.7338,0.9999
7133.789,-10.7332,0.9999
7135.254,-10.7327,0.9999
7136.719,-10.7322,0.9999
7138.184,-10.7317,0.9999
7139.648,-10.7312,0.9999
7141.113,-10.7307,0.9999
7142.578,-10.7303,0.9999
7144.043,-10.7296,0.9999
7145.508,-10.7293,0.9999
7146.973,-10.7289,0.9999
7148.438,-10.7284,0.9999
7149.902,-10.7280,0.9999
7151.367,-10.7278,0.9999
7152.832,-10.7273,0.9999
7154.297,-10.7266,0.9999
7155.762,-10.7264,0.9999
7157.227,-10.7261,0.9999
7158.691,-10.7254,0.9999
7160.156,-10.7251,0.9999
7161.621,-10.7247,0.9999
7163.086,-10.7246,0.9999
7164.551,-10.7244,0.9999
7166.016,-10.7240,0.9999
7167.480,-10.7238,0.9999
7168.945,-10.7234,0.9999
7170.410,-10.7232,0.9999
7171.875,-10.7233,0.9999
7173.340,-10.7228,0.9999
7174.805,-10.7226,0.9999
7176.270,-10.7224,0.9999
7177.734,-10.7222,0.9999
7179.199,-10.7219,0.9999
7180.664,-10.7219,0.9999
7182.129,-10.7217,1.0000
7183.594,-10.7214,1.0000
7185.059,-10.7213,1.0000
7186.523,-10.7214,1.0000
7187.988,-10.7213,1.0000
7189.453,-10.7209,1.0000
7190.918,-10.7209,1.0000
7192.383,-10.7210,1.0000
7193.848,-10.7208,1.0000
7195.312,-10.7206,1.0000
7196.777,-10.7205,1.0000
7198.242,-10.7204,1.0000
7199.707,-10.7204,1.0000
7201.172,-10.7203,1.0000
7202.637,-10.7205,1.0000
7204.102,-10.7206,1.0000
7205.566,-10.7204,1.0000
7207.031,-10.7205,1.0000
7208.496,-10.7205,1.0000
7209.961,-10.7205,1.0000
7211.426,-10.7207,1.0000
7212.891,-10.7208,1.0000
7214.355,-10.7206,1.0000
7215.820,-10.7206,1.0000
7217.285,-10.7207,1.0000
7218.750,-10.7209,1.0000
7220.215,-10.7210,1.0000
7221.680,-10.7210,1.0000
7223.145,-10.7209,1.0000
7224.609,-10.7211,1.0000
7226.074,-10.7213,1.0000
7227.539,-10.7214,1.0000
7229.004,-10.7216,1.0000
7230.469,-10.7217,1.0000
7231.934,-10.7219,1.0000
7233.398,-10.7220,1.0000
7234.863,-10.7222,1.0000
7236.328,-10.7225,1.0000
7237.793,-10.7226,1.0000
7239.258,-10.7227,1.0000
7240.723,-10.7229,1.0000
7242.188,-10.7232,1.0000
7243.652,-10.7233,1.0000
7245.117,-10.7234,1.0000
7246.582,-10.7238,1.0000
7248.047,-10.7240,1.0000
7249.512,-10.7240,1.0000
7250.977,-10.7244,1.0000
7252.441,-10.7247,1.0000
7253.906,-10.7247,1.0000
7255.371,-10.7252,1.0000
7256.836,-10.7253,1.0000
7258.301,-10.7256,1.0000
7259.766,-10.7258,1.0000
7261.230,-10.7258,1.0000
7262.695,-10.7263,1.0000
7264.160,-10.7266,1.0000
7265.625,-10.7267,1.0000
7267.090,-10.7271,1.0000
7268.555,-10.7273,1.0000
7270.020,-10.7276,1.0000
7271.484,-10.7280,1.0000
7272.949,-10.7284,1.0000
7274.414,-10.7288,1.0000
7275.879,-10.7291,1.0000
7277.344,-10.7292,1.0000
7278.809,-10.7295,1.0000
7280.273,-10.7298,1.0000
7281.738,-10.7299,1.0000
7283.203,-10.7302,1.0000
7284.668,-10.7305,1.0000
7286.133,-10.7309,1.0000
7287.598,-10.7313,1.0000
7289.062,-10.7316,1.0000
7290.527,-10.7319,1.0000
7291.992,-10.7324,1.0000
7293.457,-10.7327,1.0000
7294.922,-10.7330,1.0000
7296.387,-10.7333,1.0000
7297.852,-10.7337,1.0000
7299.316,-10.7339,1.0000
7300.781,-10.7342,1.0000
7302.246,-10.7345,1.0000
7303.711,-10.7350,1.0000
7305.176,-10.7354,1.0000
7306.641,-10.7356,1.0000
7308.105,-10.7359,1.0000
7309.570,-10.7363,1.0000
7311.035,-10.7366,1.0000
7312.500,-10.7368,1.0000
7313.965,-10.7372,1.0000
7315.430,-10.7377,1.0000
7316.895,-10.7381,1.0000
7318.359,-10.7384,1.0000
7319.824,-10.7388,1.0000
7321.289,-10.7393,1.0000
7322.754,-10.7397,1.0000
7324.219,-10.7400,1.0000
7325.684,-10.7404,1.0000
7327.148,-10.7408,1.0000
7328.613,-10.7412,1.0000
7330.078,-10.7416,1.0000
7331.543,-10.7419,1.0000
7333.008,-10.7423,1.0000
7334.473,-10.7428,1.0000
7335.938,-10.7432,1.0000
7337.402,-10.7434,1.0000
7338.867,-10.7437,1.0000
7340.332,-10.7441,1.0000
7341.797,-10.7445,1.0000
7343.262,-10.7449,1.0000
7344.727,-10.7452,1.0000
7346.191,-10.7455,1.0000
7347.656,-10.7460,1.0000
7349.121,-10.7466,1.0000
7350.586,-10.7469,1.0000
7352.051,-10.7472,1.0000
7353.516,-10.7476,1.0000
7354.980,-10.7481,1.0000
7356.445,-10.7486,1.0000
7357.910,-10.7490,1.0000
7359.375,-10.7492,1.0000
7360.840,-10.7495,1.0000
7362.305,-10.7499,1.0000
7363.770,-10.7503,1.0000
7365.234,-10.7506,1.0000
7366.699,-10.7510,1.0000
7368.164,-10.7515,1.0000
7369.629,-10.7519,1.0000
7371.094,-10.7523,1.0000
7372.559,-10.7528,1.0000
7374.023,-10.7532,1.0000
7375.488,-10.7536,1.0000
7376.953,-10.7541,1.0000
7378.418,-10.7545,1.0000
7379.883,-10.7548,1.0000
7381.348,-10.7551,1.0000
7382.812,-10.7556,1.0000
7384.277,-10.7561,1.0000
7385.742,-10.7565,1.0000
7387.207,-10.7568,1.0000
7388.672,-10.7572,1.0000
7390.137,-10.7577,1.0000
7391.602,-10.7582,1.0000
7393.066,-10.7585,1.0000
7394.531,-10.7588,1.0000
7395.996,-10.7592,1.0000
7397.461,-10.7596,1.0000
7398.926,-10.7600,1.0000
7400.391,-10.7605,1.0000
7401.855,-10.7609,1.0000
7403.320,-10.7613,1.0000
7404.785,-10.7618,1.0000
7406.250,-10.7621,1.0000
7407.715,-10.7625,1.0000
7409.180,-10.7629,1.0000
7410.645,-10.7633,1.0000
7412.109,-10.7638,1.0000
7413.574,-10.7643,1.0000
7415.039,-10.7647,1.0000
7416.504,-10.7650,1.0000
7417.969,-10.7653,1.0000
7419.434,-10.7658,1.0000
7420.898,-10.7663,1.0000
7422.363,-10.7667,1.0000
7423.828,-10.7670,1.0000
7425.293,-10.7672,1.0000
7426.758,-10.7674,1.0000
7428.223,-10.7680,1.0000
7429.688,-10.7684,1.0000
7431.152,-10.7688,1.0000
7432.617,-10.7692,1.0000
7434.082,-10.7697,1.0000
7435.547,-10.7702,1.0000
7437.012,-10.7705,1.0000
7438.477,-10.7708,1.0000
7439.941,-10.7713,1.0000
7441.406,-10.7718,1.0000
7442.871,-10.7722,1.0000
7444.336,-10.7727,1.0000
7445.801,-10.7733,1.0000
7447.266,-10.7736,1.0000
7448.730,-10.7741,1.0000
7450.195,-10.7745,1.0000
7451.660,-10.7749,1.0000
7453.125,-10.7750,1.0000
7454.590,-10.7753,1.0000
7456.055,-10.7759,1.0000
7457.520,-10.7764,1.0000
7458.984,-10.7767,1.0000
7460.449,-10.7770,1.0000
7461.914,-10.7775,1.0000
7463.379,-10.7778,1.0000
7464.844,-10.7781,1.0000
7466.309,-10.7785,1.0000
7467.773,-10.7788,1.0000
7469.238,-10.7792,1.0000
7470.703,-10.7796,1.0000
7472.168,-10.7799,1.0000
7473.633,-10.7801,1.0000
7475.098,-10.7804,1.0000
7476.562,-10.7809,1.0000
7478.027,-10.7812,1.0000
7479.492,-10.7815,1.0000
7480.957,-10.7817,1.0000
7482.422,-10.7820,1.0000
7483.887,-10.7823,1.0000
7485.352,-10.7826,1.0000
7486.816,-10.7828,1.0000
7488.281,-10.7832,1.0000
7489.746,-10.7834,1.0000
7491.211,-10.7836,1.0000
7492.676,-10.7838,1.0000
7494.141,-10.7841,1.0000
7495.605,-10.7844,1.0000
7497.070,-10.7845,1.0000
7498.535,-10.7846,1.0000
7500.000,-10.7847,1.0000
7501.465,-10.7849,1.0000
7502.930,-10.7853,1.0000
7504.395,-10.7854,1.0000
7505.859,-10.7855,1.0000
7507.324,-10.7856,1.0000
7508.789,-10.7857,1.0000
7510.254,-10.7860,1.0000
7511.719,-10.7860,1.0000
7513.184,-10.7860,1.0000
7514.648,-10.7863,1.0000
7516.113,-10.7865,1.0000
7517.578,-10.7866,1.0000
7519.043,-10.7867,1.0000
7520.508,-10.7868,1.0000
7521.973,-10.7870,1.0000
7523.438,-10.7869,1.0000
7524.902,-10.7871,1.0000
7526.367,-10.7872,1.0000
7527.832,-10.7873,1.0000
7529.297,-10.7875,1.0000
7530.762,-10.7875,1.0000
7532.227,-10.7877,1.0000
7533.691,-10.7878,1.0000
7535.156,-10.7880,1.0000
7536.621,-10.7881,1.0000
7538.086,-10.7882,1.0000
7539.551,-10.7885,1.0000
7541.016,-10.7884,1.0000
7542.480,-10.7886,1.0000
7543.945,-10.7887,1.0000
7545.410,-10.7888,1.0000
7546.875,-10.7888,1.0000
7548.340,-10.7889,1.0000
7549.805,-10.7888,1.0000
7551.270,-10.7888,1.0000
7552.734,-10.7890,1.0000
7554.199,-10.7892,1.0000
7555.664,-10.7891,1.0000
7557.129,-10.7891,1.0000
7558.594,-10.7891,1.0000
7560.059,-10.7889,1.0000
7561.523,-10.7893,1.0000
7562.988,-10.7894,1.0000
7564.453,-10.7892,1.0000
7565.918,-10.7892,1.0000
7567.383,-10.7890,1.0000
7568.848,-10.7893,1.0000
7570.312,-10.7894,1.0000
7571.777,-10.7891,1.0000
7573.242,-10.7892,1.0000
7574.707,-10.7888,1.0000
7576.172,-10.7888,1.0000
7577.637,-10.7889,1.0000
7579.102,-10.7888,1.0000
7580.566,-10.7889,1.0000
7582.031,-10.7888,1.0000
7583.496,-10.7888,1.0000
7584.961,-10.7889,1.0000
7586.426,-10.7885,1.0000
7587.891,-10.7884,1.0000
7589.355,-10.7883,1.0000
7590.820,-10.7881,1.0000
7592.285,-10.7880,1.0000
7593.750,-10.7879,1.0000
7595.215,-10.7877,0.9999
7596.680,-10.7874,0.9999
7598.145,-10.7874,0.9999
7599.609,-10.7872,0.9999
7601.074,-10.7871,0.9999
7602.539,-10.7869,0.9999
7604.004,-10.7866,0.9999
7605.469,-10.7863,0.9999
7606.934,-10.7861,0.9999
7608.398,-10.7859,0.9999
7609.863,-10.7858,0.9999
7611.328,-10.7854,0.9999
7612.793,-10.7854,0.9999
7614.258,-10.7852,0.9999
7615.723,-10.7846,0.9999
7617.188,-10.7845,0.9999
7618.652,-10.7843,0.9999
7620.117,-10.7841,0.9999
7621.582,-10.7835,0.9999
7623.047,-10.7832,0.9999
7624.512,-10.7830,0.9999
7625.977,-10.7826,0.9999
7627.441,-10.7824,0.9999
7628.906,-10.7821,0.9999
7630.371,-10.7816,0.9999
7631.836,-10.7809,0.9999
7633.301,-10.7806,0.9999
7634.766,-10.7801,0.9999
7636.230,-10.7801,0.9999
7637.695,-10.7796,0.9999
7639.160,-10.7790,0.9999
7640.625,-10.7788,0.9999
7642.090,-10.7784,0.9999
7643.555,-10.7780,0.9999
7645.020,-10.7773,0.9999
7646.484,-10.7767,0.9999
7647.949,-10.7764,0.9999
7649.414,-10.7757,0.9999
7650.879,-10.7755,0.9999
7652.344,-10.7751,0.9999
7653.809,-10.7747,0.9999
7655.273,-10.7741,0.9999
7656.738,-10.7734,0.9999
7658.203,-10.7731,0.9999
7659.668,-10.7725,0.9999
7661.133,-10.7717,0.9999
7662.598,-10.7713,0.9999
7664.062,-10.7708,0.9999
7665.527,-10.7703,0.9999
7666.992,-10.7698,0.9999
7668.457,-10.7689,0.9999
7669.922,-10.7687,0.9999
7671.387,-10.7682,0.9999
7672.852,-10.7674,0.9999
7674.316,-10.7669,0.9999
7675.781,-10.7661,0.9999
7677.246,-10.7655,0.9999
7678.711,-10.7649,0.9999
7680.176,-10.7644,0.9999
7681.641,-10.7638,0.9999
7683.105,-10.7630,0.9999
7684.570,-10.7624,0.9999
7686.035,-10.7618,0.9999
7687.500,-10.7613,0.9999
7688.965,-10.7608,0.9999
7690.430,-10.7603,0.9999
7691.895,-10.7596,0.9999
7693.359,-10.7591,0.9999
7694.824,-10.7584,0.9999
7696.289,-10.7578,0.9999
7697.754,-10.7571,0.9999
7699.219,-10.7565,0.9999
7700.684,-10.7560,0.9999
7702.148,-10.7555,0.9999
7703.613,-10.7551,0.9999
7705.078,-10.7540,0.9999
7706.543,-10.7537,0.9999
7708.008,-10.7529,0.9999
7709.473,-10.7526,0.9999
7710.938,-10.7518,0.9999
7712.402,-10.7512,0.9999
7713.867,-10.7507,0.9999
7715.332,-10.7501,0.9999
7716.797,-10.7493,0.9999
7718.262,-10.7492,0.9999
7719.727,-10.7486,0.9999
7721.191,-10.7480,0.9999
7722.656,-10.7475,0.9999
7724.121,-10.7469,0.9999
7725.586,-10.7461,0.9999
7727.051,-10.7458,0.9999
7728.516,-10.7456,0.9999
7729.980,-10.7448,0.9999
7731.445,-10.7444,0.9999
7732.910,-10.7437,0.9999
7734.375,-10.7434,0.9999
7735.840,-10.7430,0.9999
7737.305,-10.7428,0.9999
7738.770,-10.7421,0.9999
7740.234,-10.7417,0.9999
7741.699,-10.7410,0.9999
7743.164,-10.7404,0.9999
7744.629,-10.7400,0.9999
7746.094,-10.7396,0.9999
7747.559,-10.7394,0.9999
7749.023,-10.7389,0.9999
7750.488,-10.7386,0.9999
7751.953,-10.7385,0.9999
7753.418,-10.7381,0.9999
7754.883,-10.7375,0.9999
7756.348,-10.7373,0.9999
7757.812,-10.7371,0.9999
7759.277,-10.7366,0.9999
7760.742,-10.7361,0.9999
7762.207,-10.7360,0.9999
7763.672,-10.7357,0.9999
7765.137,-10.7354,0.9999
7766.602,-10.7351,0.9999
7768.066,-10.7347,0.9999
7769.531,-10.7345,0.9999
7770.996,-10.7341,0.9999
7772.461,-10.7341,0.9999
7773.926,-10.7339,0.9999
7775.391,-10.7336,0.9999
7776.855,-10.7334,0.9999
7778.320,-10.7334,0.9999
7779.785,-10.7330,0.9999
7781.250,-10.7328,0.9999
7782.715,-10.7325,0.9999
7784.180,-10.7324,0.9999
7785.645,-10.7324,0.9999
7787.109,-10.7321,0.9999
7788.574,-10.7318,0.9999
7790.039,-10.7320,0.9999
7791.504,-10.7318,0.9999
7792.969,-10.7316,0.9999
7794.434,-10.7315,1.0000
7795.898,-10.7314,1.0000
7797.363,-10.7313,1.0000
7798.828,-10.7313,1.0000
7800.293,-10.7313,1.0000
7801.758,-10.7313,1.0000
7803.223,-10.7310,1.0000
7804.688,-10.7313,1.0000
7806.152,-10.7311,1.0000
7807.617,-10.7308,1.0000
7809.082,-10.7311,1.0000
7810.547,-10.7313,1.0000
7812.012,-10.7311,1.0000
7813.477,-10.7310,1.0000
7814.941,-10.7311,1.0000
7816.406,-10.7310,1.0000
7817.871,-10.7310,1.0000
7819.336,-10.7312,1.0000
7820.801,-10.7311,1.0000
7822.266,-10.7311,1.0000
7823.730,-10.7315,1.0000
7825.195,-10.7316,1.0000
7826.660,-10.7315,1.0000
7828.125,-10.7316,1.0000
7829.590,-10.7318,1.0000
7831.055,-10.7318,1.0000
7832.520,-10.7319,1.0000
7833.984,-10.7320,1.0000
7835.449,-10.7321,1.0000
7836.914,-10.7323,1.0000
7838.379,-10.7323,1.0000
7839.844,-10.7324,1.0000
7841.309,-10.7326,1.0000
7842.773,-10.7326,1.0000
7844.238,-10.7328,1.0000
7845.703,-10.7331,1.0000
7847.168,-10.7333,1.0000
7848.633,-10.7334,1.0000
7850.098,-10.7336,1.0000
7851.562,-10.7338,1.0000
7853.027,-10.7338,1.0000
7854.492,-10.7340,1.0000
7855.957,-10.7341,1.0000
7857.422,-10.7345,1.0000
7858.887,-10.7347,1.0000
7860.352,-10.7347,1.0000
7861.816,-10.7349,1.0000
7863.281,-10.7350,1.0000
7864.746,-10.7351,1.0000
7866.211,-10.7355,1.0000
7867.676,-10.7358,1.0000
7869.141,-10.7361,1.0000
7870.605,-10.7362,1.0000
7872.070,-10.7364,1.0000
7873.535,-10.7367,1.0000
7875.000,-10.7370,1.0000
7876.465,-10.7372,1.0000
7877.930,-10.7371,1.0000
7879.395,-10.7374,1.0000
7880.859,-10.7380,1.0000
7882.324,-10.7381,1.0000
7883.789,-10.7384,1.0000
7885.254,-10.7387,1.0000
7886.719,-10.7388,1.0000
7888.184,-10.7391,1.0000
7889.648,-10.7394,1.0000
7891.113,-10.7398,1.0000
7892.578,-10.7400,1.0000
7894.043,-10.7402,1.0000
7895.508,-10.7404,1.0000
7896.973,-10.7407,1.0000
7898.438,-10.7409,1.0000
7899.902,-10.7412,1.0000
7901.367,-10.7417,1.0000
7902.832,-10.7420,1.0000
7904.297,-10.7420,1.0000
7905.762,-10.7423,1.0000
7907.227,-10.7429,1.0000
7908.691,-10.7433,1.0000
7910.156,-10.7436,1.0000
7911.621,-10.7437,1.0000
7913.086,-10.7438,1.0000
7914.551,-10.7440,1.0000
7916.016,-10.7444,1.0000
7917.480,-10.7448,1.0000
7918.945,-10.7452,1.0000
7920.410,-10.7456,1.0000
7921.875,-10.7458,1.0000
7923.340,-10.7461,1.0000
7924.805,-10.7464,1.0000
7926.270,-10.7468,1.0000
7927.734,-10.7469,1.0000
7929.199,-10.7470,1.0000
7930.664,-10.7475,1.0000
7932.129,-10.7479,1.0000
7933.594,-10.7482,1.0000
7935.059,-10.7486,1.0000
7936.523,-10.7490,1.0000
7937.988,-10.7493,1.0000
7939.453,-10.7496,1.0000
7940.918,-10.7499,1.0000
7942.383,-10.7502,1.0000
7943.848,-10.7506,1.0000
7945.312,-10.7509,1.0000
7946.777,-10.7512,1.0000
7948.242,-10.7514,1.0000
7949.707,-10.7517,1.0000
7951.172,-10.7521,1.0000
7952.637,-10.7525,1.0000
7954.102,-10.7528,1.0000
7955.566,-10.7530,1.0000
7957.031,-10.7534,1.0000
7958.496,-10.7538,1.0000
7959.961,-10.7541,1.0000
7961.426,-10.7544,1.0000
7962.891,-10.7549,1.0000
7964.355,-10.7553,1.0000
7965.820,-10.7556,1.0000
7967.285,-10.7559,1.0000
7968.750,-10.7562,1.0000
7970.215,-10.7566,1.0000
7971.680,-10.7570,1.0000
7973.145,-10.7573,1.0000
7974.609,-10.7577,1.0000
7976.074,-10.7580,1.0000
7977.539,-10.7583,1.0000
7979.004,-10.7587,1.0000
7980.469,-10.7591,1.0000
7981.934,-10.7596,1.0000
7983.398,-10.7597,1.0000
7984.863,-10.7600,1.0000
7986.328,-10.7603,1.0000
7987.793,-10.7606,1.0000
7989.258,-10.7610,1.0000
7990.723,-10.7613,1.0000
7992.188,-10.7617,1.0000
7993.652,-10.7622,1.0000
7995.117,-10.7626,1.0000
7996.582,-10.7629,1.0000
7998.047,-10.7632,1.0000
7999.512,-10.7634,1.0000
8000.977,-10.7636,1.0000
8002.441,-10.7641,1.0000
8003.906,-10.7644,1.0000
8005.371,-10.7646,1.0000
8006.836,-10.7648,1.0000
8008.301,-10.7650,1.0000
8009.766,-10.7653,1.0000
8011.230,-10.7657,1.0000
8012.695,-10.7661,1.0000
8014.160,-10.7664,1.0000
8015.625,-10.7666,1.0000
8017.090,-10.7670,1.0000
8018.555,-10.7673,1.0000
8020.020,-10.7675,1.0000
8021.484,-10.7678,1.0000
8022.949,-10.7683,1.0000
8024.414,-10.7687,1.0000
8025.879,-10.7690,1.0000
8027.344,-10.7693,1.0000
8028.809,-10.7695,1.0000
8030.273,-10.7697,1.0000
8031.738,-10.7698,1.0000
8033.203,-10.7698,1.0000
8034.668,-10.7702,1.0000
8036.133,-10.7707,1.0000
8037.598,-10.7712,1.0000
8039.062,-10.7715,1.0000
8040.527,-10.7717,1.0000
8041.992,-10.7717,1.0000
8043.457,-10.7719,1.0000
8044.922,-10.7722,1.0000
8046.387,-10.7726,1.0000
8047.852,-10.7730,1.0000
8049.316,-10.7733,1.0000
8050.781,-10.7737,1.0000
8052.246,-10.7740,1.0000
8053.711,-10.7743,1.0000
8055.176,-10.7745,1.0000
8056.641,-10.7747,1.0000
8058.105,-10.7750,1.0000
8059.570,-10.7754,1.0000
8061.035,-10.7758,1.0000
8062.500,-10.7761,1.0000
8063.965,-10.7765,1.0000
8065.430,-10.7767,1.0000
8066.895,-10.7770,1.0000
8068.359,-10.7773,1.0000
8069.824,-10.7775,1.0000
8071.289,-10.7778,1.0000
8072.754,-10.7781,1.0000
8074.219,-10.7785,1.0000
8075.684,-10.7789,1.0000
8077.148,-10.7792,1.0000
8078.613,-10.7795,1.0000
8080.078,-10.7798,1.0000
8081.543,-10.7801,1.0000
8083.008,-10.7804,1.0000
8084.473,-10.7807,1.0000
8085.938,-10.7808,1.0000
8087.402,-10.7810,1.0000
8088.867,-10.7814,1.0000
8090.332,-10.7819,1.0000
8091.797,-10.7822,1.0000
8093.262,-10.7824,1.0000
8094.727,-10.7828,1.0000
8096.191,-10.7832,1.0000
8097.656,-10.7836,1.0000
8099.121,-10.7837,1.0000
8100.586,-10.7839,1.0000
8102.051,-10.7843,1.0000
8103.516,-10.7844,1.0000
8104.980,-10.7848,1.0000
8106.445,-10.7852,1.0000
8107.910,-10.7854,1.0000
8109.375,-10.7858,1.0000
8110.840,-10.7863,1.0000
8112.305,-10.7864,1.0000
8113.770,-10.7866,1.0000
8115.234,-10.7871,1.0000
8116.699,-10.7872,1.0000
8118.164,-10.7874,1.0000
8119.629,-10.7877,1.0000
8121.094,-10.7882,1.0000
8122.559,-10.7885,1.0000
8124.023,-10.7886,1.0000
8125.488,-10.7890,1.0000
8126.953,-10.7893,1.0000
8128.418,-10.7895,1.0000
8129.883,-10.7898,1.0000
8131.348,-10.7900,1.0000
8132.812,-10.7902,1.0000
8134.277,-10.7906,1.0000
8135.742,-10.7909,1.0000
8137.207,-10.7912,1.0000
8138.672,-10.7914,1.0000
8140.137,-10.7917,1.0000
8141.602,-10.7921,1.0000
8143.066,-10.7923,1.0000
8144.531,-10.7924,1.0000
8145.996,-10.7925,1.0000
8147.461,-10.7927,1.0000
8148.926,-10.7930,1.0000
8150.391,-10.7934,1.0000
8151.855,-10.7937,1.0000
8153.320,-10.7941,1.0000
8154.785,-10.7943,1.0000
8156.250,-10.7944,1.0000
8157.715,-10.7946,1.0000
8159.180,-10.7948,1.0000
8160.645,-10.7951,1.0000
8162.109,-10.7954,1.0000
8163.574,-10.7954,1.0000
8165.039,-10.7955,1.0000
8166.504,-10.7961,1.0000
8167.969,-10.7964,1.0000
8169.434,-10.7965,1.0000
8170.898,-10.7968,1.0000
8172.363,-10.7971,1.0000
8173.828,-10.7972,1.0000
8175.293,-10.7976,1.0000
8176.758,-10.7977,1.0000
8178.223,-10.7977,1.0000
8179.688,-10.7979,1.0000
8181.152,-10.7981,1.0000
8182.617,-10.7984,1.0000
8184.082,-10.7985,1.0000
8185.547,-10.7984,1.0000
8187.012,-10.7986,1.0000
8188.477,-10.7990,1.0000
8189.941,-10.7991,1.0000
8191.406,-10.7992,1.0000
8192.871,-10.7993,1.0000
8194.336,-10.7997,1.0000
8195.801,-10.7998,1.0000
8197.266,-10.7997,1.0000
8198.730,-10.8001,1.0000
8200.195,-10.8003,1.0000
8201.660,-10.8003,1.0000
8203.125,-10.8003,1.0000
8204.590,-10.8004,1.0000
8206.055,-10.8005,1.0000
8207.520,-10.8008,1.0000
8208.984,-10.8008,1.0000
8210.449,-10.8006,1.0000
8211.914,-10.8009,1.0000
8213.379,-10.8013,1.0000
8214.844,-10.8010,1.0000
8216.309,-10.8010,1.0000
8217.773,-10.8012,1.0000
8219.238,-10.8012,1.0000
8220.703,-10.8011,1.0000
8222.168,-10.8011,1.0000
8223.633,-10.8015,1.0000
8225.098,-10.8014,1.0000
8226.562,-10.8016,1.0000
8228.027,-10.8017,1.0000
8229.492,-10.8013,1.0000
8230.957,-10.8016,1.0000
8232.422,-10.8015,1.0000
8233.887,-10.8013,1.0000
8235.352,-10.8012,1.0000
8236.816,-10.8013,1.0000
8238.281,-10.8013,1.0000
8239.746,-10.8011,1.0000
8241.211,-10.8008,0.9999
8242.676,-10.8010,0.9999
8244.141,-10.8008,0.9999
8245.605,-10.8007,0.9999
8247.070,-10.8006,0.9999
8248.535,-10.8008,0.9999
8250.000,-10.8004,0.9999
8251.465,-10.8002,0.9999
8252.930,-10.8001,0.9999
8254.395,-10.7999,0.9999
8255.859,-10.8000,0.9999
8257.324,-10.8000,0.9999
8258.789,-10.7998,0.9999
8260.254,-10.7992,0.9999
8261.719,-10.7991,0.9999
8263.184,-10.7991,0.9999
8264.648,-10.7986,0.9999
8266.113,-10.7984,0.9999
8267.578,-10.7984,0.9999
8269.043,-10.7983,0.9999
8270.508,-10.7979,0.9999
8271.973,-10.7974,0.9999
8273.438,-10.7970,0.9999
8274.902,-10.7970,0.9999
8276.367,-10.7968,0.9999
8277.832,-10.7965,0.9999
8279.297,-10.7962,0.9999
8280.762,-10.7961,0.9999
8282.227,-10.7957,0.9999
8283.691,-10.7952,0.9999
8285.156,-10.7947,0.9999
8286.621,-10.7944,0.9999
8288.086,-10.7945,0.9999
8289.551,-10.7940,0.9999
8291.016,-10.7934,0.9999
8292.480,-10.7932,0.9999
8293.945,-10.7924,0.9999
8295.410,-10.7925,0.9999
8296.875,-10.7920,0.9999
8298.340,-10.7914,0.9999
8299.805,-10.7909,0.9999
8301.270,-10.7906,0.9999
8302.734,-10.7898,0.9999
8304.199,-10.7899,0.9999
8305.664,-10.7893,0.9999
8307.129,-10.7891,0.9999
8308.594,-10.7882,0.9999
8310.059,-10.7879,0.9999
8311.523,-10.7876,0.9999
8312.988,-10.7871,0.9999
8314.453,-10.7863,0.9999
8315.918,-10.7859,0.9999
8317.383,-10.7855,0.9999
8318.848,-10.7851,0.9999
8320.312,-10.7845,0.9999
8321.777,-10.7837,0.9999
8323.242,-10.7835,0.9999
8324.707,-10.7833,0.9999
8326.172,-10.7820,0.9999
8327.637,-10.7819,0.9999
8329.102,-10.7813,0.9999
8330.566,-10.7809,0.9999
8332.031,-10.7805,0.9999
8333.496,-10.7799,0.9999
8334.961,-10.7793,0.9999
8336.426,-10.7786,0.9999
8337.891,-10.7784,0.9999
8339.355,-10.7780,0.9999
8340.820,-10.7770,0.9999
8342.285,-10.7766,0.9999
8343.750,-10.7761,0.9999
8345.215,-10.7753,0.9999
8346.680,-10.7745,0.9999
8348.145,-10.7742,0.9999
8349.609,-10.7735,0.9999
8351.074,-10.7733,0.9999
8352.539,-10.7726,0.9999
8354.004,-10.7720,0.9999
8355.469,-10.7712,0.9999
8356.934,-10.7711,0.9999
8358.398,-10.7703,0.9999
8359.863,-10.7697,0.9999
8361.328,-10.7689,0.9999
8362.793,-10.7687,0.9999
8364.258,-10.7683,0.9999
8365.723,-10.7672,0.9999
8367.188,-10.7667,0.9999
8368.652,-10.7664,0.9999
8370.117,-10.7661,0.9999
8371.582,-10.7655,0.9999
8373.047,-10.7647,0.9999
8374.512,-10.7645,0.9999
8375.977,-10.7638,0.9999
8377.441,-10.7630,0.9999
8378.906,-10.7627,0.9999
8380.371,-10.7619,0.9999
8381.836,-10.7613,0.9999
8383.301,-10.7609,0.9999
8384.766,-10.7604,0.9999
8386.230,-10.7600,0.9999
8387.695,-10.7596,0.9999
8389.160,-10.7592,0.9999
8390.625,-10.7586,0.9999
8392.090,-10.7580,0.9999
8393.555,-10.7576,0.9999
8395.020,-10.7570,0.9999
8396.484,-10.7567,0.9999
8397.949,-10.7562,0.9999
8399.414,-10.7558,0.9999
8400.879,-10.7551,0.9999
8402.344,-10.7547,0.9999
8403.809,-10.7542,0.9999
8405.273,-10.7539,0.9999
8406.738,-10.7536,0.9999
8408.203,-10.7533,0.9999
8409.668,-10.7530,0.9999
8411.133,-10.7526,0.9999
8412.598,-10.7519,0.9999
8414.062,-10.7516,0.9999
8415.527,-10.7515,0.9999
8416.992,-10.7508,0.9999
8418.457,-10.7504,0.9999
8419.922,-10.7504,0.9999
8421.387,-10.7499,0.9999
8422.852,-10.7497,0.9999
8424.316,-10.7494,0.9999
8425.781,-10.7493,0.9999
8427.246,-10.7487,0.9999
8428.711,-10.7482,0.9999
8430.176,-10.7479,0.9999
8431.641,-10.7476,0.9999
8433.105,-10.7475,0.9999
8434.570,-10.7473,0.9999
8436.035,-10.7470,0.9999
8437.500,-10.7466,0.9999
8438.965,-10.7464,0.9999
8440.430,-10.7462,0.9999
8441.895,-10.7461,0.9999
8443.359,-10.7458,0.9999
8444.824,-10.7456,0.9999
8446.289,-10.7452,0.9999
8447.754,-10.7453,0.9999
8449.219,-10.7452,0.9999
8450.684,-10.7449,0.9999
8452.148,-10.7446,0.9999
8453.613,-10.7448,0.9999
8455.078,-10.7444,0.9999
8456.543,-10.7444,0.9999
8458.008,-10.7441,1.0000
8459.473,-10.7439,1.0000
8460.938,-10.7439,1.0000
8462.402,-10.7437,1.0000
8463.867,-10.7433,1.0000
8465.332,-10.7433,1.0000
8466.797,-10.7434,1.0000
8468.262,-10.7432,1.0000
8469.727,-10.7434,1.0000
8471.191,-10.7430,1.0000
8472.656,-10.7430,1.0000
8474.121,-10.7431,1.0000
8475.586,-10.7429,1.0000
8477.051,-10.7428,1.0000
8478.516,-10.7429,1.0000
8479.980,-10.7429,1.0000
8481.445,-10.7428,1.0000
8482.910,-10.7429,1.0000
8484.375,-10.7429,1.0000
8485.840,-10.7425,1.0000
8487.305,-10.7425,1.0000
8488.770,-10.7427,1.0000
8490.234,-10.7430,1.0000
8491.699,-10.7428,1.0000
8493.164,-10.7428,1.0000
8494.629,-10.7427,1.0000
8496.094,-10.7427,1.0000
8497.559,-10.7429,1.0000
8499.023,-10.7429,1.0000
8500.488,-10.7429,1.0000
8501.953,-10.7430,1.0000
8503.418,-10.7430,1.0000
8504.883,-10.7429,1.0000
8506.348,-10.7432,1.0000
8507.812,-10.7432,1.0000
8509.277,-10.7431,1.0000
8510.742,-10.7434,1.0000
8512.207,-10.7434,1.0000
8513.672,-10.7434,1.0000
8515.137,-10.7436,1.0000
8516.602,-10.7435,1.0000
8518.066,-10.7438,1.0000
8519.531,-10.7439,1.0000
8520.996,-10.7439,1.0000
8522.461,-10.7440,1.0000
8523.926,-10.7442,1.0000
8525.391,-10.7444,1.0000
8526.855,-10.7444,1.0000
8528.320,-10.7445,1.0000
8529.785,-10.7447,1.0000
8531.250,-10.7446,1.0000
8532.715,-10.7448,1.0000
8534.180,-10.7452,1.0000
8535.645,-10.7453,1.0000
8537.109,-10.7453,1.0000
8538.574,-10.7457,1.0000
8540.039,-10.7458,1.0000
8541.504,-10.7457,1.0000
8542.969,-10.7457,1.0000
8544.434,-10.7461,1.0000
8545.898,-10.7462,1.0000
8547.363,-10.7466,1.0000
8548.828,-10.7469,1.0000
8550.293,-10.7468,1.0000
8551.758,-10.7471,1.0000
8553.223,-10.7475,1.0000
8554.688,-10.7477,1.0000
8556.152,-10.7479,1.0000
8557.617,-10.7482,1.0000
8559.082,-10.7485,1.0000
8560.547,-10.7486,1.0000
8562.012,-10.7485,1.0000
8563.477,-10.7487,1.0000
8564.941,-10.7488,1.0000
8566.406,-10.7491,1.0000
8567.871,-10.7495,1.0000
8569.336,-10.7495,1.0000
8570.801,-10.7497,1.0000
8572.266,-10.7501,1.0000
8573.730,-10.7503,1.0000
8575.195,-10.7506,1.0000
8576.660,-10.7509,1.0000
8578.125,-10.7511,1.0000
8579.590,-10.7514,1.0000
8581.055,-10.7519,1.0000
8582.520,-10.7522,1.0000
8583.984,-10.7523,1.0000
8585.449,-10.7524,1.0000
8586.914,-10.7526,1.0000
8588.379,-10.7529,1.0000
8589.844,-10.7534,1.0000
8591.309,-10.7537,1.0000
8592.773,-10.7540,1.0000
8594.238,-10.7542,1.0000
8595.703,-10.7545,1.0000
8597.168,-10.7548,1.0000
8598.633,-10.7551,1.0000
8600.098,-10.7555,1.0000
8601.562,-10.7558,1.0000
8603.027,-10.7561,1.0000
8604.492,-10.7563,1.0000
8605.957,-10.7566,1.0000
8607.422,-10.7570,1.0000
8608.887,-10.7575,1.0000
8610.352,-10.7578,1.0000
8611.816,-10.7580,1.0000
8613.281,-10.7583,1.0000
8614.746,-10.7586,1.0000
8616.211,-10.7590,1.0000
8617.676,-10.7592,1.0000
8619.141,-10.7595,1.0000
8620.605,-10.7599,1.0000
8622.070,-10.7602,1.0000
8623.535,-10.7604,1.0000
8625.000,-10.7608,1.0000
8626.465,-10.7612,1.0000
8627.930,-10.7615,1.0000
8629.395,-10.7619,1.0000
8630.859,-10.7622,1.0000
8632.324,-10.7625,1.0000
8633.789,-10.7630,1.0000
8635.254,-10.7633,1.0000
8636.719,-10.7635,1.0000
8638.184,-10.7638,1.0000
8639.648,-10.7641,1.0000
8641.113,-10.7645,1.0000
8642.578,-10.7649,1.0000
8644.043,-10.7652,1.0000
8645.508,-10.7655,1.0000
8646.973,-10.7660,1.0000
8648.438,-10.7663,1.0000
8649.902,-10.7666,1.0000
8651.367,-10.7670,1.0000
8652.832,-10.7673,1.0000
8654.297,-10.7676,1.0000
8655.762,-10.7680,1.0000
8657.227,-10.7684,1.0000
8658.691,-10.7687,1.0000
8660.156,-10.7690,1.0000
8661.621,-10.7692,1.0000
8663.086,-10.7694,1.0000
8664.551,-10.7699,1.0000
8666.016,-10.7704,1.0000
8667.480,-10.7707,1.0000
8668.945,-10.7710,1.0000
8670.410,-10.7714,1.0000
8671.875,-10.7718,1.0000
8673.340,-10.7720,1.0000
8674.805,-10.7723,1.0000
8676.270,-10.7727,1.0000
8677.734,-10.7730,1.0000
8679.199,-10.7733,1.0000
8680.664,-10.7738,1.0000
8682.129,-10.7742,1.0000
8683.594,-10.7744,1.0000
8685.059,-10.7748,1.0000
8686.523,-10.7753,1.0000
8687.988,-10.7759,1.0000
8689.453,-10.7764,1.0000
8690.918,-10.7767,1.0000
8692.383,-10.7768,1.0000
8693.848,-10.7772,1.0000
8695.312,-10.7776,1.0000
8696.777,-10.7778,1.0000
8698.242,-10.7780,1.0000
8699.707,-10.7785,1.0000
8701.172,-10.7789,1.0000
8702.637,-10.7792,1.0000
8704.102,-10.7795,1.0000
8705.566,-10.7798,1.0000
8707.031,-10.7802,1.0000
8708.496,-10.7805,1.0000
8709.961,-10.7809,1.0000
8711.426,-10.7813,1.0000
8712.891,-10.7817,1.0000
8714.355,-10.7822,1.0000
8715.820,-10.7825,1.0000
8717.285,-10.7827,1.0000
8718.750,-10.7830,1.0000
8720.215,-10.7833,1.0000
8721.680,-10.7835,1.0000
8723.145,-10.7840,1.0000
8724.609,-10.7843,1.0000
8726.074,-10.7848,1.0000
8727.539,-10.7853,1.0000
8729.004,-10.7856,1.0000
8730.469,-10.7859,1.0000
8731.934,-10.7863,1.0000
8733.398,-10.7865,1.0000
8734.863,-10.7869,1.0000
8736.328,-10.7873,1.0000
8737.793,-10.7876,1.0000
8739.258,-10.7880,1.0000
8740.723,-10.7883,1.0000
8742.188,-10.7884,1.0000
8743.652,-10.7886,1.0000
8745.117,-10.7890,1.0000
8746.582,-10.7895,1.0000
8748.047,-10.7898,1.0000
8749.512,-10.7902,1.0000
8750.977,-10.7905,1.0000
8752.441,-10.7910,1.0000
8753.906,-10.7912,1.0000
8755.371,-10.7913,1.0000
8756.836,-10.7919,1.0000
8758.301,-10.7923,1.0000
8759.766,-10.7927,1.0000
8761.230,-10.7930,1.0000
8762.695,-10.7932,1.0000
8764.160,-10.7935,1.0000
8765.625,-10.7939,1.0000
8767.090,-10.7941,1.0000
8768.555,-10.7943,1.0000
8770.020,-10.7947,1.0000
8771.484,-10.7952,1.0000
8772.949,-10.7956,1.0000
8774.414,-10.7959,1.0000
8775.879,-10.7962,1.0000
8777.344,-10.7963,1.0000
8778.809,-10.7964,1.0000
8780.273,-10.7970,1.0000
8781.738,-10.7972,1.0000
8783.203,-10.7974,1.0000
8784.668,-10.7978,1.0000
8786.133,-10.7982,1.0000
8787.598,-10.7985,1.0000
8789.062,-10.7987,1.0000
8790.527,-10.7990,1.0000
8791.992,-10.7995,1.0000
8793.457,-10.7998,1.0000
8794.922,-10.8001,1.0000
8796.387,-10.8004,1.0000
8797.852,-10.8007,1.0000
8799.316,-10.8009,1.0000
8800.781,-10.8011,1.0000
8802.246,-10.8013,1.0000
8803.711,-10.8018,1.0000
8805.176,-10.8022,1.0000
8806.641,-10.8023,1.0000
8808.105,-10.8025,1.0000
8809.570,-10.8027,1.0000
8811.035,-10.8030,1.0000
8812.500,-10.8034,1.0000
8813.965,-10.8037,1.0000
8815.430,-10.8039,1.0000
8816.895,-10.8041,1.0000
8818.359,-10.8042,1.0000
8819.824,-10.8045,1.0000
8821.289,-10.8048,1.0000
8822.754,-10.8051,1.0000
8824.219,-10.8053,1.0000
8825.684,-10.8055,1.0000
8827.148,-10.8056,1.0000
8828.613,-10.8059,1.0000
8830.078,-10.8061,1.0000
8831.543,-10.8067,1.0000
8833.008,-10.8071,1.0000
8834.473,-10.8072,1.0000
8835.938,-10.8075,1.0000
8837.402,-10.8077,1.0000
8838.867,-10.8081,1.0000
8840.332,-10.8081,1.0000
8841.797,-10.8082,1.0000
8843.262,-10.8085,1.0000
8844.727,-10.8086,1.0000
8846.191,-10.8087,1.0000
8847.656,-10.8088,1.0000
8849.121,-10.8091,1.0000
8850.586,-10.8096,1.0000
8852.051,-10.8096,1.0000
8853.516,-10.8098,1.0000
8854.980,-10.8099,1.0000
8856.445,-10.8100,1.0000
8857.910,-10.8105,1.0000
8859.375,-10.8108,1.0000
8860.840,-10.8109,1.0000
8862.305,-10.8108,1.0000
8863.770,-10.8110,1.0000
8865.234,-10.8114,1.0000
8866.699,-10.8116,1.0000
8868.164,-10.8116,1.0000
8869.629,-10.8118,1.0000
8871.094,-10.8122,1.0000
8872.559,-10.8123,1.0000
8874.023,-10.8124,1.0000
8875.488,-10.8123,1.0000
8876.953,-10.8124,1.0000
8878.418,-10.8126,1.0000
8879.883,-10.8128,1.0000
8881.348,-10.8128,1.0000
8882.812,-10.8129,1.0000
8884.277,-10.8130,1.0000
8885.742,-10.8130,1.0000
8887.207,-10.8131,1.0000
8888.672,-10.8133,1.0000
8890.137,-10.8134,1.0000
8891.602,-10.8135,1.0000
8893.066,-10.8132,1.0000
8894.531,-10.8135,1.0000
8895.996,-10.8138,1.0000
8897.461,-10.8137,1.0000
8898.926,-10.8139,1.0000
8900.391,-10.8139,1.0000
8901.855,-10.8136,1.0000
8903.320,-10.8136,1.0000
8904.785,-10.8142,1.0000
8906.250,-10.8140,1.0000
8907.715,-10.8140,1.0000
8909.180,-10.8142,1.0000
8910.645,-10.8139,1.0000
8912.109,-10.8138,1.0000
8913.574,-10.8140,1.0000
8915.039,-10.8139,1.0000
8916.504,-10.8141,1.0000
8917.969,-10.8141,1.0000
8919.434,-10.8143,1.0000
8920.898,-10.8141,1.0000
8922.363,-10.8142,1.0000
8923.828,-10.8141,1.0000
8925.293,-10.8139,1.0000
8926.758,-10.8137,1.0000
8928.223,-10.8139,1.0000
8929.688,-10.8137,1.0000
8931.152,-10.8138,1.0000
8932.617,-10.8136,1.0000
8934.082,-10.8133,1.0000
8935.547,-10.8136,1.0000
8937.012,-10.8132,1.0000
8938.477,-10.8130,1.0000
8939.941,-10.8131,1.0000
8941.406,-10.8129,1.0000
8942.871,-10.8126,1.0000
8944.336,-10.8126,0.9999
8945.801,-10.8124,0.9999
8947.266,-10.8127,0.9999
8948.730,-10.8121,0.9999
8950.195,-10.8118,0.9999
8951.660,-10.8115,0.9999
8953.125,-10.8114,0.9999
8954.590,-10.8111,0.9999
8956.055,-10.8114,0.9999
8957.520,-10.8110,0.9999
8958.984,-10.8109,0.9999
8960.449,-10.8109,0.9999
8961.914,-10.8105,0.9999
8963.379,-10.8103,0.9999
8964.844,-10.8100,0.9999
8966.309,-10.8098,0.9999
8967.773,-10.8095,0.9999
8969.238,-10.8090,0.9999
8970.703,-10.8089,0.9999
8972.168,-10.8086,0.9999
8973.633,-10.8082,0.9999
8975.098,-10.8080,0.9999
8976.562,-10.8074,0.9999
8978.027,-10.8072,0.9999
8979.492,-10.8068,0.9999
8980.957,-10.8067,0.9999
8982.422,-10.8065,0.9999
8983.887,-10.8058,0.9999
8985.352,-10.8053,0.9999
8986.816,-10.8056,0.9999
8988.281,-10.8048,0.9999
8989.746,-10.8044,0.9999
8991.211,-10.8044,0.9999
8992.676,-10.8037,0.9999
8994.141,-10.8033,0.9999
8995.605,-10.8033,0.9999
8997.070,-10.8025,0.9999
8998.535,-10.8023,0.9999
9000.000,-10.8018,0.9999
9001.465,-10.8016,0.9999
9002.930,-10.8008,0.9999
9004.395,-10.8003,0.9999
9005.859,-10.7998,0.9999
9007.324,-10.7995,0.9999
9008.789,-10.7992,0.9999
9010.254,-10.7984,0.9999
9011.719,-10.7982,0.9999
9013.184,-10.7976,0.9999
9014.648,-10.7972,0.9999
9016.113,-10.7966,0.9999
9017.578,-10.7961,0.9999
9019.043,-10.7951,0.9999
9020.508,-10.7951,0.9999
9021.973,-10.7947,0.9999
9023.438,-10.7940,0.9999
9024.902,-10.7937,0.9999
9026.367,-10.7930,0.9999
9027.832,-10.7927,0.9999
9029.297,-10.7918,0.9999
9030.762,-10.7913,0.9999
9032.227,-10.7903,0.9999
9033.691,-10.7901,0.9999
9035.156,-10.7896,0.9999
9036.621,-10.7892,0.9999
9038.086,-10.7885,0.9999
9039.551,-10.7878,0.9999
9041.016,-10.7876,0.9999
9042.480,-10.7868,0.9999
9043.945,-10.7862,0.9999
9045.410,-10.7859,0.9999
9046.875,-10.7853,0.9999
9048.340,-10.7846,0.9999
9049.805,-10.7842,0.9999
9051.270,-10.7831,0.9999
9052.734,-10.7827,0.9999
9054.199,-10.7818,0.9999
9055.664,-10.7816,0.9999
9057.129,-10.7809,0.9999
9058.594,-10.7802,0.9999
9060.059,-10.7797,0.9999
9061.523,-10.7790,0.9999
9062.988,-10.7791,0.9999
9064.453,-10.7781,0.9999
9065.918,-10.7773,0.9999
9067.383,-10.7771,0.9999
9068.848,-10.7764,0.9999
9070.312,-10.7757,0.9999
9071.777,-10.7748,0.9999
9073.242,-10.7740,0.9999
9074.707,-10.7741,0.9999
9076.172,-10.7733,0.9999
9077.637,-10.7726,0.9999
9079.102,-10.7715,0.9999
9080.566,-10.7716,0.9999
9082.031,-10.7712,0.9999
9083.496,-10.7699,0.9999
9084.961,-10.7692,0.9999
9086.426,-10.7692,0.9999
9087.891,-10.7687,0.9999
9089.355,-10.7684,0.9999
9090.820,-10.7677,0.9999
9092.285,-10.7672,0.9999
9093.750,-10.7664,0.9999
9095.215,-10.7659,0.9999
9096.680,-10.7657,0.9999
9098.145,-10.7652,0.9999
9099.609,-10.7645,0.9999
9101.074,-10.7641,0.9999
9102.539,-10.7636,0.9999
9104.004,-10.7627,0.9999
9105.469,-10.7623,0.9999
9106.934,-10.7620,0.9999
9108.398,-10.7612,0.9999
9109.863,-10.7609,0.9999
9111.328,-10.7602,0.9999
9112.793,-10.7597,0.9999
9114.258,-10.7592,0.9999
9115.723,-10.7587,0.9999
9117.188,-10.7583,0.9999
9118.652,-10.7578,0.9999
9120.117,-10.7575,0.9999
9121.582,-10.7567,0.9999
9123.047,-10.7565,0.9999
9124.512,-10.7560,0.9999
9125.977,-10.7558,0.9999
9127.441,-10.7550,0.9999
9128.906,-10.7543,0.9999
9130.371,-10.7544,0.9999
9131.836,-10.7539,0.9999
9133.301,-10.7534,0.9999
9134.766,-10.7531,0.9999
9136.230,-10.7526,0.9999
9137.695,-10.7527,0.9999
9139.160,-10.7523,0.9999
9140.625,-10.7516,0.9999
9142.090,-10.7517,0.9999
9143.555,-10.7509,0.9999
9145.020,-10.7508,0.9999
9146.484,-10.7507,0.9999
9147.949,-10.7502,0.9999
9149.414,-10.7501,0.9999
9150.879,-10.7497,0.9999
9152.344,-10.7496,0.9999
9153.809,-10.7494,0.9999
9155.273,-10.7494,0.9999
9156.738,-10.7487,0.9999
9158.203,-10.7489,0.9999
9159.668,-10.7485,0.9999
9161.133,-10.7482,0.9999
9162.598,-10.7480,0.9999
9164.062,-10.7478,0.9999
9165.527,-10.7476,0.9999
9166.992,-10.7473,0.9999
9168.457,-10.7474,0.9999
9169.922,-10.7472,0.9999
9171.387,-10.7472,0.9999
9172.852,-10.7471,0.9999
9174.316,-10.7473,0.9999
9175.781,-10.7470,0.9999
9177.246,-10.7469,0.9999
9178.711,-10.7472,1.0000
9180.176,-10.7469,1.0000
9181.641,-10.7468,1.0000
9183.105,-10.7469,1.0000
9184.570,-10.7468,1.0000
9186.035,-10.7471,1.0000
9187.500,-10.7471,1.0000
9188.965,-10.7466,1.0000
9190.430,-10.7467,1.0000
9191.895,-10.7467,1.0000
9193.359,-10.7467,1.0000
9194.824,-10.7471,1.0000
9196.289,-10.7471,1.0000
9197.754,-10.7472,1.0000
9199.219,-10.7471,1.0000
9200.684,-10.7470,1.0000
9202.148,-10.7471,1.0000
9203.613,-10.7473,1.0000
9205.078,-10.7473,1.0000
9206.543,-10.7474,1.0000
9208.008,-10.7476,1.0000
9209.473,-10.7477,1.0000
9210.938,-10.7480,1.0000
9212.402,-10.7482,1.0000
9213.867,-10.7479,1.0000
9215.332,-10.7477,1.0000
9216.797,-10.7480,1.0000
9218.262,-10.7482,1.0000
9219.727,-10.7482,1.0000
9221.191,-10.7485,1.0000
9222.656,-10.7485,1.0000
9224.121,-10.7484,1.0000
9225.586,-10.7486,1.0000
9227.051,-10.7489,1.0000
9228.516,-10.7491,1.0000
9229.980,-10.7491,1.0000
9231.445,-10.7492,1.0000
9232.910,-10.7495,1.0000
9234.375,-10.7497,1.0000
9235.840,-10.7500,1.0000
9237.305,-10.7502,1.0000
9238.770,-10.7501,1.0000
9240.234,-10.7503,1.0000
9241.699,-10.7506,1.0000
9243.164,-10.7508,1.0000
9244.629,-10.7511,1.0000
9246.094,-10.7512,1.0000
9247.559,-10.7516,1.0000
9249.023,-10.7513,1.0000
9250.488,-10.7511,1.0000
9251.953,-10.7515,1.0000
9253.418,-10.7519,1.0000
9254.883,-10.7522,1.0000
9256.348,-10.7524,1.0000
9257.812,-10.7525,1.0000
9259.277,-10.7528,1.0000
9260.742,-10.7533,1.0000
9262.207,-10.7532,1.0000
9263.672,-10.7532,1.0000
9265.137,-10.7539,1.0000
9266.602,-10.7543,1.0000
9268.066,-10.7543,1.0000
9269.531,-10.7543,1.0000
9270.996,-10.7543,1.0000
9272.461,-10.7548,1.0000
9273.926,-10.7552,1.0000
9275.391,-10.7555,1.0000
9276.855,-10.7562,1.0000
9278.320,-10.7562,1.0000
9279.785,-10.7560,1.0000
9281.250,-10.7562,1.0000
9282.715,-10.7566,1.0000
9284.180,-10.7569,1.0000
9285.645,-10.7572,1.0000
9287.109,-10.7575,1.0000
9288.574,-10.7575,1.0000
9290.039,-10.7578,1.0000
9291.504,-10.7581,1.0000
9292.969,-10.7583,1.0000
9294.434,-10.7584,1.0000
9295.898,-10.7587,1.0000
9297.363,-10.7589,1.0000
9298.828,-10.7594,1.0000
9300.293,-10.7597,1.0000
9301.758,-10.7598,1.0000
9303.223,-10.7602,1.0000
9304.688,-10.7606,1.0000
9306.152,-10.7608,1.0000
9307.617,-10.7611,1.0000
9309.082,-10.7613,1.0000
9310.547,-10.7614,1.0000
9312.012,-10.7616,1.0000
9313.477,-10.7620,1.0000
9314.941,-10.7626,1.0000
9316.406,-10.7630,1.0000
9317.871,-10.7632,1.0000
9319.336,-10.7633,1.0000
9320.801,-10.7634,1.0000
9322.266,-10.7636,1.0000
9323.730,-10.7638,1.0000
9325.195,-10.7642,1.0000
9326.660,-10.7645,1.0000
9328.125,-10.7648,1.0000
9329.590,-10.7653,1.0000
9331.055,-10.7655,1.0000
9332.520,-10.7657,1.0000
9333.984,-10.7661,1.0000
9335.449,-10.7664,1.0000
9336.914,-10.7668,1.0000
9338.379,-10.7669,1.0000
9339.844,-10.7670,1.0000
9341.309,-10.7673,1.0000
9342.773,-10.7678,1.0000
9344.238,-10.7682,1.0000
9345.703,-10.7683,1.0000
9347.168,-10.7685,1.0000
9348.633,-10.7688,1.0000
9350.098,-10.7692,1.0000
9351.562,-10.7695,1.0000
9353.027,-10.7699,1.0000
9354.492,-10.7703,1.0000
9355.957,-10.7704,1.0000
9357.422,-10.7705,1.0000
9358.887,-10.7707,1.0000
9360.352,-10.7710,1.0000
9361.816,-10.7713,1.0000
9363.281,-10.7715,1.0000
9364.746,-10.7717,1.0000
9366.211,-10.7722,1.0000
9367.676,-10.7725,1.0000
9369.141,-10.7727,1.0000
9370.605,-10.7732,1.0000
9372.070,-10.7736,1.0000
9373.535,-10.7738,1.0000
9375.000,-10.7743,1.0000
9376.465,-10.7747,1.0000
9377.930,-10.7748,1.0000
9379.395,-10.7750,1.0000
9380.859,-10.7754,1.0000
9382.324,-10.7755,1.0000
9383.789,-10.7756,1.0000
9385.254,-10.7758,1.0000
9386.719,-10.7761,1.0000
9388.184,-10.7765,1.0000
9389.648,-10.7770,1.0000
9391.113,-10.7771,1.0000
9392.578,-10.7773,1.0000
9394.043,-10.7777,1.0000
9395.508,-10.7777,1.0000
9396.973,-10.7780,1.0000
9398.438,-10.7787,1.0000
9399.902,-10.7788,1.0000
9401.367,-10.7789,1.0000
9402.832,-10.7794,1.0000
9404.297,-10.7796,1.0000
9405.762,-10.7797,1.0000
9407.227,-10.7800,1.0000
9408.691,-10.7805,1.0000
9410.156,-10.7807,1.0000
9411.621,-10.7811,1.0000
9413.086,-10.7814,1.0000
9414.551,-10.7817,1.0000
9416.016,-10.7821,1.0000
9417.480,-10.7823,1.0000
9418.945,-10.7824,1.0000
9420.410,-10.7825,1.0000
9421.875,-10.7826,1.0000
9423.340,-10.7829,1.0000
9424.805,-10.7833,1.0000
9426.270,-10.7837,1.0000
9427.734,-10.7841,1.0000
9429.199,-10.7844,1.0000
9430.664,-10.7847,1.0000
9432.129,-10.7848,1.0000
9433.594,-10.7850,1.0000
9435.059,-10.7854,1.0000
9436.523,-10.7857,1.0000
9437.988,-10.7860,1.0000
9439.453,-10.7862,1.0000
9440.918,-10.7864,1.0000
9442.383,-10.7868,1.0000
9443.848,-10.7869,1.0000
9445.312,-10.7869,1.0000
9446.777,-10.7872,1.0000
9448.242,-10.7875,1.0000
9449.707,-10.7879,1.0000
9451.172,-10.7882,1.0000
9452.637,-10.7885,1.0000
9454.102,-10.7888,1.0000
9455.566,-10.7891,1.0000
9457.031,-10.7894,1.0000
9458.496,-10.7898,1.0000
9459.961,-10.7900,1.0000
9461.426,-10.7900,1.0000
9462.891,-10.7902,1.0000
9464.355,-10.7904,1.0000
9465.820,-10.7906,1.0000
9467.285,-10.7908,1.0000
9468.750,-10.7913,1.0000
9470.215,-10.7917,1.0000
9471.680,-10.7921,1.0000
9473.145,-10.7924,1.0000
9474.609,-10.7924,1.0000
9476.074,-10.7924,1.0000
9477.539,-10.7926,1.0000
9479.004,-10.7930,1.0000
9480.469,-10.7932,1.0000
9481.934,-10.7935,1.0000
9483.398,-10.7937,1.0000
9484.863,-10.7939,1.0000
9486.328,-10.7942,1.0000
9487.793,-10.7944,1.0000
9489.258,-10.7945,1.0000
9490.723,-10.7948,1.0000
9492.188,-10.7953,1.0000
9493.652,-10.7955,1.0000
9495.117,-10.7959,1.0000
9496.582,-10.7962,1.0000
9498.047,-10.7963,1.0000
9499.512,-10.7965,1.0000
9500.977,-10.7967,1.0000
9502.441,-10.7969,1.0000
9503.906,-10.7971,1.0000
9505.371,-10.7972,1.0000
9506.836,-10.7976,1.0000
9508.301,-10.7980,1.0000
9509.766,-10.7982,1.0000
9511.230,-10.7984,1.0000
9512.695,-10.7988,1.0000
9514.160,-10.7989,1.0000
9515.625,-10.7991,1.0000
9517.090,-10.7991,1.0000
9518.555,-10.7991,1.0000
9520.020,-10.7995,1.0000
9521.484,-10.7997,1.0000
9522.949,-10.8000,1.0000
9524.414,-10.8003,1.0000
9525.879,-10.8005,1.0000
9527.344,-10.8005,1.0000
9528.809,-10.8006,1.0000
9530.273,-10.8009,1.0000
9531.738,-10.8011,1.0000
9533.203,-10.8012,1.0000
9534.668,-10.8013,1.0000
9536.133,-10.8016,1.0000
9537.598,-10.8021,1.0000
9539.062,-10.8025,1.0000
9540.527,-10.8025,1.0000
9541.992,-10.8026,1.0000
9543.457,-10.8028,1.0000
9544.922,-10.8029,1.0000
9546.387,-10.8034,1.0000
9547.852,-10.8037,1.0000
9549.316,-10.8038,1.0000
9550.781,-10.8038,1.0000
9552.246,-10.8042,1.0000
9553.711,-10.8044,1.0000
9555.176,-10.8043,1.0000
9556.641,-10.8046,1.0000
9558.105,-10.8048,1.0000
9559.570,-10.8050,1.0000
9561.035,-10.8052,1.0000
9562.500,-10.8053,1.0000
9563.965,-10.8052,1.0000
9565.430,-10.8056,1.0000
9566.895,-10.8061,1.0000
9568.359,-10.8060,1.0000
9569.824,-10.8060,1.0000
9571.289,-10.8066,1.0000
9572.754,-10.8069,1.0000
9574.219,-10.8068,1.0000
9575.684,-10.8070,1.0000
9577.148,-10.8071,1.0000
9578.613,-10.8072,1.0000
9580.078,-10.8074,1.0000
9581.543,-10.8074,1.0000
9583.008,-10.8078,1.0000
9584.473,-10.8079,1.0000
9585.938,-10.8080,1.0000
9587.402,-10.8081,1.0000
9588.867,-10.8081,1.0000
9590.332,-10.8082,1.0000
9591.797,-10.8083,1.0000
9593.262,-10.8085,1.0000
9594.727,-10.8089,1.0000
9596.191,-10.8093,1.0000
9597.656,-10.8092,1.0000
9599.121,-10.8091,1.0000
9600.586,-10.8093,1.0000
9602.051,-10.8096,1.0000
9603.516,-10.8099,1.0000
9604.980,-10.8097,1.0000
9606.445,-10.8097,1.0000
9607.910,-10.8101,1.0000
9609.375,-10.8100,1.0000
9610.840,-10.8099,1.0000
9612.305,-10.8103,1.0000
9613.770,-10.8106,1.0000
9615.234,-10.8107,1.0000
9616.699,-10.8105,1.0000
9618.164,-10.8105,1.0000
9619.629,-10.8108,1.0000
9621.094,-10.8109,1.0000
9622.559,-10.8109,1.0000
9624.023,-10.8110,1.0000
9625.488,-10.8111,1.0000
9626.953,-10.8111,1.0000
9628.418,-10.8113,1.0000
9629.883,-10.8114,1.0000
9631.348,-10.8116,1.0000
9632.812,-10.8113,1.0000
9634.277,-10.8118,1.0000
9635.742,-10.8120,1.0000
9637.207,-10.8120,1.0000
9638.672,-10.8121,1.0000
9640.137,-10.8120,1.0000
9641.602,-10.8123,1.0000
9643.066,-10.8124,1.0000
9644.531,-10.8119,1.0000
9645.996,-10.8122,1.0000
9647.461,-10.8121,1.0000
9648.926,-10.8120,1.0000
9650.391,-10.8124,1.0000
9651.855,-10.8119,1.0000
9653.320,-10.8121,1.0000
9654.785,-10.8124,1.0000
9656.250,-10.8123,1.0000
9657.715,-10.8125,1.0000
9659.180,-10.8122,1.0000
9660.645,-10.8117,1.0000
9662.109,-10.8120,1.0000
9663.574,-10.8122,1.0000
9665.039,-10.8123,1.0000
9666.504,-10.8122,1.0000
9667.969,-10.8119,1.0000
9669.434,-10.8118,1.0000
9670.898,-10.8121,1.0000
9672.363,-10.8120,1.0000
9673.828,-10.8119,1.0000
9675.293,-10.8116,1.0000
9676.758,-10.8118,1.0000
9678.223,-10.8120,1.0000
9679.688,-10.8121,1.0000
9681.152,-10.8117,1.0000
9682.617,-10.8118,1.0000
9684.082,-10.8115,1.0000
9685.547,-10.8112,1.0000
9687.012,-10.8115,1.0000
9688.477,-10.8114,1.0000
9689.941,-10.8112,1.0000
9691.406,-10.8114,1.0000
9692.871,-10.8111,1.0000
9694.336,-10.8111,1.0000
9695.801,-10.8113,1.0000
9697.266,-10.8111,1.0000
9698.730,-10.8105,1.0000
9700.195,-10.8107,1.0000
9701.660,-10.8103,1.0000
9703.125,-10.8105,1.0000
9704.590,-10.8101,1.0000
9706.055,-10.8098,1.0000
9707.520,-10.8098,0.9999
9708.984,-10.8095,0.9999
9710.449,-10.8091,0.9999
9711.914,-10.8096,0.9999
9713.379,-10.8096,0.9999
9714.844,-10.8088,0.9999
9716.309,-10.8087,0.9999
9717.773,-10.8087,0.9999
9719.238,-10.8083,0.9999
9720.703,-10.8080,0.9999
9722.168,-10.8083,0.9999
9723.633,-10.8079,0.9999
9725.098,-10.8075,0.9999
9726.562,-10.8075,0.9999
9728.027,-10.8070,0.9999
9729.492,-10.8061,0.9999
9730.957,-10.8064,0.9999
9732.422,-10.8067,0.9999
9733.887,-10.8063,0.9999
9735.352,-10.8059,0.9999
9736.816,-10.8052,0.9999
9738.281,-10.8050,0.9999
9739.746,-10.8047,0.9999
9741.211,-10.8047,0.9999
9742.676,-10.8045,0.9999
9744.141,-10.8040,0.9999
9745.605,-10.8038,0.9999
9747.070,-10.8032,0.9999
9748.535,-10.8029,0.9999
9750.000,-10.8031,0.9999
9751.465,-10.8021,0.9999
9752.930,-10.8019,0.9999
9754.395,-10.8015,0.9999
9755.859,-10.8008,0.9999
9757.324,-10.8009,0.9999
9758.789,-10.8005,0.9999
9760.254,-10.7997,0.9999
9761.719,-10.7986,0.9999
9763.184,-10.7990,0.9999
9764.648,-10.7989,0.9999
9766.113,-10.7984,0.9999
9767.578,-10.7982,0.9999
9769.043,-10.7974,0.9999
9770.508,-10.7975,0.9999
9771.973,-10.7969,0.9999
9773.438,-10.7964,0.9999
9774.902,-10.7963,0.9999
9776.367,-10.7956,0.9999
9777.832,-10.7954,0.9999
9779.297,-10.7950,0.9999
9780.762,-10.7943,0.9999
9782.227,-10.7940,0.9999
9783.691,-10.7939,0.9999
9785.156,-10.7935,0.9999
9786.621,-10.7924,0.9999
9788.086,-10.7920,0.9999
9789.551,-10.7915,0.9999
9791.016,-10.7912,0.9999
9792.480,-10.7910,0.9999
9793.945,-10.7907,0.9999
9795.410,-10.7902,0.9999
9796.875,-10.7896,0.9999
9798.340,-10.7892,0.9999
9799.805,-10.7892,0.9999
9801.270,-10.7882,0.9999
9802.734,-10.7882,0.9999
9804.199,-10.7878,0.9999
9805.664,-10.7870,0.9999
9807.129,-10.7864,0.9999
9808.594,-10.7864,0.9999
9810.059,-10.7855,0.9999
9811.523,-10.7852,0.9999
9812.988,-10.7846,0.9999
9814.453,-10.7843,0.9999
9815.918,-10.7836,0.9999
9817.383,-10.7834,0.9999
9818.848,-10.7829,0.9999
9820.312,-10.7827,0.9999
9821.777,-10.7822,0.9999
9823.242,-10.7817,0.9999
9824.707,-10.7810,0.9999
9826.172,-10.7810,0.9999
9827.637,-10.7807,0.9999
9829.102,-10.7805,0.9999
9830.566,-10.7801,0.9999
9832.031,-10.7794,0.9999
9833.496,-10.7792,0.9999
9834.961,-10.7788,0.9999
9836.426,-10.7782,0.9999
9837.891,-10.7781,0.9999
9839.355,-10.7773,0.9999
9840.820,-10.7765,0.9999
9842.285,-10.7766,0.9999
9843.750,-10.7766,0.9999
9845.215,-10.7762,0.9999
9846.680,-10.7754,0.9999
9848.145,-10.7752,0.9999
9849.609,-10.7744,0.9999
9851.074,-10.7740,0.9999
9852.539,-10.7736,0.9999
9854.004,-10.7732,0.9999
9855.469,-10.7727,0.9999
9856.934,-10.7725,0.9999
9858.398,-10.7719,0.9999
9859.863,-10.7715,0.9999
9861.328,-10.7714,0.9999
9862.793,-10.7707,0.9999
9864.258,-10.7704,0.9999
9865.723,-10.7697,0.9999
9867.188,-10.7698,0.9999
9868.652,-10.7692,0.9999
9870.117,-10.7688,0.9999
9871.582,-10.7686,0.9999
9873.047,-10.7680,0.9999
9874.512,-10.7675,0.9999
9875.977,-10.7675,0.9999
9877.441,-10.7668,0.9999
9878.906,-10.7667,0.9999
9880.371,-10.7663,0.9999
9881.836,-10.7658,0.9999
9883.301,-10.7660,0.9999
9884.766,-10.7654,0.9999
9886.230,-10.7653,0.9999
9887.695,-10.7650,0.9999
9889.160,-10.7642,0.9999
9890.625,-10.7641,0.9999
9892.090,-10.7637,0.9999
9893.555,-10.7634,0.9999
9895.020,-10.7630,0.9999
9896.484,-10.7628,0.9999
9897.949,-10.7627,0.9999
9899.414,-10.7620,0.9999
9900.879,-10.7615,0.9999
9902.344,-10.7618,0.9999
9903.809,-10.7613,0.9999
9905.273,-10.7612,0.9999
9906.738,-10.7611,0.9999
9908.203,-10.7608,0.9999
9909.668,-10.7605,0.9999
9911.133,-10.7600,0.9999
9912.598,-10.7597,0.9999
9914.062,-10.7596,0.9999
9915.527,-10.7591,0.9999
9916.992,-10.7590,0.9999
9918.457,-10.7584,0.9999
9919.922,-10.7585,0.9999
9921.387,-10.7584,0.9999
9922.852,-10.7583,0.9999
9924.316,-10.7578,0.9999
9925.781,-10.7577,0.9999
9927.246,-10.7574,0.9999
9928.711,-10.7568,0.9999
9930.176,-10.7571,0.9999
9931.641,-10.7569,0.9999
9933.105,-10.7567,0.9999
9934.570,-10.7563,0.9999
9936.035,-10.7563,0.9999
9937.500,-10.7560,0.9999
9938.965,-10.7562,0.9999
9940.430,-10.7565,0.9999
9941.895,-10.7559,0.9999
9943.359,-10.7560,0.9999
9944.824,-10.7560,0.9999
9946.289,-10.7556,0.9999
9947.754,-10.7553,0.9999
9949.219,-10.7553,0.9999
9950.684,-10.7548,0.9999
9952.148,-10.7547,0.9999
9953.613,-10.7546,0.9999
9955.078,-10.7550,0.9999
9956.543,-10.7549,0.9999
9958.008,-10.7545,0.9999
9959.473,-10.7544,1.0000
9960.938,-10.7545,1.0000
9962.402,-10.7546,1.0000
9963.867,-10.7542,1.0000
9965.332,-10.7540,1.0000
9966.797,-10.7536,1.0000
9968.262,-10.7536,1.0000
9969.727,-10.7541,1.0000
9971.191,-10.7539,1.0000
9972.656,-10.7539,1.0000
9974.121,-10.7540,1.0000
9975.586,-10.7541,1.0000
9977.051,-10.7536,1.0000
9978.516,-10.7534,1.0000
9979.980,-10.7537,1.0000
9981.445,-10.7538,1.0000
9982.910,-10.7538,1.0000
9984.375,-10.7535,1.0000
9985.840,-10.7535,1.0000
9987.305,-10.7539,1.0000
9988.770,-10.7536,1.0000
9990.234,-10.7535,1.0000
9991.699,-10.7539,1.0000
9993.164,-10.7540,1.0000
9994.629,-10.7539,1.0000
9996.094,-10.7539,1.0000
9997.559,-10.7539,1.0000
9999.023,-10.7539,1.0000
10000.488,-10.7539,1.0000
10001.953,-10.7541,1.0000
10003.418,-10.7542,1.0000
10004.883,-10.7540,1.0000
10006.348,-10.7539,1.0000
10007.812,-10.7543,1.0000
10009.277,-10.7542,1.0000
10010.742,-10.7542,1.0000
10012.207,-10.7542,1.0000
10013.672,-10.7543,1.0000
10015.137,-10.7543,1.0000
10016.602,-10.7541,1.0000
10018.066,-10.7545,1.0000
10019.531,-10.7544,1.0000
10020.996,-10.7544,1.0000
10022.461,-10.7547,1.0000
10023.926,-10.7551,1.0000
10025.391,-10.7550,1.0000
10026.855,-10.7552,1.0000
10028.320,-10.7552,1.0000
10029.785,-10.7550,1.0000
10031.250,-10.7553,1.0000
10032.715,-10.7553,1.0000
10034.180,-10.7556,1.0000
10035.645,-10.7559,1.0000
10037.109,-10.7559,1.0000
10038.574,-10.7558,1.0000
10040.039,-10.7561,1.0000
10041.504,-10.7562,1.0000
10042.969,-10.7561,1.0000
10044.434,-10.7564,1.0000
10045.898,-10.7567,1.0000
10047.363,-10.7567,1.0000
10048.828,-10.7569,1.0000
10050.293,-10.7571,1.0000
10051.758,-10.7570,1.0000
10053.223,-10.7573,1.0000
10054.688,-10.7574,1.0000
10056.152,-10.7575,1.0000
10057.617,-10.7577,1.0000
10059.082,-10.7579,1.0000
10060.547,-10.7578,1.0000
10062.012,-10.7577,1.0000
10063.477,-10.7581,1.0000
10064.941,-10.7583,1.0000
10066.406,-10.7583,1.0000
10067.871,-10.7587,1.0000
10069.336,-10.7590,1.0000
10070.801,-10.7590,1.0000
10072.266,-10.7590,1.0000
10073.730,-10.7592,1.0000
10075.195,-10.7594,1.0000
10076.660,-10.7595,1.0000
10078.125,-10.7595,1.0000
10079.590,-10.7594,1.0000
10081.055,-10.7596,1.0000
10082.520,-10.7599,1.0000
10083.984,-10.7605,1.0000
10085.449,-10.7607,1.0000
10086.914,-10.7606,1.0000
10088.379,-10.7604,1.0000
10089.844,-10.7607,1.0000
10091.309,-10.7609,1.0000
10092.773,-10.7613,1.0000
10094.238,-10.7615,1.0000
10095.703,-10.7618,1.0000
10097.168,-10.7621,1.0000
10098.633,-10.7621,1.0000
10100.098,-10.7623,1.0000
10101.562,-10.7624,1.0000
10103.027,-10.7624,1.0000
10104.492,-10.7628,1.0000
10105.957,-10.7632,1.0000
10107.422,-10.7632,1.0000
10108.887,-10.7632,1.0000
10110.352,-10.7636,1.0000
10111.816,-10.7641,1.0000
10113.281,-10.7642,1.0000
10114.746,-10.7643,1.0000
10116.211,-10.7644,1.0000
10117.676,-10.7647,1.0000
10119.141,-10.7650,1.0000
10120.605,-10.7653,1.0000
10122.070,-10.7654,1.0000
10123.535,-10.7654,1.0000
10125.000,-10.7655,1.0000
10126.465,-10.7658,1.0000
10127.930,-10.7661,1.0000
10129.395,-10.7664,1.0000
10130.859,-10.7665,1.0000
10132.324,-10.7667,1.0000
10133.789,-10.7667,1.0000
10135.254,-10.7669,1.0000
10136.719,-10.7674,1.0000
10138.184,-10.7674,1.0000
10139.648,-10.7676,1.0000
10141.113,-10.7680,1.0000
10142.578,-10.7684,1.0000
10144.043,-10.7685,1.0000
10145.508,-10.7688,1.0000
10146.973,-10.7690,1.0000
10148.438,-10.7689,1.0000
10149.902,-10.7691,1.0000
10151.367,-10.7694,1.0000
10152.832,-10.7696,1.0000
10154.297,-10.7699,1.0000
10155.762,-10.7701,1.0000
10157.227,-10.7704,1.0000
10158.691,-10.7707,1.0000
10160.156,-10.7707,1.0000
10161.621,-10.7709,1.0000
10163.086,-10.7711,1.0000
10164.551,-10.7714,1.0000
10166.016,-10.7716,1.0000
10167.480,-10.7717,1.0000
10168.945,-10.7718,1.0000
10170.410,-10.7720,1.0000
10171.875,-10.7723,1.0000
10173.340,-10.7728,1.0000
10174.805,-10.7730,1.0000
10176.270,-10.7732,1.0000
10177.734,-10.7734,1.0000
10179.199,-10.7738,1.0000
10180.664,-10.7740,1.0000
10182.129,-10.7741,1.0000
10183.594,-10.7744,1.0000
10185.059,-10.7747,1.0000
10186.523,-10.7747,1.0000
10187.988,-10.7748,1.0000
10189.453,-10.7751,1.0000
10190.918,-10.7754,1.0000
10192.383,-10.7757,1.0000
10193.848,-10.7760,1.0000
10195.312,-10.7764,1.0000
10196.777,-10.7764,1.0000
10198.242,-10.7765,1.0000
10199.707,-10.7770,1.0000
10201.172,-10.7772,1.0000
10202.637,-10.7773,1.0000
10204.102,-10.7775,1.0000
10205.566,-10.7779,1.0000
10207.031,-10.7783,1.0000
10208.496,-10.7783,1.0000
10209.961,-10.7783,1.0000
10211.426,-10.7785,1.0000
10212.891,-10.7788,1.0000
10214.355,-10.7791,1.0000
10215.820,-10.7793,1.0000
10217.285,-10.7795,1.0000
10218.750,-10.7798,1.0000
10220.215,-10.7800,1.0000
10221.680,-10.7803,1.0000
10223.145,-10.7806,1.0000
10224.609,-10.7809,1.0000
10226.074,-10.7810,1.0000
10227.539,-10.7811,1.0000
10229.004,-10.7813,1.0000
10230.469,-10.7816,1.0000
10231.934,-10.7817,1.0000
10233.398,-10.7818,1.0000
10234.863,-10.7821,1.0000
10236.328,-10.7825,1.0000
10237.793,-10.7829,1.0000
10239.258,-10.7832,1.0000
10240.723,-10.7835,1.0000
10242.188,-10.7837,1.0000
10243.652,-10.7839,1.0000
10245.117,-10.7841,1.0000
10246.582,-10.7842,1.0000
10248.047,-10.7843,1.0000
10249.512,-10.7846,1.0000
10250.977,-10.7852,1.0000
10252.441,-10.7856,1.0000
10253.906,-10.7854,1.0000
10255.371,-10.7855,1.0000
10256.836,-10.7861,1.0000
10258.301,-10.7863,1.0000
10259.766,-10.7865,1.0000
10261.230,-10.7869,1.0000
10262.695,-10.7871,1.0000
10264.160,-10.7873,1.0000
10265.625,-10.7875,1.0000
10267.090,-10.7876,1.0000
10268.555,-10.7877,1.0000
10270.020,-10.7880,1.0000
10271.484,-10.7883,1.0000
10272.949,-10.7885,1.0000
10274.414,-10.7888,1.0000
10275.879,-10.7890,1.0000
10277.344,-10.7890,1.0000
10278.809,-10.7891,1.0000
10280.273,-10.7896,1.0000
10281.738,-10.7902,1.0000
10283.203,-10.7902,1.0000
10284.668,-10.7901,1.0000
10286.133,-10.7905,1.0000
10287.598,-10.7909,1.0000
10289.062,-10.7911,1.0000
10290.527,-10.7912,1.0000
10291.992,-10.7913,1.0000
10293.457,-10.7917,1.0000
10294.922,-10.7920,1.0000
10296.387,-10.7921,1.0000
10297.852,-10.7926,1.0000
10299.316,-10.7931,1.0000
10300.781,-10.7934,1.0000
10302.246,-10.7934,1.0000
10303.711,-10.7935,1.0000
10305.176,-10.7937,1.0000
10306.641,-10.7940,1.0000
10308.105,-10.7945,1.0000
10309.570,-10.7947,1.0000
10311.035,-10.7949,1.0000
10312.500,-10.7953,1.0000
10313.965,-10.7956,1.0000
10315.430,-10.7957,1.0000
10316.895,-10.7959,1.0000
10318.359,-10.7960,1.0000
10319.824,-10.7960,1.0000
10321.289,-10.7965,1.0000
10322.754,-10.7967,1.0000
10324.219,-10.7967,1.0000
10325.684,-10.7970,1.0000
10327.148,-10.7974,1.0000
10328.613,-10.7976,1.0000
10330.078,-10.7981,1.0000
10331.543,-10.7982,1.0000
10333.008,-10.7984,1.0000
10334.473,-10.7986,1.0000
10335.938,-10.7985,1.0000
10337.402,-10.7988,1.0000
10338.867,-10.7992,1.0000
10340.332,-10.7996,1.0000
10341.797,-10.7997,1.0000
10343.262,-10.7997,1.0000
10344.727,-10.7999,1.0000
10346.191,-10.8004,1.0000
10347.656,-10.8007,1.0000
10349.121,-10.8008,1.0000
10350.586,-10.8010,1.0000
10352.051,-10.8013,1.0000
10353.516,-10.8015,1.0000
10354.980,-10.8017,1.0000
10356.445,-10.8020,1.0000
10357.910,-10.8022,1.0000
10359.375,-10.8024,1.0000
10360.840,-10.8027,1.0000
10362.305,-10.8028,1.0000
10363.770,-10.8029,1.0000
10365.234,-10.8031,1.0000
10366.699,-10.8034,1.0000
10368.164,-10.8034,1.0000
10369.629,-10.8035,1.0000
10371.094,-10.8039,1.0000
10372.559,-10.8042,1.0000
10374.023,-10.8046,1.0000
10375.488,-10.8047,1.0000
10376.953,-10.8046,1.0000
10378.418,-10.8048,1.0000
10379.883,-10.8052,1.0000
10381.348,-10.8057,1.0000
10382.812,-10.8058,1.0000
10384.277,-10.8058,1.0000
10385.742,-10.8058,1.0000
10387.207,-10.8061,1.0000
10388.672,-10.8064,1.0000
10390.137,-10.8066,1.0000
10391.602,-10.8064,1.0000
10393.066,-10.8065,1.0000
10394.531,-10.8068,1.0000
10395.996,-10.8073,1.0000
10397.461,-10.8073,1.0000
10398.926,-10.8074,1.0000
10400.391,-10.8078,1.0000
10401.855,-10.8083,1.0000
10403.320,-10.8083,1.0000
10404.785,-10.8084,1.0000
10406.250,-10.8086,1.0000
10407.715,-10.8087,1.0000
10409.180,-10.8088,1.0000
10410.645,-10.8091,1.0000
10412.109,-10.8093,1.0000
10413.574,-10.8096,1.0000
10415.039,-10.8097,1.0000
10416.504,-10.8097,1.0000
10417.969,-10.8099,1.0000
10419.434,-10.8101,1.0000
10420.898,-10.8102,1.0000
10422.363,-10.8103,1.0000
10423.828,-10.8106,1.0000
10425.293,-10.8107,1.0000
10426.758,-10.8105,1.0000
10428.223,-10.8108,1.0000
10429.688,-10.8112,1.0000
10431.152,-10.8115,1.0000
10432.617,-10.8116,1.0000
10434.082,-10.8116,1.0000
10435.547,-10.8116,1.0000
10437.012,-10.8119,1.0000
10438.477,-10.8120,1.0000
10439.941,-10.8118,1.0000
10441.406,-10.8119,1.0000
10442.871,-10.8122,1.0000
10444.336,-10.8125,1.0000
10445.801,-10.8126,1.0000
10447.266,-10.8130,1.0000
10448.730,-10.8129,1.0000
10450.195,-10.8131,1.0000
10451.660,-10.8133,1.0000
10453.125,-10.8131,1.0000
10454.590,-10.8131,1.0000
10456.055,-10.8130,1.0000
10457.520,-10.8134,1.0000
10458.984,-10.8138,1.0000
10460.449,-10.8139,1.0000
10461.914,-10.8137,1.0000
10463.379,-10.8139,1.0000
10464.844,-10.8141,1.0000
10466.309,-10.8141,1.0000
10467.773,-10.8142,1.0000
10469.238,-10.8143,1.0000
10470.703,-10.8140,1.0000
10472.168,-10.8141,1.0000
10473.633,-10.8144,1.0000
10475.098,-10.8147,1.0000
10476.562,-10.8147,1.0000
10478.027,-10.8147,1.0000
10479.492,-10.8147,1.0000
10480.957,-10.8147,1.0000
10482.422,-10.8151,1.0000
10483.887,-10.8152,1.0000
10485.352,-10.8153,1.0000
10486.816,-10.8153,1.0000
10488.281,-10.8152,1.0000
10489.746,-10.8155,1.0000
10491.211,-10.8153,1.0000
10492.676,-10.8153,1.0000
10494.141,-10.8153,1.0000
10495.605,-10.8155,1.0000
10497.070,-10.8155,1.0000
10498.535,-10.8155,1.0000
10500.000,-10.8156,1.0000
10501.465,-10.8153,1.0000
10502.930,-10.8153,1.0000
10504.395,-10.8155,1.0000
10505.859,-10.8155,1.0000
10507.324,-10.8159,1.0000
10508.789,-10.8158,1.0000
10510.254,-10.8155,1.0000
10511.719,-10.8154,1.0000
10513.184,-10.8156,1.0000
10514.648,-10.8159,1.0000
10516.113,-10.8159,1.0000
10517.578,-10.8158,1.0000
10519.043,-10.8153,1.0000
10520.508,-10.8154,1.0000
10521.973,-10.8160,1.0000
10523.438,-10.8159,1.0000
10524.902,-10.8154,1.0000
10526.367,-10.8154,1.0000
10527.832,-10.8158,1.0000
10529.297,-10.8152,1.0000
10530.762,-10.8153,1.0000
10532.227,-10.8155,1.0000
10533.691,-10.8150,0.9999
10535.156,-10.8151,0.9999
10536.621,-10.8147,0.9999
10538.086,-10.8148,0.9999
10539.551,-10.8148,0.9999
10541.016,-10.8148,0.9999
10542.480,-10.8146,0.9999
10543.945,-10.8150,0.9999
10545.410,-10.8140,0.9999
10546.875,-10.8143,0.9999
10548.340,-10.8144,0.9999
10549.805,-10.8139,0.9999
10551.270,-10.8140,0.9999
10552.734,-10.8136,0.9999
10554.199,-10.8138,0.9999
10555.664,-10.8135,0.9999
10557.129,-10.8135,0.9999
10558.594,-10.8135,0.9999
10560.059,-10.8129,0.9999
10561.523,-10.8127,0.9999
10562.988,-10.8129,0.9999
10564.453,-10.8123,0.9999
10565.918,-10.8120,0.9999
10567.383,-10.8121,0.9999
10568.848,-10.8118,0.9999
10570.312,-10.8117,0.9999
10571.777,-10.8115,0.9999
10573.242,-10.8113,0.9999
10574.707,-10.8108,0.9999
10576.172,-10.8107,0.9999
10577.637,-10.8102,0.9999
10579.102,-10.8100,0.9999
10580.566,-10.8101,0.9999
10582.031,-10.8094,0.9999
10583.496,-10.8088,0.9999
10584.961,-10.8096,0.9999
10586.426,-10.8090,0.9999
10587.891,-10.8082,0.9999
10589.355,-10.8077,0.9999
10590.820,-10.8082,0.9999
10592.285,-10.8077,0.9999
10593.750,-10.8070,0.9999
10595.215,-10.8068,0.9999
10596.680,-10.8062,0.9999
10598.145,-10.8066,0.9999
10599.609,-10.8060,0.9999
10601.074,-10.8055,0.9999
10602.539,-10.8050,0.9999
10604.004,-10.8050,0.9999
10605.469,-10.8044,0.9999
10606.934,-10.8043,0.9999
10608.398,-10.8038,0.9999
10609.863,-10.8031,0.9999
10611.328,-10.8028,0.9999
10612.793,-10.8033,0.9999
10614.258,-10.8023,0.9999
10615.723,-10.8021,0.9999
10617.188,-10.8018,0.9999
10618.652,-10.8011,0.9999
10620.117,-10.8007,0.9999
10621.582,-10.8005,0.9999
10623.047,-10.8001,0.9999
10624.512,-10.8000,0.9999
10625.977,-10.7989,0.9999
10627.441,-10.7988,0.9999
10628.906,-10.7984,0.9999
10630.371,-10.7976,0.9999
10631.836,-10.7972,0.9999
10633.301,-10.7969,0.9999
10634.766,-10.7964,0.9999
10636.230,-10.7960,0.9999
10637.695,-10.7956,0.9999
10639.160,-10.7950,0.9999
10640.625,-10.7948,0.9999
10642.090,-10.7939,0.9999
10643.555,-10.7937,0.9999
10645.020,-10.7934,0.9999
10646.484,-10.7928,0.9999
10647.949,-10.7924,0.9999
10649.414,-10.7920,0.9999
10650.879,-10.7917,0.9999
10652.344,-10.7910,0.9999
10653.809,-10.7904,0.9999
10655.273,-10.7898,0.9999
10656.738,-10.7896,0.9999
10658.203,-10.7890,0.9999
10659.668,-10.7884,0.9999
10661.133,-10.7879,0.9999
10662.598,-10.7881,0.9999
10664.062,-10.7871,0.9999
10665.527,-10.7863,0.9999
10666.992,-10.7863,0.9999
10668.457,-10.7861,0.9999
10669.922,-10.7850,0.9999
10671.387,-10.7844,0.9999
10672.852,-10.7843,0.9999
10674.316,-10.7837,0.9999
10675.781,-10.7837,0.9999
10677.246,-10.7831,0.9999
10678.711,-10.7824,0.9999
10680.176,-10.7818,0.9999
10681.641,-10.7814,0.9999
10683.105,-10.7810,0.9999
10684.570,-10.7801,0.9999
10686.035,-10.7801,0.9999
10687.500,-10.7797,0.9999
10688.965,-10.7797,0.9999
10690.430,-10.7790,0.9999
10691.895,-10.7781,0.9999
10693.359,-10.7778,0.9999
10694.824,-10.7772,0.9999
10696.289,-10.7763,0.9999
10697.754,-10.7759,0.9999
10699.219,-10.7765,0.9999
10700.684,-10.7753,0.9999
10702.148,-10.7749,0.9999
10703.613,-10.7745,0.9999
10705.078,-10.7739,0.9999
10706.543,-10.7738,0.9999
10708.008,-10.7738,0.9999
10709.473,-10.7729,0.9999
10710.938,-10.7726,0.9999
10712.402,-10.7719,0.9999
10713.867,-10.7716,0.9999
10715.332,-10.7706,0.9999
10716.797,-10.7705,0.9999
10718.262,-10.7701,0.9999
10719.727,-10.7699,0.9999
10721.191,-10.7694,0.9999
10722.656,-10.7687,0.9999
10724.121,-10.7684,0.9999
10725.586,-10.7676,0.9999
10727.051,-10.7677,0.9999
10728.516,-10.7673,0.9999
10729.980,-10.7665,0.9999
10731.445,-10.7669,0.9999
10732.910,-10.7662,0.9999
10734.375,-10.7656,0.9999
10735.840,-10.7657,0.9999
10737.305,-10.7655,0.9999
10738.770,-10.7651,0.9999
10740.234,-10.7642,0.9999
10741.699,-10.7642,0.9999
10743.164,-10.7633,0.9999
10744.629,-10.7631,0.9999
10746.094,-10.7632,0.9999
10747.559,-10.7632,0.9999
10749.023,-10.7624,0.9999
10750.488,-10.7623,0.9999
10751.953,-10.7623,0.9999
10753.418,-10.7613,0.9999
10754.883,-10.7609,0.9999
10756.348,-10.7609,0.9999
10757.812,-10.7605,0.9999
10759.277,-10.7603,0.9999
10760.742,-10.7599,0.9999
10762.207,-10.7597,0.9999
10763.672,-10.7595,0.9999
10765.137,-10.7589,0.9999
10766.602,-10.7589,0.9999
10768.066,-10.7587,0.9999
10769.531,-10.7579,0.9999
10770.996,-10.7585,0.9999
10772.461,-10.7580,0.9999
10773.926,-10.7573,0.9999
10775.391,-10.7578,0.9999
10776.855,-10.7578,0.9999
10778.320,-10.7570,0.9999
10779.785,-10.7570,0.9999
10781.250,-10.7569,0.9999
10782.715,-10.7566,0.9999
10784.180,-10.7563,0.9999
10785.645,-10.7566,0.9999
10787.109,-10.7560,0.9999
10788.574,-10.7555,0.9999
10790.039,-10.7552,0.9999
10791.504,-10.7554,0.9999
10792.969,-10.7551,0.9999
10794.434,-10.7546,0.9999
10795.898,-10.7546,0.9999
10797.363,-10.7546,0.9999
10798.828,-10.7546,0.9999
10800.293,-10.7545,0.9999
10801.758,-10.7540,0.9999
10803.223,-10.7536,0.9999
10804.688,-10.7540,0.9999
10806.152,-10.7541,0.9999
10807.617,-10.7535,1.0000
10809.082,-10.7537,0.9999
10810.547,-10.7538,1.0000
10812.012,-10.7540,1.0000
10813.477,-10.7537,1.0000
10814.941,-10.7533,1.0000
10816.406,-10.7536,1.0000
10817.871,-10.7537,1.0000
10819.336,-10.7531,1.0000
10820.801,-10.7528,1.0000
10822.266,-10.7530,1.0000
10823.730,-10.7530,1.0000
10825.195,-10.7530,1.0000
10826.660,-10.7525,1.0000
10828.125,-10.7527,1.0000
10829.590,-10.7526,1.0000
10831.055,-10.7524,1.0000
10832.520,-10.7525,1.0000
10833.984,-10.7525,1.0000
10835.449,-10.7525,1.0000
10836.914,-10.7525,1.0000
10838.379,-10.7526,1.0000
10839.844,-10.7523,1.0000
10841.309,-10.7524,1.0000
10842.773,-10.7527,1.0000
10844.238,-10.7526,1.0000
10845.703,-10.7525,1.0000
10847.168,-10.7528,1.0000
10848.633,-10.7527,1.0000
10850.098,-10.7524,1.0000
10851.562,-10.7525,1.0000
10853.027,-10.7528,1.0000
10854.492,-10.7528,1.0000
10855.957,-10.7529,1.0000
10857.422,-10.7528,1.0000
10858.887,-10.7529,1.0000
10860.352,-10.7528,1.0000
10861.816,-10.7529,1.0000
10863.281,-10.7532,1.0000
10864.746,-10.7533,1.0000
10866.211,-10.7532,1.0000
10867.676,-10.7532,1.0000
10869.141,-10.7533,1.0000
10870.605,-10.7532,1.0000
10872.070,-10.7533,1.0000
10873.535,-10.7536,1.0000
10875.000,-10.7536,1.0000
10876.465,-10.7535,1.0000
10877.930,-10.7536,1.0000
10879.395,-10.7537,1.0000
10880.859,-10.7536,1.0000
10882.324,-10.7540,1.0000
10883.789,-10.7545,1.0000
10885.254,-10.7544,1.0000
10886.719,-10.7546,1.0000
10888.184,-10.7549,1.0000
10889.648,-10.7548,1.0000
10891.113,-10.7546,1.0000
10892.578,-10.7548,1.0000
10894.043,-10.7550,1.0000
10895.508,-10.7552,1.0000
10896.973,-10.7552,1.0000
10898.438,-10.7553,1.0000
10899.902,-10.7556,1.0000
10901.367,-10.7559,1.0000
10902.832,-10.7559,1.0000
10904.297,-10.7561,1.0000
10905.762,-10.7559,1.0000
10907.227,-10.7560,1.0000
10908.691,-10.7563,1.0000
10910.156,-10.7565,1.0000
10911.621,-10.7566,1.0000
10913.086,-10.7567,1.0000
10914.551,-10.7571,1.0000
10916.016,-10.7574,1.0000
10917.480,-10.7571,1.0000
10918.945,-10.7574,1.0000
10920.410,-10.7577,1.0000
10921.875,-10.7579,1.0000
10923.340,-10.7582,1.0000
10924.805,-10.7581,1.0000
10926.270,-10.7582,1.0000
10927.734,-10.7584,1.0000
10929.199,-10.7584,1.0000
10930.664,-10.7590,1.0000
10932.129,-10.7592,1.0000
10933.594,-10.7591,1.0000
10935.059,-10.7594,1.0000
10936.523,-10.7599,1.0000
10937.988,-10.7600,1.0000
10939.453,-10.7603,1.0000
10940.918,-10.7604,1.0000
10942.383,-10.7607,1.0000
10943.848,-10.7608,1.0000
10945.312,-10.7608,1.0000
10946.777,-10.7611,1.0000
10948.242,-10.7614,1.0000
10949.707,-10.7616,1.0000
10951.172,-10.7619,1.0000
10952.637,-10.7620,1.0000
10954.102,-10.7620,1.0000
10955.566,-10.7623,1.0000
10957.031,-10.7627,1.0000
10958.496,-10.7628,1.0000
10959.961,-10.7629,1.0000
10961.426,-10.7631,1.0000
10962.891,-10.7634,1.0000
10964.355,-10.7637,1.0000
10965.820,-10.7638,1.0000
10967.285,-10.7639,1.0000
10968.750,-10.7643,1.0000
10970.215,-10.7647,1.0000
10971.680,-10.7649,1.0000
10973.145,-10.7650,1.0000
10974.609,-10.7650,1.0000
10976.074,-10.7653,1.0000
10977.539,-10.7659,1.0000
10979.004,-10.7662,1.0000
10980.469,-10.7664,1.0000
10981.934,-10.7665,1.0000
10983.398,-10.7666,1.0000
10984.863,-10.7670,1.0000
10986.328,-10.7673,1.0000
10987.793,-10.7675,1.0000
10989.258,-10.7679,1.0000
10990.723,-10.7683,1.0000
10992.188,-10.7684,1.0000
10993.652,-10.7685,1.0000
10995.117,-10.7687,1.0000
10996.582,-10.7689,1.0000
10998.047,-10.7693,1.0000
10999.512,-10.7697,1.0000
11000.977,-10.7700,1.0000
11002.441,-10.7700,1.0000
11003.906,-10.7703,1.0000
11005.371,-10.7706,1.0000
11006.836,-10.7707,1.0000
11008.301,-10.7711,1.0000
11009.766,-10.7716,1.0000
11011.230,-10.7717,1.0000
11012.695,-10.7716,1.0000
11014.160,-10.7718,1.0000
11015.625,-10.7722,1.0000
11017.090,-10.7726,1.0000
11018.555,-10.7731,1.0000
11020.020,-10.7733,1.0000
11021.484,-10.7732,1.0000
11022.949,-10.7735,1.0000
11024.414,-10.7740,1.0000
11025.879,-10.7742,1.0000
11027.344,-10.7744,1.0000
11028.809,-10.7747,1.0000
11030.273,-10.7751,1.0000
11031.738,-10.7756,1.0000
11033.203,-10.7758,1.0000
11034.668,-10.7758,1.0000
11036.133,-10.7762,1.0000
11037.598,-10.7767,1.0000
11039.062,-10.7770,1.0000
11040.527,-10.7770,1.0000
11041.992,-10.7771,1.0000
11043.457,-10.7776,1.0000
11044.922,-10.7780,1.0000
11046.387,-10.7782,1.0000
11047.852,-10.7784,1.0000
11049.316,-10.7786,1.0000
11050.781,-10.7788,1.0000
11052.246,-10.7790,1.0000
11053.711,-10.7793,1.0000
11055.176,-10.7796,1.0000
11056.641,-10.7798,1.0000
11058.105,-10.7802,1.0000
11059.570,-10.7808,1.0000
11061.035,-10.7811,1.0000
11062.500,-10.7813,1.0000
11063.965,-10.7817,1.0000
11065.430,-10.7819,1.0000
11066.895,-10.7819,1.0000
11068.359,-10.7821,1.0000
11069.824,-10.7824,1.0000
11071.289,-10.7826,1.0000
11072.754,-10.7829,1.0000
11074.219,-10.7834,1.0000
11075.684,-10.7837,1.0000
11077.148,-10.7840,1.0000
11078.613,-10.7843,1.0000
11080.078,-10.7847,1.0000
11081.543,-10.7851,1.0000
11083.008,-10.7853,1.0000
11084.473,-10.7853,1.0000
11085.938,-10.7855,1.0000
11087.402,-10.7858,1.0000
11088.867,-10.7860,1.0000
11090.332,-10.7864,1.0000
11091.797,-10.7870,1.0000
11093.262,-10.7874,1.0000
11094.727,-10.7875,1.0000
11096.191,-10.7876,1.0000
11097.656,-10.7878,1.0000
11099.121,-10.7882,1.0000
11100.586,-10.7887,1.0000
11102.051,-10.7889,1.0000
11103.516,-10.7890,1.0000
11104.980,-10.7893,1.0000
11106.445,-10.7896,1.0000
11107.910,-10.7902,1.0000
11109.375,-10.7906,1.0000
11110.840,-10.7908,1.0000
11112.305,-10.7909,1.0000
11113.770,-10.7911,1.0000
11115.234,-10.7914,1.0000
11116.699,-10.7917,1.0000
11118.164,-10.7920,1.0000
11119.629,-10.7923,1.0000
11121.094,-10.7927,1.0000
11122.559,-10.7931,1.0000
11124.023,-10.7934,1.0000
11125.488,-10.7934,1.0000
11126.953,-10.7936,1.0000
11128.418,-10.7941,1.0000
11129.883,-10.7944,1.0000
11131.348,-10.7944,1.0000
11132.812,-10.7947,1.0000
11134.277,-10.7953,1.0000
11135.742,-10.7956,1.0000
11137.207,-10.7957,1.0000
11138.672,-10.7957,1.0000
11140.137,-10.7960,1.0000
11141.602,-10.7965,1.0000
11143.066,-10.7969,1.0000
11144.531,-10.7973,1.0000
11145.996,-10.7975,1.0000
11147.461,-10.7976,1.0000
11148.926,-10.7977,1.0000
11150.391,-10.7980,1.0000
11151.855,-10.7984,1.0000
11153.320,-10.7986,1.0000
11154.785,-10.7988,1.0000
11156.250,-10.7992,1.0000
11157.715,-10.7995,1.0000
11159.180,-10.7998,1.0000
11160.645,-10.8002,1.0000
11162.109,-10.8005,1.0000
11163.574,-10.8008,1.0000
11165.039,-10.8010,1.0000
11166.504,-10.8011,1.0000
11167.969,-10.8014,1.0000
11169.434,-10.8018,1.0000
11170.898,-10.8022,1.0000
11172.363,-10.8023,1.0000
11173.828,-10.8025,1.0000
11175.293,-10.8029,1.0000
11176.758,-10.8033,1.0000
11178.223,-10.8034,1.0000
11179.688,-10.8036,1.0000
11181.152,-10.8041,1.0000
11182.617,-10.8045,1.0000
11184.082,-10.8046,1.0000
11185.547,-10.8047,1.0000
11187.012,-10.8049,1.0000
11188.477,-10.8052,1.0000
11189.941,-10.8055,1.0000
11191.406,-10.8059,1.0000
11192.871,-10.8062,1.0000
11194.336,-10.8063,1.0000
11195.801,-10.8064,1.0000
11197.266,-10.8069,1.0000
11198.730,-10.8074,1.0000
11200.195,-10.8074,1.0000
11201.660,-10.8077,1.0000
11203.125,-10.8081,1.0000
11204.590,-10.8082,1.0000
11206.055,-10.8084,1.0000
11207.520,-10.8087,1.0000
11208.984,-10.8089,1.0000
11210.449,-10.8092,1.0000
11211.914,-10.8093,1.0000
11213.379,-10.8092,1.0000
11214.844,-10.8092,1.0000
11216.309,-10.8096,1.0000
11217.773,-10.8100,1.0000
11219.238,-10.8102,1.0000
11220.703,-10.8105,1.0000
11222.168,-10.8109,1.0000
11223.633,-10.8110,1.0000
11225.098,-10.8110,1.0000
11226.562,-10.8110,1.0000
11228.027,-10.8113,1.0000
11229.492,-10.8117,1.0000
11230.957,-10.8117,1.0000
11232.422,-10.8117,1.0000
11233.887,-10.8117,1.0000
11235.352,-10.8120,1.0000
11236.816,-10.8124,1.0000
11238.281,-10.8127,1.0000
11239.746,-10.8130,1.0000
11241.211,-10.8130,1.0000
11242.676,-10.8130,1.0000
11244.141,-10.8131,1.0000
11245.605,-10.8133,1.0000
11247.070,-10.8136,1.0000
11248.535,-10.8138,1.0000
11250.000,-10.8138,1.0000
11251.465,-10.8139,1.0000
11252.930,-10.8141,1.0000
11254.395,-10.8143,1.0000
11255.859,-10.8144,1.0000
11257.324,-10.8143,1.0000
11258.789,-10.8144,1.0000
11260.254,-10.8147,1.0000
11261.719,-10.8149,1.0000
11263.184,-10.8151,1.0000
11264.648,-10.8151,1.0000
11266.113,-10.8154,1.0000
11267.578,-10.8156,1.0000
11269.043,-10.8158,1.0000
11270.508,-10.8160,1.0000
11271.973,-10.8160,1.0000
11273.438,-10.8159,1.0000
11274.902,-10.8161,1.0000
11276.367,-10.8162,1.0000
11277.832,-10.8161,1.0000
11279.297,-10.8163,1.0000
11280.762,-10.8166,1.0000
11282.227,-10.8167,1.0000
11283.691,-10.8167,1.0000
11285.156,-10.8169,1.0000
11286.621,-10.8171,1.0000
11288.086,-10.8175,1.0000
11289.551,-10.8173,1.0000
11291.016,-10.8171,1.0000
11292.480,-10.8174,1.0000
11293.945,-10.8177,1.0000
11295.410,-10.8177,1.0000
11296.875,-10.8178,1.0000
11298.340,-10.8178,1.0000
11299.805,-10.8179,1.0000
11301.270,-10.8179,1.0000
11302.734,-10.8181,1.0000
11304.199,-10.8185,1.0000
11305.664,-10.8184,1.0000
11307.129,-10.8185,1.0000
11308.594,-10.8185,1.0000
11310.059,-10.8188,1.0000
11311.523,-10.8188,1.0000
11312.988,-10.8191,1.0000
11314.453,-10.8193,1.0000
11315.918,-10.8194,1.0000
11317.383,-10.8195,1.0000
11318.848,-10.8192,1.0000
11320.312,-10.8193,1.0000
11321.777,-10.8194,1.0000
11323.242,-10.8194,1.0000
11324.707,-10.8196,1.0000
11326.172,-10.8196,1.0000
11327.637,-10.8197,1.0000
11329.102,-10.8197,1.0000
11330.566,-10.8201,1.0000
11332.031,-10.8202,1.0000
11333.496,-10.8200,1.0000
11334.961,-10.8200,1.0000
11336.426,-10.8199,1.0000
11337.891,-10.8199,1.0000
11339.355,-10.8201,1.0000
11340.820,-10.8203,1.0000
11342.285,-10.8207,1.0000
11343.750,-10.8206,1.0000
11345.215,-10.8202,1.0000
11346.680,-10.8201,1.0000
11348.145,-10.8207,1.0000
11349.609,-10.8206,1.0000
11351.074,-10.8208,1.0000
11352.539,-10.8206,1.0000
11354.004,-10.8205,1.0000
11355.469,-10.8207,1.0000
11356.934,-10.8207,1.0000
11358.398,-10.8206,1.0000
11359.863,-10.8206,1.0000
11361.328,-10.8206,1.0000
11362.793,-10.8207,1.0000
11364.258,-10.8209,1.0000
11365.723,-10.8209,1.0000
11367.188,-10.8210,1.0000
11368.652,-10.8208,1.0000
11370.117,-10.8205,1.0000
11371.582,-10.8207,1.0000
11373.047,-10.8209,1.0000
11374.512,-10.8210,1.0000
11375.977,-10.8210,1.0000
11377.441,-10.8210,1.0000
11378.906,-10.8207,1.0000
11380.371,-10.8207,1.0000
11381.836,-10.8209,1.0000
11383.301,-10.8212,1.0000
11384.766,-10.8209,1.0000
11386.230,-10.8205,1.0000
11387.695,-10.8208,1.0000
11389.160,-10.8206,1.0000
11390.625,-10.8209,1.0000
11392.090,-10.8206,1.0000
11393.555,-10.8204,1.0000
11395.020,-10.8205,1.0000
11396.484,-10.8204,1.0000
11397.949,-10.8201,1.0000
11399.414,-10.8200,1.0000
11400.879,-10.8201,1.0000
11402.344,-10.8201,1.0000
11403.809,-10.8202,1.0000
11405.273,-10.8202,1.0000
11406.738,-10.8202,1.0000
11408.203,-10.8202,1.0000
11409.668,-10.8198,1.0000
11411.133,-10.8197,1.0000
11412.598,-10.8199,1.0000
11414.062,-10.8197,1.0000
11415.527,-10.8198,1.0000
11416.992,-10.8197,1.0000
11418.457,-10.8195,1.0000
11419.922,-10.8192,1.0000
11421.387,-10.8189,1.0000
11422.852,-10.8190,1.0000
11424.316,-10.8190,1.0000
11425.781,-10.8190,1.0000
11427.246,-10.8189,1.0000
11428.711,-10.8184,1.0000
11430.176,-10.8184,1.0000
11431.641,-10.8187,1.0000
11433.105,-10.8182,0.9999
11434.570,-10.8182,0.9999
11436.035,-10.8182,0.9999
11437.500,-10.8179,0.9999
11438.965,-10.8180,0.9999
11440.430,-10.8180,0.9999
11441.895,-10.8175,0.9999
11443.359,-10.8173,0.9999
11444.824,-10.8171,0.9999
11446.289,-10.8167,0.9999
11447.754,-10.8164,0.9999
11449.219,-10.8167,0.9999
11450.684,-10.8165,0.9999
11452.148,-10.8161,0.9999
11453.613,-10.8158,0.9999
11455.078,-10.8160,0.9999
11456.543,-10.8155,0.9999
11458.008,-10.8156,0.9999
11459.473,-10.8150,0.9999
11460.938,-10.8148,0.9999
11462.402,-10.8149,0.9999
11463.867,-10.8146,0.9999
11465.332,-10.8142,0.9999
11466.797,-10.8142,0.9999
11468.262,-10.8139,0.9999
11469.727,-10.8137,0.9999
11471.191,-10.8130,0.9999
11472.656,-10.8131,0.9999
11474.121,-10.8130,0.9999
11475.586,-10.8126,0.9999
11477.051,-10.8123,0.9999
11478.516,-10.8124,0.9999
11479.980,-10.8124,0.9999
11481.445,-10.8116,0.9999
11482.910,-10.8117,0.9999
11484.375,-10.8113,0.9999
11485.840,-10.8108,0.9999
11487.305,-10.8104,0.9999
11488.770,-10.8103,0.9999
11490.234,-10.8100,0.9999
11491.699,-10.8100,0.9999
11493.164,-10.8098,0.9999
11494.629,-10.8099,0.9999
11496.094,-10.8089,0.9999
11497.559,-10.8085,0.9999
11499.023,-10.8082,0.9999
11500.488,-10.8085,0.9999
11501.953,-10.8080,0.9999
11503.418,-10.8076,0.9999
11504.883,-10.8074,0.9999
11506.348,-10.8068,0.9999
11507.812,-10.8068,0.9999
11509.277,-10.8058,0.9999
11510.742,-10.8059,0.9999
11512.207,-10.8056,0.9999
11513.672,-10.8057,0.9999
11515.137,-10.8050,0.9999
11516.602,-10.8042,0.9999
11518.066,-10.8042,0.9999
11519.531,-10.8036,0.9999
11520.996,-10.8033,0.9999
11522.461,-10.8031,0.9999
11523.926,-10.8028,0.9999
11525.391,-10.8023,0.9999
11526.855,-10.8025,0.9999
11528.320,-10.8016,0.9999
11529.785,-10.8011,0.9999
11531.250,-10.8012,0.9999
11532.715,-10.8004,0.9999
11534.180,-10.8003,0.9999
11535.645,-10.8001,0.9999
11537.109,-10.7994,0.9999
11538.574,-10.7988,0.9999
11540.039,-10.7987,0.9999
11541.504,-10.7984,0.9999
11542.969,-10.7978,0.9999
11544.434,-10.7972,0.9999
11545.898,-10.7972,0.9999
11547.363,-10.7966,0.9999
11548.828,-10.7967,0.9999
11550.293,-10.7963,0.9999
11551.758,-10.7954,0.9999
11553.223,-10.7951,0.9999
11554.688,-10.7946,0.9999
11556.152,-10.7944,0.9999
11557.617,-10.7942,0.9999
11559.082,-10.7937,0.9999
11560.547,-10.7930,0.9999
11562.012,-10.7928,0.9999
11563.477,-10.7920,0.9999
11564.941,-10.7916,0.9999
11566.406,-10.7917,0.9999
11567.871,-10.7913,0.9999
11569.336,-10.7907,0.9999
11570.801,-10.7902,0.9999
11572.266,-10.7904,0.9999
11573.730,-10.7893,0.9999
11575.195,-10.7889,0.9999
11576.660,-10.7889,0.9999
11578.125,-10.7881,0.9999
11579.590,-10.7875,0.9999
11581.055,-10.7872,0.9999
11582.520,-10.7867,0.9999
11583.984,-10.7871,0.9999
11585.449,-10.7864,0.9999
11586.914,-10.7860,0.9999
11588.379,-10.7854,0.9999
11589.844,-10.7854,0.9999
11591.309,-10.7845,0.9999
11592.773,-10.7837,0.9999
11594.238,-10.7840,0.9999
11595.703,-10.7833,0.9999
11597.168,-10.7836,0.9999
11598.633,-10.7827,0.9999
11600.098,-10.7826,0.9999
11601.562,-10.7824,0.9999
11603.027,-10.7817,0.9999
11604.492,-10.7814,0.9999
11605.957,-10.7809,0.9999
11607.422,-10.7807,0.9999
11608.887,-10.7803,0.9999
11610.352,-10.7800,0.9999
11611.816,-10.7792,0.9999
11613.281,-10.7787,0.9999
11614.746,-10.7788,0.9999
11616.211,-10.7788,0.9999
11617.676,-10.7783,0.9999
11619.141,-10.7776,0.9999
11620.605,-10.7772,0.9999
11622.070,-10.7770,0.9999
11623.535,-10.7771,0.9999
11625.000,-10.7764,0.9999
11626.465,-10.7757,0.9999
11627.930,-10.7755,0.9999
11629.395,-10.7752,0.9999
11630.859,-10.7748,0.9999
11632.324,-10.7749,0.9999
11633.789,-10.7746,0.9999
11635.254,-10.7741,0.9999
11636.719,-10.7734,0.9999
11638.184,-10.7732,0.9999
11639.648,-10.7732,0.9999
11641.113,-10.7726,0.9999
11642.578,-10.7723,0.9999
11644.043,-10.7720,0.9999
11645.508,-10.7720,0.9999
11646.973,-10.7719,0.9999
11648.438,-10.7718,0.9999
11649.902,-10.7715,0.9999
11651.367,-10.7711,0.9999
11652.832,-10.7704,0.9999
11654.297,-10.7700,0.9999
11655.762,-10.7699,0.9999
11657.227,-10.7696,0.9999
11658.691,-10.7692,0.9999
11660.156,-10.7693,0.9999
11661.621,-10.7692,0.9999
11663.086,-10.7685,0.9999
11664.551,-10.7686,0.9999
11666.016,-10.7684,0.9999
11667.480,-10.7679,0.9999
11668.945,-10.7683,0.9999
11670.410,-10.7678,0.9999
11671.875,-10.7676,0.9999
11673.340,-10.7671,0.9999
11674.805,-10.7671,0.9999
11676.270,-10.7669,0.9999
11677.734,-10.7668,0.9999
11679.199,-10.7665,0.9999
11680.664,-10.7665,0.9999
11682.129,-10.7661,0.9999
11683.594,-10.7658,0.9999
11685.059,-10.7659,0.9999
11686.523,-10.7659,0.9999
11687.988,-10.7651,0.9999
11689.453,-10.7647,0.9999
11690.918,-10.7649,0.9999
11692.383,-10.7648,0.9999
11693.848,-10.7648,0.9999
11695.312,-10.7648,0.9999
11696.777,-10.7647,0.9999
11698.242,-10.7645,0.9999
11699.707,-10.7645,0.9999
11701.172,-10.7643,0.9999
11702.637,-10.7638,0.9999
11704.102,-10.7638,0.9999
11705.566,-10.7639,0.9999
11707.031,-10.7637,0.9999
11708.496,-10.7637,0.9999
11709.961,-10.7632,0.9999
11711.426,-10.7634,0.9999
11712.891,-10.7635,0.9999
11714.355,-10.7633,0.9999
11715.820,-10.7629,0.9999
11717.285,-10.7631,0.9999
11718.750,-10.7631,0.9999
11720.215,-10.7630,0.9999
11721.680,-10.7629,0.9999
11723.145,-10.7627,0.9999
11724.609,-10.7629,0.9999
11726.074,-10.7629,0.9999
11727.539,-10.7630,0.9999
11729.004,-10.7630,1.0000
11730.469,-10.7631,1.0000
11731.934,-10.7632,1.0000
11733.398,-10.7629,1.0000
11734.863,-10.7629,1.0000
11736.328,-10.7627,1.0000
11737.793,-10.7626,1.0000
11739.258,-10.7629,1.0000
11740.723,-10.7626,1.0000
11742.188,-10.7630,1.0000
11743.652,-10.7630,1.0000
11745.117,-10.7626,1.0000
11746.582,-10.7628,1.0000
11748.047,-10.7625,1.0000
11749.512,-10.7628,1.0000
11750.977,-10.7627,1.0000
11752.441,-10.7629,1.0000
11753.906,-10.7627,1.0000
11755.371,-10.7625,1.0000
11756.836,-10.7625,1.0000
11758.301,-10.7627,1.0000
11759.766,-10.7628,1.0000
11761.230,-10.7630,1.0000
11762.695,-10.7631,1.0000
11764.160,-10.7631,1.0000
11765.625,-10.7629,1.0000
11767.090,-10.7634,1.0000
11768.555,-10.7635,1.0000
11770.020,-10.7634,1.0000
11771.484,-10.7632,1.0000
11772.949,-10.7633,1.0000
11774.414,-10.7634,1.0000
11775.879,-10.7637,1.0000
11777.344,-10.7638,1.0000
11778.809,-10.7636,1.0000
11780.273,-10.7640,1.0000
11781.738,-10.7642,1.0000
11783.203,-10.7641,1.0000
11784.668,-10.7642,1.0000
11786.133,-10.7641,1.0000
11787.598,-10.7645,1.0000
11789.062,-10.7648,1.0000
11790.527,-10.7649,1.0000
11791.992,-10.7648,1.0000
11793.457,-10.7648,1.0000
11794.922,-10.7648,1.0000
11796.387,-10.7653,1.0000
11797.852,-10.7658,1.0000
11799.316,-10.7655,1.0000
11800.781,-10.7656,1.0000
11802.246,-10.7657,1.0000
11803.711,-10.7660,1.0000
11805.176,-10.7659,1.0000
11806.641,-10.7661,1.0000
11808.105,-10.7664,1.0000
11809.570,-10.7665,1.0000
11811.035,-10.7664,1.0000
11812.500,-10.7668,1.0000
11813.965,-10.7667,1.0000
11815.430,-10.7670,1.0000
11816.895,-10.7671,1.0000
11818.359,-10.7672,1.0000
11819.824,-10.7677,1.0000
11821.289,-10.7678,1.0000
11822.754,-10.7675,1.0000
11824.219,-10.7676,1.0000
11825.684,-10.7681,1.0000
11827.148,-10.7685,1.0000
11828.613,-10.7687,1.0000
11830.078,-10.7686,1.0000
11831.543,-10.7688,1.0000
11833.008,-10.7688,1.0000
11834.473,-10.7688,1.0000
11835.938,-10.7690,1.0000
11837.402,-10.7693,1.0000
11838.867,-10.7695,1.0000
11840.332,-10.7699,1.0000
11841.797,-10.7702,1.0000
11843.262,-10.7702,1.0000
11844.727,-10.7705,1.0000
11846.191,-10.7706,1.0000
11847.656,-10.7705,1.0000
11849.121,-10.7710,1.0000
11850.586,-10.7713,1.0000
11852.051,-10.7715,1.0000
11853.516,-10.7718,1.0000
11854.980,-10.7720,1.0000
11856.445,-10.7722,1.0000
11857.910,-10.7722,1.0000
11859.375,-10.7722,1.0000
11860.840,-10.7724,1.0000
11862.305,-10.7729,1.0000
11863.770,-10.7731,1.0000
11865.234,-10.7733,1.0000
11866.699,-10.7734,1.0000
11868.164,-10.7738,1.0000
11869.629,-10.7740,1.0000
11871.094,-10.7741,1.0000
11872.559,-10.7744,1.0000
11874.023,-10.7747,1.0000
11875.488,-10.7747,1.0000
11876.953,-10.7750,1.0000
11878.418,-10.7754,1.0000
11879.883,-10.7753,1.0000
11881.348,-10.7755,1.0000
11882.812,-10.7760,1.0000
11884.277,-10.7762,1.0000
11885.742,-10.7762,1.0000
11887.207,-10.7765,1.0000
11888.672,-10.7766,1.0000
11890.137,-10.7768,1.0000
11891.602,-10.7770,1.0000
11893.066,-10.7772,1.0000
11894.531,-10.7775,1.0000
11895.996,-10.7780,1.0000
11897.461,-10.7784,1.0000
11898.926,-10.7785,1.0000
11900.391,-10.7787,1.0000
11901.855,-10.7790,1.0000
11903.320,-10.7793,1.0000
11904.785,-10.7792,1.0000
11906.250,-10.7795,1.0000
11907.715,-10.7800,1.0000
11909.180,-10.7802,1.0000
11910.645,-10.7805,1.0000
11912.109,-10.7805,1.0000
11913.574,-10.7807,1.0000
11915.039,-10.7812,1.0000
11916.504,-10.7814,1.0000
11917.969,-10.7815,1.0000
11919.434,-10.7816,1.0000
11920.898,-10.7818,1.0000
11922.363,-10.7819,1.0000
11923.828,-10.7822,1.0000
11925.293,-10.7826,1.0000
11926.758,-10.7828,1.0000
11928.223,-10.7831,1.0000
11929.688,-10.7835,1.0000
11931.152,-10.7837,1.0000
11932.617,-10.7839,1.0000
11934.082,-10.7843,1.0000
11935.547,-10.7846,1.0000
11937.012,-10.7848,1.0000
11938.477,-10.7851,1.0000
11939.941,-10.7854,1.0000
11941.406,-10.7856,1.0000
11942.871,-10.7858,1.0000
11944.336,-10.7862,1.0000
11945.801,-10.7865,1.0000
11947.266,-10.7866,1.0000
11948.730,-10.7868,1.0000
11950.195,-10.7872,1.0000
11951.660,-10.7876,1.0000
11953.125,-10.7878,1.0000
11954.590,-10.7881,1.0000
11956.055,-10.7884,1.0000
11957.520,-10.7886,1.0000
11958.984,-10.7888,1.0000
11960.449,-10.7892,1.0000
11961.914,-10.7896,1.0000
11963.379,-10.7897,1.0000
11964.844,-10.7898,1.0000
11966.309,-10.7900,1.0000
11967.773,-10.7903,1.0000
11969.238,-10.7907,1.0000
11970.703,-10.7909,1.0000
11972.168,-10.7910,1.0000
11973.633,-10.7912,1.0000
11975.098,-10.7913,1.0000
11976.562,-10.7915,1.0000
11978.027,-10.7919,1.0000
11979.492,-10.7922,1.0000
11980.957,-10.7925,1.0000
11982.422,-10.7926,1.0000
11983.887,-10.7928,1.0000
11985.352,-10.7931,1.0000
11986.816,-10.7935,1.0000
11988.281,-10.7937,1.0000
11989.746,-10.7937,1.0000
11991.211,-10.7939,1.0000
11992.676,-10.7942,1.0000
11994.141,-10.7943,1.0000
11995.605,-10.7944,1.0000
11997.070,-10.7947,1.0000
11998.535,-10.7949,1.0000
12000.000,-10.7953,1.0000
12001.465,-10.7955,1.0000
12002.930,-10.7954,1.0000
12004.395,-10.7955,1.0000
12005.859,-10.7958,1.0000
12007.324,-10.7960,1.0000
12008.789,-10.7962,1.0000
12010.254,-10.7963,1.0000
12011.719,-10.7965,1.0000
12013.184,-10.7967,1.0000
12014.648,-10.7969,1.0000
12016.113,-10.7970,1.0000
12017.578,-10.7971,1.0000
12019.043,-10.7972,1.0000
12020.508,-10.7975,1.0000
12021.973,-10.7977,1.0000
12023.438,-10.7977,1.0000
12024.902,-10.7979,1.0000
12026.367,-10.7980,1.0000
12027.832,-10.7981,1.0000
12029.297,-10.7983,1.0000
12030.762,-10.7984,1.0000
12032.227,-10.7984,1.0000
12033.691,-10.7987,1.0000
12035.156,-10.7990,1.0000
12036.621,-10.7989,1.0000
12038.086,-10.7990,1.0000
12039.551,-10.7994,1.0000
12041.016,-10.7995,1.0000
12042.480,-10.7997,1.0000
12043.945,-10.7998,1.0000
12045.410,-10.7999,1.0000
12046.875,-10.8000,1.0000
12048.340,-10.8001,1.0000
12049.805,-10.8004,1.0000
12051.270,-10.8005,1.0000
12052.734,-10.8007,1.0000
12054.199,-10.8009,1.0000
12055.664,-10.8008,1.0000
12057.129,-10.8008,1.0000
12058.594,-10.8011,1.0000
12060.059,-10.8016,1.0000
12061.523,-10.8019,1.0000
12062.988,-10.8021,1.0000
12064.453,-10.8021,1.0000
12065.918,-10.8021,1.0000
12067.383,-10.8024,1.0000
12068.848,-10.8027,1.0000
12070.312,-10.8028,1.0000
12071.777,-10.8028,1.0000
12073.242,-10.8029,1.0000
12074.707,-10.8030,1.0000
12076.172,-10.8031,1.0000
12077.637,-10.8034,1.0000
12079.102,-10.8037,1.0000
12080.566,-10.8037,1.0000
12082.031,-10.8037,1.0000
12083.496,-10.8039,1.0000
12084.961,-10.8043,1.0000
12086.426,-10.8046,1.0000
12087.891,-10.8046,1.0000
12089.355,-10.8048,1.0000
12090.820,-10.8051,1.0000
12092.285,-10.8052,1.0000
12093.750,-10.8052,1.0000
12095.215,-10.8053,1.0000
12096.680,-10.8056,1.0000
12098.145,-10.8058,1.0000
12099.609,-10.8060,1.0000
12101.074,-10.8062,1.0000
12102.539,-10.8064,1.0000
12104.004,-10.8064,1.0000
12105.469,-10.8065,1.0000
12106.934,-10.8066,1.0000
12108.398,-10.8069,1.0000
12109.863,-10.8071,1.0000
12111.328,-10.8073,1.0000
12112.793,-10.8075,1.0000
12114.258,-10.8076,1.0000
12115.723,-10.8077,1.0000
12117.188,-10.8080,1.0000
12118.652,-10.8083,1.0000
12120.117,-10.8084,1.0000
12121.582,-10.8085,1.0000
12123.047,-10.8087,1.0000
12124.512,-10.8088,1.0000
12125.977,-10.8087,1.0000
12127.441,-10.8089,1.0000
12128.906,-10.8093,1.0000
12130.371,-10.8097,1.0000
12131.836,-10.8098,1.0000
12133.301,-10.8097,1.0000
12134.766,-10.8098,1.0000
12136.230,-10.8102,1.0000
12137.695,-10.8104,1.0000
12139.160,-10.8105,1.0000
12140.625,-10.8106,1.0000
12142.090,-10.8109,1.0000
12143.555,-10.8112,1.0000
12145.020,-10.8112,1.0000
12146.484,-10.8114,1.0000
12147.949,-10.8116,1.0000
12149.414,-10.8116,1.0000
12150.879,-10.8118,1.0000
12152.344,-10.8122,1.0000
12153.809,-10.8125,1.0000
12155.273,-10.8127,1.0000
12156.738,-10.8127,1.0000
12158.203,-10.8128,1.0000
12159.668,-10.8130,1.0000
12161.133,-10.8132,1.0000
12162.598,-10.8136,1.0000
12164.062,-10.8137,1.0000
12165.527,-10.8136,1.0000
12166.992,-10.8136,1.0000
12168.457,-10.8138,1.0000
12169.922,-10.8142,1.0000
12171.387,-10.8144,1.0000
12172.852,-10.8147,1.0000
12174.316,-10.8149,1.0000
12175.781,-10.8151,1.0000
12177.246,-10.8152,1.0000
12178.711,-10.8154,1.0000
12180.176,-10.8155,1.0000
12181.641,-10.8156,1.0000
12183.105,-10.8160,1.0000
12184.570,-10.8163,1.0000
12186.035,-10.8163,1.0000
12187.500,-10.8164,1.0000
12188.965,-10.8167,1.0000
12190.430,-10.8168,1.0000
12191.895,-10.8169,1.0000
12193.359,-10.8171,1.0000
12194.824,-10.8171,1.0000
12196.289,-10.8171,1.0000
12197.754,-10.8173,1.0000
12199.219,-10.8175,1.0000
12200.684,-10.8178,1.0000
12202.148,-10.8181,1.0000
12203.613,-10.8184,1.0000
12205.078,-10.8187,1.0000
12206.543,-10.8188,1.0000
12208.008,-10.8188,1.0000
12209.473,-10.8190,1.0000
12210.938,-10.8191,1.0000
12212.402,-10.8192,1.0000
12213.867,-10.8195,1.0000
12215.332,-10.8197,1.0000
12216.797,-10.8199,1.0000
12218.262,-10.8200,1.0000
12219.727,-10.8201,1.0000
12221.191,-10.8201,1.0000
12222.656,-10.8203,1.0000
12224.121,-10.8207,1.0000
12225.586,-10.8208,1.0000
12227.051,-10.8209,1.0000
12228.516,-10.8210,1.0000
12229.980,-10.8212,1.0000
12231.445,-10.8215,1.0000
12232.910,-10.8215,1.0000
12234.375,-10.8215,1.0000
12235.840,-10.8220,1.0000
12237.305,-10.8222,1.0000
12238.770,-10.8222,1.0000
12240.234,-10.8227,1.0000
12241.699,-10.8230,1.0000
12243.164,-10.8229,1.0000
12244.629,-10.8230,1.0000
12246.094,-10.8232,1.0000
12247.559,-10.8233,1.0000
12249.023,-10.8236,1.0000
12250.488,-10.8238,1.0000
12251.953,-10.8240,1.0000
12253.418,-10.8241,1.0000
12254.883,-10.8242,1.0000
12256.348,-10.8243,1.0000
12257.812,-10.8245,1.0000
12259.277,-10.8246,1.0000
12260.742,-10.8249,1.0000
12262.207,-10.8252,1.0000
12263.672,-10.8252,1.0000
12265.137,-10.8252,1.0000
12266.602,-10.8255,1.0000
12268.066,-10.8258,1.0000
12269.531,-10.8258,1.0000
12270.996,-10.8260,1.0000
12272.461,-10.8264,1.0000
12273.926,-10.8265,1.0000
12275.391,-10.8266,1.0000
12276.855,-10.8266,1.0000
12278.320,-10.8267,1.0000
12279.785,-10.8270,1.0000
12281.250,-10.8272,1.0000
12282.715,-10.8274,1.0000
12284.180,-10.8275,1.0000
12285.645,-10.8274,1.0000
12287.109,-10.8275,1.0000
12288.574,-10.8278,1.0000
12290.039,-10.8280,1.0000
12291.504,-10.8280,1.0000
12292.969,-10.8280,1.0000
12294.434,-10.8282,1.0000
12295.898,-10.8282,1.0000
12297.363,-10.8286,1.0000
12298.828,-10.8287,1.0000
12300.293,-10.8286,1.0000
12301.758,-10.8287,1.0000
12303.223,-10.8292,1.0000
12304.688,-10.8295,1.0000
12306.152,-10.8295,1.0000
12307.617,-10.8295,1.0000
12309.082,-10.8295,1.0000
12310.547,-10.8297,1.0000
12312.012,-10.8296,1.0000
12313.477,-10.8298,1.0000
12314.941,-10.8301,1.0000
12316.406,-10.8299,1.0000
12317.871,-10.8301,1.0000
12319.336,-10.8307,1.0000
12320.801,-10.8308,1.0000
12322.266,-10.8305,1.0000
12323.730,-10.8308,1.0000
12325.195,-10.8309,1.0000
12326.660,-10.8306,1.0000
12328.125,-10.8308,1.0000
12329.590,-10.8312,1.0000
12331.055,-10.8315,1.0000
12332.520,-10.8315,1.0000
12333.984,-10.8313,1.0000
12335.449,-10.8315,1.0000
12336.914,-10.8319,1.0000
12338.379,-10.8318,1.0000
12339.844,-10.8319,1.0000
12341.309,-10.8317,1.0000
12342.773,-10.8320,1.0000
12344.238,-10.8321,1.0000
12345.703,-10.8323,1.0000
12347.168,-10.8323,1.0000
12348.633,-10.8324,1.0000
12350.098,-10.8325,1.0000
12351.562,-10.8325,1.0000
12353.027,-10.8327,1.0000
12354.492,-10.8325,1.0000
12355.957,-10.8326,1.0000
12357.422,-10.8326,1.0000
12358.887,-10.8326,1.0000
12360.352,-10.8326,1.0000
12361.816,-10.8326,1.0000
12363.281,-10.8328,1.0000
12364.746,-10.8331,1.0000
12366.211,-10.8330,1.0000
12367.676,-10.8331,1.0000
12369.141,-10.8328,1.0000
12370.605,-10.8332,1.0000
12372.070,-10.8333,1.0000
12373.535,-10.8329,1.0000
12375.000,-10.8330,1.0000
12376.465,-10.8330,1.0000
12377.930,-10.8331,1.0000
12379.395,-10.8332,1.0000
12380.859,-10.8331,1.0000
12382.324,-10.8331,1.0000
12383.789,-10.8333,1.0000
12385.254,-10.8330,1.0000
12386.719,-10.8330,1.0000
12388.184,-10.8330,1.0000
12389.648,-10.8332,1.0000
12391.113,-10.8333,1.0000
12392.578,-10.8330,1.0000
12394.043,-10.8330,1.0000
12395.508,-10.8331,1.0000
12396.973,-10.8330,1.0000
12398.438,-10.8332,1.0000
12399.902,-10.8328,1.0000
12401.367,-10.8330,1.0000
12402.832,-10.8329,1.0000
12404.297,-10.8328,1.0000
12405.762,-10.8331,1.0000
12407.227,-10.8331,0.9999
12408.691,-10.8328,0.9999
12410.156,-10.8327,0.9999
12411.621,-10.8327,0.9999
12413.086,-10.8328,0.9999
12414.551,-10.8327,0.9999
12416.016,-10.8326,0.9999
12417.480,-10.8322,0.9999
12418.945,-10.8323,0.9999
12420.410,-10.8323,0.9999
12421.875,-10.8323,0.9999
12423.340,-10.8322,0.9999
12424.805,-10.8320,0.9999
12426.270,-10.8320,0.9999
12427.734,-10.8318,0.9999
12429.199,-10.8315,0.9999
12430.664,-10.8318,0.9999
12432.129,-10.8317,0.9999
12433.594,-10.8314,0.9999
12435.059,-10.8315,0.9999
12436.523,-10.8309,0.9999
12437.988,-10.8310,0.9999
12439.453,-10.8310,0.9999
12440.918,-10.8309,0.9999
12442.383,-10.8309,0.9999
12443.848,-10.8308,0.9999
12445.312,-10.8303,0.9999
12446.777,-10.8301,0.9999
12448.242,-10.8301,0.9999
12449.707,-10.8298,0.9999
12451.172,-10.8301,0.9999
12452.637,-10.8299,0.9999
12454.102,-10.8294,0.9999
12455.566,-10.8293,0.9999
12457.031,-10.8293,0.9999
12458.496,-10.8289,0.9999
12459.961,-10.8286,0.9999
12461.426,-10.8283,0.9999
12462.891,-10.8286,0.9999
12464.355,-10.8283,0.9999
12465.820,-10.8280,0.9999
12467.285,-10.8280,0.9999
12468.750,-10.8279,0.9999
12470.215,-10.8273,0.9999
12471.680,-10.8274,0.9999
12473.145,-10.8272,0.9999
12474.609,-10.8266,0.9999
12476.074,-10.8266,0.9999
12477.539,-10.8265,0.9999
12479.004,-10.8265,0.9999
12480.469,-10.8258,0.9999
12481.934,-10.8259,0.9999
12483.398,-10.8255,0.9999
12484.863,-10.8253,0.9999
12486.328,-10.8249,0.9999
12487.793,-10.8246,0.9999
12489.258,-10.8242,0.9999
12490.723,-10.8240,0.9999
12492.188,-10.8240,0.9999
12493.652,-10.8236,0.9999
12495.117,-10.8236,0.9999
12496.582,-10.8234,0.9999
12498.047,-10.8228,0.9999
12499.512,-10.8226,0.9999
12500.977,-10.8223,0.9999
12502.441,-10.8219,0.9999
12503.906,-10.8219,0.9999
12505.371,-10.8212,0.9999
12506.836,-10.8213,0.9999
12508.301,-10.8208,0.9999
12509.766,-10.8205,0.9999
12511.230,-10.8204,0.9999
12512.695,-10.8197,0.9999
12514.160,-10.8198,0.9999
12515.625,-10.8196,0.9999
12517.090,-10.8188,0.9999
12518.555,-10.8187,0.9999
12520.020,-10.8184,0.9999
12521.484,-10.8178,0.9999
12522.949,-10.8181,0.9999
12524.414,-10.8175,0.9999
12525.879,-10.8171,0.9999
12527.344,-10.8170,0.9999
12528.809,-10.8165,0.9999
12530.273,-10.8163,0.9999
12531.738,-10.8159,0.9999
12533.203,-10.8154,0.9999
12534.668,-10.8149,0.9999
12536.133,-10.8149,0.9999
12537.598,-10.8145,0.9999
12539.062,-10.8142,0.9999
12540.527,-10.8136,0.9999
12541.992,-10.8134,0.9999
12543.457,-10.8132,0.9999
12544.922,-10.8131,0.9999
12546.387,-10.8126,0.9999
12547.852,-10.8122,0.9999
12549.316,-10.8118,0.9999
12550.781,-10.8114,0.9999
12552.246,-10.8109,0.9999
12553.711,-10.8103,0.9999
12555.176,-10.8103,0.9999
12556.641,-10.8100,0.9999
12558.105,-10.8096,0.9999
12559.570,-10.8093,0.9999
12561.035,-10.8085,0.9999
12562.500,-10.8083,0.9999
12563.965,-10.8082,0.9999
12565.430,-10.8078,0.9999
12566.895,-10.8080,0.9999
12568.359,-10.8071,0.9999
12569.824,-10.8065,0.9999
12571.289,-10.8065,0.9999
12572.754,-10.8060,0.9999
12574.219,-10.8055,0.9999
12575.684,-10.8051,0.9999
12577.148,-10.8050,0.9999
12578.613,-10.8047,0.9999
12580.078,-10.8048,0.9999
12581.543,-10.8042,0.9999
12583.008,-10.8036,0.9999
12584.473,-10.8034,0.9999
12585.938,-10.8028,0.9999
12587.402,-10.8024,0.9999
12588.867,-10.8023,0.9999
12590.332,-10.8020,0.9999
12591.797,-10.8017,0.9999
12593.262,-10.8012,0.9999
12594.727,-10.8007,0.9999
12596.191,-10.8006,0.9999
12597.656,-10.7999,0.9999
12599.121,-10.7996,0.9999
12600.586,-10.7994,0.9999
12602.051,-10.7992,0.9999
12603.516,-10.7986,0.9999
12604.980,-10.7986,0.9999
12606.445,-10.7981,0.9999
12607.910,-10.7976,0.9999
12609.375,-10.7971,0.9999
12610.840,-10.7967,0.9999
12612.305,-10.7964,0.9999
12613.770,-10.7961,0.9999
12615.234,-10.7960,0.9999
12616.699,-10.7954,0.9999
12618.164,-10.7954,0.9999
12619.629,-10.7952,0.9999
12621.094,-10.7949,0.9999
12622.559,-10.7945,0.9999
12624.023,-10.7942,0.9999
12625.488,-10.7940,0.9999
12626.953,-10.7937,0.9999
12628.418,-10.7935,0.9999
12629.883,-10.7926,0.9999
12631.348,-10.7925,0.9999
12632.812,-10.7924,0.9999
12634.277,-10.7923,0.9999
12635.742,-10.7917,0.9999
12637.207,-10.7914,0.9999
12638.672,-10.7912,0.9999
12640.137,-10.7910,0.9999
12641.602,-10.7904,0.9999
12643.066,-10.7902,0.9999
12644.531,-10.7904,0.9999
12645.996,-10.7898,0.9999
12647.461,-10.7894,0.9999
12648.926,-10.7896,0.9999
12650.391,-10.7891,0.9999
12651.855,-10.7886,0.9999
12653.320,-10.7885,0.9999
12654.785,-10.7885,0.9999
12656.250,-10.7881,0.9999
12657.715,-10.7875,0.9999
12659.180,-10.7877,0.9999
12660.645,-10.7875,0.9999
12662.109,-10.7871,0.9999
12663.574,-10.7868,0.9999
12665.039,-10.7867,0.9999
12666.504,-10.7865,0.9999
12667.969,-10.7862,0.9999
12669.434,-10.7859,0.9999
12670.898,-10.7859,0.9999
12672.363,-10.7854,0.9999
12673.828,-10.7854,0.9999
12675.293,-10.7853,0.9999
12676.758,-10.7849,0.9999
12678.223,-10.7849,0.9999
12679.688,-10.7846,0.9999
12681.152,-10.7845,0.9999
12682.617,-10.7840,0.9999
12684.082,-10.7842,0.9999
12685.547,-10.7841,0.9999
12687.012,-10.7840,0.9999
12688.477,-10.7835,0.9999
12689.941,-10.7834,0.9999
12691.406,-10.7833,0.9999
12692.871,-10.7830,0.9999
12694.336,-10.7830,0.9999
12695.801,-10.7825,0.9999
12697.266,-10.7824,0.9999
12698.730,-10.7826,0.9999
12700.195,-10.7826,0.9999
12701.660,-10.7826,0.9999
12703.125,-10.7822,0.9999
12704.590,-10.7822,0.9999
12706.055,-10.7819,0.9999
12707.520,-10.7815,0.9999
12708.984,-10.7817,0.9999
12710.449,-10.7815,0.9999
12711.914,-10.7812,0.9999
12713.379,-10.7812,0.9999
12714.844,-10.7814,0.9999
12716.309,-10.7810,0.9999
12717.773,-10.7812,0.9999
12719.238,-10.7812,0.9999
12720.703,-10.7811,0.9999
12722.168,-10.7809,0.9999
12723.633,-10.7808,0.9999
12725.098,-10.7806,0.9999
12726.562,-10.7805,0.9999
12728.027,-10.7807,1.0000
12729.492,-10.7805,1.0000
12730.957,-10.7804,1.0000
12732.422,-10.7803,1.0000
12733.887,-10.7804,1.0000
12735.352,-10.7802,1.0000
12736.816,-10.7802,1.0000
12738.281,-10.7804,1.0000
12739.746,-10.7799,1.0000
12741.211,-10.7798,1.0000
12742.676,-10.7801,1.0000
12744.141,-10.7800,1.0000
12745.605,-10.7802,1.0000
12747.070,-10.7801,1.0000
12748.535,-10.7801,1.0000
12750.000,-10.7801,1.0000
12751.465,-10.7799,1.0000
12752.930,-10.7800,1.0000
12754.395,-10.7800,1.0000
12755.859,-10.7799,1.0000
12757.324,-10.7801,1.0000
12758.789,-10.7801,1.0000
12760.254,-10.7801,1.0000
12761.719,-10.7801,1.0000
12763.184,-10.7799,1.0000
12764.648,-10.7801,1.0000
12766.113,-10.7802,1.0000
12767.578,-10.7800,1.0000
12769.043,-10.7801,1.0000
12770.508,-10.7801,1.0000
12771.973,-10.7802,1.0000
12773.438,-10.7803,1.0000
12774.902,-10.7802,1.0000
12776.367,-10.7804,1.0000
12777.832,-10.7805,1.0000
12779.297,-10.7803,1.0000
12780.762,-10.7803,1.0000
12782.227,-10.7803,1.0000
12783.691,-10.7804,1.0000
12785.156,-10.7805,1.0000
12786.621,-10.7807,1.0000
12788.086,-10.7807,1.0000
12789.551,-10.7807,1.0000
12791.016,-10.7809,1.0000
12792.480,-10.7813,1.0000
12793.945,-10.7813,1.0000
12795.410,-10.7812,1.0000
12796.875,-10.7814,1.0000
12798.340,-10.7814,1.0000
12799.805,-10.7814,1.0000
12801.270,-10.7814,1.0000
12802.734,-10.7815,1.0000
12804.199,-10.7816,1.0000
12805.664,-10.7818,1.0000
12807.129,-10.7819,1.0000
12808.594,-10.7820,1.0000
12810.059,-10.7820,1.0000
12811.523,-10.7819,1.0000
12812.988,-10.7821,1.0000
12814.453,-10.7821,1.0000
12815.918,-10.7822,1.0000
12817.383,-10.7824,1.0000
12818.848,-10.7824,1.0000
12820.312,-10.7825,1.0000
12821.777,-10.7828,1.0000
12823.242,-10.7832,1.0000
12824.707,-10.7830,1.0000
12826.172,-10.7830,1.0000
12827.637,-10.7830,1.0000
12829.102,-10.7832,1.0000
12830.566,-10.7833,1.0000
12832.031,-10.7834,1.0000
12833.496,-10.7835,1.0000
12834.961,-10.7836,1.0000
12836.426,-10.7836,1.0000
12837.891,-10.7837,1.0000
12839.355,-10.7838,1.0000
12840.820,-10.7842,1.0000
12842.285,-10.7843,1.0000
12843.750,-10.7844,1.0000
12845.215,-10.7844,1.0000
12846.680,-10.7845,1.0000
12848.145,-10.7847,1.0000
12849.609,-10.7847,1.0000
12851.074,-10.7848,1.0000
12852.539,-10.7849,1.0000
12854.004,-10.7851,1.0000
12855.469,-10.7850,1.0000
12856.934,-10.7850,1.0000
12858.398,-10.7853,1.0000
12859.863,-10.7853,1.0000
12861.328,-10.7854,1.0000
12862.793,-10.7858,1.0000
12864.258,-10.7862,1.0000
12865.723,-10.7861,1.0000
12867.188,-10.7861,1.0000
12868.652,-10.7862,1.0000
12870.117,-10.7864,1.0000
12871.582,-10.7865,1.0000
12873.047,-10.7866,1.0000
12874.512,-10.7868,1.0000
12875.977,-10.7870,1.0000
12877.441,-10.7871,1.0000
12878.906,-10.7871,1.0000
12880.371,-10.7873,1.0000
12881.836,-10.7875,1.0000
12883.301,-10.7877,1.0000
12884.766,-10.7878,1.0000
12886.230,-10.7879,1.0000
12887.695,-10.7879,1.0000
12889.160,-10.7882,1.0000
12890.625,-10.7884,1.0000
12892.090,-10.7884,1.0000
12893.555,-10.7888,1.0000
12895.020,-10.7891,1.0000
12896.484,-10.7892,1.0000
12897.949,-10.7892,1.0000
12899.414,-10.7895,1.0000
12900.879,-10.7896,1.0000
12902.344,-10.7899,1.0000
12903.809,-10.7901,1.0000
12905.273,-10.7903,1.0000
12906.738,-10.7903,1.0000
12908.203,-10.7905,1.0000
12909.668,-10.7908,1.0000
12911.133,-10.7910,1.0000
12912.598,-10.7909,1.0000
12914.062,-10.7911,1.0000
12915.527,-10.7913,1.0000
12916.992,-10.7917,1.0000
12918.457,-10.7920,1.0000
12919.922,-10.7921,1.0000
12921.387,-10.7922,1.0000
12922.852,-10.7923,1.0000
12924.316,-10.7925,1.0000
12925.781,-10.7928,1.0000
12927.246,-10.7931,1.0000
12928.711,-10.7933,1.0000
12930.176,-10.7934,1.0000
12931.641,-10.7935,1.0000
12933.105,-10.7939,1.0000
12934.570,-10.7941,1.0000
12936.035,-10.7940,1.0000
12937.500,-10.7942,1.0000
12938.965,-10.7944,1.0000
12940.430,-10.7947,1.0000
12941.895,-10.7951,1.0000
12943.359,-10.7954,1.0000
12944.824,-10.7956,1.0000
12946.289,-10.7957,1.0000
12947.754,-10.7959,1.0000
12949.219,-10.7961,1.0000
12950.684,-10.7964,1.0000
12952.148,-10.7968,1.0000
12953.613,-10.7969,1.0000
12955.078,-10.7969,1.0000
12956.543,-10.7971,1.0000
12958.008,-10.7974,1.0000
12959.473,-10.7977,1.0000
12960.938,-10.7979,1.0000
12962.402,-10.7980,1.0000
12963.867,-10.7983,1.0000
12965.332,-10.7986,1.0000
12966.797,-10.7988,1.0000
12968.262,-10.7991,1.0000
12969.727,-10.7993,1.0000
12971.191,-10.7995,1.0000
12972.656,-10.7998,1.0000
12974.121,-10.8000,1.0000
12975.586,-10.8003,1.0000
12977.051,-10.8006,1.0000
12978.516,-10.8008,1.0000
12979.980,-10.8010,1.0000
12981.445,-10.8012,1.0000
12982.910,-10.8016,1.0000
12984.375,-10.8017,1.0000
12985.840,-10.8019,1.0000
12987.305,-10.8022,1.0000
12988.770,-10.8024,1.0000
12990.234,-10.8026,1.0000
12991.699,-10.8030,1.0000
12993.164,-10.8033,1.0000
12994.629,-10.8034,1.0000
12996.094,-10.8036,1.0000
12997.559,-10.8037,1.0000
12999.023,-10.8040,1.0000
13000.488,-10.8042,1.0000
13001.953,-10.8045,1.0000
13003.418,-10.8049,1.0000
13004.883,-10.8054,1.0000
13006.348,-10.8055,1.0000
13007.812,-10.8057,1.0000
13009.277,-10.8060,1.0000
13010.742,-10.8063,1.0000
13012.207,-10.8064,1.0000
13013.672,-10.8065,1.0000
13015.137,-10.8067,1.0000
13016.602,-10.8071,1.0000
13018.066,-10.8074,1.0000
13019.531,-10.8076,1.0000
13020.996,-10.8078,1.0000
13022.461,-10.8081,1.0000
13023.926,-10.8083,1.0000
13025.391,-10.8085,1.0000
13026.855,-10.8089,1.0000
13028.320,-10.8093,1.0000
13029.785,-10.8096,1.0000
13031.250,-10.8097,1.0000
13032.715,-10.8100,1.0000
13034.180,-10.8104,1.0000
13035.645,-10.8108,1.0000
13037.109,-10.8108,1.0000
13038.574,-10.8109,1.0000
13040.039,-10.8111,1.0000
13041.504,-10.8113,1.0000
13042.969,-10.8117,1.0000
13044.434,-10.8120,1.0000
13045.898,-10.8123,1.0000
13047.363,-10.8127,1.0000
13048.828,-10.8129,1.0000
13050.293,-10.8130,1.0000
13051.758,-10.8131,1.0000
13053.223,-10.8135,1.0000
13054.688,-10.8139,1.0000
13056.152,-10.8142,1.0000
13057.617,-10.8144,1.0000
13059.082,-10.8148,1.0000
13060.547,-10.8151,1.0000
13062.012,-10.8153,1.0000
13063.477,-10.8155,1.0000
13064.941,-10.8158,1.0000
13066.406,-10.8161,1.0000
13067.871,-10.8163,1.0000
13069.336,-10.8165,1.0000
13070.801,-10.8170,1.0000
13072.266,-10.8172,1.0000
13073.730,-10.8173,1.0000
13075.195,-10.8174,1.0000
13076.660,-10.8177,1.0000
13078.125,-10.8180,1.0000
13079.590,-10.8182,1.0000
13081.055,-10.8185,1.0000
13082.520,-10.8189,1.0000
13083.984,-10.8192,1.0000
13085.449,-10.8194,1.0000
13086.914,-10.8198,1.0000
13088.379,-10.8201,1.0000
13089.844,-10.8203,1.0000
13091.309,-10.8206,1.0000
13092.773,-10.8208,1.0000
13094.238,-10.8210,1.0000
13095.703,-10.8213,1.0000
13097.168,-10.8216,1.0000
13098.633,-10.8219,1.0000
13100.098,-10.8220,1.0000
13101.562,-10.8222,1.0000
13103.027,-10.8226,1.0000
13104.492,-10.8228,1.0000
13105.957,-10.8230,1.0000
13107.422,-10.8233,1.0000
13108.887,-10.8235,1.0000
13110.352,-10.8238,1.0000
13111.816,-10.8243,1.0000
13113.281,-10.8245,1.0000
13114.746,-10.8247,1.0000
13116.211,-10.8250,1.0000
13117.676,-10.8251,1.0000
13119.141,-10.8254,1.0000
13120.605,-10.8256,1.0000
13122.070,-10.8258,1.0000
13123.535,-10.8261,1.0000
13125.000,-10.8265,1.0000
13126.465,-10.8267,1.0000
13127.930,-10.8270,1.0000
13129.395,-10.8272,1.0000
13130.859,-10.8276,1.0000
13132.324,-10.8280,1.0000
13133.789,-10.8283,1.0000
13135.254,-10.8284,1.0000
13136.719,-10.8285,1.0000
13138.184,-10.8288,1.0000
13139.648,-10.8291,1.0000
13141.113,-10.8293,1.0000
13142.578,-10.8296,1.0000
13144.043,-10.8298,1.0000
13145.508,-10.8301,1.0000
13146.973,-10.8304,1.0000
13148.438,-10.8307,1.0000
13149.902,-10.8309,1.0000
13151.367,-10.8311,1.0000
13152.832,-10.8313,1.0000
13154.297,-10.8316,1.0000
13155.762,-10.8318,1.0000
13157.227,-10.8320,1.0000
13158.691,-10.8324,1.0000
13160.156,-10.8327,1.0000
13161.621,-10.8330,1.0000
13163.086,-10.8333,1.0000
13164.551,-10.8334,1.0000
13166.016,-10.8337,1.0000
13167.480,-10.8339,1.0000
13168.945,-10.8342,1.0000
13170.410,-10.8344,1.0000
13171.875,-10.8346,1.0000
13173.340,-10.8349,1.0000
13174.805,-10.8352,1.0000
13176.270,-10.8355,1.0000
13177.734,-10.8357,1.0000
13179.199,-10.8359,1.0000
13180.664,-10.8362,1.0000
13182.129,-10.8364,1.0000
13183.594,-10.8366,1.0000
13185.059,-10.8369,1.0000
13186.523,-10.8370,1.0000
13187.988,-10.8372,1.0000
13189.453,-10.8375,1.0000
13190.918,-10.8378,1.0000
13192.383,-10.8380,1.0000
13193.848,-10.8383,1.0000
13195.312,-10.8385,1.0000
13196.777,-10.8388,1.0000
13198.242,-10.8390,1.0000
13199.707,-10.8392,1.0000
13201.172,-10.8393,1.0000
13202.637,-10.8396,1.0000
13204.102,-10.8401,1.0000
13205.566,-10.8402,1.0000
13207.031,-10.8403,1.0000
13208.496,-10.8406,1.0000
13209.961,-10.8408,1.0000
13211.426,-10.8410,1.0000
13212.891,-10.8412,1.0000
13214.355,-10.8414,1.0000
13215.820,-10.8417,1.0000
13217.285,-10.8418,1.0000
13218.750,-10.8419,1.0000
13220.215,-10.8422,1.0000
13221.680,-10.8426,1.0000
13223.145,-10.8428,1.0000
13224.609,-10.8430,1.0000
13226.074,-10.8433,1.0000
13227.539,-10.8435,1.0000
13229.004,-10.8438,1.0000
13230.469,-10.8439,1.0000
13231.934,-10.8440,1.0000
13233.398,-10.8443,1.0000
13234.863,-10.8446,1.0000
13236.328,-10.8447,1.0000
13237.793,-10.8448,1.0000
13239.258,-10.8450,1.0000
13240.723,-10.8453,1.0000
13242.188,-10.8454,1.0000
13243.652,-10.8456,1.0000
13245.117,-10.8459,1.0000
13246.582,-10.8461,1.0000
13248.047,-10.8463,1.0000
13249.512,-10.8465,1.0000
13250.977,-10.8466,1.0000
13252.441,-10.8469,1.0000
13253.906,-10.8471,1.0000
13255.371,-10.8474,1.0000
13256.836,-10.8477,1.0000
13258.301,-10.8479,1.0000
13259.766,-10.8481,1.0000
13261.230,-10.8482,1.0000
13262.695,-10.8484,1.0000
13264.160,-10.8486,1.0000
13265.625,-10.8486,1.0000
13267.090,-10.8487,1.0000
13268.555,-10.8490,1.0000
13270.020,-10.8492,1.0000
13271.484,-10.8493,1.0000
13272.949,-10.8496,1.0000
13274.414,-10.8499,1.0000
13275.879,-10.8501,1.0000
13277.344,-10.8502,1.0000
13278.809,-10.8504,1.0000
13280.273,-10.8507,1.0000
13281.738,-10.8508,1.0000
13283.203,-10.8509,1.0000
13284.668,-10.8510,1.0000
13286.133,-10.8513,1.0000
13287.598,-10.8514,1.0000
13289.062,-10.8515,1.0000
13290.527,-10.8517,1.0000
13291.992,-10.8519,1.0000
13293.457,-10.8520,1.0000
13294.922,-10.8521,1.0000
13296.387,-10.8523,1.0000
13297.852,-10.8525,1.0000
13299.316,-10.8528,1.0000
13300.781,-10.8528,1.0000
13302.246,-10.8528,1.0000
13303.711,-10.8530,1.0000
13305.176,-10.8533,1.0000
13306.641,-10.8535,1.0000
13308.105,-10.8537,1.0000
13309.570,-10.8538,1.0000
13311.035,-10.8539,1.0000
13312.500,-10.8541,1.0000
13313.965,-10.8543,1.0000
13315.430,-10.8542,1.0000
13316.895,-10.8543,1.0000
13318.359,-10.8544,1.0000
13319.824,-10.8546,1.0000
13321.289,-10.8549,1.0000
13322.754,-10.8550,1.0000
13324.219,-10.8551,1.0000
13325.684,-10.8551,1.0000
13327.148,-10.8553,1.0000
13328.613,-10.8555,1.0000
13330.078,-10.8557,1.0000
13331.543,-10.8558,1.0000
13333.008,-10.8558,1.0000
13334.473,-10.8558,1.0000
13335.938,-10.8561,1.0000
13337.402,-10.8561,1.0000
13338.867,-10.8563,1.0000
13340.332,-10.8564,1.0000
13341.797,-10.8564,1.0000
13343.262,-10.8566,1.0000
13344.727,-10.8567,1.0000
13346.191,-10.8567,1.0000
13347.656,-10.8569,1.0000
13349.121,-10.8570,1.0000
13350.586,-10.8571,1.0000
13352.051,-10.8572,1.0000
13353.516,-10.8573,1.0000
13354.980,-10.8574,1.0000
13356.445,-10.8574,1.0000
13357.910,-10.8575,1.0000
13359.375,-10.8576,1.0000
13360.840,-10.8577,1.0000
13362.305,-10.8580,1.0000
13363.770,-10.8580,1.0000
13365.234,-10.8581,1.0000
13366.699,-10.8582,1.0000
13368.164,-10.8581,1.0000
13369.629,-10.8581,1.0000
13371.094,-10.8581,1.0000
13372.559,-10.8582,1.0000
13374.023,-10.8583,1.0000
13375.488,-10.8584,1.0000
13376.953,-10.8583,1.0000
13378.418,-10.8585,1.0000
13379.883,-10.8588,1.0000
13381.348,-10.8588,1.0000
13382.812,-10.8588,1.0000
13384.277,-10.8586,1.0000
13385.742,-10.8588,1.0000
13387.207,-10.8589,1.0000
13388.672,-10.8589,1.0000
13390.137,-10.8590,1.0000
13391.602,-10.8592,1.0000
13393.066,-10.8592,1.0000
13394.531,-10.8591,1.0000
13395.996,-10.8591,1.0000
13397.461,-10.8593,1.0000
13398.926,-10.8592,1.0000
13400.391,-10.8589,1.0000
13401.855,-10.8590,1.0000
13403.320,-10.8591,1.0000
13404.785,-10.8593,1.0000
13406.250,-10.8595,1.0000
13407.715,-10.8593,1.0000
13409.180,-10.8592,1.0000
13410.645,-10.8592,1.0000
13412.109,-10.8592,1.0000
13413.574,-10.8593,1.0000
13415.039,-10.8594,1.0000
13416.504,-10.8593,1.0000
13417.969,-10.8592,1.0000
13419.434,-10.8592,1.0000
13420.898,-10.8593,1.0000
13422.363,-10.8591,1.0000
13423.828,-10.8592,1.0000
13425.293,-10.8589,1.0000
13426.758,-10.8589,1.0000
13428.223,-10.8590,1.0000
13429.688,-10.8590,1.0000
13431.152,-10.8589,1.0000
13432.617,-10.8590,1.0000
13434.082,-10.8590,1.0000
13435.547,-10.8589,1.0000
13437.012,-10.8588,1.0000
13438.477,-10.8587,1.0000
13439.941,-10.8585,1.0000
13441.406,-10.8586,1.0000
13442.871,-10.8586,1.0000
13444.336,-10.8584,1.0000
13445.801,-10.8583,1.0000
13447.266,-10.8582,1.0000
13448.730,-10.8582,1.0000
13450.195,-10.8583,1.0000
13451.660,-10.8582,1.0000
13453.125,-10.8580,1.0000
13454.590,-10.8580,1.0000
13456.055,-10.8578,1.0000
13457.520,-10.8578,1.0000
13458.984,-10.8580,1.0000
13460.449,-10.8578,1.0000
13461.914,-10.8576,1.0000
13463.379,-10.8574,1.0000
13464.844,-10.8576,0.9999
13466.309,-10.8574,0.9999
13467.773,-10.8572,0.9999
13469.238,-10.8569,0.9999
13470.703,-10.8569,0.9999
13472.168,-10.8566,0.9999
13473.633,-10.8565,0.9999
13475.098,-10.8564,0.9999
13476.562,-10.8563,0.9999
13478.027,-10.8563,0.9999
13479.492,-10.8561,0.9999
13480.957,-10.8559,0.9999
13482.422,-10.8556,0.9999
13483.887,-10.8555,0.9999
13485.352,-10.8555,0.9999
13486.816,-10.8554,0.9999
13488.281,-10.8552,0.9999
13489.746,-10.8550,0.9999
13491.211,-10.8549,0.9999
13492.676,-10.8548,0.9999
13494.141,-10.8545,0.9999
13495.605,-10.8543,0.9999
13497.070,-10.8540,0.9999
13498.535,-10.8539,0.9999
13500.000,-10.8541,0.9999
13501.465,-10.8539,0.9999
13502.930,-10.8534,0.9999
13504.395,-10.8531,0.9999
13505.859,-10.8529,0.9999
13507.324,-10.8528,0.9999
13508.789,-10.8525,0.9999
13510.254,-10.8523,0.9999
13511.719,-10.8522,0.9999
13513.184,-10.8522,0.9999
13514.648,-10.8518,0.9999
13516.113,-10.8515,0.9999
13517.578,-10.8513,0.9999
13519.043,-10.8511,0.9999
13520.508,-10.8510,0.9999
13521.973,-10.8506,0.9999
13523.438,-10.8503,0.9999
13524.902,-10.8502,0.9999
13526.367,-10.8500,0.9999
13527.832,-10.8496,0.9999
13529.297,-10.8492,0.9999
13530.762,-10.8492,0.9999
13532.227,-10.8488,0.9999
13533.691,-10.8486,0.9999
13535.156,-10.8486,0.9999
13536.621,-10.8481,0.9999
13538.086,-10.8479,0.9999
13539.551,-10.8476,0.9999
13541.016,-10.8473,0.9999
13542.480,-10.8470,0.9999
13543.945,-10.8466,0.9999
13545.410,-10.8463,0.9999
13546.875,-10.8461,0.9999
13548.340,-10.8460,0.9999
13549.805,-10.8456,0.9999
13551.270,-10.8453,0.9999
13552.734,-10.8453,0.9999
13554.199,-10.8447,0.9999
13555.664,-10.8444,0.9999
13557.129,-10.8442,0.9999
13558.594,-10.8439,0.9999
13560.059,-10.8437,0.9999
13561.523,-10.8432,0.9999
13562.988,-10.8429,0.9999
13564.453,-10.8425,0.9999
13565.918,-10.8424,0.9999
13567.383,-10.8421,0.9999
13568.848,-10.8419,0.9999
13570.312,-10.8415,0.9999
13571.777,-10.8410,0.9999
13573.242,-10.8406,0.9999
13574.707,-10.8402,0.9999
13576.172,-10.8396,0.9999
13577.637,-10.8397,0.9999
13579.102,-10.8394,0.9999
13580.566,-10.8388,0.9999
13582.031,-10.8386,0.9999
13583.496,-10.8384,0.9999
13584.961,-10.8378,0.9999
13586.426,-10.8378,0.9999
13587.891,-10.8373,0.9999
13589.355,-10.8369,0.9999
13590.820,-10.8368,0.9999
13592.285,-10.8361,0.9999
13593.750,-10.8357,0.9999
13595.215,-10.8355,0.9999
13596.680,-10.8353,0.9999
13598.145,-10.8347,0.9999
13599.609,-10.8342,0.9999
13601.074,-10.8338,0.9999
13602.539,-10.8334,0.9999
13604.004,-10.8330,0.9999
13605.469,-10.8330,0.9999
13606.934,-10.8323,0.9999
13608.398,-10.8321,0.9999
13609.863,-10.8316,0.9999
13611.328,-10.8313,0.9999
13612.793,-10.8311,0.9999
13614.258,-10.8311,0.9999
13615.723,-10.8303,0.9999
13617.188,-10.8299,0.9999
13618.652,-10.8295,0.9999
13620.117,-10.8294,0.9999
13621.582,-10.8288,0.9999
13623.047,-10.8284,0.9999
13624.512,-10.8282,0.9999
13625.977,-10.8278,0.9999
13627.441,-10.8276,0.9999
13628.906,-10.8268,0.9999
13630.371,-10.8265,0.9999
13631.836,-10.8262,0.9999
13633.301,-10.8257,0.9999
13634.766,-10.8255,0.9999
13636.230,-10.8251,0.9999
13637.695,-10.8246,0.9999
13639.160,-10.8241,0.9999
13640.625,-10.8238,0.9999
13642.090,-10.8235,0.9999
13643.555,-10.8232,0.9999
13645.020,-10.8225,0.9999
13646.484,-10.8225,0.9999
13647.949,-10.8223,0.9999
13649.414,-10.8219,0.9999
13650.879,-10.8212,0.9999
13652.344,-10.8209,0.9999
13653.809,-10.8207,0.9999
13655.273,-10.8203,0.9999
13656.738,-10.8200,0.9999
13658.203,-10.8196,0.9999
13659.668,-10.8194,0.9999
13661.133,-10.8189,0.9999
13662.598,-10.8183,0.9999
13664.062,-10.8180,0.9999
13665.527,-10.8178,0.9999
13666.992,-10.8174,0.9999
13668.457,-10.8171,0.9999
13669.922,-10.8167,0.9999
13671.387,-10.8163,0.9999
13672.852,-10.8158,0.9999
13674.316,-10.8157,0.9999
13675.781,-10.8152,0.9999
13677.246,-10.8146,0.9999
13678.711,-10.8144,0.9999
13680.176,-10.8140,0.9999
13681.641,-10.8137,0.9999
13683.105,-10.8134,0.9999
13684.570,-10.8131,0.9999
13686.035,-10.8127,0.9999
13687.500,-10.8124,0.9999
13688.965,-10.8122,0.9999
13690.430,-10.8119,0.9999
13691.895,-10.8114,0.9999
13693.359,-10.8111,0.9999
13694.824,-10.8106,0.9999
13696.289,-10.8105,0.9999
13697.754,-10.8103,0.9999
13699.219,-10.8100,0.9999
13700.684,-10.8097,0.9999
13702.148,-10.8093,0.9999
13703.613,-10.8092,0.9999
13705.078,-10.8088,0.9999
13706.543,-10.8083,0.9999
13708.008,-10.8081,0.9999
13709.473,-10.8081,0.9999
13710.938,-10.8076,0.9999
13712.402,-10.8074,0.9999
13713.867,-10.8071,0.9999
13715.332,-10.8068,0.9999
13716.797,-10.8066,0.9999
13718.262,-10.8066,0.9999
13719.727,-10.8062,0.9999
13721.191,-10.8060,0.9999
13722.656,-10.8058,0.9999
13724.121,-10.8055,0.9999
13725.586,-10.8050,0.9999
13727.051,-10.8048,0.9999
13728.516,-10.8049,0.9999
13729.980,-10.8046,0.9999
13731.445,-10.8043,0.9999
13732.910,-10.8042,0.9999
13734.375,-10.8041,0.9999
13735.840,-10.8037,0.9999
13737.305,-10.8039,0.9999
13738.770,-10.8033,0.9999
13740.234,-10.8031,0.9999
13741.699,-10.8030,0.9999
13743.164,-10.8028,0.9999
13744.629,-10.8027,0.9999
13746.094,-10.8025,0.9999
13747.559,-10.8025,0.9999
13749.023,-10.8022,0.9999
13750.488,-10.8021,0.9999
13751.953,-10.8020,0.9999
13753.418,-10.8019,0.9999
13754.883,-10.8017,0.9999
13756.348,-10.8015,0.9999
13757.812,-10.8013,0.9999
13759.277,-10.8016,0.9999
13760.742,-10.8016,0.9999
13762.207,-10.8013,0.9999
13763.672,-10.8010,0.9999
13765.137,-10.8009,0.9999
13766.602,-10.8008,0.9999
13768.066,-10.8008,0.9999
13769.531,-10.8008,0.9999
13770.996,-10.8006,0.9999
13772.461,-10.8006,0.9999
13773.926,-10.8006,0.9999
13775.391,-10.8001,0.9999
13776.855,-10.8002,0.9999
13778.320,-10.8004,0.9999
13779.785,-10.8004,0.9999
13781.250,-10.8004,0.9999
13782.715,-10.8004,0.9999
13784.180,-10.8002,0.9999
13785.645,-10.8001,0.9999
13787.109,-10.8001,0.9999
13788.574,-10.7999,0.9999
13790.039,-10.8000,0.9999
13791.504,-10.7998,0.9999
13792.969,-10.7998,0.9999
13794.434,-10.7997,0.9999
13795.898,-10.7996,0.9999
13797.363,-10.7999,0.9999
13798.828,-10.7996,0.9999
13800.293,-10.7993,0.9999
13801.758,-10.7994,0.9999
13803.223,-10.7998,0.9999
13804.688,-10.7998,0.9999
13806.152,-10.7997,0.9999
13807.617,-10.7996,0.9999
13809.082,-10.7996,0.9999
13810.547,-10.7996,0.9999
13812.012,-10.7996,1.0000
13813.477,-10.7997,1.0000
13814.941,-10.7999,1.0000
13816.406,-10.7995,1.0000
13817.871,-10.7995,1.0000
13819.336,-10.7997,1.0000
13820.801,-10.7997,1.0000
13822.266,-10.7997,1.0000
13823.730,-10.7994,1.0000
13825.195,-10.7998,1.0000
13826.660,-10.7998,1.0000
13828.125,-10.7997,1.0000
13829.590,-10.7996,1.0000
13831.055,-10.7997,1.0000
13832.520,-10.8000,1.0000
13833.984,-10.8001,1.0000
13835.449,-10.8001,1.0000
13836.914,-10.8001,1.0000
13838.379,-10.8002,1.0000
13839.844,-10.8001,1.0000
13841.309,-10.8003,1.0000
13842.773,-10.8004,1.0000
13844.238,-10.8004,1.0000
13845.703,-10.8006,1.0000
13847.168,-10.8006,1.0000
13848.633,-10.8008,1.0000
13850.098,-10.8011,1.0000
13851.562,-10.8009,1.0000
13853.027,-10.8010,1.0000
13854.492,-10.8013,1.0000
13855.957,-10.8009,1.0000
13857.422,-10.8008,1.0000
13858.887,-10.8011,1.0000
13860.352,-10.8012,1.0000
13861.816,-10.8015,1.0000
13863.281,-10.8015,1.0000
13864.746,-10.8017,1.0000
13866.211,-10.8017,1.0000
13867.676,-10.8017,1.0000
13869.141,-10.8019,1.0000
13870.605,-10.8022,1.0000
13872.070,-10.8024,1.0000
13873.535,-10.8022,1.0000
13875.000,-10.8023,1.0000
13876.465,-10.8025,1.0000
13877.930,-10.8027,1.0000
13879.395,-10.8026,1.0000
13880.859,-10.8027,1.0000
13882.324,-10.8029,1.0000
13883.789,-10.8031,1.0000
13885.254,-10.8032,1.0000
13886.719,-10.8032,1.0000
13888.184,-10.8032,1.0000
13889.648,-10.8035,1.0000
13891.113,-10.8037,1.0000
13892.578,-10.8040,1.0000
13894.043,-10.8040,1.0000
13895.508,-10.8041,1.0000
13896.973,-10.8041,1.0000
13898.438,-10.8043,1.0000
13899.902,-10.8046,1.0000
13901.367,-10.8048,1.0000
13902.832,-10.8049,1.0000
13904.297,-10.8049,1.0000
13905.762,-10.8050,1.0000
13907.227,-10.8050,1.0000
13908.691,-10.8054,1.0000
13910.156,-10.8057,1.0000
13911.621,-10.8057,1.0000
13913.086,-10.8059,1.0000
13914.551,-10.8059,1.0000
13916.016,-10.8059,1.0000
13917.480,-10.8062,1.0000
13918.945,-10.8065,1.0000
13920.410,-10.8066,1.0000
13921.875,-10.8067,1.0000
13923.340,-10.8068,1.0000
13924.805,-10.8070,1.0000
13926.270,-10.8074,1.0000
13927.734,-10.8075,1.0000
13929.199,-10.8077,1.0000
13930.664,-10.8078,1.0000
13932.129,-10.8077,1.0000
13933.594,-10.8080,1.0000
13935.059,-10.8082,1.0000
13936.523,-10.8083,1.0000
13937.988,-10.8086,1.0000
13939.453,-10.8086,1.0000
13940.918,-10.8087,1.0000
13942.383,-10.8090,1.0000
13943.848,-10.8091,1.0000
13945.312,-10.8093,1.0000
13946.777,-10.8096,1.0000
13948.242,-10.8100,1.0000
13949.707,-10.8101,1.0000
13951.172,-10.8102,1.0000
13952.637,-10.8103,1.0000
13954.102,-10.8105,1.0000
13955.566,-10.8107,1.0000
13957.031,-10.8109,1.0000
13958.496,-10.8111,1.0000
13959.961,-10.8113,1.0000
13961.426,-10.8113,1.0000
13962.891,-10.8116,1.0000
13964.355,-10.8118,1.0000
13965.820,-10.8120,1.0000
13967.285,-10.8123,1.0000
13968.750,-10.8125,1.0000
13970.215,-10.8126,1.0000
13971.680,-10.8128,1.0000
13973.145,-10.8129,1.0000
13974.609,-10.8131,1.0000
13976.074,-10.8133,1.0000
13977.539,-10.8135,1.0000
13979.004,-10.8136,1.0000
13980.469,-10.8140,1.0000
13981.934,-10.8143,1.0000
13983.398,-10.8145,1.0000
13984.863,-10.8147,1.0000
13986.328,-10.8149,1.0000
13987.793,-10.8150,1.0000
13989.258,-10.8152,1.0000
13990.723,-10.8154,1.0000
13992.188,-10.8155,1.0000
13993.652,-10.8158,1.0000
13995.117,-10.8159,1.0000
13996.582,-10.8161,1.0000
13998.047,-10.8164,1.0000
13999.512,-10.8168,1.0000
14000.977,-10.8170,1.0000
14002.441,-10.8171,1.0000
14003.906,-10.8172,1.0000
14005.371,-10.8172,1.0000
14006.836,-10.8175,1.0000
14008.301,-10.8177,1.0000
14009.766,-10.8180,1.0000
14011.230,-10.8183,1.0000
14012.695,-10.8186,1.0000
14014.160,-10.8186,1.0000
14015.625,-10.8186,1.0000
14017.090,-10.8187,1.0000
14018.555,-10.8190,1.0000
14020.020,-10.8193,1.0000
14021.484,-10.8196,1.0000
14022.949,-10.8199,1.0000
14024.414,-10.8199,1.0000
14025.879,-10.8200,1.0000
14027.344,-10.8202,1.0000
14028.809,-10.8206,1.0000
14030.273,-10.8209,1.0000
14031.738,-10.8210,1.0000
14033.203,-10.8211,1.0000
14034.668,-10.8213,1.0000
14036.133,-10.8215,1.0000
14037.598,-10.8217,1.0000
14039.062,-10.8218,1.0000
14040.527,-10.8220,1.0000
14041.992,-10.8223,1.0000
14043.457,-10.8225,1.0000
14044.922,-10.8225,1.0000
14046.387,-10.8228,1.0000
14047.852,-10.8231,1.0000
14049.316,-10.8233,1.0000
14050.781,-10.8235,1.0000
14052.246,-10.8238,1.0000
14053.711,-10.8241,1.0000
14055.176,-10.8242,1.0000
14056.641,-10.8244,1.0000
14058.105,-10.8247,1.0000
14059.570,-10.8249,1.0000
14061.035,-10.8250,1.0000
14062.500,-10.8251,1.0000
14063.965,-10.8253,1.0000
14065.430,-10.8256,1.0000
14066.895,-10.8256,1.0000
14068.359,-10.8257,1.0000
14069.824,-10.8260,1.0000
14071.289,-10.8262,1.0000
14072.754,-10.8264,1.0000
14074.219,-10.8266,1.0000
14075.684,-10.8267,1.0000
14077.148,-10.8271,1.0000
14078.613,-10.8275,1.0000
14080.078,-10.8277,1.0000
14081.543,-10.8278,1.0000
14083.008,-10.8278,1.0000
14084.473,-10.8279,1.0000
14085.938,-10.8281,1.0000
14087.402,-10.8284,1.0000
14088.867,-10.8286,1.0000
14090.332,-10.8287,1.0000
14091.797,-10.8289,1.0000
14093.262,-10.8292,1.0000
14094.727,-10.8295,1.0000
14096.191,-10.8298,1.0000
14097.656,-10.8301,1.0000
14099.121,-10.8302,1.0000
14100.586,-10.8301,1.0000
14102.051,-10.8301,1.0000
14103.516,-10.8305,1.0000
14104.980,-10.8307,1.0000
14106.445,-10.8309,1.0000
14107.910,-10.8310,1.0000
14109.375,-10.8313,1.0000
14110.840,-10.8315,1.0000
14112.305,-10.8316,1.0000
14113.770,-10.8318,1.0000
14115.234,-10.8322,1.0000
14116.699,-10.8325,1.0000
14118.164,-10.8326,1.0000
14119.629,-10.8327,1.0000
14121.094,-10.8330,1.0000
14122.559,-10.8332,1.0000
14124.023,-10.8332,1.0000
14125.488,-10.8333,1.0000
14126.953,-10.8335,1.0000
14128.418,-10.8337,1.0000
14129.883,-10.8339,1.0000
14131.348,-10.8342,1.0000
14132.812,-10.8344,1.0000
14134.277,-10.8347,1.0000
14135.742,-10.8348,1.0000
14137.207,-10.8349,1.0000
14138.672,-10.8350,1.0000
14140.137,-10.8351,1.0000
14141.602,-10.8355,1.0000
14143.066,-10.8358,1.0000
14144.531,-10.8359,1.0000
14145.996,-10.8360,1.0000
14147.461,-10.8362,1.0000
14148.926,-10.8364,1.0000
14150.391,-10.8367,1.0000
14151.855,-10.8370,1.0000
14153.320,-10.8372,1.0000
14154.785,-10.8374,1.0000
14156.250,-10.8374,1.0000
14157.715,-10.8374,1.0000
14159.180,-10.8376,1.0000
14160.645,-10.8378,1.0000
14162.109,-10.8381,1.0000
14163.574,-10.8384,1.0000
14165.039,-10.8385,1.0000
14166.504,-10.8386,1.0000
14167.969,-10.8389,1.0000
14169.434,-10.8392,1.0000
14170.898,-10.8393,1.0000
14172.363,-10.8392,1.0000
14173.828,-10.8392,1.0000
14175.293,-10.8395,1.0000
14176.758,-10.8398,1.0000
14178.223,-10.8400,1.0000
14179.688,-10.8403,1.0000
14181.152,-10.8404,1.0000
14182.617,-10.8405,1.0000
14184.082,-10.8407,1.0000
14185.547,-10.8409,1.0000
14187.012,-10.8410,1.0000
14188.477,-10.8412,1.0000
14189.941,-10.8414,1.0000
14191.406,-10.8416,1.0000
14192.871,-10.8417,1.0000
14194.336,-10.8418,1.0000
14195.801,-10.8421,1.0000
14197.266,-10.8423,1.0000
14198.730,-10.8424,1.0000
14200.195,-10.8425,1.0000
14201.660,-10.8426,1.0000
14203.125,-10.8428,1.0000
14204.590,-10.8431,1.0000
14206.055,-10.8435,1.0000
14207.520,-10.8435,1.0000
14208.984,-10.8435,1.0000
14210.449,-10.8438,1.0000
14211.914,-10.8439,1.0000
14213.379,-10.8440,1.0000
14214.844,-10.8443,1.0000
14216.309,-10.8445,1.0000
14217.773,-10.8446,1.0000
14219.238,-10.8448,1.0000
14220.703,-10.8451,1.0000
14222.168,-10.8452,1.0000
14223.633,-10.8452,1.0000
14225.098,-10.8453,1.0000
14226.562,-10.8456,1.0000
14228.027,-10.8457,1.0000
14229.492,-10.8458,1.0000
14230.957,-10.8462,1.0000
14232.422,-10.8464,1.0000
14233.887,-10.8465,1.0000
14235.352,-10.8466,1.0000
14236.816,-10.8467,1.0000
14238.281,-10.8469,1.0000
14239.746,-10.8471,1.0000
14241.211,-10.8472,1.0000
14242.676,-10.8473,1.0000
14244.141,-10.8474,1.0000
14245.605,-10.8477,1.0000
14247.070,-10.8480,1.0000
14248.535,-10.8482,1.0000
14250.000,-10.8482,1.0000
14251.465,-10.8482,1.0000
14252.930,-10.8485,1.0000
14254.395,-10.8488,1.0000
14255.859,-10.8489,1.0000
14257.324,-10.8490,1.0000
14258.789,-10.8492,1.0000
14260.254,-10.8495,1.0000
14261.719,-10.8497,1.0000
14263.184,-10.8496,1.0000
14264.648,-10.8496,1.0000
14266.113,-10.8497,1.0000
14267.578,-10.8501,1.0000
14269.043,-10.8503,1.0000
14270.508,-10.8505,1.0000
14271.973,-10.8507,1.0000
14273.438,-10.8509,1.0000
14274.902,-10.8510,1.0000
14276.367,-10.8511,1.0000
14277.832,-10.8513,1.0000
14279.297,-10.8516,1.0000
14280.762,-10.8516,1.0000
14282.227,-10.8516,1.0000
14283.691,-10.8516,1.0000
14285.156,-10.8520,1.0000
14286.621,-10.8522,1.0000
14288.086,-10.8524,1.0000
14289.551,-10.8525,1.0000
14291.016,-10.8527,1.0000
14292.480,-10.8529,1.0000
14293.945,-10.8530,1.0000
14295.410,-10.8532,1.0000
14296.875,-10.8532,1.0000
14298.340,-10.8535,1.0000
14299.805,-10.8535,1.0000
14301.270,-10.8536,1.0000
14302.734,-10.8540,1.0000
14304.199,-10.8541,1.0000
14305.664,-10.8540,1.0000
14307.129,-10.8541,1.0000
14308.594,-10.8543,1.0000
14310.059,-10.8545,1.0000
14311.523,-10.8546,1.0000
14312.988,-10.8547,1.0000
14314.453,-10.8549,1.0000
14315.918,-10.8551,1.0000
14317.383,-10.8553,1.0000
14318.848,-10.8555,1.0000
14320.312,-10.8555,1.0000
14321.777,-10.8555,1.0000
14323.242,-10.8556,1.0000
14324.707,-10.8558,1.0000
14326.172,-10.8560,1.0000
14327.637,-10.8562,1.0000
14329.102,-10.8565,1.0000
14330.566,-10.8565,1.0000
14332.031,-10.8567,1.0000
14333.496,-10.8569,1.0000
14334.961,-10.8569,1.0000
14336.426,-10.8570,1.0000
14337.891,-10.8572,1.0000
14339.355,-10.8575,1.0000
14340.820,-10.8576,1.0000
14342.285,-10.8576,1.0000
14343.750,-10.8577,1.0000
14345.215,-10.8579,1.0000
14346.680,-10.8580,1.0000
14348.145,-10.8582,1.0000
14349.609,-10.8584,1.0000
14351.074,-10.8584,1.0000
14352.539,-10.8584,1.0000
14354.004,-10.8588,1.0000
14355.469,-10.8593,1.0000
14356.934,-10.8595,1.0000
14358.398,-10.8593,1.0000
14359.863,-10.8592,1.0000
14361.328,-10.8595,1.0000
14362.793,-10.8598,1.0000
14364.258,-10.8598,1.0000
14365.723,-10.8598,1.0000
14367.188,-10.8601,1.0000
14368.652,-10.8603,1.0000
14370.117,-10.8606,1.0000
14371.582,-10.8607,1.0000
14373.047,-10.8607,1.0000
14374.512,-10.8607,1.0000
14375.977,-10.8608,1.0000
14377.441,-10.8610,1.0000
14378.906,-10.8609,1.0000
14380.371,-10.8609,1.0000
14381.836,-10.8611,1.0000
14383.301,-10.8611,1.0000
14384.766,-10.8614,1.0000
14386.230,-10.8617,1.0000
14387.695,-10.8619,1.0000
14389.160,-10.8621,1.0000
14390.625,-10.8620,1.0000
14392.090,-10.8621,1.0000
14393.555,-10.8623,1.0000
14395.020,-10.8624,1.0000
14396.484,-10.8624,1.0000
14397.949,-10.8627,1.0000
14399.414,-10.8630,1.0000
14400.879,-10.8630,1.0000
14402.344,-10.8630,1.0000
14403.809,-10.8633,1.0000
14405.273,-10.8635,1.0000
14406.738,-10.8635,1.0000
14408.203,-10.8634,1.0000
14409.668,-10.8636,1.0000
14411.133,-10.8639,1.0000
14412.598,-10.8639,1.0000
14414.062,-10.8639,1.0000
14415.527,-10.8643,1.0000
14416.992,-10.8645,1.0000
14418.457,-10.8646,1.0000
14419.922,-10.8645,1.0000
14421.387,-10.8645,1.0000
14422.852,-10.8649,1.0000
14424.316,-10.8650,1.0000
14425.781,-10.8649,1.0000
14427.246,-10.8649,1.0000
14428.711,-10.8651,1.0000
14430.176,-10.8649,1.0000
14431.641,-10.8650,1.0000
14433.105,-10.8654,1.0000
14434.570,-10.8658,1.0000
14436.035,-10.8658,1.0000
14437.500,-10.8658,1.0000
14438.965,-10.8663,1.0000
14440.430,-10.8663,1.0000
14441.895,-10.8663,1.0000
14443.359,-10.8663,1.0000
14444.824,-10.8666,1.0000
14446.289,-10.8668,1.0000
14447.754,-10.8667,1.0000
14449.219,-10.8666,1.0000
14450.684,-10.8666,1.0000
14452.148,-10.8668,1.0000
14453.613,-10.8668,1.0000
14455.078,-10.8669,1.0000
14456.543,-10.8670,1.0000
14458.008,-10.8670,1.0000
14459.473,-10.8670,1.0000
14460.938,-10.8670,1.0000
14462.402,-10.8672,1.0000
14463.867,-10.8674,1.0000
14465.332,-10.8677,1.0000
14466.797,-10.8679,1.0000
14468.262,-10.8678,1.0000
14469.727,-10.8677,1.0000
14471.191,-10.8680,1.0000
14472.656,-10.8681,1.0000
14474.121,-10.8683,1.0000
14475.586,-10.8680,1.0000
14477.051,-10.8679,1.0000
14478.516,-10.8683,1.0000
14479.980,-10.8682,1.0000
14481.445,-10.8686,1.0000
14482.910,-10.8689,1.0000
14484.375,-10.8686,1.0000
14485.840,-10.8688,1.0000
14487.305,-10.8689,1.0000
14488.770,-10.8689,1.0000
14490.234,-10.8691,1.0000
14491.699,-10.8691,1.0000
14493.164,-10.8693,1.0000
14494.629,-10.8690,1.0000
14496.094,-10.8690,1.0000
14497.559,-10.8693,1.0000
14499.023,-10.8691,1.0000
14500.488,-10.8690,1.0000
14501.953,-10.8692,1.0000
14503.418,-10.8694,1.0000
14504.883,-10.8698,1.0000
14506.348,-10.8697,1.0000
14507.812,-10.8696,1.0000
14509.277,-10.8697,1.0000
14510.742,-10.8699,1.0000
14512.207,-10.8701,1.0000
14513.672,-10.8700,1.0000
14515.137,-10.8700,1.0000
14516.602,-10.8702,1.0000
14518.066,-10.8699,1.0000
14519.531,-10.8698,1.0000
14520.996,-10.8701,1.0000
14522.461,-10.8701,1.0000
14523.926,-10.8702,1.0000
14525.391,-10.8707,1.0000
14526.855,-10.8701,1.0000
14528.320,-10.8700,1.0000
14529.785,-10.8700,1.0000
14531.250,-10.8702,1.0000
14532.715,-10.8706,1.0000
14534.180,-10.8707,1.0000
14535.645,-10.8702,1.0000
14537.109,-10.8704,1.0000
14538.574,-10.8702,1.0000
14540.039,-10.8705,1.0000
14541.504,-10.8707,1.0000
14542.969,-10.8703,1.0000
14544.434,-10.8706,1.0000
14545.898,-10.8705,1.0000
14547.363,-10.8704,1.0000
14548.828,-10.8705,1.0000
14550.293,-10.8702,1.0000
14551.758,-10.8700,1.0000
14553.223,-10.8704,1.0000
14554.688,-10.8705,1.0000
14556.152,-10.8706,1.0000
14557.617,-10.8704,1.0000
14559.082,-10.8701,1.0000
14560.547,-10.8704,1.0000
14562.012,-10.8706,1.0000
14563.477,-10.8704,1.0000
14564.941,-10.8705,1.0000
14566.406,-10.8701,1.0000
14567.871,-10.8706,1.0000
14569.336,-10.8704,1.0000
14570.801,-10.8704,1.0000
14572.266,-10.8707,1.0000
14573.730,-10.8706,1.0000
14575.195,-10.8705,1.0000
14576.660,-10.8702,1.0000
14578.125,-10.8703,1.0000
14579.590,-10.8705,1.0000
14581.055,-10.8705,1.0000
14582.520,-10.8700,1.0000
14583.984,-10.8701,1.0000
14585.449,-10.8700,1.0000
14586.914,-10.8696,1.0000
14588.379,-10.8698,1.0000
14589.844,-10.8700,1.0000
14591.309,-10.8700,1.0000
14592.773,-10.8699,1.0000
14594.238,-10.8700,1.0000
14595.703,-10.8696,1.0000
14597.168,-10.8696,1.0000
14598.633,-10.8695,1.0000
14600.098,-10.8695,1.0000
14601.562,-10.8695,1.0000
14603.027,-10.8695,1.0000
14604.492,-10.8695,1.0000
14605.957,-10.8693,1.0000
14607.422,-10.8693,1.0000
14608.887,-10.8691,1.0000
14610.352,-10.8689,1.0000
14611.816,-10.8691,0.9999
14613.281,-10.8691,0.9999
14614.746,-10.8687,0.9999
14616.211,-10.8687,0.9999
14617.676,-10.8684,0.9999
14619.141,-10.8685,0.9999
14620.605,-10.8683,0.9999
14622.070,-10.8679,0.9999
14623.535,-10.8678,0.9999
14625.000,-10.8677,0.9999
14626.465,-10.8677,0.9999
14627.930,-10.8675,0.9999
14629.395,-10.8673,0.9999
14630.859,-10.8671,0.9999
14632.324,-10.8674,0.9999
14633.789,-10.8670,0.9999
14635.254,-10.8667,0.9999
14636.719,-10.8668,0.9999
14638.184,-10.8670,0.9999
14639.648,-10.8668,0.9999
14641.113,-10.8664,0.9999
14642.578,-10.8665,0.9999
14644.043,-10.8664,0.9999
14645.508,-10.8659,0.9999
14646.973,-10.8655,0.9999
14648.438,-10.8654,0.9999
14649.902,-10.8656,0.9999
14651.367,-10.8655,0.9999
14652.832,-10.8655,0.9999
14654.297,-10.8653,0.9999
14655.762,-10.8653,0.9999
14657.227,-10.8647,0.9999
14658.691,-10.8642,0.9999
14660.156,-10.8647,0.9999
14661.621,-10.8645,0.9999
14663.086,-10.8642,0.9999
14664.551,-10.8635,0.9999
14666.016,-10.8632,0.9999
14667.480,-10.8632,0.9999
14668.945,-10.8636,0.9999
14670.410,-10.8633,0.9999
14671.875,-10.8631,0.9999
14673.340,-10.8632,0.9999
14674.805,-10.8633,0.9999
14676.270,-10.8627,0.9999
14677.734,-10.8626,0.9999
14679.199,-10.8626,0.9999
14680.664,-10.8622,0.9999
14682.129,-10.8622,0.9999
14683.594,-10.8623,0.9999
14685.059,-10.8618,0.9999
14686.523,-10.8613,0.9999
14687.988,-10.8609,0.9999
14689.453,-10.8609,0.9999
14690.918,-10.8609,0.9999
14692.383,-10.8605,0.9999
14693.848,-10.8608,0.9999
14695.312,-10.8610,0.9999
14696.777,-10.8599,0.9999
14698.242,-10.8593,0.9999
14699.707,-10.8599,0.9999
14701.172,-10.8599,0.9999
14702.637,-10.8597,0.9999
14704.102,-10.8593,0.9999
14705.566,-10.8590,0.9999
14707.031,-10.8586,0.9999
14708.496,-10.8589,0.9999
14709.961,-10.8585,0.9999
14711.426,-10.8581,0.9999
14712.891,-10.8583,0.9999
14714.355,-10.8582,0.9999
14715.820,-10.8575,0.9999
14717.285,-10.8575,0.9999
14718.750,-10.8576,0.9999
14720.215,-10.8567,0.9999
14721.680,-10.8564,0.9999
14723.145,-10.8564,0.9999
14724.609,-10.8569,0.9999
14726.074,-10.8565,0.9999
14727.539,-10.8558,0.9999
14729.004,-10.8560,0.9999
14730.469,-10.8556,0.9999
14731.934,-10.8557,0.9999
14733.398,-10.8553,0.9999
14734.863,-10.8548,0.9999
14736.328,-10.8548,0.9999
14737.793,-10.8540,0.9999
14739.258,-10.8542,0.9999
14740.723,-10.8546,0.9999
14742.188,-10.8537,0.9999
14743.652,-10.8530,0.9999
14745.117,-10.8532,0.9999
14746.582,-10.8532,0.9999
14748.047,-10.8527,0.9999
14749.512,-10.8522,0.9999
14750.977,-10.8522,0.9999
14752.441,-10.8517,0.9999
14753.906,-10.8516,0.9999
14755.371,-10.8515,0.9999
14756.836,-10.8511,0.9999
14758.301,-10.8514,0.9999
14759.766,-10.8511,0.9999
14761.230,-10.8504,0.9999
14762.695,-10.8503,0.9999
14764.160,-10.8494,0.9999
14765.625,-10.8495,0.9999
14767.090,-10.8487,0.9999
14768.555,-10.8483,0.9999
14770.020,-10.8491,0.9999
14771.484,-10.8483,0.9999
14772.949,-10.8478,0.9999
14774.414,-10.8477,0.9999
14775.879,-10.8474,0.9999
14777.344,-10.8473,0.9999
14778.809,-10.8476,0.9999
14780.273,-10.8474,0.9999
14781.738,-10.8460,0.9999
14783.203,-10.8455,0.9999
14784.668,-10.8455,0.9999
14786.133,-10.8458,0.9999
14787.598,-10.8449,0.9999
14789.062,-10.8443,0.9999
14790.527,-10.8447,0.9999
14791.992,-10.8439,0.9999
14793.457,-10.8437,0.9999
14794.922,-10.8435,0.9999
14796.387,-10.8430,0.9999
14797.852,-10.8430,0.9999
14799.316,-10.8428,0.9999
14800.781,-10.8427,0.9999
14802.246,-10.8425,0.9999
14803.711,-10.8419,0.9999
14805.176,-10.8412,0.9999
14806.641,-10.8412,0.9999
14808.105,-10.8405,0.9999
14809.570,-10.8399,0.9999
14811.035,-10.8401,0.9999
14812.500,-10.8394,0.9999
14813.965,-10.8395,0.9999
14815.430,-10.8389,0.9999
14816.895,-10.8392,0.9999
14818.359,-10.8390,0.9999
14819.824,-10.8380,0.9999
14821.289,-10.8377,0.9999
14822.754,-10.8376,0.9999
14824.219,-10.8374,0.9999
14825.684,-10.8374,0.9999
14827.148,-10.8364,0.9999
14828.613,-10.8357,0.9999
14830.078,-10.8362,0.9999
14831.543,-10.8360,0.9999
14833.008,-10.8359,0.9999
14834.473,-10.8355,0.9999
14835.938,-10.8347,0.9999
14837.402,-10.8342,0.9999
14838.867,-10.8345,0.9999
14840.332,-10.8342,0.9999
14841.797,-10.8337,0.9999
14843.262,-10.8328,0.9999
14844.727,-10.8331,0.9999
14846.191,-10.8323,0.9999
14847.656,-10.8325,0.9999
14849.121,-10.8323,0.9999
14850.586,-10.8322,0.9999
14852.051,-10.8316,0.9999
14853.516,-10.8308,0.9999
14854.980,-10.8311,0.9999
14856.445,-10.8304,0.9999
14857.910,-10.8299,0.9999
14859.375,-10.8300,0.9999
14860.840,-10.8297,0.9999
14862.305,-10.8295,0.9999
14863.770,-10.8295,0.9999
14865.234,-10.8286,0.9999
14866.699,-10.8287,0.9999
14868.164,-10.8283,0.9999
14869.629,-10.8281,0.9999
14871.094,-10.8285,0.9999
14872.559,-10.8277,0.9999
14874.023,-10.8272,0.9999
14875.488,-10.8266,0.9999
14876.953,-10.8262,0.9999
14878.418,-10.8258,0.9999
14879.883,-10.8259,0.9999
14881.348,-10.8262,0.9999
14882.812,-10.8258,0.9999
14884.277,-10.8251,0.9999
14885.742,-10.8247,0.9999
14887.207,-10.8239,0.9999
14888.672,-10.8245,0.9999
14890.137,-10.8241,0.9999
14891.602,-10.8241,0.9999
14893.066,-10.8238,0.9999
14894.531,-10.8240,0.9999
14895.996,-10.8227,0.9999
14897.461,-10.8228,0.9999
14898.926,-10.8228,0.9999
14900.391,-10.8220,0.9999
14901.855,-10.8215,0.9999
14903.320,-10.8215,0.9999
14904.785,-10.8217,0.9999
14906.250,-10.8212,0.9999
14907.715,-10.8207,0.9999
14909.180,-10.8205,0.9999
14910.645,-10.8208,0.9999
14912.109,-10.8201,0.9999
14913.574,-10.8195,0.9999
14915.039,-10.8192,0.9999
14916.504,-10.8199,0.9999
14917.969,-10.8190,0.9999
14919.434,-10.8194,0.9999
14920.898,-10.8190,0.9999
14922.363,-10.8187,0.9999
14923.828,-10.8182,0.9999
14925.293,-10.8183,0.9999
14926.758,-10.8183,0.9999
14928.223,-10.8178,0.9999
14929.688,-10.8176,0.9999
14931.152,-10.8172,0.9999
14932.617,-10.8172,0.9999
14934.082,-10.8173,0.9999
14935.547,-10.8170,0.9999
14937.012,-10.8175,0.9999
14938.477,-10.8167,0.9999
14939.941,-10.8164,0.9999
14941.406,-10.8158,0.9999
14942.871,-10.8157,0.9999
14944.336,-10.8157,0.9999
14945.801,-10.8158,0.9999
14947.266,-10.8152,0.9999
14948.730,-10.8157,0.9999
14950.195,-10.8153,0.9999
14951.660,-10.8153,0.9999
14953.125,-10.8154,0.9999
14954.590,-10.8149,0.9999
14956.055,-10.8140,0.9999
14957.520,-10.8144,0.9999
14958.984,-10.8142,0.9999
14960.449,-10.8136,0.9999
14961.914,-10.8134,0.9999
14963.379,-10.8131,0.9999
14964.844,-10.8132,0.9999
14966.309,-10.8130,0.9999
14967.773,-10.8129,0.9999
14969.238,-10.8119,0.9999
14970.703,-10.8122,0.9999
14972.168,-10.8125,0.9999
14973.633,-10.8122,0.9999
14975.098,-10.8122,0.9999
14976.562,-10.8117,0.9999
14978.027,-10.8113,0.9999
14979.492,-10.8116,0.9999
14980.957,-10.8112,0.9999
14982.422,-10.8114,0.9999
14983.887,-10.8114,0.9999
14985.352,-10.8113,0.9999
14986.816,-10.8116,0.9999
14988.281,-10.8114,0.9999
14989.746,-10.8105,1.0000
14991.211,-10.8108,1.0000
14992.676,-10.8106,1.0000
14994.141,-10.8111,1.0000
14995.605,-10.8105,1.0000
14997.070,-10.8100,1.0000
14998.535,-10.8102,1.0000
15000.000,-10.8099,1.0000
15001.465,-10.8099,1.0000
15002.930,-10.8107,1.0000
15004.395,-10.8097,1.0000
15005.859,-10.8099,1.0000
15007.324,-10.8098,1.0000
15008.789,-10.8093,1.0000
15010.254,-10.8092,1.0000
15011.719,-10.8094,1.0000
15013.184,-10.8092,1.0000
15014.648,-10.8094,1.0000
15016.113,-10.8095,1.0000
15017.578,-10.8090,1.0000
15019.043,-10.8084,1.0000
15020.508,-10.8090,1.0000
15021.973,-10.8091,1.0000
15023.438,-10.8090,1.0000
15024.902,-10.8091,1.0000
15026.367,-10.8089,1.0000
15027.832,-10.8084,1.0000
15029.297,-10.8086,1.0000
15030.762,-10.8089,1.0000
15032.227,-10.8083,1.0000
15033.691,-10.8081,1.0000
15035.156,-10.8079,1.0000
15036.621,-10.8085,1.0000
15038.086,-10.8089,1.0000
15039.551,-10.8087,1.0000
15041.016,-10.8078,1.0000
15042.480,-10.8079,1.0000
15043.945,-10.8081,1.0000
15045.410,-10.8077,1.0000
15046.875,-10.8077,1.0000
15048.340,-10.8079,1.0000
15049.805,-10.8077,1.0000
15051.270,-10.8078,1.0000
15052.734,-10.8081,1.0000
15054.199,-10.8081,1.0000
15055.664,-10.8078,1.0000
15057.129,-10.8078,1.0000
15058.594,-10.8071,1.0000
15060.059,-10.8075,1.0000
15061.523,-10.8079,1.0000
15062.988,-10.8078,1.0000
15064.453,-10.8077,1.0000
15065.918,-10.8075,1.0000
15067.383,-10.8076,1.0000
15068.848,-10.8077,1.0000
15070.312,-10.8076,1.0000
15071.777,-10.8074,1.0000
15073.242,-10.8076,1.0000
15074.707,-10.8073,1.0000
15076.172,-10.8069,1.0000
15077.637,-10.8070,1.0000
15079.102,-10.8083,1.0000
15080.566,-10.8079,1.0000
15082.031,-10.8070,1.0000
15083.496,-10.8070,1.0000
15084.961,-10.8074,1.0000
15086.426,-10.8078,1.0000
15087.891,-10.8076,1.0000
15089.355,-10.8072,1.0000
15090.820,-10.8075,1.0000
15092.285,-10.8076,1.0000
15093.750,-10.8072,1.0000
15095.215,-10.8075,1.0000
15096.680,-10.8074,1.0000
15098.145,-10.8074,1.0000
15099.609,-10.8073,1.0000
15101.074,-10.8071,1.0000
15102.539,-10.8073,1.0000
15104.004,-10.8071,1.0000
15105.469,-10.8074,1.0000
15106.934,-10.8076,1.0000
15108.398,-10.8071,1.0000
15109.863,-10.8073,1.0000
15111.328,-10.8078,1.0000
15112.793,-10.8076,1.0000
15114.258,-10.8077,1.0000
15115.723,-10.8082,1.0000
15117.188,-10.8080,1.0000
15118.652,-10.8075,1.0000
15120.117,-10.8078,1.0000
15121.582,-10.8080,1.0000
15123.047,-10.8082,1.0000
15124.512,-10.8081,1.0000
15125.977,-10.8083,1.0000
15127.441,-10.8080,1.0000
15128.906,-10.8076,1.0000
15130.371,-10.8080,1.0000
15131.836,-10.8085,1.0000
15133.301,-10.8083,1.0000
15134.766,-10.8082,1.0000
15136.230,-10.8086,1.0000
15137.695,-10.8088,1.0000
15139.160,-10.8085,1.0000
15140.625,-10.8087,1.0000
15142.090,-10.8087,1.0000
15143.555,-10.8089,1.0000
15145.020,-10.8089,1.0000
15146.484,-10.8088,1.0000
15147.949,-10.8084,1.0000
15149.414,-10.8089,1.0000
15150.879,-10.8091,1.0000
15152.344,-10.8092,1.0000
15153.809,-10.8089,1.0000
15155.273,-10.8089,1.0000
15156.738,-10.8096,1.0000
15158.203,-10.8102,1.0000
15159.668,-10.8104,1.0000
15161.133,-10.8099,1.0000
15162.598,-10.8097,1.0000
15164.062,-10.8098,1.0000
15165.527,-10.8097,1.0000
15166.992,-10.8098,1.0000
15168.457,-10.8100,1.0000
15169.922,-10.8102,1.0000
15171.387,-10.8106,1.0000
15172.852,-10.8104,1.0000
15174.316,-10.8103,1.0000
15175.781,-10.8104,1.0000
15177.246,-10.8106,1.0000
15178.711,-10.8111,1.0000
15180.176,-10.8111,1.0000
15181.641,-10.8109,1.0000
15183.105,-10.8112,1.0000
15184.570,-10.8115,1.0000
15186.035,-10.8110,1.0000
15187.500,-10.8111,1.0000
15188.965,-10.8111,1.0000
15190.430,-10.8108,1.0000
15191.895,-10.8114,1.0000
15193.359,-10.8122,1.0000
15194.824,-10.8121,1.0000
15196.289,-10.8122,1.0000
15197.754,-10.8122,1.0000
15199.219,-10.8119,1.0000
15200.684,-10.8118,1.0000
15202.148,-10.8120,1.0000
15203.613,-10.8129,1.0000
15205.078,-10.8132,1.0000
15206.543,-10.8131,1.0000
15208.008,-10.8127,1.0000
15209.473,-10.8124,1.0000
15210.938,-10.8131,1.0000
15212.402,-10.8139,1.0000
15213.867,-10.8138,1.0000
15215.332,-10.8137,1.0000
15216.797,-10.8137,1.0000
15218.262,-10.8137,1.0000
15219.727,-10.8135,1.0000
15221.191,-10.8138,1.0000
15222.656,-10.8140,1.0000
15224.121,-10.8137,1.0000
15225.586,-10.8138,1.0000
15227.051,-10.8139,1.0000
15228.516,-10.8142,1.0000
15229.980,-10.8144,1.0000
15231.445,-10.8143,1.0000
15232.910,-10.8147,1.0000
15234.375,-10.8151,1.0000
15235.840,-10.8156,1.0000
15237.305,-10.8156,1.0000
15238.770,-10.8153,1.0000
15240.234,-10.8155,1.0000
15241.699,-10.8158,1.0000
15243.164,-10.8159,1.0000
15244.629,-10.8163,1.0000
15246.094,-10.8161,1.0000
15247.559,-10.8159,1.0000
15249.023,-10.8161,1.0000
15250.488,-10.8166,1.0000
15251.953,-10.8168,1.0000
15253.418,-10.8171,1.0000
15254.883,-10.8171,1.0000
15256.348,-10.8166,1.0000
15257.812,-10.8165,1.0000
15259.277,-10.8174,1.0000
15260.742,-10.8178,1.0000
15262.207,-10.8180,1.0000
15263.672,-10.8183,1.0000
15265.137,-10.8181,1.0000
15266.602,-10.8181,1.0000
15268.066,-10.8183,1.0000
15269.531,-10.8185,1.0000
15270.996,-10.8188,1.0000
15272.461,-10.8192,1.0000
15273.926,-10.8194,1.0000
15275.391,-10.8194,1.0000
15276.855,-10.8193,1.0000
15278.320,-10.8190,1.0000
15279.785,-10.8191,1.0000
15281.250,-10.8198,1.0000
15282.715,-10.8204,1.0000
15284.180,-10.8203,1.0000
15285.645,-10.8198,1.0000
15287.109,-10.8202,1.0000
15288.574,-10.8206,1.0000
15290.039,-10.8207,1.0000
15291.504,-10.8210,1.0000
15292.969,-10.8207,1.0000
15294.434,-10.8204,1.0000
15295.898,-10.8207,1.0000
15297.363,-10.8213,1.0000
15298.828,-10.8216,1.0000
15300.293,-10.8220,1.0000
15301.758,-10.8223,1.0000
15303.223,-10.8224,1.0000
15304.688,-10.8226,1.0000
15306.152,-10.8227,1.0000
15307.617,-10.8223,1.0000
15309.082,-10.8225,1.0000
15310.547,-10.8227,1.0000
15312.012,-10.8228,1.0000
15313.477,-10.8230,1.0000
15314.941,-10.8237,1.0000
15316.406,-10.8242,1.0000
15317.871,-10.8243,1.0000
15319.336,-10.8246,1.0000
15320.801,-10.8248,1.0000
15322.266,-10.8245,1.0000
15323.730,-10.8243,1.0000
15325.195,-10.8244,1.0000
15326.660,-10.8247,1.0000
15328.125,-10.8253,1.0000
15329.590,-10.8259,1.0000
15331.055,-10.8257,1.0000
15332.520,-10.8257,1.0000
15333.984,-10.8263,1.0000
15335.449,-10.8265,1.0000
15336.914,-10.8266,1.0000
15338.379,-10.8266,1.0000
15339.844,-10.8265,1.0000
15341.309,-10.8267,1.0000
15342.773,-10.8270,1.0000
15344.238,-10.8276,1.0000
15345.703,-10.8283,1.0000
15347.168,-10.8282,1.0000
15348.633,-10.8278,1.0000
15350.098,-10.8281,1.0000
15351.562,-10.8284,1.0000
15353.027,-10.8282,1.0000
15354.492,-10.8285,1.0000
15355.957,-10.8290,1.0000
15357.422,-10.8290,1.0000
15358.887,-10.8293,1.0000
15360.352,-10.8298,1.0000
15361.816,-10.8298,1.0000
15363.281,-10.8298,1.0000
15364.746,-10.8299,1.0000
15366.211,-10.8303,1.0000
15367.676,-10.8306,1.0000
15369.141,-10.8305,1.0000
15370.605,-10.8307,1.0000
15372.070,-10.8309,1.0000
15373.535,-10.8314,1.0000
15375.000,-10.8317,1.0000
15376.465,-10.8316,1.0000
15377.930,-10.8315,1.0000
15379.395,-10.8320,1.0000
15380.859,-10.8326,1.0000
15382.324,-10.8326,1.0000
15383.789,-10.8325,1.0000
15385.254,-10.8330,1.0000
15386.719,-10.8331,1.0000
15388.184,-10.8329,1.0000
15389.648,-10.8332,1.0000
15391.113,-10.8338,1.0000
15392.578,-10.8342,1.0000
15394.043,-10.8346,1.0000
15395.508,-10.8351,1.0000
15396.973,-10.8352,1.0000
15398.438,-10.8348,1.0000
15399.902,-10.8349,1.0000
15401.367,-10.8354,1.0000
15402.832,-10.8354,1.0000
15404.297,-10.8356,1.0000
15405.762,-10.8360,1.0000
15407.227,-10.8362,1.0000
15408.691,-10.8364,1.0000
15410.156,-10.8367,1.0000
15411.621,-10.8370,1.0000
15413.086,-10.8373,1.0000
15414.551,-10.8373,1.0000
15416.016,-10.8373,1.0000
15417.480,-10.8372,1.0000
15418.945,-10.8372,1.0000
15420.410,-10.8379,1.0000
15421.875,-10.8384,1.0000
15423.340,-10.8386,1.0000
15424.805,-10.8388,1.0000
15426.270,-10.8387,1.0000
15427.734,-10.8389,1.0000
15429.199,-10.8393,1.0000
15430.664,-10.8396,1.0000
15432.129,-10.8397,1.0000
15433.594,-10.8400,1.0000
15435.059,-10.8403,1.0000
15436.523,-10.8405,1.0000
15437.988,-10.8408,1.0000
15439.453,-10.8407,1.0000
15440.918,-10.8407,1.0000
15442.383,-10.8408,1.0000
15443.848,-10.8410,1.0000
15445.312,-10.8413,1.0000
15446.777,-10.8414,1.0000
15448.242,-10.8417,1.0000
15449.707,-10.8422,1.0000
15451.172,-10.8424,1.0000
15452.637,-10.8423,1.0000
15454.102,-10.8426,1.0000
15455.566,-10.8432,1.0000
15457.031,-10.8435,1.0000
15458.496,-10.8438,1.0000
15459.961,-10.8440,1.0000
15461.426,-10.8443,1.0000
15462.891,-10.8444,1.0000
15464.355,-10.8442,1.0000
15465.820,-10.8445,1.0000
15467.285,-10.8451,1.0000
15468.750,-10.8453,1.0000
15470.215,-10.8453,1.0000
15471.680,-10.8457,1.0000
15473.145,-10.8465,1.0000
15474.609,-10.8467,1.0000
15476.074,-10.8461,1.0000
15477.539,-10.8460,1.0000
15479.004,-10.8462,1.0000
15480.469,-10.8465,1.0000
15481.934,-10.8471,1.0000
15483.398,-10.8473,1.0000
15484.863,-10.8473,1.0000
15486.328,-10.8474,1.0000
15487.793,-10.8472,1.0000
15489.258,-10.8470,1.0000
15490.723,-10.8474,1.0000
15492.188,-10.8481,1.0000
15493.652,-10.8483,1.0000
15495.117,-10.8485,1.0000
15496.582,-10.8492,1.0000
15498.047,-10.8493,1.0000
15499.512,-10.8494,1.0000
15500.977,-10.8497,1.0000
15502.441,-10.8497,1.0000
15503.906,-10.8497,1.0000
15505.371,-10.8499,1.0000
15506.836,-10.8500,1.0000
15508.301,-10.8505,1.0000
15509.766,-10.8507,1.0000
15511.230,-10.8508,1.0000
15512.695,-10.8511,1.0000
15514.160,-10.8512,1.0000
15515.625,-10.8517,1.0000
15517.090,-10.8520,1.0000
15518.555,-10.8521,1.0000
15520.020,-10.8525,1.0000
15521.484,-10.8527,1.0000
15522.949,-10.8528,1.0000
15524.414,-10.8533,1.0000
15525.879,-10.8536,1.0000
15527.344,-10.8536,1.0000
15528.809,-10.8538,1.0000
15530.273,-10.8539,1.0000
15531.738,-10.8542,1.0000
15533.203,-10.8546,1.0000
15534.668,-10.8548,1.0000
15536.133,-10.8545,1.0000
15537.598,-10.8544,1.0000
15539.062,-10.8551,1.0000
15540.527,-10.8557,1.0000
15541.992,-10.8556,1.0000
15543.457,-10.8557,1.0000
15544.922,-10.8561,1.0000
15546.387,-10.8562,1.0000
15547.852,-10.8563,1.0000
15549.316,-10.8566,1.0000
15550.781,-10.8566,1.0000
15552.246,-10.8572,1.0000
15553.711,-10.8573,1.0000
15555.176,-10.8568,1.0000
15556.641,-10.8571,1.0000
15558.105,-10.8572,1.0000
15559.570,-10.8574,1.0000
15561.035,-10.8581,1.0000
15562.500,-10.8586,1.0000
15563.965,-10.8586,1.0000
15565.430,-10.8585,1.0000
15566.895,-10.8588,1.0000
15568.359,-10.8593,1.0000
15569.824,-10.8593,1.0000
15571.289,-10.8587,1.0000
15572.754,-10.8592,1.0000
15574.219,-10.8601,1.0000
15575.684,-10.8604,1.0000
15577.148,-10.8602,1.0000
15578.613,-10.8601,1.0000
15580.078,-10.8603,1.0000
15581.543,-10.8604,1.0000
15583.008,-10.8610,1.0000
15584.473,-10.8613,1.0000
15585.938,-10.8612,1.0000
15587.402,-10.8613,1.0000
15588.867,-10.8614,1.0000
15590.332,-10.8613,1.0000
15591.797,-10.8615,1.0000
15593.262,-10.8622,1.0000
15594.727,-10.8621,1.0000
15596.191,-10.8625,1.0000
15597.656,-10.8631,1.0000
15599.121,-10.8632,1.0000
15600.586,-10.8632,1.0000
15602.051,-10.8633,1.0000
15603.516,-10.8637,1.0000
15604.980,-10.8637,1.0000
15606.445,-10.8636,1.0000
15607.910,-10.8637,1.0000
15609.375,-10.8636,1.0000
15610.840,-10.8643,1.0000
15612.305,-10.8648,1.0000
15613.770,-10.8651,1.0000
15615.234,-10.8654,1.0000
15616.699,-10.8654,1.0000
15618.164,-10.8656,1.0000
15619.629,-10.8657,1.0000
15621.094,-10.8654,1.0000
15622.559,-10.8658,1.0000
15624.023,-10.8661,1.0000
15625.488,-10.8662,1.0000
15626.953,-10.8667,1.0000
15628.418,-10.8667,1.0000
15629.883,-10.8662,1.0000
15631.348,-10.8664,1.0000
15632.812,-10.8669,1.0000
15634.277,-10.8674,1.0000
15635.742,-10.8677,1.0000
15637.207,-10.8676,1.0000
15638.672,-10.8676,1.0000
15640.137,-10.8679,1.0000
15641.602,-10.8680,1.0000
15643.066,-10.8680,1.0000
15644.531,-10.8679,1.0000
15645.996,-10.8685,1.0000
15647.461,-10.8688,1.0000
15648.926,-10.8688,1.0000
15650.391,-10.8688,1.0000
15651.855,-10.8679,1.0000
15653.320,-10.8681,1.0000
15654.785,-10.8686,1.0000
15656.250,-10.8693,1.0000
15657.715,-10.8701,1.0000
15659.180,-10.8704,1.0000
15660.645,-10.8698,1.0000
15662.109,-10.8698,1.0000
15663.574,-10.8703,1.0000
15665.039,-10.8700,1.0000
15666.504,-10.8696,1.0000
15667.969,-10.8697,1.0000
15669.434,-10.8702,1.0000
15670.898,-10.8703,1.0000
15672.363,-10.8711,1.0000
15673.828,-10.8713,1.0000
15675.293,-10.8712,1.0000
15676.758,-10.8707,1.0000
15678.223,-10.8707,1.0000
15679.688,-10.8725,1.0000
15681.152,-10.8729,1.0000
15682.617,-10.8729,1.0000
15684.082,-10.8721,1.0000
15685.547,-10.8720,1.0000
15687.012,-10.8724,1.0000
15688.477,-10.8725,1.0000
15689.941,-10.8723,1.0000
15691.406,-10.8721,1.0000
15692.871,-10.8719,1.0000
15694.336,-10.8724,1.0000
15695.801,-10.8728,1.0000
15697.266,-10.8727,1.0000
15698.730,-10.8722,1.0000
15700.195,-10.8723,1.0000
15701.660,-10.8728,1.0000
15703.125,-10.8737,1.0000
15704.590,-10.8736,1.0000
15706.055,-10.8728,1.0000
15707.520,-10.8731,1.0000
15708.984,-10.8732,1.0000
15710.449,-10.8734,1.0000
15711.914,-10.8737,1.0000
15713.379,-10.8744,1.0000
15714.844,-10.8742,1.0000
15716.309,-10.8737,1.0000
15717.773,-10.8740,1.0000
15719.238,-10.8743,1.0000
15720.703,-10.8745,1.0000
15722.168,-10.8749,1.0000
15723.633,-10.8745,1.0000
15725.098,-10.8740,1.0000
15726.562,-10.8747,1.0000
15728.027,-10.8751,1.0000
15729.492,-10.8751,1.0000
15730.957,-10.8753,1.0000
15732.422,-10.8750,1.0000
15733.887,-10.8751,1.0000
15735.352,-10.8751,1.0000
15736.816,-10.8751,1.0000
15738.281,-10.8753,1.0000
15739.746,-10.8749,1.0000
15741.211,-10.8754,1.0000
15742.676,-10.8756,1.0000
15744.141,-10.8754,1.0000
15745.605,-10.8752,1.0000
15747.070,-10.8761,1.0000
15748.535,-10.8759,1.0000
15750.000,-10.8754,1.0000
15751.465,-10.8752,1.0000
15752.930,-10.8754,1.0000
15754.395,-10.8751,1.0000
15755.859,-10.8752,1.0000
15757.324,-10.8752,1.0000
15758.789,-10.8757,1.0000
15760.254,-10.8759,1.0000
15761.719,-10.8766,1.0000
15763.184,-10.8756,1.0000
15764.648,-10.8753,1.0000
15766.113,-10.8751,1.0000
15767.578,-10.8755,1.0000
15769.043,-10.8753,1.0000
15770.508,-10.8751,1.0000
15771.973,-10.8757,1.0000
15773.438,-10.8762,1.0000
15774.902,-10.8765,1.0000
15776.367,-10.8762,1.0000
15777.832,-10.8756,1.0000
15779.297,-10.8757,1.0000
15780.762,-10.8756,1.0000
15782.227,-10.8758,1.0000
15783.691,-10.8752,1.0000
15785.156,-10.8753,1.0000
15786.621,-10.8764,1.0000
15788.086,-10.8762,1.0000
15789.551,-10.8758,1.0000
15791.016,-10.8762,1.0000
15792.480,-10.8761,1.0000
15793.945,-10.8754,1.0000
15795.410,-10.8756,1.0000
15796.875,-10.8753,1.0000
15798.340,-10.8751,1.0000
15799.805,-10.8755,1.0000
15801.270,-10.8752,1.0000
15802.734,-10.8754,1.0000
15804.199,-10.8756,1.0000
15805.664,-10.8758,1.0000
15807.129,-10.8749,1.0000
15808.594,-10.8747,1.0000
15810.059,-10.8744,1.0000
15811.523,-10.8742,1.0000
15812.988,-10.8747,1.0000
15814.453,-10.8756,1.0000
15815.918,-10.8755,1.0000
15817.383,-10.8750,1.0000
15818.848,-10.8750,1.0000
15820.312,-10.8747,1.0000
15821.777,-10.8744,1.0000
15823.242,-10.8751,1.0000
15824.707,-10.8754,1.0000
15826.172,-10.8749,1.0000
15827.637,-10.8755,1.0000
15829.102,-10.8740,1.0000
15830.566,-10.8754,1.0000
15832.031,-10.8751,1.0000
15833.496,-10.8751,1.0000
15834.961,-10.8745,1.0000
15836.426,-10.8738,1.0000
15837.891,-10.8741,1.0000
15839.355,-10.8734,1.0000
15840.820,-10.8730,1.0000
15842.285,-10.8735,1.0000
15843.750,-10.8736,1.0000
15845.215,-10.8740,1.0000
15846.680,-10.8739,1.0000
15848.145,-10.8739,1.0000
15849.609,-10.8733,1.0000
15851.074,-10.8728,1.0000
15852.539,-10.8725,1.0000
15854.004,-10.8726,0.9999
15855.469,-10.8725,1.0000
15856.934,-10.8717,0.9999
15858.398,-10.8729,0.9999
15859.863,-10.8724,0.9999
15861.328,-10.8717,0.9999
15862.793,-10.8724,0.9999
15864.258,-10.8720,0.9999
15865.723,-10.8721,0.9999
15867.188,-10.8722,0.9999
15868.652,-10.8720,0.9999
15870.117,-10.8718,0.9999
15871.582,-10.8721,0.9999
15873.047,-10.8713,0.9999
15874.512,-10.8705,0.9999
15875.977,-10.8705,0.9999
15877.441,-10.8715,0.9999
15878.906,-10.8714,0.9999
15880.371,-10.8706,0.9999
15881.836,-10.8711,0.9999
15883.301,-10.8701,0.9999
15884.766,-10.8686,0.9999
15886.230,-10.8693,0.9999
15887.695,-10.8692,0.9999
15889.160,-10.8699,0.9999
15890.625,-10.8696,0.9999
15892.090,-10.8700,0.9999
15893.555,-10.8688,0.9999
15895.020,-10.8691,0.9999
15896.484,-10.8686,0.9999
15897.949,-10.8691,0.9999
15899.414,-10.8687,0.9999
15900.879,-10.8692,0.9999
15902.344,-10.8679,0.9999
15903.809,-10.8677,0.9999
15905.273,-10.8683,0.9999
15906.738,-10.8675,0.9999
15908.203,-10.8671,0.9999
15909.668,-10.8672,0.9999
15911.133,-10.8660,0.9999
15912.598,-10.8660,0.9999
15914.062,-10.8682,0.9999
15915.527,-10.8665,0.9999
15916.992,-10.8656,0.9999
15918.457,-10.8664,0.9999
15919.922,-10.8656,0.9999
15921.387,-10.8652,0.9999
15922.852,-10.8650,0.9999
15924.316,-10.8655,0.9999
15925.781,-10.8652,0.9999
15927.246,-10.8653,0.9999
15928.711,-10.8644,0.9999
15930.176,-10.8634,0.9999
15931.641,-10.8624,0.9999
15933.105,-10.8642,0.9999
15934.570,-10.8626,0.9999
15936.035,-10.8629,0.9999
15937.500,-10.8623,0.9999
15938.965,-10.8631,0.9999
15940.430,-10.8632,0.9999
15941.895,-10.8623,0.9999
15943.359,-10.8617,0.9999
15944.824,-10.8629,0.9999
15946.289,-10.8612,0.9999
15947.754,-10.8609,0.9999
15949.219,-10.8616,0.9999
15950.684,-10.8601,0.9999
15952.148,-10.8598,0.9999
15953.613,-10.8595,0.9999
15955.078,-10.8590,0.9999
15956.543,-10.8600,0.9999
15958.008,-10.8590,0.9999
15959.473,-10.8592,0.9999
15960.938,-10.8593,0.9999
15962.402,-10.8582,0.9999
15963.867,-10.8582,0.9999
15965.332,-10.8574,0.9999
15966.797,-10.8581,0.9999
15968.262,-10.8573,0.9999
15969.727,-10.8581,0.9999
15971.191,-10.8568,0.9999
15972.656,-10.8572,0.9999
15974.121,-10.8555,0.9999
15975.586,-10.8566,0.9999
15977.051,-10.8564,0.9999
15978.516,-10.8553,0.9999
15979.980,-10.8559,0.9999
15981.445,-10.8545,0.9999
15982.910,-10.8549,0.9999
15984.375,-10.8548,0.9999
15985.840,-10.8548,0.9999
15987.305,-10.8539,0.9999
15988.770,-10.8536,0.9999
15990.234,-10.8539,0.9999
15991.699,-10.8531,0.9999
15993.164,-10.8521,0.9999
15994.629,-10.8529,0.9999
15996.094,-10.8532,0.9999
15997.559,-10.8520,0.9999
15999.023,-10.8502,0.9999
16000.488,-10.8501,0.9999
16001.953,-10.8512,0.9999
16003.418,-10.8505,0.9999
16004.883,-10.8499,0.9999
16006.348,-10.8504,0.9999
16007.812,-10.8509,0.9999
16009.277,-10.8496,0.9999
16010.742,-10.8485,0.9999
16012.207,-10.8488,0.9999
16013.672,-10.8483,0.9999
16015.137,-10.8484,0.9999
16016.602,-10.8482,0.9999
16018.066,-10.8483,0.9999
16019.531,-10.8480,0.9999
16020.996,-10.8470,0.9999
16022.461,-10.8470,0.9999
16023.926,-10.8457,0.9999
16025.391,-10.8454,0.9999
16026.855,-10.8454,0.9999
16028.320,-10.8443,0.9999
16029.785,-10.8456,0.9999
16031.250,-10.8459,0.9999
16032.715,-10.8428,0.9999
16034.180,-10.8437,0.9999
16035.645,-10.8455,0.9999
16037.109,-10.8436,0.9999
16038.574,-10.8430,0.9999
16040.039,-10.8427,0.9999
16041.504,-10.8427,0.9999
16042.969,-10.8420,0.9999
16044.434,-10.8415,0.9999
16045.898,-10.8413,0.9999
16047.363,-10.8412,0.9999
16048.828,-10.8406,0.9999
16050.293,-10.8403,0.9999
16051.758,-10.8409,0.9999
16053.223,-10.8409,0.9999
16054.688,-10.8400,0.9999
16056.152,-10.8394,0.9999
16057.617,-10.8401,0.9999
16059.082,-10.8389,0.9999
16060.547,-10.8383,0.9999
16062.012,-10.8389,0.9999
16063.477,-10.8383,0.9999
16064.941,-10.8376,0.9999
16066.406,-10.8376,0.9999
16067.871,-10.8374,0.9999
16069.336,-10.8357,0.9999
16070.801,-10.8365,0.9999
16072.266,-10.8373,0.9999
16073.730,-10.8365,0.9999
16075.195,-10.8361,0.9999
16076.660,-10.8364,0.9999
16078.125,-10.8351,0.9999
16079.590,-10.8342,0.9999
16081.055,-10.8348,0.9999
16082.520,-10.8337,0.9999
16083.984,-10.8328,0.9999
16085.449,-10.8339,0.9999
16086.914,-10.8335,0.9999
16088.379,-10.8335,0.9999
16089.844,-10.8335,0.9999
16091.309,-10.8332,0.9999
16092.773,-10.8327,0.9999
16094.238,-10.8315,0.9999
16095.703,-10.8326,0.9999
16097.168,-10.8313,0.9999
16098.633,-10.8311,0.9999
16100.098,-10.8325,0.9999
16101.562,-10.8303,0.9999
16103.027,-10.8309,0.9999
16104.492,-10.8315,0.9999
16105.957,-10.8292,0.9999
16107.422,-10.8292,0.9999
16108.887,-10.8284,0.9999
16110.352,-10.8301,0.9999
16111.816,-10.8287,0.9999
16113.281,-10.8281,0.9999
16114.746,-10.8278,0.9999
16116.211,-10.8270,0.9999
16117.676,-10.8288,0.9999
16119.141,-10.8285,0.9999
16120.605,-10.8278,0.9999
16122.070,-10.8278,0.9999
16123.535,-10.8270,0.9999
16125.000,-10.8269,0.9999
16126.465,-10.8259,0.9999
16127.930,-10.8260,0.9999
16129.395,-10.8265,0.9999
16130.859,-10.8255,0.9999
16132.324,-10.8253,0.9999
16133.789,-10.8254,0.9999
16135.254,-10.8237,0.9999
16136.719,-10.8243,0.9999
16138.184,-10.8257,0.9999
16139.648,-10.8245,0.9999
16141.113,-10.8245,0.9999
16142.578,-10.8247,0.9999
16144.043,-10.8244,0.9999
16145.508,-10.8241,0.9999
16146.973,-10.8232,0.9999
16148.438,-10.8225,0.9999
16149.902,-10.8235,0.9999
16151.367,-10.8229,0.9999
16152.832,-10.8233,0.9999
16154.297,-10.8220,0.9999
16155.762,-10.8225,0.9999
16157.227,-10.8215,0.9999
16158.691,-10.8206,0.9999
16160.156,-10.8206,0.9999
16161.621,-10.8215,0.9999
16163.086,-10.8212,0.9999
16164.551,-10.8220,0.9999
16166.016,-10.8214,0.9999
16167.480,-10.8222,0.9999
16168.945,-10.8214,0.9999
16170.410,-10.8197,0.9999
16171.875,-10.8194,0.9999
16173.340,-10.8188,0.9999
16174.805,-10.8208,0.9999
16176.270,-10.8211,0.9999
16177.734,-10.8195,0.9999
16179.199,-10.8193,0.9999
16180.664,-10.8196,0.9999
16182.129,-10.8192,0.9999
16183.594,-10.8193,0.9999
16185.059,-10.8200,0.9999
16186.523,-10.8192,0.9999
16187.988,-10.8174,0.9999
16189.453,-10.8170,0.9999
16190.918,-10.8185,0.9999
16192.383,-10.8195,0.9999
16193.848,-10.8172,0.9999
16195.312,-10.8179,0.9999
16196.777,-10.8182,0.9999
16198.242,-10.8184,0.9999
16199.707,-10.8178,0.9999
16201.172,-10.8180,0.9999
16202.637,-10.8186,0.9999
16204.102,-10.8185,0.9999
16205.566,-10.8180,0.9999
16207.031,-10.8176,0.9999
16208.496,-10.8176,0.9999
16209.961,-10.8166,0.9999
16211.426,-10.8166,0.9999
16212.891,-10.8178,0.9999
16214.355,-10.8168,0.9999
16215.820,-10.8168,0.9999
16217.285,-10.8166,0.9999
16218.750,-10.8158,0.9999
16220.215,-10.8169,0.9999
16221.680,-10.8178,0.9999
16223.145,-10.8165,0.9999
16224.609,-10.8148,0.9999
16226.074,-10.8167,0.9999
16227.539,-10.8166,0.9999
16229.004,-10.8169,0.9999
16230.469,-10.8164,0.9999
16231.934,-10.8169,0.9999
16233.398,-10.8169,0.9999
16234.863,-10.8157,0.9999
16236.328,-10.8164,0.9999
16237.793,-10.8168,0.9999
16239.258,-10.8167,0.9999
16240.723,-10.8154,0.9999
16242.188,-10.8153,0.9999
16243.652,-10.8164,0.9999
16245.117,-10.8161,0.9999
16246.582,-10.8158,0.9999
16248.047,-10.8162,0.9999
16249.512,-10.8164,0.9999
16250.977,-10.8169,0.9999
16252.441,-10.8154,0.9999
16253.906,-10.8157,0.9999
16255.371,-10.8160,0.9999
16256.836,-10.8162,0.9999
16258.301,-10.8168,0.9999
16259.766,-10.8163,0.9999
16261.230,-10.8170,0.9999
16262.695,-10.8168,0.9999
16264.160,-10.8164,0.9999
16265.625,-10.8159,0.9999
16267.090,-10.8164,1.0000
16268.555,-10.8165,0.9999
16270.020,-10.8143,1.0000
16271.484,-10.8161,1.0000
16272.949,-10.8160,1.0000
16274.414,-10.8165,1.0000
16275.879,-10.8177,1.0000
16277.344,-10.8158,1.0000
16278.809,-10.8154,1.0000
16280.273,-10.8170,1.0000
16281.738,-10.8172,1.0000
16283.203,-10.8164,1.0000
16284.668,-10.8167,1.0000
16286.133,-10.8174,1.0000
16287.598,-10.8170,1.0000
16289.062,-10.8168,1.0000
16290.527,-10.8171,1.0000
16291.992,-10.8186,1.0000
16293.457,-10.8180,1.0000
16294.922,-10.8181,1.0000
16296.387,-10.8172,1.0000
16297.852,-10.8179,1.0000
16299.316,-10.8196,1.0000
16300.781,-10.8191,1.0000
16302.246,-10.8175,1.0000
16303.711,-10.8178,1.0000
16305.176,-10.8186,1.0000
16306.641,-10.8185,1.0000
16308.105,-10.8189,1.0000
16309.570,-10.8193,1.0000
16311.035,-10.8184,1.0000
16312.500,-10.8190,1.0000
16313.965,-10.8198,1.0000
16315.430,-10.8198,1.0000
16316.895,-10.8204,1.0000
16318.359,-10.8198,1.0000
16319.824,-10.8200,1.0000
16321.289,-10.8202,1.0000
16322.754,-10.8194,1.0000
16324.219,-10.8195,1.0000
16325.684,-10.8194,1.0000
16327.148,-10.8205,1.0000
16328.613,-10.8202,1.0000
16330.078,-10.8201,1.0000
16331.543,-10.8211,1.0000
16333.008,-10.8207,1.0000
16334.473,-10.8200,1.0000
16335.938,-10.8207,1.0000
16337.402,-10.8211,1.0000
16338.867,-10.8213,1.0000
16340.332,-10.8215,1.0000
16341.797,-10.8218,1.0000
16343.262,-10.8216,1.0000
16344.727,-10.8211,1.0000
16346.191,-10.8223,1.0000
16347.656,-10.8235,1.0000
16349.121,-10.8229,1.0000
16350.586,-10.8224,1.0000
16352.051,-10.8215,1.0000
16353.516,-10.8211,1.0000
16354.980,-10.8229,1.0000
16356.445,-10.8229,1.0000
16357.910,-10.8238,1.0000
16359.375,-10.8234,1.0000
16360.840,-10.8231,1.0000
16362.305,-10.8239,1.0000
16363.770,-10.8240,1.0000
16365.234,-10.8243,1.0000
16366.699,-10.8249,1.0000
16368.164,-10.8245,1.0000
16369.629,-10.8246,1.0000
16371.094,-10.8251,1.0000
16372.559,-10.8244,1.0000
16374.023,-10.8256,1.0000
16375.488,-10.8262,1.0000
16376.953,-10.8263,1.0000
16378.418,-10.8260,1.0000
16379.883,-10.8261,1.0000
16381.348,-10.8272,1.0000
16382.812,-10.8272,1.0000
16384.277,-10.8263,1.0000
16385.742,-10.8267,1.0000
16387.207,-10.8267,1.0000
16388.672,-10.8276,1.0000
16390.137,-10.8292,1.0000
16391.602,-10.8273,1.0000
16393.066,-10.8281,1.0000
16394.531,-10.8284,1.0000
16395.996,-10.8285,1.0000
16397.461,-10.8291,1.0000
16398.926,-10.8296,1.0000
16400.391,-10.8291,1.0000
16401.855,-10.8292,1.0000
16403.320,-10.8307,1.0000
16404.785,-10.8305,1.0000
16406.250,-10.8295,1.0000
16407.715,-10.8294,1.0000
16409.180,-10.8298,1.0000
16410.645,-10.8306,1.0000
16412.109,-10.8309,1.0000
16413.574,-10.8309,1.0000
16415.039,-10.8312,1.0000
16416.504,-10.8312,1.0000
16417.969,-10.8311,1.0000
16419.434,-10.8309,1.0000
16420.898,-10.8319,1.0000
16422.363,-10.8321,1.0000
16423.828,-10.8328,1.0000
16425.293,-10.8335,1.0000
16426.758,-10.8334,1.0000
16428.223,-10.8334,1.0000
16429.688,-10.8338,1.0000
16431.152,-10.8340,1.0000
16432.617,-10.8340,1.0000
16434.082,-10.8351,1.0000
16435.547,-10.8350,1.0000
16437.012,-10.8355,1.0000
16438.477,-10.8360,1.0000
16439.941,-10.8358,1.0000
16441.406,-10.8358,1.0000
16442.871,-10.8352,1.0000
16444.336,-10.8357,1.0000
16445.801,-10.8362,1.0000
16447.266,-10.8361,1.0000
16448.730,-10.8376,1.0000
16450.195,-10.8387,1.0000
16451.660,-10.8381,1.0000
16453.125,-10.8378,1.0000
16454.590,-10.8379,1.0000
16456.055,-10.8380,1.0000
16457.520,-10.8385,1.0000
16458.984,-10.8391,1.0000
16460.449,-10.8388,1.0000
16461.914,-10.8388,1.0000
16463.379,-10.8392,1.0000
16464.844,-10.8392,1.0000
16466.309,-10.8397,1.0000
16467.773,-10.8406,1.0000
16469.238,-10.8412,1.0000
16470.703,-10.8419,1.0000
16472.168,-10.8420,1.0000
16473.633,-10.8421,1.0000
16475.098,-10.8414,1.0000
16476.562,-10.8424,1.0000
16478.027,-10.8431,1.0000
16479.492,-10.8423,1.0000
16480.957,-10.8429,1.0000
16482.422,-10.8440,1.0000
16483.887,-10.8441,1.0000
16485.352,-10.8438,1.0000
16486.816,-10.8443,1.0000
16488.281,-10.8444,1.0000
16489.746,-10.8446,1.0000
16491.211,-10.8452,1.0000
16492.676,-10.8458,1.0000
16494.141,-10.8468,1.0000
16495.605,-10.8474,1.0000
16497.070,-10.8466,1.0000
16498.535,-10.8462,1.0000
16500.000,-10.8463,1.0000
16501.465,-10.8465,1.0000
16502.930,-10.8475,1.0000
16504.395,-10.8472,1.0000
16505.859,-10.8473,1.0000
16507.324,-10.8483,1.0000
16508.789,-10.8475,1.0000
16510.254,-10.8481,1.0000
16511.719,-10.8498,1.0000
16513.184,-10.8505,1.0000
16514.648,-10.8504,1.0000
16516.113,-10.8501,1.0000
16517.578,-10.8501,1.0000
16519.043,-10.8507,1.0000
16520.508,-10.8514,1.0000
16521.973,-10.8521,1.0000
16523.438,-10.8524,1.0000
16524.902,-10.8525,1.0000
16526.367,-10.8525,1.0000
16527.832,-10.8529,1.0000
16529.297,-10.8528,1.0000
16530.762,-10.8525,1.0000
16532.227,-10.8531,1.0000
16533.691,-10.8535,1.0000
16535.156,-10.8539,1.0000
16536.621,-10.8551,1.0000
16538.086,-10.8564,1.0000
16539.551,-10.8560,1.0000
16541.016,-10.8563,1.0000
16542.480,-10.8564,1.0000
16543.945,-10.8563,1.0000
16545.410,-10.8569,1.0000
16546.875,-10.8577,1.0000
16548.340,-10.8578,1.0000
16549.805,-10.8574,1.0000
16551.270,-10.8577,1.0000
16552.734,-10.8584,1.0000
16554.199,-10.8593,1.0000
16555.664,-10.8590,1.0000
16557.129,-10.8593,1.0000
16558.594,-10.8598,1.0000
16560.059,-10.8599,1.0000
16561.523,-10.8604,1.0000
16562.988,-10.8614,1.0000
16564.453,-10.8616,1.0000
16565.918,-10.8611,1.0000
16567.383,-10.8617,1.0000
16568.848,-10.8623,1.0000
16570.312,-10.8627,1.0000
16571.777,-10.8628,1.0000
16573.242,-10.8630,1.0000
16574.707,-10.8639,1.0000
16576.172,-10.8642,1.0000
16577.637,-10.8635,1.0000
16579.102,-10.8633,1.0000
16580.566,-10.8637,1.0000
16582.031,-10.8647,1.0000
16583.496,-10.8657,1.0000
16584.961,-10.8656,1.0000
16586.426,-10.8657,1.0000
16587.891,-10.8666,1.0000
16589.355,-10.8672,1.0000
16590.820,-10.8667,1.0000
16592.285,-10.8669,1.0000
16593.750,-10.8680,1.0000
16595.215,-10.8677,1.0000
16596.680,-10.8679,1.0000
16598.145,-10.8685,1.0000
16599.609,-10.8688,1.0000
16601.074,-10.8691,1.0000
16602.539,-10.8695,1.0000
16604.004,-10.8697,1.0000
16605.469,-10.8706,1.0000
16606.934,-10.8713,1.0000
16608.398,-10.8718,1.0000
16609.863,-10.8726,1.0000
16611.328,-10.8724,1.0000
16612.793,-10.8722,1.0000
16614.258,-10.8724,1.0000
16615.723,-10.8723,1.0000
16617.188,-10.8729,1.0000
16618.652,-10.8735,1.0000
16620.117,-10.8736,1.0000
16621.582,-10.8739,1.0000
16623.047,-10.8744,1.0000
16624.512,-10.8748,1.0000
16625.977,-10.8750,1.0000
16627.441,-10.8753,1.0000
16628.906,-10.8757,1.0000
16630.371,-10.8768,1.0000
16631.836,-10.8770,1.0000
16633.301,-10.8769,1.0000
16634.766,-10.8770,1.0000
16636.230,-10.8774,1.0000
16637.695,-10.8779,1.0000
16639.160,-10.8787,1.0000
16640.625,-10.8796,1.0000
16642.090,-10.8795,1.0000
16643.555,-10.8802,1.0000
16645.020,-10.8815,1.0000
16646.484,-10.8818,1.0000
16647.949,-10.8815,1.0000
16649.414,-10.8813,1.0000
16650.879,-10.8816,1.0000
16652.344,-10.8819,1.0000
16653.809,-10.8824,1.0000
16655.273,-10.8829,1.0000
16656.738,-10.8831,1.0000
16658.203,-10.8841,1.0000
16659.668,-10.8850,1.0000
16661.133,-10.8847,1.0000
16662.598,-10.8844,1.0000
16664.062,-10.8844,1.0000
16665.527,-10.8850,1.0000
16666.992,-10.8860,1.0000
16668.457,-10.8867,1.0000
16669.922,-10.8871,1.0000
16671.387,-10.8873,1.0000
16672.852,-10.8876,1.0000
16674.316,-10.8875,1.0000
16675.781,-10.8878,1.0000
16677.246,-10.8886,1.0000
16678.711,-10.8889,1.0000
16680.176,-10.8888,1.0000
16681.641,-10.8891,1.0000
16683.105,-10.8906,1.0000
16684.570,-10.8913,1.0000
16686.035,-10.8908,1.0000
16687.500,-10.8915,1.0000
16688.965,-10.8923,1.0000
16690.430,-10.8922,1.0000
16691.895,-10.8927,1.0000
16693.359,-10.8938,1.0000
16694.824,-10.8944,1.0000
16696.289,-10.8949,1.0000
16697.754,-10.8951,1.0000
16699.219,-10.8950,1.0000
16700.684,-10.8958,1.0000
16702.148,-10.8970,1.0000
16703.613,-10.8972,1.0000
16705.078,-10.8967,1.0000
16706.543,-10.8958,1.0000
16708.008,-10.8956,1.0000
16709.473,-10.8971,1.0000
16710.938,-10.8986,1.0000
16712.402,-10.8991,1.0000
16713.867,-10.8994,1.0000
16715.332,-10.8998,1.0000
16716.797,-10.9001,1.0000
16718.262,-10.9001,1.0000
16719.727,-10.8997,1.0000
16721.191,-10.8998,1.0000
16722.656,-10.9005,1.0000
16724.121,-10.9012,1.0000
16725.586,-10.9025,1.0000
16727.051,-10.9034,1.0000
16728.516,-10.9032,1.0000
16729.980,-10.9033,1.0000
16731.445,-10.9040,1.0000
16732.910,-10.9044,1.0000
16734.375,-10.9047,1.0000
16735.840,-10.9049,1.0000
16737.305,-10.9049,1.0000
16738.770,-10.9050,1.0000
16740.234,-10.9049,1.0000
16741.699,-10.9049,1.0000
16743.164,-10.9058,1.0000
16744.629,-10.9071,1.0000
16746.094,-10.9084,1.0000
16747.559,-10.9088,1.0000
16749.023,-10.9084,1.0000
16750.488,-10.9084,1.0000
16751.953,-10.9087,1.0000
16753.418,-10.9095,1.0000
16754.883,-10.9112,1.0000
16756.348,-10.9120,1.0000
16757.812,-10.9119,1.0000
16759.277,-10.9123,1.0000
16760.742,-10.9128,1.0000
16762.207,-10.9130,1.0000
16763.672,-10.9132,1.0000
16765.137,-10.9139,1.0000
16766.602,-10.9142,1.0000
16768.066,-10.9143,1.0000
16769.531,-10.9156,1.0000
16770.996,-10.9164,1.0000
16772.461,-10.9167,1.0000
16773.926,-10.9172,1.0000
16775.391,-10.9170,1.0000
16776.855,-10.9167,1.0000
16778.320,-10.9173,1.0000
16779.785,-10.9180,1.0000
16781.250,-10.9184,1.0000
16782.715,-10.9192,1.0000
16784.180,-10.9200,1.0000
16785.645,-10.9206,1.0000
16787.109,-10.9209,1.0000
16788.574,-10.9209,1.0000
16790.039,-10.9215,1.0000
16791.504,-10.9219,1.0000
16792.969,-10.9218,1.0000
16794.434,-10.9221,1.0000
16795.898,-10.9231,1.0000
16797.363,-10.9244,1.0000
16798.828,-10.9247,1.0000
16800.293,-10.9250,1.0000
16801.758,-10.9257,1.0000
16803.223,-10.9254,1.0000
16804.688,-10.9247,1.0000
16806.152,-10.9249,1.0000
16807.617,-10.9249,1.0000
16809.082,-10.9254,1.0000
16810.547,-10.9268,1.0000
16812.012,-10.9274,1.0000
16813.477,-10.9272,1.0000
16814.941,-10.9280,1.0000
16816.406,-10.9286,1.0000
16817.871,-10.9291,1.0000
16819.336,-10.9298,1.0000
16820.801,-10.9301,1.0000
16822.266,-10.9307,1.0000
16823.730,-10.9313,1.0000
16825.195,-10.9313,1.0000
16826.660,-10.9311,1.0000
16828.125,-10.9312,1.0000
16829.590,-10.9319,1.0000
16831.055,-10.9324,1.0000
16832.520,-10.9337,1.0000
16833.984,-10.9344,1.0000
16835.449,-10.9342,1.0000
16836.914,-10.9345,1.0000
16838.379,-10.9347,1.0000
16839.844,-10.9343,1.0000
16841.309,-10.9349,1.0000
16842.773,-10.9358,1.0000
16844.238,-10.9367,1.0000
16845.703,-10.9374,1.0000
16847.168,-10.9371,1.0000
16848.633,-10.9374,1.0000
16850.098,-10.9388,1.0000
16851.562,-10.9393,1.0000
16853.027,-10.9390,1.0000
16854.492,-10.9393,1.0000
16855.957,-10.9405,1.0000
16857.422,-10.9416,1.0000
16858.887,-10.9416,1.0000
16860.352,-10.9418,1.0000
16861.816,-10.9419,1.0000
16863.281,-10.9422,1.0000
16864.746,-10.9430,1.0000
16866.211,-10.9438,1.0000
16867.676,-10.9449,1.0000
16869.141,-10.9455,1.0000
16870.605,-10.9450,1.0000
16872.070,-10.9441,1.0000
16873.535,-10.9450,1.0000
16875.000,-10.9462,1.0000
16876.465,-10.9469,1.0000
16877.930,-10.9476,1.0000
16879.395,-10.9481,1.0000
16880.859,-10.9483,1.0000
16882.324,-10.9486,1.0000
16883.789,-10.9492,1.0000
16885.254,-10.9498,1.0000
16886.719,-10.9507,1.0000
16888.184,-10.9520,1.0000
16889.648,-10.9515,1.0000
16891.113,-10.9515,1.0000
16892.578,-10.9519,1.0000
16894.043,-10.9523,1.0000
16895.508,-10.9534,1.0000
16896.973,-10.9534,1.0000
16898.438,-10.9531,1.0000
16899.902,-10.9535,1.0000
16901.367,-10.9548,1.0000
16902.832,-10.9564,1.0000
16904.297,-10.9563,1.0000
16905.762,-10.9563,1.0000
16907.227,-10.9568,1.0000
16908.691,-10.9574,1.0000
16910.156,-10.9578,1.0000
16911.621,-10.9581,1.0000
16913.086,-10.9584,1.0000
16914.551,-10.9596,1.0000
16916.016,-10.9607,1.0000
16917.480,-10.9604,1.0000
16918.945,-10.9610,1.0000
16920.410,-10.9620,1.0000
16921.875,-10.9625,1.0000
16923.340,-10.9623,1.0000
16924.805,-10.9624,1.0000
16926.270,-10.9633,1.0000
16927.734,-10.9646,1.0000
16929.199,-10.9647,1.0000
16930.664,-10.9641,1.0000
16932.129,-10.9643,1.0000
16933.594,-10.9657,1.0000
16935.059,-10.9673,1.0000
16936.523,-10.9682,1.0000
16937.988,-10.9687,1.0000
16939.453,-10.9683,1.0000
16940.918,-10.9680,1.0000
16942.383,-10.9675,1.0000
16943.848,-10.9685,1.0000
16945.312,-10.9702,1.0000
16946.777,-10.9705,1.0000
16948.242,-10.9712,1.0000
16949.707,-10.9724,1.0000
16951.172,-10.9734,1.0000
16952.637,-10.9745,1.0000
16954.102,-10.9739,1.0000
16955.566,-10.9742,1.0000
16957.031,-10.9742,1.0000
16958.496,-10.9749,1.0000
16959.961,-10.9754,1.0000
16961.426,-10.9762,1.0000
16962.891,-10.9771,1.0000
16964.355,-10.9767,1.0000
16965.820,-10.9777,1.0000
16967.285,-10.9794,1.0000
16968.750,-10.9803,1.0000
16970.215,-10.9804,1.0000
16971.680,-10.9804,1.0000
16973.145,-10.9801,1.0000
16974.609,-10.9808,1.0000
16976.074,-10.9822,1.0000
16977.539,-10.9827,1.0000
16979.004,-10.9823,1.0000
16980.469,-10.9836,1.0000
16981.934,-10.9853,1.0000
16983.398,-10.9859,1.0000
16984.863,-10.9855,1.0000
16986.328,-10.9852,1.0000
16987.793,-10.9865,1.0000
16989.258,-10.9886,1.0000
16990.723,-10.9897,1.0000
16992.188,-10.9890,1.0000
16993.652,-10.9887,1.0000
16995.117,-10.9884,1.0000
16996.582,-10.9895,1.0000
16998.047,-10.9906,1.0000
16999.512,-10.9919,1.0000
17000.977,-10.9922,1.0000
17002.441,-10.9917,1.0000
17003.906,-10.9929,1.0000
17005.371,-10.9944,1.0000
17006.836,-10.9957,1.0000
17008.301,-10.9957,1.0000
17009.766,-10.9958,1.0000
17011.230,-10.9968,1.0000
17012.695,-10.9974,1.0000
17014.160,-10.9977,1.0000
17015.625,-10.9980,1.0000
17017.090,-10.9991,1.0000
17018.555,-11.0007,1.0000
17020.020,-11.0014,1.0000
17021.484,-11.0013,1.0000
17022.949,-11.0020,1.0000
17024.414,-11.0020,1.0000
17025.879,-11.0035,1.0000
17027.344,-11.0056,1.0000
17028.809,-11.0056,1.0000
17030.273,-11.0049,1.0000
17031.738,-11.0056,1.0000
17033.203,-11.0067,1.0000
17034.668,-11.0080,1.0000
17036.133,-11.0093,1.0000
17037.598,-11.0086,1.0000
17039.062,-11.0075,1.0000
17040.527,-11.0093,1.0000
17041.992,-11.0114,1.0000
17043.457,-11.0106,1.0000
17044.922,-11.0105,1.0000
17046.387,-11.0125,1.0000
17047.852,-11.0135,1.0000
17049.316,-11.0130,1.0000
17050.781,-11.0136,1.0000
17052.246,-11.0163,1.0000
17053.711,-11.0157,1.0000
17055.176,-11.0154,1.0000
17056.641,-11.0175,1.0000
17058.105,-11.0182,1.0000
17059.570,-11.0179,1.0000
17061.035,-11.0183,1.0000
17062.500,-11.0184,1.0000
17063.965,-11.0196,1.0000
17065.430,-11.0203,1.0000
17066.895,-11.0208,1.0000
17068.359,-11.0219,1.0000
17069.824,-11.0224,1.0000
17071.289,-11.0233,1.0000
17072.754,-11.0245,1.0000
17074.219,-11.0262,1.0000
17075.684,-11.0260,1.0000
17077.148,-11.0255,1.0000
17078.613,-11.0266,1.0000
17080.078,-11.0281,1.0000
17081.543,-11.0279,1.0000
17083.008,-11.0272,1.0000
17084.473,-11.0289,1.0000
17085.938,-11.0323,1.0000
17087.402,-11.0323,1.0000
17088.867,-11.0329,1.0000
17090.332,-11.0330,1.0000
17091.797,-11.0326,1.0000
17093.262,-11.0326,1.0000
17094.727,-11.0341,1.0000
17096.191,-11.0356,1.0000
17097.656,-11.0359,1.0000
17099.121,-11.0359,1.0000
17100.586,-11.0353,1.0000
17102.051,-11.0371,1.0000
17103.516,-11.0406,1.0000
17104.980,-11.0394,1.0000
17106.445,-11.0408,1.0000
17107.910,-11.0420,1.0000
17109.375,-11.0417,1.0000
17110.840,-11.0426,1.0000
17112.305,-11.0425,1.0000
17113.770,-11.0431,1.0000
17115.234,-11.0439,1.0000
17116.699,-11.0449,1.0000
17118.164,-11.0470,1.0000
17119.629,-11.0469,1.0000
17121.094,-11.0459,1.0000
17122.559,-11.0480,1.0000
17124.023,-11.0490,1.0000
17125.488,-11.0496,1.0000
17126.953,-11.0502,1.0000
17128.418,-11.0515,1.0000
17129.883,-11.0511,1.0000
17131.348,-11.0521,1.0000
17132.812,-11.0534,1.0000
17134.277,-11.0540,1.0000
17135.742,-11.0562,1.0000
17137.207,-11.0580,1.0000
17138.672,-11.0562,1.0000
17140.137,-11.0564,1.0000
17141.602,-11.0593,1.0000
17143.066,-11.0600,1.0000
17144.531,-11.0606,1.0000
17145.996,-11.0605,1.0000
17147.461,-11.0620,1.0000
17148.926,-11.0633,1.0000
17150.391,-11.0622,1.0000
17151.855,-11.0642,1.0000
17153.320,-11.0626,1.0000
17154.785,-11.0637,1.0000
17156.250,-11.0655,1.0000
17157.715,-11.0652,1.0000
17159.180,-11.0668,1.0000
17160.645,-11.0680,1.0000
17162.109,-11.0672,1.0000
17163.574,-11.0690,1.0000
17165.039,-11.0709,1.0000
17166.504,-11.0701,1.0000
17167.969,-11.0728,1.0000
17169.434,-11.0718,1.0000
17170.898,-11.0729,1.0000
17172.363,-11.0733,1.0000
17173.828,-11.0737,1.0000
17175.293,-11.0746,1.0000
17176.758,-11.0760,1.0000
17178.223,-11.0752,1.0000
17179.688,-11.0767,1.0000
17181.152,-11.0784,1.0000
17182.617,-11.0777,1.0000
17184.082,-11.0790,1.0000
17185.547,-11.0810,1.0000
17187.012,-11.0812,1.0000
17188.477,-11.0808,1.0000
17189.941,-11.0824,1.0000
17191.406,-11.0836,1.0000
17192.871,-11.0817,0.9999
17194.336,-11.0859,1.0000
17195.801,-11.0868,1.0000
17197.266,-11.0861,0.9999
17198.730,-11.0863,1.0000
17200.195,-11.0872,0.9999
17201.660,-11.0893,1.0000
17203.125,-11.0888,0.9999
17204.590,-11.0898,1.0000
17206.055,-11.0907,0.9999
17207.520,-11.0912,0.9999
17208.984,-11.0920,0.9999
17210.449,-11.0941,0.9999
17211.914,-11.0931,0.9999
17213.379,-11.0931,0.9999
17214.844,-11.0953,0.9999
17216.309,-11.0964,0.9999
17217.773,-11.0976,0.9999
17219.238,-11.0975,0.9999
17220.703,-11.0972,0.9999
17222.168,-11.0998,0.9999
17223.633,-11.1012,0.9999
17225.098,-11.1027,0.9999
17226.562,-11.1036,0.9999
17228.027,-11.1033,0.9999
17229.492,-11.1013,0.9999
17230.957,-11.1032,0.9999
17232.422,-11.1028,0.9999
17233.887,-11.1059,0.9999
17235.352,-11.1076,0.9999
17236.816,-11.1079,0.9999
17238.281,-11.1069,0.9999
17239.746,-11.1087,0.9999
17241.211,-11.1122,0.9999
17242.676,-11.1123,0.9999
17244.141,-11.1117,0.9999
17245.605,-11.1146,0.9999
17247.070,-11.1133,0.9999
17248.535,-11.1124,0.9999
17250.000,-11.1140,0.9999
17251.465,-11.1148,0.9999
17252.930,-11.1146,0.9999
17254.395,-11.1171,0.9999
17255.859,-11.1185,0.9999
17257.324,-11.1192,0.9999
17258.789,-11.1188,0.9999
17260.254,-11.1179,0.9999
17261.719,-11.1202,0.9999
17263.184,-11.1192,0.9999
17264.648,-11.1210,0.9999
17266.113,-11.1205,0.9999
17267.578,-11.1237,0.9999
17269.043,-11.1242,0.9999
17270.508,-11.1253,0.9999
17271.973,-11.1271,0.9999
17273.438,-11.1266,0.9999
17274.902,-11.1283,0.9999
17276.367,-11.1302,0.9999
17277.832,-11.1300,0.9999
17279.297,-11.1305,0.9999
17280.762,-11.1313,0.9999
17282.227,-11.1319,0.9999
17283.691,-11.1327,0.9999
17285.156,-11.1346,0.9999
17286.621,-11.1324,0.9999
17288.086,-11.1343,0.9999
17289.551,-11.1349,0.9999
17291.016,-11.1364,0.9999
17292.480,-11.1365,0.9999
17293.945,-11.1368,0.9999
17295.410,-11.1367,0.9999
17296.875,-11.1379,0.9999
17298.340,-11.1382,0.9999
17299.805,-11.1394,0.9999
17301.270,-11.1412,0.9999
17302.734,-11.1422,0.9999
17304.199,-11.1444,0.9999
17305.664,-11.1450,0.9999
17307.129,-11.1463,0.9999
17308.594,-11.1456,0.9999
17310.059,-11.1476,0.9999
17311.523,-11.1461,0.9999
17312.988,-11.1490,0.9999
17314.453,-11.1496,0.9999
17315.918,-11.1478,0.9999
17317.383,-11.1502,0.9999
17318.848,-11.1509,0.9999
17320.312,-11.1522,0.9999
17321.777,-11.1538,0.9999
17323.242,-11.1534,0.9999
17324.707,-11.1558,0.9999
17326.172,-11.1554,0.9999
17327.637,-11.1559,0.9999
17329.102,-11.1572,0.9999
17330.566,-11.1587,0.9999
17332.031,-11.1589,0.9999
17333.496,-11.1603,0.9999
17334.961,-11.1622,0.9999
17336.426,-11.1610,0.9999
17337.891,-11.1611,0.9999
17339.355,-11.1637,0.9999
17340.820,-11.1634,0.9999
17342.285,-11.1648,0.9999
17343.750,-11.1665,0.9999
17345.215,-11.1661,0.9999
17346.680,-11.1656,0.9999
17348.145,-11.1667,0.9999
17349.609,-11.1682,0.9999
17351.074,-11.1685,0.9999
17352.539,-11.1703,0.9999
17354.004,-11.1710,0.9999
17355.469,-11.1702,0.9999
17356.934,-11.1722,0.9999
17358.398,-11.1733,0.9999
17359.863,-11.1749,0.9999
17361.328,-11.1739,0.9999
17362.793,-11.1745,0.9999
17364.258,-11.1737,0.9999
17365.723,-11.1758,0.9999
17367.188,-11.1798,0.9999
17368.652,-11.1797,0.9999
17370.117,-11.1804,0.9999
17371.582,-11.1787,0.9999
17373.047,-11.1832,0.9999
17374.512,-11.1809,0.9999
17375.977,-11.1843,0.9999
17377.441,-11.1836,0.9999
17378.906,-11.1849,0.9999
17380.371,-11.1868,0.9999
17381.836,-11.1853,0.9999
17383.301,-11.1858,0.9999
17384.766,-11.1883,0.9999
17386.230,-11.1894,0.9999
17387.695,-11.1882,0.9999
17389.160,-11.1908,0.9999
17390.625,-11.1899,0.9999
17392.090,-11.1932,0.9999
17393.555,-11.1943,0.9999
17395.020,-11.1932,0.9999
17396.484,-11.1949,0.9999
17397.949,-11.1967,0.9999
17399.414,-11.1986,0.9999
17400.879,-11.1982,0.9999
17402.344,-11.1992,0.9999
17403.809,-11.2009,0.9999
17405.273,-11.1986,0.9999
17406.738,-11.2030,0.9999
17408.203,-11.2020,0.9999
17409.668,-11.2036,0.9999
17411.133,-11.2026,0.9999
17412.598,-11.2031,0.9999
17414.062,-11.2060,0.9999
17415.527,-11.2089,0.9999
17416.992,-11.2067,0.9999
17418.457,-11.2076,0.9999
17419.922,-11.2075,0.9999
17421.387,-11.2087,0.9999
17422.852,-11.2095,0.9999
17424.316,-11.2095,0.9999
17425.781,-11.2113,0.9999
17427.246,-11.2115,0.9999
17428.711,-11.2157,0.9999
17430.176,-11.2167,0.9999
17431.641,-11.2174,0.9999
17433.105,-11.2167,0.9999
17434.570,-11.2167,0.9999
17436.035,-11.2180,0.9999
17437.500,-11.2209,0.9999
17438.965,-11.2188,0.9999
17440.430,-11.2198,0.9999
17441.895,-11.2231,0.9999
17443.359,-11.2256,0.9999
17444.824,-11.2262,0.9999
17446.289,-11.2250,0.9999
17447.754,-11.2264,0.9999
17449.219,-11.2273,0.9999
17450.684,-11.2265,0.9999
17452.148,-11.2274,0.9999
17453.613,-11.2297,0.9999
17455.078,-11.2312,0.9999
17456.543,-11.2328,0.9999
17458.008,-11.2319,0.9999
17459.473,-11.2306,0.9999
17460.938,-11.2320,0.9999
17462.402,-11.2341,0.9999
17463.867,-11.2382,0.9999
17465.332,-11.2381,0.9999
17466.797,-11.2383,0.9999
17468.262,-11.2386,0.9999
17469.727,-11.2396,0.9999
17471.191,-11.2392,0.9999
17472.656,-11.2386,0.9999
17474.121,-11.2419,0.9999
17475.586,-11.2450,0.9999
17477.051,-11.2447,0.9999
17478.516,-11.2451,0.9999
17479.980,-11.2479,0.9999
17481.445,-11.2481,0.9999
17482.910,-11.2492,0.9999
17484.375,-11.2514,0.9999
17485.840,-11.2503,0.9999
17487.305,-11.2520,0.9999
17488.770,-11.2529,0.9999
17490.234,-11.2565,0.9999
17491.699,-11.2566,0.9999
17493.164,-11.2572,0.9999
17494.629,-11.2583,0.9999
17496.094,-11.2576,0.9999
17497.559,-11.2592,0.9999
17499.023,-11.2603,0.9999
17500.488,-11.2619,0.9999
17501.953,-11.2617,0.9999
17503.418,-11.2634,0.9999
17504.883,-11.2666,0.9999
17506.348,-11.2679,0.9999
17507.812,-11.2664,0.9999
17509.277,-11.2687,0.9999
17510.742,-11.2698,0.9999
17512.207,-11.2711,0.9999
17513.672,-11.2707,0.9999
17515.137,-11.2719,0.9999
17516.602,-11.2711,0.9999
17518.066,-11.2753,0.9999
17519.531,-11.2779,0.9999
17520.996,-11.2768,0.9999
17522.461,-11.2767,0.9999
17523.926,-11.2796,0.9999
17525.391,-11.2803,0.9999
17526.855,-11.2811,0.9999
17528.320,-11.2819,0.9999
17529.785,-11.2828,0.9999
17531.250,-11.2849,0.9999
17532.715,-11.2858,0.9999
17534.180,-11.2883,0.9999
17535.645,-11.2875,0.9999
17537.109,-11.2896,0.9999
17538.574,-11.2889,0.9999
17540.039,-11.2908,0.9999
17541.504,-11.2922,0.9999
17542.969,-11.2929,0.9999
17544.434,-11.2940,0.9999
17545.898,-11.2949,0.9999
17547.363,-11.2977,0.9999
17548.828,-11.3000,0.9999
17550.293,-11.2995,0.9999
17551.758,-11.3018,0.9999
17553.223,-11.3039,0.9999
17554.688,-11.3038,0.9999
17556.152,-11.3050,0.9999
17557.617,-11.3062,0.9999
17559.082,-11.3095,0.9999
17560.547,-11.3101,0.9999
17562.012,-11.3104,0.9999
17563.477,-11.3112,0.9999
17564.941,-11.3139,0.9999
17566.406,-11.3143,0.9999
17567.871,-11.3155,0.9999
17569.336,-11.3181,0.9999
17570.801,-11.3179,0.9999
17572.266,-11.3165,0.9999
17573.730,-11.3202,0.9999
17575.195,-11.3206,0.9999
17576.660,-11.3216,0.9999
17578.125,-11.3240,0.9999
17579.590,-11.3263,0.9999
17581.055,-11.3261,0.9999
17582.520,-11.3280,0.9999
17583.984,-11.3294,0.9999
17585.449,-11.3308,0.9999
17586.914,-11.3331,0.9999
17588.379,-11.3336,0.9999
17589.844,-11.3321,0.9999
17591.309,-11.3347,0.9999
17592.773,-11.3367,0.9999
17594.238,-11.3409,0.9999
17595.703,-11.3431,0.9999
17597.168,-11.3428,0.9999
17598.633,-11.3420,0.9999
17600.098,-11.3424,0.9999
17601.562,-11.3440,0.9999
17603.027,-11.3462,0.9999
17604.492,-11.3472,0.9999
17605.957,-11.3515,0.9999
17607.422,-11.3523,0.9999
17608.887,-11.3502,0.9999
17610.352,-11.3535,0.9999
17611.816,-11.3560,0.9999
17613.281,-11.3565,0.9999
17614.746,-11.3585,0.9999
17616.211,-11.3590,0.9999
17617.676,-11.3611,0.9999
17619.141,-11.3621,0.9999
17620.605,-11.3642,0.9999
17622.070,-11.3662,0.9999
17623.535,-11.3665,0.9999
17625.000,-11.3682,0.9999
17626.465,-11.3686,0.9999
17627.930,-11.3712,0.9999
17629.395,-11.3721,0.9999
17630.859,-11.3725,0.9999
17632.324,-11.3762,0.9999
17633.789,-11.3780,0.9999
17635.254,-11.3785,0.9999
17636.719,-11.3800,0.9999
17638.184,-11.3831,0.9999
17639.648,-11.3825,0.9999
17641.113,-11.3841,0.9999
17642.578,-11.3854,0.9999
17644.043,-11.3886,0.9999
17645.508,-11.3897,0.9999
17646.973,-11.3912,0.9999
17648.438,-11.3936,0.9999
17649.902,-11.3947,0.9999
17651.367,-11.3951,0.9999
17652.832,-11.3976,0.9999
17654.297,-11.3991,0.9999
17655.762,-11.4016,1.0000
17657.227,-11.4030,0.9999
17658.691,-11.4032,0.9999
17660.156,-11.4062,1.0000
17661.621,-11.4079,1.0000
17663.086,-11.4100,0.9999
17664.551,-11.4098,1.0000
17666.016,-11.4126,0.9999
17667.480,-11.4150,1.0000
17668.945,-11.4142,1.0000
17670.410,-11.4152,1.0000
17671.875,-11.4175,1.0000
17673.340,-11.4180,1.0000
17674.805,-11.4228,1.0000
17676.270,-11.4245,1.0000
17677.734,-11.4258,1.0000
17679.199,-11.4272,1.0000
17680.664,-11.4282,1.0000
17682.129,-11.4308,1.0000
17683.594,-11.4325,1.0000
17685.059,-11.4346,1.0000
17686.523,-11.4366,1.0000
17687.988,-11.4358,1.0000
17689.453,-11.4406,1.0000
17690.918,-11.4415,1.0000
17692.383,-11.4406,1.0000
17693.848,-11.4431,1.0000
17695.312,-11.4460,1.0000
17696.777,-11.4478,1.0000
17698.242,-11.4519,1.0000
17699.707,-11.4529,1.0000
17701.172,-11.4539,1.0000
17702.637,-11.4565,1.0000
17704.102,-11.4592,1.0000
17705.566,-11.4611,1.0000
17707.031,-11.4606,1.0000
17708.496,-11.4631,1.0000
17709.961,-11.4642,1.0000
17711.426,-11.4647,1.0000
17712.891,-11.4657,1.0000
17714.355,-11.4703,1.0000
17715.820,-11.4716,1.0000
17717.285,-11.4755,1.0000
17718.750,-11.4752,1.0000
17720.215,-11.4763,1.0000
17721.680,-11.4788,1.0000
17723.145,-11.4813,1.0000
17724.609,-11.4845,1.0000
17726.074,-11.4872,1.0000
17727.539,-11.4883,1.0000
17729.004,-11.4882,1.0000
17730.469,-11.4906,1.0000
17731.934,-11.4927,1.0000
17733.398,-11.4956,1.0000
17734.863,-11.4989,1.0000
17736.328,-11.4990,1.0000
17737.793,-11.5001,1.0000
17739.258,-11.5022,1.0000
17740.723,-11.5043,1.0000
17742.188,-11.5056,1.0000
17743.652,-11.5073,1.0000
17745.117,-11.5093,1.0000
17746.582,-11.5133,1.0000
17748.047,-11.5166,1.0000
17749.512,-11.5149,1.0000
17750.977,-11.5174,1.0000
17752.441,-11.5194,1.0000
17753.906,-11.5222,1.0000
17755.371,-11.5254,1.0000
17756.836,-11.5260,1.0000
17758.301,-11.5290,1.0000
17759.766,-11.5298,1.0000
17761.230,-11.5310,1.0000
17762.695,-11.5337,1.0000
17764.160,-11.5353,1.0000
17765.625,-11.5367,1.0000
17767.090,-11.5396,1.0000
17768.555,-11.5426,1.0000
17770.020,-11.5436,1.0000
17771.484,-11.5468,1.0000
17772.949,-11.5501,1.0000
17774.414,-11.5509,1.0000
17775.879,-11.5519,1.0000
17777.344,-11.5563,1.0000
17778.809,-11.5576,1.0000
17780.273,-11.5594,1.0000
17781.738,-11.5622,1.0000
17783.203,-11.5647,1.0000
17784.668,-11.5656,1.0000
17786.133,-11.5658,1.0000
17787.598,-11.5700,1.0000
17789.062,-11.5711,1.0000
17790.527,-11.5721,1.0000
17791.992,-11.5756,1.0000
17793.457,-11.5800,1.0000
17794.922,-11.5825,1.0000
17796.387,-11.5839,1.0000
17797.852,-11.5857,1.0000
17799.316,-11.5859,1.0000
17800.781,-11.5885,1.0000
17802.246,-11.5918,1.0000
17803.711,-11.5957,1.0000
17805.176,-11.5977,1.0000
17806.641,-11.5979,1.0000
17808.105,-11.5992,1.0000
17809.570,-11.6013,1.0000
17811.035,-11.6040,1.0000
17812.500,-11.6074,1.0000
17813.965,-11.6096,1.0000
17815.430,-11.6112,1.0000
17816.895,-11.6134,1.0000
17818.359,-11.6157,1.0000
17819.824,-11.6185,1.0000
17821.289,-11.6203,1.0000
17822.754,-11.6217,1.0000
17824.219,-11.6243,1.0000
17825.684,-11.6269,1.0000
17827.148,-11.6303,1.0000
17828.613,-11.6315,1.0000
17830.078,-11.6334,1.0000
17831.543,-11.6349,1.0000
17833.008,-11.6393,1.0000
17834.473,-11.6429,1.0000
17835.938,-11.6440,1.0000
17837.402,-11.6449,1.0000
17838.867,-11.6457,1.0000
17840.332,-11.6485,1.0000
17841.797,-11.6531,1.0000
17843.262,-11.6554,1.0000
17844.727,-11.6586,1.0000
17846.191,-11.6619,1.0000
17847.656,-11.6642,1.0000
17849.121,-11.6657,1.0000
17850.586,-11.6693,1.0000
17852.051,-11.6714,1.0000
17853.516,-11.6725,1.0000
17854.980,-11.6743,1.0000
17856.445,-11.6753,1.0000
17857.910,-11.6787,1.0000
17859.375,-11.6815,1.0000
17860.840,-11.6834,1.0000
17862.305,-11.6857,1.0000
17863.770,-11.6880,1.0000
17865.234,-11.6906,1.0000
17866.699,-11.6947,1.0000
17868.164,-11.6959,1.0000
17869.629,-11.6974,1.0000
17871.094,-11.6995,1.0000
17872.559,-11.7032,1.0000
17874.023,-11.7068,1.0000
17875.488,-11.7088,1.0000
17876.953,-11.7125,1.0000
17878.418,-11.7166,1.0000
17879.883,-11.7183,1.0000
17881.348,-11.7197,1.0000
17882.812,-11.7219,1.0000
17884.277,-11.7257,1.0000
17885.742,-11.7282,1.0000
17887.207,-11.7291,1.0000
17888.672,-11.7317,1.0000
17890.137,-11.7337,1.0000
17891.602,-11.7364,1.0000
17893.066,-11.7395,1.0000
17894.531,-11.7406,1.0000
17895.996,-11.7447,1.0000
17897.461,-11.7488,1.0000
17898.926,-11.7513,1.0000
17900.391,-11.7530,1.0000
17901.855,-11.7550,1.0000
17903.320,-11.7565,1.0000
17904.785,-11.7602,1.0000
17906.250,-11.7630,1.0000
17907.715,-11.7669,1.0000
17909.180,-11.7696,1.0000
17910.645,-11.7702,1.0000
17912.109,-11.7735,1.0000
17913.574,-11.7787,1.0000
17915.039,-11.7816,1.0000
17916.504,-11.7831,1.0000
17917.969,-11.7848,1.0000
17919.434,-11.7885,1.0000
17920.898,-11.7914,1.0000
17922.363,-11.7934,1.0000
17923.828,-11.7950,1.0000
17925.293,-11.7986,1.0000
17926.758,-11.8041,1.0000
17928.223,-11.8068,1.0000
17929.688,-11.8078,1.0000
17931.152,-11.8100,1.0000
17932.617,-11.8127,1.0000
17934.082,-11.8143,1.0000
17935.547,-11.8170,1.0000
17937.012,-11.8216,1.0000
17938.477,-11.8261,1.0000
17939.941,-11.8282,1.0000
17941.406,-11.8282,1.0000
17942.871,-11.8317,1.0000
17944.336,-11.8352,1.0000
17945.801,-11.8397,1.0000
17947.266,-11.8433,1.0000
17948.730,-11.8443,1.0000
17950.195,-11.8468,1.0000
17951.660,-11.8491,1.0000
17953.125,-11.8517,1.0000
17954.590,-11.8555,1.0000
17956.055,-11.8589,1.0000
17957.520,-11.8625,1.0000
17958.984,-11.8651,1.0000
17960.449,-11.8672,1.0000
17961.914,-11.8689,1.0000
17963.379,-11.8716,1.0000
17964.844,-11.8756,1.0000
17966.309,-11.8786,1.0000
17967.773,-11.8813,1.0000
17969.238,-11.8857,1.0000
17970.703,-11.8897,1.0000
17972.168,-11.8902,1.0000
17973.633,-11.8910,1.0000
17975.098,-11.8943,1.0000
17976.562,-11.8977,1.0000
17978.027,-11.9022,1.0000
17979.492,-11.9085,1.0000
17980.957,-11.9114,1.0000
17982.422,-11.9123,1.0000
17983.887,-11.9148,1.0000
17985.352,-11.9176,1.0000
17986.816,-11.9203,1.0000
17988.281,-11.9225,1.0000
17989.746,-11.9245,1.0000
17991.211,-11.9278,1.0000
17992.676,-11.9326,1.0000
17994.141,-11.9358,1.0000
17995.605,-11.9380,1.0000
17997.070,-11.9398,1.0000
17998.535,-11.9422,1.0000
18000.000,-11.9460,1.0000
18001.465,-11.9493,1.0000
18002.930,-11.9526,1.0000
18004.395,-11.9559,1.0000
18005.859,-11.9601,1.0000
18007.324,-11.9645,1.0000
18008.789,-11.9671,1.0000
18010.254,-11.9705,1.0000
18011.719,-11.9743,1.0000
18013.184,-11.9760,1.0000
18014.648,-11.9784,1.0000
18016.113,-11.9815,1.0000
18017.578,-11.9843,1.0000
18019.043,-11.9885,1.0000
18020.508,-11.9926,1.0000
18021.973,-11.9962,1.0000
18023.438,-11.9991,1.0000
18024.902,-12.0021,1.0000
18026.367,-12.0056,1.0000
18027.832,-12.0078,1.0000
18029.297,-12.0097,1.0000
18030.762,-12.0126,1.0000
18032.227,-12.0167,1.0000
18033.691,-12.0197,1.0000
18035.156,-12.0210,1.0000
18036.621,-12.0249,1.0000
18038.086,-12.0295,1.0000
18039.551,-12.0327,1.0000
18041.016,-12.0372,1.0000
18042.480,-12.0414,1.0000
18043.945,-12.0432,1.0000
18045.410,-12.0449,1.0000
18046.875,-12.0484,1.0000
18048.340,-12.0531,1.0000
18049.805,-12.0579,1.0000
18051.270,-12.0610,1.0000
18052.734,-12.0634,1.0000
18054.199,-12.0664,1.0000
18055.664,-12.0707,1.0000
18057.129,-12.0744,1.0000
18058.594,-12.0768,1.0000
18060.059,-12.0802,1.0000
18061.523,-12.0840,1.0000
18062.988,-12.0880,1.0000
18064.453,-12.0916,1.0000
18065.918,-12.0943,1.0000
18067.383,-12.0979,1.0000
18068.848,-12.1015,1.0000
18070.312,-12.1035,1.0000
18071.777,-12.1067,1.0000
18073.242,-12.1120,1.0000
18074.707,-12.1156,1.0000
18076.172,-12.1170,1.0000
18077.637,-12.1197,1.0000
18079.102,-12.1238,1.0000
18080.566,-12.1276,1.0000
18082.031,-12.1311,1.0000
18083.496,-12.1348,1.0000
18084.961,-12.1387,1.0000
18086.426,-12.1428,1.0000
18087.891,-12.1460,1.0000
18089.355,-12.1488,1.0000
18090.820,-12.1522,1.0000
18092.285,-12.1545,1.0000
18093.750,-12.1565,1.0000
18095.215,-12.1602,1.0000
18096.680,-12.1652,1.0000
18098.145,-12.1696,1.0000
18099.609,-12.1730,1.0000
18101.074,-12.1770,1.0000
18102.539,-12.1817,1.0000
18104.004,-12.1854,1.0000
18105.469,-12.1891,1.0000
18106.934,-12.1929,1.0000
18108.398,-12.1958,1.0000
18109.863,-12.1988,1.0000
18111.328,-12.2014,1.0000
18112.793,-12.2045,1.0000
18114.258,-12.2099,1.0000
18115.723,-12.2145,1.0000
18117.188,-12.2166,1.0000
18118.652,-12.2200,1.0000
18120.117,-12.2241,1.0000
18121.582,-12.2270,1.0000
18123.047,-12.2305,1.0000
18124.512,-12.2357,1.0000
18125.977,-12.2395,1.0000
18127.441,-12.2422,1.0000
18128.906,-12.2467,1.0000
18130.371,-12.2500,1.0000
18131.836,-12.2526,1.0000
18133.301,-12.2571,1.0000
18134.766,-12.2614,1.0000
18136.230,-12.2650,1.0000
18137.695,-12.2688,1.0000
18139.160,-12.2720,1.0000
18140.625,-12.2754,1.0000
18142.090,-12.2793,1.0000
18143.555,-12.2834,1.0000
18145.020,-12.2877,1.0000
18146.484,-12.2910,1.0000
18147.949,-12.2942,1.0000
18149.414,-12.2985,1.0000
18150.879,-12.3022,1.0000
18152.344,-12.3061,1.0000
18153.809,-12.3103,1.0000
18155.273,-12.3135,1.0000
18156.738,-12.3166,1.0000
18158.203,-12.3198,1.0000
18159.668,-12.3241,1.0000
18161.133,-12.3286,1.0000
18162.598,-12.3319,1.0000
18164.062,-12.3360,1.0000
18165.527,-12.3416,1.0000
18166.992,-12.3457,1.0000
18168.457,-12.3479,1.0000
18169.922,-12.3512,1.0000
18171.387,-12.3562,1.0000
18172.852,-12.3600,1.0000
18174.316,-12.3636,1.0000
18175.781,-12.3677,1.0000
18177.246,-12.3716,1.0000
18178.711,-12.3748,1.0000
18180.176,-12.3786,1.0000
18181.641,-12.3836,1.0000
18183.105,-12.3879,1.0000
18184.570,-12.3918,1.0000
18186.035,-12.3960,1.0000
18187.500,-12.4001,1.0000
18188.965,-12.4046,1.0000
18190.430,-12.4084,1.0000
18191.895,-12.4110,1.0000
18193.359,-12.4142,1.0000
18194.824,-12.4188,1.0000
18196.289,-12.4230,1.0000
18197.754,-12.4273,1.0000
18199.219,-12.4319,1.0000
18200.684,-12.4344,1.0000
18202.148,-12.4374,1.0000
18203.613,-12.4426,1.0000
18205.078,-12.4466,1.0000
18206.543,-12.4501,1.0000
18208.008,-12.4544,1.0000
18209.473,-12.4593,1.0000
18210.938,-12.4645,1.0000
18212.402,-12.4688,1.0000
18213.867,-12.4722,1.0000
18215.332,-12.4759,1.0000
18216.797,-12.4807,1.0000
18218.262,-12.4836,1.0000
18219.727,-12.4855,1.0000
18221.191,-12.4900,1.0000
18222.656,-12.4968,1.0000
18224.121,-12.5021,1.0000
18225.586,-12.5039,1.0000
18227.051,-12.5072,1.0000
18228.516,-12.5124,1.0000
18229.980,-12.5171,1.0000
18231.445,-12.5228,1.0000
18232.910,-12.5275,1.0000
18234.375,-12.5302,1.0000
18235.840,-12.5339,1.0000
18237.305,-12.5371,1.0000
18238.770,-12.5411,1.0000
18240.234,-12.5470,1.0000
18241.699,-12.5519,1.0000
18243.164,-12.5551,1.0000
18244.629,-12.5584,1.0000
18246.094,-12.5628,1.0000
18247.559,-12.5664,1.0000
18249.023,-12.5706,1.0000
18250.488,-12.5755,1.0000
18251.953,-12.5799,1.0000
18253.418,-12.5841,1.0000
18254.883,-12.5879,1.0000
18256.348,-12.5919,1.0000
18257.812,-12.5959,1.0000
18259.277,-12.6002,1.0000
18260.742,-12.6059,1.0000
18262.207,-12.6112,1.0000
18263.672,-12.6139,1.0000
18265.137,-12.6165,1.0000
18266.602,-12.6215,1.0000
18268.066,-12.6265,1.0000
18269.531,-12.6303,1.0000
18270.996,-12.6342,1.0000
18272.461,-12.6384,1.0000
18273.926,-12.6440,1.0000
18275.391,-12.6491,1.0000
18276.855,-12.6544,1.0000
18278.320,-12.6593,1.0000
18279.785,-12.6636,1.0000
18281.250,-12.6670,1.0000
18282.715,-12.6708,1.0000
18284.180,-12.6761,1.0000
18285.645,-12.6793,1.0000
18287.109,-12.6829,1.0000
18288.574,-12.6890,1.0000
18290.039,-12.6927,1.0000
18291.504,-12.6964,1.0000
18292.969,-12.7020,1.0000
18294.434,-12.7069,1.0000
18295.898,-12.7114,1.0000
18297.363,-12.7158,1.0000
18298.828,-12.7189,1.0000
18300.293,-12.7237,1.0000
18301.758,-12.7288,1.0000
18303.223,-12.7335,1.0000
18304.688,-12.7392,1.0000
18306.152,-12.7435,1.0000
18307.617,-12.7475,1.0000
18309.082,-12.7515,1.0000
18310.547,-12.7570,1.0000
18312.012,-12.7604,1.0000
18313.477,-12.7631,1.0000
18314.941,-12.7685,1.0000
18316.406,-12.7741,1.0000
18317.871,-12.7781,1.0000
18319.336,-12.7807,1.0000
18320.801,-12.7872,1.0000
18322.266,-12.7933,1.0000
18323.730,-12.7962,1.0000
18325.195,-12.8000,1.0000
18326.660,-12.8050,1.0000
18328.125,-12.8087,1.0000
18329.590,-12.8136,1.0000
18331.055,-12.8206,1.0000
18332.520,-12.8250,1.0000
18333.984,-12.8278,1.0000
18335.449,-12.8311,1.0000
18336.914,-12.8360,1.0000
18338.379,-12.8429,1.0000
18339.844,-12.8489,1.0000
18341.309,-12.8524,1.0000
18342.773,-12.8557,1.0000
18344.238,-12.8611,1.0000
18345.703,-12.8664,1.0000
18347.168,-12.8691,1.0000
18348.633,-12.8735,1.0000
18350.098,-12.8809,1.0000
18351.562,-12.8862,1.0000
18353.027,-12.8889,1.0000
18354.492,-12.8936,1.0000
18355.957,-12.9011,1.0000
18357.422,-12.9068,1.0000
18358.887,-12.9091,1.0000
18360.352,-12.9126,1.0000
18361.816,-12.9174,1.0000
18363.281,-12.9219,1.0000
18364.746,-12.9273,1.0000
18366.211,-12.9345,1.0000
18367.676,-12.9388,1.0000
18369.141,-12.9408,1.0000
18370.605,-12.9461,1.0000
18372.070,-12.9538,1.0000
18373.535,-12.9584,1.0000
18375.000,-12.9611,1.0000
18376.465,-12.9668,1.0000
18377.930,-12.9714,1.0000
18379.395,-12.9739,1.0000
18380.859,-12.9795,1.0000
18382.324,-12.9861,1.0000
18383.789,-12.9892,1.0000
18385.254,-12.9920,1.0000
18386.719,-12.9995,1.0000
18388.184,-13.0049,1.0000
18389.648,-13.0087,1.0000
18391.113,-13.0138,1.0000
18392.578,-13.0183,1.0000
18394.043,-13.0250,1.0000
18395.508,-13.0299,1.0000
18396.973,-13.0339,1.0000
18398.438,-13.0380,1.0000
18399.902,-13.0443,1.0000
18401.367,-13.0503,1.0000
18402.832,-13.0543,1.0000
18404.297,-13.0590,1.0000
18405.762,-13.0635,1.0000
18407.227,-13.0688,1.0000
18408.691,-13.0743,1.0000
18410.156,-13.0802,1.0000
18411.621,-13.0841,1.0000
18413.086,-13.0866,1.0000
18414.551,-13.0905,1.0000
18416.016,-13.0978,1.0000
18417.480,-13.1050,1.0000
18418.945,-13.1092,1.0000
18420.410,-13.1146,1.0000
18421.875,-13.1192,1.0000
18423.340,-13.1239,1.0000
18424.805,-13.1293,1.0000
18426.270,-13.1341,1.0000
18427.734,-13.1399,1.0000
18429.199,-13.1468,1.0000
18430.664,-13.1502,1.0000
18432.129,-13.1552,1.0000
18433.594,-13.1587,1.0000
18435.059,-13.1633,1.0000
18436.523,-13.1685,1.0000
18437.988,-13.1740,1.0000
18439.453,-13.1783,1.0000
18440.918,-13.1849,1.0000
18442.383,-13.1896,1.0000
18443.848,-13.1943,1.0000
18445.312,-13.1997,1.0000
18446.777,-13.2059,1.0000
18448.242,-13.2125,1.0000
18449.707,-13.2168,1.0000
18451.172,-13.2204,1.0000
18452.637,-13.2269,1.0000
18454.102,-13.2312,1.0000
18455.566,-13.2381,1.0000
18457.031,-13.2442,1.0000
18458.496,-13.2465,1.0000
18459.961,-13.2522,1.0000
18461.426,-13.2572,1.0000
18462.891,-13.2630,1.0000
18464.355,-13.2682,1.0000
18465.820,-13.2759,1.0000
18467.285,-13.2808,1.0000
18468.750,-13.2854,1.0000
18470.215,-13.2917,1.0000
18471.680,-13.2959,1.0000
18473.145,-13.3014,1.0000
18474.609,-13.3061,1.0000
18476.074,-13.3106,1.0000
18477.539,-13.3156,1.0000
18479.004,-13.3202,1.0000
18480.469,-13.3255,1.0000
18481.934,-13.3327,1.0000
18483.398,-13.3367,1.0000
18484.863,-13.3414,1.0000
18486.328,-13.3487,1.0000
18487.793,-13.3545,1.0000
18489.258,-13.3580,1.0000
18490.723,-13.3638,1.0000
18492.188,-13.3705,1.0000
18493.652,-13.3771,1.0000
18495.117,-13.3804,1.0000
18496.582,-13.3843,1.0000
18498.047,-13.3894,1.0000
18499.512,-13.3973,1.0000
18500.977,-13.4022,1.0000
18502.441,-13.4075,1.0000
18503.906,-13.4132,1.0000
18505.371,-13.4176,1.0000
18506.836,-13.4239,1.0000
18508.301,-13.4296,1.0000
18509.766,-13.4359,1.0000
18511.230,-13.4375,1.0000
18512.695,-13.4435,1.0000
18514.160,-13.4545,1.0000
18515.625,-13.4579,1.0000
18517.090,-13.4627,1.0000
18518.555,-13.4676,1.0000
18520.020,-13.4736,1.0000
18521.484,-13.4816,1.0000
18522.949,-13.4822,1.0000
18524.414,-13.4865,1.0000
18525.879,-13.4939,1.0000
18527.344,-13.5020,1.0000
18528.809,-13.5070,1.0000
18530.273,-13.5120,1.0000
18531.738,-13.5169,1.0000
18533.203,-13.5234,1.0000
18534.668,-13.5294,1.0000
18536.133,-13.5328,1.0000
18537.598,-13.5375,1.0000
18539.062,-13.5453,1.0000
18540.527,-13.5520,1.0000
18541.992,-13.5598,1.0000
18543.457,-13.5624,1.0000
18544.922,-13.5676,1.0000
18546.387,-13.5739,1.0000
18547.852,-13.5790,1.0000
18549.316,-13.5867,1.0000
18550.781,-13.5922,1.0000
18552.246,-13.5985,1.0000
18553.711,-13.6036,1.0000
18555.176,-13.6092,1.0000
18556.641,-13.6156,1.0000
18558.105,-13.6195,1.0000
18559.570,-13.6261,1.0000
18561.035,-13.6348,1.0000
18562.500,-13.6391,1.0000
18563.965,-13.6422,1.0000
18565.430,-13.6490,1.0000
18566.895,-13.6551,1.0000
18568.359,-13.6612,1.0000
18569.824,-13.6670,1.0000
18571.289,-13.6719,1.0000
18572.754,-13.6736,1.0000
18574.219,-13.6805,1.0000
18575.684,-13.6851,1.0000
18577.148,-13.6923,1.0000
18578.613,-13.7025,1.0000
18580.078,-13.7057,1.0000
18581.543,-13.7126,1.0000
18583.008,-13.7204,1.0000
18584.473,-13.7223,1.0000
18585.938,-13.7279,1.0000
18587.402,-13.7366,1.0000
18588.867,-13.7416,1.0000
18590.332,-13.7499,1.0000
18591.797,-13.7556,1.0000
18593.262,-13.7606,1.0000
18594.727,-13.7652,1.0000
18596.191,-13.7716,1.0000
18597.656,-13.7770,1.0000
18599.121,-13.7809,1.0000
18600.586,-13.7872,1.0000
18602.051,-13.7931,1.0000
18603.516,-13.7975,1.0000
18604.980,-13.8071,1.0000
18606.445,-13.8159,1.0000
18607.910,-13.8182,1.0000
18609.375,-13.8247,1.0000
18610.840,-13.8309,1.0000
18612.305,-13.8351,1.0000
18613.770,-13.8395,1.0000
18615.234,-13.8476,1.0000
18616.699,-13.8570,1.0000
18618.164,-13.8632,1.0000
18619.629,-13.8675,1.0000
18621.094,-13.8706,1.0000
18622.559,-13.8759,1.0000
18624.023,-13.8864,1.0000
18625.488,-13.8897,0.9999
18626.953,-13.8977,1.0000
18628.418,-13.8998,1.0000
18629.883,-13.9070,1.0000
18631.348,-13.9147,1.0000
18632.812,-13.9202,1.0000
18634.277,-13.9266,1.0000
18635.742,-13.9348,0.9999
18637.207,-13.9445,1.0000
18638.672,-13.9456,1.0000
18640.137,-13.9469,1.0000
18641.602,-13.9534,0.9999
18643.066,-13.9621,0.9999
18644.531,-13.9706,1.0000
18645.996,-13.9751,0.9999
18647.461,-13.9809,0.9999
18648.926,-13.9926,0.9999
18650.391,-13.9967,1.0000
18651.855,-13.9986,0.9999
18653.320,-14.0054,0.9999
18654.785,-14.0107,0.9999
18656.250,-14.0169,0.9999
18657.715,-14.0254,0.9999
18659.180,-14.0327,0.9999
18660.645,-14.0371,0.9999
18662.109,-14.0431,0.9999
18663.574,-14.0505,0.9999
18665.039,-14.0577,0.9999
18666.504,-14.0659,0.9999
18667.969,-14.0740,0.9999
18669.434,-14.0784,0.9999
18670.898,-14.0822,0.9999
18672.363,-14.0891,0.9999
18673.828,-14.0942,0.9999
18675.293,-14.0986,0.9999
18676.758,-14.1078,0.9999
18678.223,-14.1158,0.9999
18679.688,-14.1220,0.9999
18681.152,-14.1267,0.9999
18682.617,-14.1317,0.9999
18684.082,-14.1360,0.9999
18685.547,-14.1491,0.9999
18687.012,-14.1549,0.9999
18688.477,-14.1589,0.9999
18689.941,-14.1694,0.9999
18691.406,-14.1738,0.9999
18692.871,-14.1780,0.9999
18694.336,-14.1834,0.9999
18695.801,-14.1927,0.9999
18697.266,-14.1957,0.9999
18698.730,-14.2065,0.9999
18700.195,-14.2118,0.9999
18701.660,-14.2143,0.9999
18703.125,-14.2226,0.9999
18704.590,-14.2297,0.9999
18706.055,-14.2358,0.9999
18707.520,-14.2425,0.9999
18708.984,-14.2533,0.9999
18710.449,-14.2552,0.9999
18711.914,-14.2632,0.9999
18713.379,-14.2704,0.9999
18714.844,-14.2736,0.9999
18716.309,-14.2809,0.9999
18717.773,-14.2877,0.9999
18719.238,-14.2977,0.9999
18720.703,-14.3019,0.9999
18722.168,-14.3073,0.9999
18723.633,-14.3103,0.9999
18725.098,-14.3252,0.9999
18726.562,-14.3308,0.9999
18728.027,-14.3390,0.9999
18729.492,-14.3424,0.9999
18730.957,-14.3466,0.9999
18732.422,-14.3597,0.9999
18733.887,-14.3646,0.9999
18735.352,-14.3677,0.9999
18736.816,-14.3747,0.9999
18738.281,-14.3829,0.9999
18739.746,-14.3863,0.9999
18741.211,-14.3933,0.9999
18742.676,-14.3996,0.9999
18744.141,-14.4090,0.9999
18745.605,-14.4172,0.9999
18747.070,-14.4247,0.9999
18748.535,-14.4307,0.9999
18750.000,-14.4343,0.9999
18751.465,-14.4433,0.9999
18752.930,-14.4555,0.9999
18754.395,-14.4622,0.9999
18755.859,-14.4639,0.9999
18757.324,-14.4719,0.9999
18758.789,-14.4777,0.9999
18760.254,-14.4842,0.9999
18761.719,-14.4901,0.9999
18763.184,-14.5004,0.9999
18764.648,-14.5063,0.9999
18766.113,-14.5140,0.9999
18767.578,-14.5240,0.9999
18769.043,-14.5316,0.9999
18770.508,-14.5333,0.9999
18771.973,-14.5399,0.9999
18773.438,-14.5446,0.9999
18774.902,-14.5514,0.9999
18776.367,-14.5595,0.9999
18777.832,-14.5696,0.9999
18779.297,-14.5733,0.9999
18780.762,-14.5779,0.9999
18782.227,-14.5861,0.9999
18783.691,-14.5908,0.9999
18785.156,-14.6051,0.9999
18786.621,-14.6091,0.9999
18788.086,-14.6169,0.9999
18789.551,-14.6230,0.9999
18791.016,-14.6293,0.9999
18792.480,-14.6423,0.9999
18793.945,-14.6451,0.9999
18795.410,-14.6485,0.9999
18796.875,-14.6585,0.9999
18798.340,-14.6647,0.9999
18799.805,-14.6730,0.9999
18801.270,-14.6787,0.9999
18802.734,-14.6892,0.9999
18804.199,-14.6957,0.9999
18805.664,-14.7013,0.9999
18807.129,-14.7095,0.9999
18808.594,-14.7196,0.9999
18810.059,-14.7236,0.9999
18811.523,-14.7251,0.9999
18812.988,-14.7328,0.9999
18814.453,-14.7435,0.9999
18815.918,-14.7493,0.9999
18817.383,-14.7596,0.9999
18818.848,-14.7658,0.9999
18820.312,-14.7733,0.9999
18821.777,-14.7845,0.9999
18823.242,-14.7852,0.9999
18824.707,-14.7922,0.9999
18826.172,-14.8024,0.9999
18827.637,-14.8066,0.9999
18829.102,-14.8100,0.9999
18830.566,-14.8228,0.9999
18832.031,-14.8319,0.9999
18833.496,-14.8319,0.9999
18834.961,-14.8425,0.9999
18836.426,-14.8521,0.9999
18837.891,-14.8617,0.9999
18839.355,-14.8704,0.9999
18840.820,-14.8794,0.9999
18842.285,-14.8854,0.9999
18843.750,-14.8913,0.9999
18845.215,-14.8938,0.9999
18846.680,-14.9023,0.9999
18848.145,-14.9136,0.9999
18849.609,-14.9165,0.9999
18851.074,-14.9246,0.9999
18852.539,-14.9313,0.9999
18854.004,-14.9412,0.9999
18855.469,-14.9506,0.9999
18856.934,-14.9563,0.9999
18858.398,-14.9605,0.9999
18859.863,-14.9660,0.9999
18861.328,-14.9762,0.9999
18862.793,-14.9886,0.9999
18864.258,-14.9856,0.9999
18865.723,-14.9976,0.9999
18867.188,-15.0110,0.9999
18868.652,-15.0137,0.9999
18870.117,-15.0215,0.9999
18871.582,-15.0296,0.9999
18873.047,-15.0334,0.9999
18874.512,-15.0465,0.9999
18875.977,-15.0582,0.9999
18877.441,-15.0652,0.9999
18878.906,-15.0650,0.9999
18880.371,-15.0744,0.9999
18881.836,-15.0804,0.9999
18883.301,-15.0903,0.9999
18884.766,-15.1024,0.9999
18886.230,-15.1050,0.9999
18887.695,-15.1139,0.9999
18889.160,-15.1227,0.9999
18890.625,-15.1272,0.9999
18892.090,-15.1375,0.9999
18893.555,-15.1459,0.9999
18895.020,-15.1493,0.9999
18896.484,-15.1580,0.9999
18897.949,-15.1675,0.9999
18899.414,-15.1772,0.9999
18900.879,-15.1807,0.9999
18902.344,-15.1905,0.9999
18903.809,-15.2010,0.9999
18905.273,-15.2035,0.9999
18906.738,-15.2145,0.9999
18908.203,-15.2212,0.9999
18909.668,-15.2267,0.9999
18911.133,-15.2369,0.9999
18912.598,-15.2459,0.9999
18914.062,-15.2548,0.9999
18915.527,-15.2558,0.9999
18916.992,-15.2731,0.9999
18918.457,-15.2785,0.9999
18919.922,-15.2784,0.9999
18921.387,-15.2899,0.9999
18922.852,-15.3026,0.9999
18924.316,-15.3108,0.9999
18925.781,-15.3136,0.9999
18927.246,-15.3270,0.9999
18928.711,-15.3280,0.9999
18930.176,-15.3429,0.9999
18931.641,-15.3506,0.9999
18933.105,-15.3596,0.9999
18934.570,-15.3666,0.9999
18936.035,-15.3735,0.9999
18937.500,-15.3798,0.9999
18938.965,-15.3907,0.9999
18940.430,-15.3988,0.9999
18941.895,-15.4026,0.9999
18943.359,-15.4153,0.9999
18944.824,-15.4206,0.9999
18946.289,-15.4278,0.9999
18947.754,-15.4372,0.9999
18949.219,-15.4440,0.9999
18950.684,-15.4523,0.9999
18952.148,-15.4617,0.9999
18953.613,-15.4644,0.9999
18955.078,-15.4779,0.9999
18956.543,-15.4870,0.9999
18958.008,-15.4921,0.9999
18959.473,-15.5064,0.9999
18960.938,-15.5088,0.9999
18962.402,-15.5118,0.9999
18963.867,-15.5217,0.9999
18965.332,-15.5371,0.9999
18966.797,-15.5436,0.9999
18968.262,-15.5533,0.9999
18969.727,-15.5582,0.9999
18971.191,-15.5667,0.9999
18972.656,-15.5768,0.9999
18974.121,-15.5867,0.9999
18975.586,-15.5931,0.9999
18977.051,-15.5920,0.9999
18978.516,-15.6014,0.9999
18979.980,-15.6189,0.9999
18981.445,-15.6237,0.9999
18982.910,-15.6362,0.9999
18984.375,-15.6385,0.9999
18985.840,-15.6497,0.9999
18987.305,-15.6632,0.9999
18988.770,-15.6715,0.9999
18990.234,-15.6768,0.9999
18991.699,-15.6842,0.9999
18993.164,-15.6995,0.9999
18994.629,-15.7057,0.9999
18996.094,-15.7047,0.9999
18997.559,-15.7201,0.9999
18999.023,-15.7332,0.9999
19000.488,-15.7349,0.9999
19001.953,-15.7454,0.9999
19003.418,-15.7536,0.9999
19004.883,-15.7631,0.9999
19006.348,-15.7665,0.9999
19007.812,-15.7762,0.9999
19009.277,-15.7858,0.9999
19010.742,-15.7965,0.9999
19012.207,-15.8052,0.9999
19013.672,-15.8164,0.9999
19015.137,-15.8211,0.9999
19016.602,-15.8280,0.9999
19018.066,-15.8374,0.9999
19019.531,-15.8474,0.9999
19020.996,-15.8512,0.9999
19022.461,-15.8651,0.9999
19023.926,-15.8730,0.9999
19025.391,-15.8829,0.9999
19026.855,-15.8854,0.9999
19028.320,-15.8992,0.9999
19029.785,-15.9101,0.9999
19031.250,-15.9164,0.9999
19032.715,-15.9278,0.9999
19034.180,-15.9332,0.9999
19035.645,-15.9466,0.9999
19037.109,-15.9514,0.9999
19038.574,-15.9657,0.9999
19040.039,-15.9662,0.9999
19041.504,-15.9793,0.9999
19042.969,-15.9944,0.9999
19044.434,-15.9938,0.9999
19045.898,-16.0107,0.9999
19047.363,-16.0147,0.9999
19048.828,-16.0192,0.9999
19050.293,-16.0328,0.9999
19051.758,-16.0444,0.9999
19053.223,-16.0499,0.9999
19054.688,-16.0607,0.9999
19056.152,-16.0656,0.9999
19057.617,-16.0736,0.9999
19059.082,-16.0871,0.9999
19060.547,-16.0925,0.9999
19062.012,-16.1042,0.9999
19063.477,-16.1160,0.9999
19064.941,-16.1272,0.9999
19066.406,-16.1306,0.9999
19067.871,-16.1402,0.9999
19069.336,-16.1466,0.9999
19070.801,-16.1595,0.9999
19072.266,-16.1666,0.9999
19073.730,-16.1757,0.9999
19075.195,-16.1883,0.9999
19076.660,-16.1958,0.9999
19078.125,-16.2077,0.9999
19079.590,-16.2130,0.9999
19081.055,-16.2234,0.9999
19082.520,-16.2320,0.9999
19083.984,-16.2419,0.9999
19085.449,-16.2536,0.9999
19086.914,-16.2616,0.9999
19088.379,-16.2668,0.9999
19089.844,-16.2790,0.9999
19091.309,-16.2882,0.9999
19092.773,-16.2948,0.9999
19094.238,-16.3036,0.9999
19095.703,-16.3150,0.9999
19097.168,-16.3262,0.9999
19098.633,-16.3352,0.9999
19100.098,-16.3421,0.9999
19101.562,-16.3457,0.9999
19103.027,-16.3654,0.9999
19104.492,-16.3773,0.9999
19105.957,-16.3890,0.9999
19107.422,-16.3962,0.9999
19108.887,-16.3994,0.9999
19110.352,-16.4094,0.9999
19111.816,-16.4230,0.9999
19113.281,-16.4298,0.9999
19114.746,-16.4328,0.9999
19116.211,-16.4548,0.9999
19117.676,-16.4570,0.9999
19119.141,-16.4616,0.9999
19120.605,-16.4780,0.9999
19122.070,-16.4917,0.9999
19123.535,-16.4953,0.9999
19125.000,-16.5012,0.9999
19126.465,-16.5134,0.9999
19127.930,-16.5209,0.9999
19129.395,-16.5313,0.9999
19130.859,-16.5428,0.9999
19132.324,-16.5509,0.9999
19133.789,-16.5662,0.9999
19135.254,-16.5792,0.9999
19136.719,-16.5814,0.9999
19138.184,-16.5899,0.9999
19139.648,-16.6030,0.9999
19141.113,-16.6137,0.9999
19142.578,-16.6280,0.9999
19144.043,-16.6309,0.9999
19145.508,-16.6468,0.9999
19146.973,-16.6507,0.9999
19148.438,-16.6583,0.9999
19149.902,-16.6699,0.9999
19151.367,-16.6823,0.9999
19152.832,-16.6887,0.9999
19154.297,-16.6968,0.9999
19155.762,-16.7100,0.9999
19157.227,-16.7214,0.9999
19158.691,-16.7295,0.9999
19160.156,-16.7377,0.9999
19161.621,-16.7543,0.9999
19163.086,-16.7608,0.9999
19164.551,-16.7674,0.9999
19166.016,-16.7776,0.9999
19167.480,-16.7834,0.9999
19168.945,-16.7971,0.9999
19170.410,-16.8073,0.9999
19171.875,-16.8154,0.9999
19173.340,-16.8311,0.9999
19174.805,-16.8418,0.9999
19176.270,-16.8510,0.9999
19177.734,-16.8558,0.9999
19179.199,-16.8656,0.9999
19180.664,-16.8773,0.9999
19182.129,-16.8933,0.9999
19183.594,-16.9028,0.9999
19185.059,-16.9134,0.9999
19186.523,-16.9213,0.9999
19187.988,-16.9266,0.9999
19189.453,-16.9330,0.9999
19190.918,-16.9438,0.9999
19192.383,-16.9572,0.9999
19193.848,-16.9678,0.9999
19195.312,-16.9765,0.9999
19196.777,-16.9858,0.9999
19198.242,-17.0021,0.9999
19199.707,-17.0160,0.9999
19201.172,-17.0222,0.9999
19202.637,-17.0241,0.9999
19204.102,-17.0388,0.9999
19205.566,-17.0548,0.9999
19207.031,-17.0595,0.9999
19208.496,-17.0673,0.9999
19209.961,-17.0777,0.9999
19211.426,-17.0910,0.9999
19212.891,-17.1013,1.0000
19214.355,-17.1142,0.9999
19215.820,-17.1260,0.9999
19217.285,-17.1352,0.9999
19218.750,-17.1500,0.9999
19220.215,-17.1576,0.9999
19221.680,-17.1608,0.9999
19223.145,-17.1741,0.9999
19224.609,-17.1909,0.9999
19226.074,-17.1982,0.9999
19227.539,-17.2123,0.9999
19229.004,-17.2146,0.9999
19230.469,-17.2246,0.9999
19231.934,-17.2326,0.9999
19233.398,-17.2486,0.9999
19234.863,-17.2657,0.9999
19236.328,-17.2685,0.9999
19237.793,-17.2792,0.9999
19239.258,-17.2910,0.9999
19240.723,-17.2991,1.0000
19242.188,-17.3122,0.9999
19243.652,-17.3264,0.9999
19245.117,-17.3360,0.9999
19246.582,-17.3477,0.9999
19248.047,-17.3605,0.9999
19249.512,-17.3654,1.0000
19250.977,-17.3766,0.9999
19252.441,-17.3927,0.9999
19253.906,-17.3953,1.0000
19255.371,-17.4042,0.9999
19256.836,-17.4135,0.9999
19258.301,-17.4257,0.9999
19259.766,-17.4358,0.9999
19261.230,-17.4490,0.9999
19262.695,-17.4636,0.9999
19264.160,-17.4779,0.9999
19265.625,-17.4904,1.0000
19267.090,-17.5013,0.9999
19268.555,-17.5066,1.0000
19270.020,-17.5135,0.9999
19271.484,-17.5228,1.0000
19272.949,-17.5389,0.9999
19274.414,-17.5475,1.0000
19275.879,-17.5620,0.9999
19277.344,-17.5636,1.0000
19278.809,-17.5737,0.9999
19280.273,-17.5913,0.9999
19281.738,-17.6054,1.0000
19283.203,-17.6185,1.0000
19284.668,-17.6339,1.0000
19286.133,-17.6397,0.9999
19287.598,-17.6491,1.0000
19289.062,-17.6617,0.9999
19290.527,-17.6726,1.0000
19291.992,-17.6861,1.0000
19293.457,-17.6951,1.0000
19294.922,-17.6968,1.0000
19296.387,-17.7082,0.9999
19297.852,-17.7236,1.0000
19299.316,-17.7357,1.0000
19300.781,-17.7478,0.9999
19302.246,-17.7596,1.0000
19303.711,-17.7731,1.0000
19305.176,-17.7889,1.0000
19306.641,-17.8007,0.9999
19308.105,-17.8079,1.0000
19309.570,-17.8171,1.0000
19311.035,-17.8231,1.0000
19312.500,-17.8337,0.9999
19313.965,-17.8491,1.0000
19315.430,-17.8585,1.0000
19316.895,-17.8705,0.9999
19318.359,-17.8831,1.0000
19319.824,-17.8963,1.0000
19321.289,-17.9015,1.0000
19322.754,-17.9085,1.0000
19324.219,-17.9206,0.9999
19325.684,-17.9346,1.0000
19327.148,-17.9517,1.0000
19328.613,-17.9610,1.0000
19330.078,-17.9679,1.0000
19331.543,-17.9812,1.0000
19333.008,-17.9904,1.0000
19334.473,-18.0063,1.0000
19335.938,-18.0204,1.0000
19337.402,-18.0227,1.0000
19338.867,-18.0376,1.0000
19340.332,-18.0542,1.0000
19341.797,-18.0641,1.0000
19343.262,-18.0758,1.0000
19344.727,-18.0859,1.0000
19346.191,-18.0992,1.0000
19347.656,-18.1091,1.0000
19349.121,-18.1173,1.0000
19350.586,-18.1321,1.0000
19352.051,-18.1485,1.0000
19353.516,-18.1579,1.0000
19354.980,-18.1680,1.0000
19356.445,-18.1762,1.0000
19357.910,-18.1871,1.0000
19359.375,-18.2003,1.0000
19360.840,-18.2118,1.0000
19362.305,-18.2269,1.0000
19363.770,-18.2397,1.0000
19365.234,-18.2481,1.0000
19366.699,-18.2607,1.0000
19368.164,-18.2759,1.0000
19369.629,-18.2826,1.0000
19371.094,-18.2896,1.0000
19372.559,-18.2981,1.0000
19374.023,-18.3133,1.0000
19375.488,-18.3267,1.0000
19376.953,-18.3414,1.0000
19378.418,-18.3545,1.0000
19379.883,-18.3651,1.0000
19381.348,-18.3722,1.0000
19382.812,-18.3828,1.0000
19384.277,-18.4037,1.0000
19385.742,-18.4167,1.0000
19387.207,-18.4297,1.0000
19388.672,-18.4386,1.0000
19390.137,-18.4501,1.0000
19391.602,-18.4618,1.0000
19393.066,-18.4734,1.0000
19394.531,-18.4834,1.0000
19395.996,-18.4984,1.0000
19397.461,-18.5082,1.0000
19398.926,-18.5184,1.0000
19400.391,-18.5300,1.0000
19401.855,-18.5390,1.0000
19403.320,-18.5481,1.0000
19404.785,-18.5607,1.0000
19406.250,-18.5753,1.0000
19407.715,-18.5835,1.0000
19409.180,-18.6012,1.0000
19410.645,-18.6192,1.0000
19412.109,-18.6306,1.0000
19413.574,-18.6414,1.0000
19415.039,-18.6524,1.0000
19416.504,-18.6682,1.0000
19417.969,-18.6816,1.0000
19419.434,-18.6892,1.0000
19420.898,-18.7012,1.0000
19422.363,-18.7104,1.0000
19423.828,-18.7209,1.0000
19425.293,-18.7342,1.0000
19426.758,-18.7500,1.0000
19428.223,-18.7643,1.0000
19429.688,-18.7751,1.0000
19431.152,-18.7872,1.0000
19432.617,-18.8001,1.0000
19434.082,-18.8068,1.0000
19435.547,-18.8167,1.0000
19437.012,-18.8285,1.0000
19438.477,-18.8444,1.0000
19439.941,-18.8634,1.0000
19441.406,-18.8755,1.0000
19442.871,-18.8837,1.0000
19444.336,-18.8917,1.0000
19445.801,-18.9086,1.0000
19447.266,-18.9233,1.0000
19448.730,-18.9333,1.0000
19450.195,-18.9411,1.0000
19451.660,-18.9536,1.0000
19453.125,-18.9638,1.0000
19454.590,-18.9779,1.0000
19456.055,-18.9921,1.0000
19457.520,-19.0025,1.0000
19458.984,-19.0164,1.0000
19460.449,-19.0295,1.0000
19461.914,-19.0388,1.0000
19463.379,-19.0547,1.0000
19464.844,-19.0729,1.0000
19466.309,-19.0863,1.0000
19467.773,-19.0941,1.0000
19469.238,-19.1001,1.0000
19470.703,-19.1084,1.0000
19472.168,-19.1256,1.0000
19473.633,-19.1469,1.0000
19475.098,-19.1594,1.0000
19476.562,-19.1700,1.0000
19478.027,-19.1803,1.0000
19479.492,-19.1904,1.0000
19480.957,-19.2065,1.0000
19482.422,-19.2270,1.0000
19483.887,-19.2391,1.0000
19485.352,-19.2469,1.0000
19486.816,-19.2622,1.0000
19488.281,-19.2733,1.0000
19489.746,-19.2791,1.0000
19491.211,-19.2925,1.0000
19492.676,-19.3050,1.0000
19494.141,-19.3208,1.0000
19495.605,-19.3357,1.0000
19497.070,-19.3437,1.0000
19498.535,-19.3567,1.0000
19500.000,-19.3733,1.0000
19501.465,-19.3881,1.0000
19502.930,-19.3973,1.0000
19504.395,-19.4056,1.0000
19505.859,-19.4218,1.0000
19507.324,-19.4392,1.0000
19508.789,-19.4543,1.0000
19510.254,-19.4617,1.0000
19511.719,-19.4696,1.0000
19513.184,-19.4838,1.0000
19514.648,-19.5006,1.0000
19516.113,-19.5154,1.0000
19517.578,-19.5240,1.0000
19519.043,-19.5336,1.0000
19520.508,-19.5487,1.0000
19521.973,-19.5652,1.0000
19523.438,-19.5735,1.0000
19524.902,-19.5853,1.0000
19526.367,-19.6065,1.0000
19527.832,-19.6251,1.0000
19529.297,-19.6340,1.0000
19530.762,-19.6384,1.0000
19532.227,-19.6519,1.0000
19533.691,-19.6687,1.0000
19535.156,-19.6820,1.0000
19536.621,-19.6945,1.0000
19538.086,-19.7062,1.0000
19539.551,-19.7206,1.0000
19541.016,-19.7316,1.0000
19542.480,-19.7456,1.0000
19543.945,-19.7617,1.0000
19545.410,-19.7738,1.0000
19546.875,-19.7865,1.0000
19548.340,-19.7963,1.0000
19549.805,-19.8108,1.0000
19551.270,-19.8280,1.0000
19552.734,-19.8441,1.0000
19554.199,-19.8576,1.0000
19555.664,-19.8697,1.0000
19557.129,-19.8834,1.0000
19558.594,-19.8900,1.0000
19560.059,-19.9002,1.0000
19561.523,-19.9213,1.0000
19562.988,-19.9385,1.0000
19564.453,-19.9537,1.0000
19565.918,-19.9651,1.0000
19567.383,-19.9683,1.0000
19568.848,-19.9794,1.0000
19570.312,-19.9986,1.0000
19571.777,-20.0174,1.0000
19573.242,-20.0327,1.0000
19574.707,-20.0488,1.0000
19576.172,-20.0642,1.0000
19577.637,-20.0727,1.0000
19579.102,-20.0822,1.0000
19580.566,-20.0980,1.0000
19582.031,-20.1094,1.0000
19583.496,-20.1202,1.0000
19584.961,-20.1398,1.0000
19586.426,-20.1557,1.0000
19587.891,-20.1693,1.0000
19589.355,-20.1862,1.0000
19590.820,-20.1958,1.0000
19592.285,-20.2029,1.0000
19593.750,-20.2181,1.0000
19595.215,-20.2337,1.0000
19596.680,-20.2436,1.0000
19598.145,-20.2597,1.0000
19599.609,-20.2785,1.0000
19601.074,-20.2869,1.0000
19602.539,-20.2966,1.0000
19604.004,-20.3146,1.0000
19605.469,-20.3328,1.0000
19606.934,-20.3486,1.0000
19608.398,-20.3616,1.0000
19609.863,-20.3702,1.0000
19611.328,-20.3791,1.0000
19612.793,-20.3948,1.0000
19614.258,-20.4157,1.0000
19615.723,-20.4331,1.0000
19617.188,-20.4455,1.0000
19618.652,-20.4582,1.0000
19620.117,-20.4703,1.0000
19621.582,-20.4774,1.0000
19623.047,-20.4867,1.0000
19624.512,-20.5044,1.0000
19625.977,-20.5201,1.0000
19627.441,-20.5299,1.0000
19628.906,-20.5456,1.0000
19630.371,-20.5665,1.0000
19631.836,-20.5820,0.9999
19633.301,-20.5916,1.0000
19634.766,-20.6088,1.0000
19636.230,-20.6292,1.0000
19637.695,-20.6413,1.0000
19639.160,-20.6524,0.9999
19640.625,-20.6649,1.0000
19642.090,-20.6779,1.0000
19643.555,-20.6926,1.0000
19645.020,-20.7103,1.0000
19646.484,-20.7271,1.0000
19647.949,-20.7352,1.0000
19649.414,-20.7442,1.0000
19650.879,-20.7595,1.0000
19652.344,-20.7778,1.0000
19653.809,-20.7961,1.0000
19655.273,-20.8081,1.0000
19656.738,-20.8228,1.0000
19658.203,-20.8458,1.0000
19659.668,-20.8607,1.0000
19661.133,-20.8657,1.0000
19662.598,-20.8764,1.0000
19664.062,-20.8955,1.0000
19665.527,-20.9120,1.0000
19666.992,-20.9215,1.0000
19668.457,-20.9335,1.0000
19669.922,-20.9521,1.0000
19671.387,-20.9643,1.0000
19672.852,-20.9740,1.0000
19674.316,-20.9941,1.0000
19675.781,-21.0083,1.0000
19677.246,-21.0196,1.0000
19678.711,-21.0406,1.0000
19680.176,-21.0567,1.0000
19681.641,-21.0669,1.0000
19683.105,-21.0824,1.0000
19684.570,-21.0955,1.0000
19686.035,-21.1044,1.0000
19687.500,-21.1183,1.0000
19688.965,-21.1364,1.0000
19690.430,-21.1535,0.9999
19691.895,-21.1674,0.9999
19693.359,-21.1798,1.0000
19694.824,-21.1953,1.0000
19696.289,-21.2092,1.0000
19697.754,-21.2212,1.0000
19699.219,-21.2397,1.0000
19700.684,-21.2589,1.0000
19702.148,-21.2766,1.0000
19703.613,-21.2959,1.0000
19705.078,-21.3157,1.0000
19706.543,-21.3306,1.0000
19708.008,-21.3372,1.0000
19709.473,-21.3455,1.0000
19710.938,-21.3638,0.9999
19712.402,-21.3841,0.9999
19713.867,-21.3973,1.0000
19715.332,-21.4070,1.0000
19716.797,-21.4180,0.9999
19718.262,-21.4336,0.9999
19719.727,-21.4538,1.0000
19721.191,-21.4729,1.0000
19722.656,-21.4867,0.9999
19724.121,-21.4965,0.9999
19725.586,-21.5120,0.9999
19727.051,-21.5297,0.9999
19728.516,-21.5377,0.9999
19729.980,-21.5499,1.0000
19731.445,-21.5733,1.0000
19732.910,-21.5896,1.0000
19734.375,-21.6004,0.9999
19735.840,-21.6149,1.0000
19737.305,-21.6260,1.0000
19738.770,-21.6356,1.0000
19740.234,-21.6514,0.9999
19741.699,-21.6692,0.9999
19743.164,-21.6896,1.0000
19744.629,-21.7061,0.9999
19746.094,-21.7202,0.9999
19747.559,-21.7379,1.0000
19749.023,-21.7489,1.0000
19750.488,-21.7651,1.0000
19751.953,-21.7887,0.9999
19753.418,-21.8090,0.9999
19754.883,-21.8237,0.9999
19756.348,-21.8308,1.0000
19757.812,-21.8477,0.9999
19759.277,-21.8686,0.9999
19760.742,-21.8804,0.9999
19762.207,-21.8960,0.9999
19763.672,-21.9141,0.9999
19765.137,-21.9253,0.9999
19766.602,-21.9333,0.9999
19768.066,-21.9501,0.9999
19769.531,-21.9728,0.9999
19770.996,-21.9872,0.9999
19772.461,-22.0021,0.9999
19773.926,-22.0201,0.9999
19775.391,-22.0349,0.9999
19776.855,-22.0480,0.9999
19778.320,-22.0632,0.9999
19779.785,-22.0793,0.9999
19781.250,-22.0958,0.9999
19782.715,-22.1162,0.9999
19784.180,-22.1368,0.9999
19785.645,-22.1515,0.9999
19787.109,-22.1587,0.9999
19788.574,-22.1697,0.9999
19790.039,-22.1863,0.9999
19791.504,-22.2047,0.9999
19792.969,-22.2222,0.9999
19794.434,-22.2353,0.9999
19795.898,-22.2535,0.9999
19797.363,-22.2749,0.9999
19798.828,-22.2915,0.9999
19800.293,-22.3076,0.9999
19801.758,-22.3246,0.9999
19803.223,-22.3440,0.9999
19804.688,-22.3600,0.9999
19806.152,-22.3682,0.9999
19807.617,-22.3833,0.9999
19809.082,-22.3997,0.9999
19810.547,-22.4146,0.9999
19812.012,-22.4308,0.9999
19813.477,-22.4419,0.9999
19814.941,-22.4591,0.9999
19816.406,-22.4796,0.9999
19817.871,-22.4917,0.9999
19819.336,-22.5011,0.9999
19820.801,-22.5164,0.9999
19822.266,-22.5391,0.9999
19823.730,-22.5591,0.9999
19825.195,-22.5746,0.9999
19826.660,-22.5920,0.9999
19828.125,-22.6014,0.9999
19829.590,-22.6086,0.9999
19831.055,-22.6332,0.9999
19832.520,-22.6587,0.9999
19833.984,-22.6685,0.9999
19835.449,-22.6779,0.9999
19836.914,-22.7003,0.9999
19838.379,-22.7249,0.9999
19839.844,-22.7387,0.9999
19841.309,-22.7518,0.9999
19842.773,-22.7671,0.9999
19844.238,-22.7761,0.9999
19845.703,-22.7995,0.9999
19847.168,-22.8260,0.9999
19848.633,-22.8366,0.9999
19850.098,-22.8443,0.9999
19851.562,-22.8630,0.9999
19853.027,-22.8873,0.9999
19854.492,-22.9021,0.9999
19855.957,-22.9215,0.9999
19857.422,-22.9357,0.9999
19858.887,-22.9438,0.9999
19860.352,-22.9601,0.9999
19861.816,-22.9835,0.9999
19863.281,-23.0040,0.9999
19864.746,-23.0144,0.9999
19866.211,-23.0338,0.9999
19867.676,-23.0525,0.9999
19869.141,-23.0643,0.9999
19870.605,-23.0785,0.9999
19872.070,-23.1076,0.9999
19873.535,-23.1260,0.9999
19875.000,-23.1284,0.9999
19876.465,-23.1496,0.9999
19877.930,-23.1703,0.9999
19879.395,-23.1825,0.9999
19880.859,-23.2003,0.9999
19882.324,-23.2155,0.9999
19883.789,-23.2290,0.9999
19885.254,-23.2449,0.9999
19886.719,-23.2622,0.9999
19888.184,-23.2896,0.9999
19889.648,-23.3117,0.9999
19891.113,-23.3204,0.9999
19892.578,-23.3342,0.9999
19894.043,-23.3509,0.9999
19895.508,-23.3624,0.9999
19896.973,-23.3776,0.9999
19898.438,-23.4004,0.9999
19899.902,-23.4290,0.9999
19901.367,-23.4488,0.9999
19902.832,-23.4612,0.9999
19904.297,-23.4734,0.9999
19905.762,-23.4845,0.9999
19907.227,-23.5032,0.9999
19908.691,-23.5240,0.9999
19910.156,-23.5412,0.9999
19911.621,-23.5574,0.9999
19913.086,-23.5772,0.9999
19914.551,-23.5907,0.9999
19916.016,-23.6009,0.9999
19917.480,-23.6181,0.9999
19918.945,-23.6397,0.9999
19920.410,-23.6622,0.9999
19921.875,-23.6714,0.9999
19923.340,-23.6772,0.9999
19924.805,-23.6994,0.9999
19926.270,-23.7314,0.9999
19927.734,-23.7538,0.9999
19929.199,-23.7642,0.9999
19930.664,-23.7728,0.9999
19932.129,-23.7868,0.9999
19933.594,-23.8109,0.9999
19935.059,-23.8393,0.9999
19936.523,-23.8712,0.9999
19937.988,-23.8794,0.9999
19939.453,-23.8789,0.9999
19940.918,-23.8949,0.9999
19942.383,-23.9171,0.9999
19943.848,-23.9320,0.9999
19945.312,-23.9449,0.9999
19946.777,-23.9732,0.9999
19948.242,-24.0008,0.9999
19949.707,-24.0175,0.9999
19951.172,-24.0251,0.9999
19952.637,-24.0389,0.9999
19954.102,-24.0595,0.9999
19955.566,-24.0839,0.9999
19957.031,-24.0971,0.9999
19958.496,-24.1084,0.9999
19959.961,-24.1246,0.9999
19961.426,-24.1518,0.9999
19962.891,-24.1738,0.9999
19964.355,-24.1885,0.9999
19965.820,-24.2171,0.9999
19967.285,-24.2323,0.9999
19968.750,-24.2357,0.9999
19970.215,-24.2592,0.9998
19971.680,-24.2749,0.9999
19973.145,-24.2858,0.9999
19974.609,-24.3085,0.9999
19976.074,-24.3342,0.9999
19977.539,-24.3551,0.9999
19979.004,-24.3652,0.9999
19980.469,-24.3758,0.9999
19981.934,-24.3930,0.9999
19983.398,-24.4229,0.9999
19984.863,-24.4400,0.9999
19986.328,-24.4498,0.9999
19987.793,-24.4609,0.9999
19989.258,-24.4870,0.9999
19990.723,-24.5094,0.9999
19992.188,-24.5171,0.9999
19993.652,-24.5435,0.9999
19995.117,-24.5627,0.9999
19996.582,-24.5718,0.9999
19998.047,-24.5897,0.9999
19999.512,-24.6060,0.9999
